poll_id,election,round,tse_br_id,pollster,contractor,field_start,field_end,publication_date,sample_size,methodology,scenario,candidate,share_reported,share_basis,blank_null,undecided,valid_vote_share,source_url,source_type,source_revision,retrieval_timestamp,verification_status,verification_source,source_hash,notes
2026-2-6707381eb5,2026,2,,AtlasIntel,,2026-09-23,2026-09-28,,5005,,Flávio Bolsonaro vs Lula,Lula,47.6,total,4.8,,,https://pt.wikipedia.org/w/index.php?title=Pesquisas_de_opini%C3%A3o_para_a_elei%C3%A7%C3%A3o_presidencial_no_Brasil_em_2026&oldid=73082572,wikipedia_revision,73082572,2026-09-29T15:02:36Z,unverified,,9ca942a568882bbd6b774a0d5553b585fd3c21e22108b84064e56abca54efbeb,blank_null_includes_undecided
2026-2-6707381eb5,2026,2,,AtlasIntel,,2026-09-23,2026-09-28,,5005,,Flávio Bolsonaro vs Lula,Flávio Bolsonaro,47.7,total,4.8,,,https://pt.wikipedia.org/w/index.php?title=Pesquisas_de_opini%C3%A3o_para_a_elei%C3%A7%C3%A3o_presidencial_no_Brasil_em_2026&oldid=73082572,wikipedia_revision,73082572,2026-09-29T15:02:36Z,unverified,,9ca942a568882bbd6b774a0d5553b585fd3c21e22108b84064e56abca54efbeb,blank_null_includes_undecided
2026-2-6707381eb5,2026,2,,AtlasIntel,,2026-09-23,2026-09-28,,5005,,Augusto Cury vs Lula,Lula,46.2,total,17.7,,,https://pt.wikipedia.org/w/index.php?title=Pesquisas_de_opini%C3%A3o_para_a_elei%C3%A7%C3%A3o_presidencial_no_Brasil_em_2026&oldid=73082572,wikipedia_revision,73082572,2026-09-29T15:02:36Z,unverified,,9ca942a568882bbd6b774a0d5553b585fd3c21e22108b84064e56abca54efbeb,blank_null_includes_undecided
2026-2-6707381eb5,2026,2,,AtlasIntel,,2026-09-23,2026-09-28,,5005,,Augusto Cury vs Lula,Augusto Cury,36.1,total,17.7,,,https://pt.wikipedia.org/w/index.php?title=Pesquisas_de_opini%C3%A3o_para_a_elei%C3%A7%C3%A3o_presidencial_no_Brasil_em_2026&oldid=73082572,wikipedia_revision,73082572,2026-09-29T15:02:36Z,unverified,,9ca942a568882bbd6b774a0d5553b585fd3c21e22108b84064e56abca54efbeb,blank_null_includes_undecided
2026-2-6707381eb5,2026,2,,AtlasIntel,,2026-09-23,2026-09-28,,5005,,Lula vs Renan Santos,Lula,46.4,total,24.7,,,https://pt.wikipedia.org/w/index.php?title=Pesquisas_de_opini%C3%A3o_para_a_elei%C3%A7%C3%A3o_presidencial_no_Brasil_em_2026&oldid=73082572,wikipedia_revision,73082572,2026-09-29T15:02:36Z,unverified,,9ca942a568882bbd6b774a0d5553b585fd3c21e22108b84064e56abca54efbeb,blank_null_includes_undecided
2026-2-6707381eb5,2026,2,,AtlasIntel,,2026-09-23,2026-09-28,,5005,,Lula vs Renan Santos,Renan Santos,28.9,total,24.7,,,https://pt.wikipedia.org/w/index.php?title=Pesquisas_de_opini%C3%A3o_para_a_elei%C3%A7%C3%A3o_presidencial_no_Brasil_em_2026&oldid=73082572,wikipedia_revision,73082572,2026-09-29T15:02:36Z,unverified,,9ca942a568882bbd6b774a0d5553b585fd3c21e22108b84064e56abca54efbeb,blank_null_includes_undecided
2026-2-6707381eb5,2026,2,,AtlasIntel,,2026-09-23,2026-09-28,,5005,,Lula vs Ronaldo Caiado,Lula,45.9,total,10.8,,,https://pt.wikipedia.org/w/index.php?title=Pesquisas_de_opini%C3%A3o_para_a_elei%C3%A7%C3%A3o_presidencial_no_Brasil_em_2026&oldid=73082572,wikipedia_revision,73082572,2026-09-29T15:02:36Z,unverified,,9ca942a568882bbd6b774a0d5553b585fd3c21e22108b84064e56abca54efbeb,blank_null_includes_undecided
2026-2-6707381eb5,2026,2,,AtlasIntel,,2026-09-23,2026-09-28,,5005,,Lula vs Ronaldo Caiado,Ronaldo Caiado,43.4,total,10.8,,,https://pt.wikipedia.org/w/index.php?title=Pesquisas_de_opini%C3%A3o_para_a_elei%C3%A7%C3%A3o_presidencial_no_Brasil_em_2026&oldid=73082572,wikipedia_revision,73082572,2026-09-29T15:02:36Z,unverified,,9ca942a568882bbd6b774a0d5553b585fd3c21e22108b84064e56abca54efbeb,blank_null_includes_undecided
2026-2-6707381eb5,2026,2,,AtlasIntel,,2026-09-23,2026-09-28,,5005,,Lula vs Romeu Zema,Lula,47.4,total,11.4,,,https://pt.wikipedia.org/w/index.php?title=Pesquisas_de_opini%C3%A3o_para_a_elei%C3%A7%C3%A3o_presidencial_no_Brasil_em_2026&oldid=73082572,wikipedia_revision,73082572,2026-09-29T15:02:36Z,unverified,,9ca942a568882bbd6b774a0d5553b585fd3c21e22108b84064e56abca54efbeb,blank_null_includes_undecided
2026-2-6707381eb5,2026,2,,AtlasIntel,,2026-09-23,2026-09-28,,5005,,Lula vs Romeu Zema,Romeu Zema,41.2,total,11.4,,,https://pt.wikipedia.org/w/index.php?title=Pesquisas_de_opini%C3%A3o_para_a_elei%C3%A7%C3%A3o_presidencial_no_Brasil_em_2026&oldid=73082572,wikipedia_revision,73082572,2026-09-29T15:02:36Z,unverified,,9ca942a568882bbd6b774a0d5553b585fd3c21e22108b84064e56abca54efbeb,blank_null_includes_undecided
2026-2-6146b253fb,2026,2,,Gerp,,2026-09-24,2026-09-28,,2400,,Flávio Bolsonaro vs Lula,Lula,43.0,total,6.0,,,https://pt.wikipedia.org/w/index.php?title=Pesquisas_de_opini%C3%A3o_para_a_elei%C3%A7%C3%A3o_presidencial_no_Brasil_em_2026&oldid=73082572,wikipedia_revision,73082572,2026-09-29T15:02:36Z,unverified,,9ca942a568882bbd6b774a0d5553b585fd3c21e22108b84064e56abca54efbeb,blank_null_includes_undecided
2026-2-6146b253fb,2026,2,,Gerp,,2026-09-24,2026-09-28,,2400,,Flávio Bolsonaro vs Lula,Flávio Bolsonaro,50.0,total,6.0,,,https://pt.wikipedia.org/w/index.php?title=Pesquisas_de_opini%C3%A3o_para_a_elei%C3%A7%C3%A3o_presidencial_no_Brasil_em_2026&oldid=73082572,wikipedia_revision,73082572,2026-09-29T15:02:36Z,unverified,,9ca942a568882bbd6b774a0d5553b585fd3c21e22108b84064e56abca54efbeb,blank_null_includes_undecided
2026-2-57af2208c5,2026,2,,Palver,,2026-09-24,2026-09-28,,5000,,Flávio Bolsonaro vs Lula,Lula,45.0,total,8.0,,,https://pt.wikipedia.org/w/index.php?title=Pesquisas_de_opini%C3%A3o_para_a_elei%C3%A7%C3%A3o_presidencial_no_Brasil_em_2026&oldid=73082572,wikipedia_revision,73082572,2026-09-29T15:02:36Z,unverified,,9ca942a568882bbd6b774a0d5553b585fd3c21e22108b84064e56abca54efbeb,blank_null_includes_undecided
2026-2-57af2208c5,2026,2,,Palver,,2026-09-24,2026-09-28,,5000,,Flávio Bolsonaro vs Lula,Flávio Bolsonaro,47.0,total,8.0,,,https://pt.wikipedia.org/w/index.php?title=Pesquisas_de_opini%C3%A3o_para_a_elei%C3%A7%C3%A3o_presidencial_no_Brasil_em_2026&oldid=73082572,wikipedia_revision,73082572,2026-09-29T15:02:36Z,unverified,,9ca942a568882bbd6b774a0d5553b585fd3c21e22108b84064e56abca54efbeb,blank_null_includes_undecided
2026-2-57af2208c5,2026,2,,Palver,,2026-09-24,2026-09-28,,5000,,Augusto Cury vs Lula,Lula,44.0,total,22.0,,,https://pt.wikipedia.org/w/index.php?title=Pesquisas_de_opini%C3%A3o_para_a_elei%C3%A7%C3%A3o_presidencial_no_Brasil_em_2026&oldid=73082572,wikipedia_revision,73082572,2026-09-29T15:02:36Z,unverified,,9ca942a568882bbd6b774a0d5553b585fd3c21e22108b84064e56abca54efbeb,blank_null_includes_undecided
2026-2-57af2208c5,2026,2,,Palver,,2026-09-24,2026-09-28,,5000,,Augusto Cury vs Lula,Augusto Cury,34.0,total,22.0,,,https://pt.wikipedia.org/w/index.php?title=Pesquisas_de_opini%C3%A3o_para_a_elei%C3%A7%C3%A3o_presidencial_no_Brasil_em_2026&oldid=73082572,wikipedia_revision,73082572,2026-09-29T15:02:36Z,unverified,,9ca942a568882bbd6b774a0d5553b585fd3c21e22108b84064e56abca54efbeb,blank_null_includes_undecided
2026-2-57af2208c5,2026,2,,Palver,,2026-09-24,2026-09-28,,5000,,Lula vs Renan Santos,Lula,45.0,total,22.0,,,https://pt.wikipedia.org/w/index.php?title=Pesquisas_de_opini%C3%A3o_para_a_elei%C3%A7%C3%A3o_presidencial_no_Brasil_em_2026&oldid=73082572,wikipedia_revision,73082572,2026-09-29T15:02:36Z,unverified,,9ca942a568882bbd6b774a0d5553b585fd3c21e22108b84064e56abca54efbeb,blank_null_includes_undecided
2026-2-57af2208c5,2026,2,,Palver,,2026-09-24,2026-09-28,,5000,,Lula vs Renan Santos,Renan Santos,33.0,total,22.0,,,https://pt.wikipedia.org/w/index.php?title=Pesquisas_de_opini%C3%A3o_para_a_elei%C3%A7%C3%A3o_presidencial_no_Brasil_em_2026&oldid=73082572,wikipedia_revision,73082572,2026-09-29T15:02:36Z,unverified,,9ca942a568882bbd6b774a0d5553b585fd3c21e22108b84064e56abca54efbeb,blank_null_includes_undecided
2026-2-57af2208c5,2026,2,,Palver,,2026-09-24,2026-09-28,,5000,,Lula vs Ronaldo Caiado,Lula,45.0,total,16.0,,,https://pt.wikipedia.org/w/index.php?title=Pesquisas_de_opini%C3%A3o_para_a_elei%C3%A7%C3%A3o_presidencial_no_Brasil_em_2026&oldid=73082572,wikipedia_revision,73082572,2026-09-29T15:02:36Z,unverified,,9ca942a568882bbd6b774a0d5553b585fd3c21e22108b84064e56abca54efbeb,blank_null_includes_undecided
2026-2-57af2208c5,2026,2,,Palver,,2026-09-24,2026-09-28,,5000,,Lula vs Ronaldo Caiado,Ronaldo Caiado,40.0,total,16.0,,,https://pt.wikipedia.org/w/index.php?title=Pesquisas_de_opini%C3%A3o_para_a_elei%C3%A7%C3%A3o_presidencial_no_Brasil_em_2026&oldid=73082572,wikipedia_revision,73082572,2026-09-29T15:02:36Z,unverified,,9ca942a568882bbd6b774a0d5553b585fd3c21e22108b84064e56abca54efbeb,blank_null_includes_undecided
2026-2-57af2208c5,2026,2,,Palver,,2026-09-24,2026-09-28,,5000,,Lula vs Romeu Zema,Lula,45.0,total,14.0,,,https://pt.wikipedia.org/w/index.php?title=Pesquisas_de_opini%C3%A3o_para_a_elei%C3%A7%C3%A3o_presidencial_no_Brasil_em_2026&oldid=73082572,wikipedia_revision,73082572,2026-09-29T15:02:36Z,unverified,,9ca942a568882bbd6b774a0d5553b585fd3c21e22108b84064e56abca54efbeb,blank_null_includes_undecided
2026-2-57af2208c5,2026,2,,Palver,,2026-09-24,2026-09-28,,5000,,Lula vs Romeu Zema,Romeu Zema,40.0,total,14.0,,,https://pt.wikipedia.org/w/index.php?title=Pesquisas_de_opini%C3%A3o_para_a_elei%C3%A7%C3%A3o_presidencial_no_Brasil_em_2026&oldid=73082572,wikipedia_revision,73082572,2026-09-29T15:02:36Z,unverified,,9ca942a568882bbd6b774a0d5553b585fd3c21e22108b84064e56abca54efbeb,blank_null_includes_undecided
2026-2-92215ac3bb,2026,2,,Vox Brasil,,2026-09-26,2026-09-28,,2100,,Flávio Bolsonaro vs Lula,Lula,44.7,total,10.1,,,https://pt.wikipedia.org/w/index.php?title=Pesquisas_de_opini%C3%A3o_para_a_elei%C3%A7%C3%A3o_presidencial_no_Brasil_em_2026&oldid=73082572,wikipedia_revision,73082572,2026-09-29T15:02:36Z,unverified,,9ca942a568882bbd6b774a0d5553b585fd3c21e22108b84064e56abca54efbeb,blank_null_includes_undecided
2026-2-92215ac3bb,2026,2,,Vox Brasil,,2026-09-26,2026-09-28,,2100,,Flávio Bolsonaro vs Lula,Flávio Bolsonaro,45.2,total,10.1,,,https://pt.wikipedia.org/w/index.php?title=Pesquisas_de_opini%C3%A3o_para_a_elei%C3%A7%C3%A3o_presidencial_no_Brasil_em_2026&oldid=73082572,wikipedia_revision,73082572,2026-09-29T15:02:36Z,unverified,,9ca942a568882bbd6b774a0d5553b585fd3c21e22108b84064e56abca54efbeb,blank_null_includes_undecided
2026-2-92215ac3bb,2026,2,,Vox Brasil,,2026-09-26,2026-09-28,,2100,,Augusto Cury vs Lula,Lula,44.8,total,20.1,,,https://pt.wikipedia.org/w/index.php?title=Pesquisas_de_opini%C3%A3o_para_a_elei%C3%A7%C3%A3o_presidencial_no_Brasil_em_2026&oldid=73082572,wikipedia_revision,73082572,2026-09-29T15:02:36Z,unverified,,9ca942a568882bbd6b774a0d5553b585fd3c21e22108b84064e56abca54efbeb,blank_null_includes_undecided
2026-2-92215ac3bb,2026,2,,Vox Brasil,,2026-09-26,2026-09-28,,2100,,Augusto Cury vs Lula,Augusto Cury,35.1,total,20.1,,,https://pt.wikipedia.org/w/index.php?title=Pesquisas_de_opini%C3%A3o_para_a_elei%C3%A7%C3%A3o_presidencial_no_Brasil_em_2026&oldid=73082572,wikipedia_revision,73082572,2026-09-29T15:02:36Z,unverified,,9ca942a568882bbd6b774a0d5553b585fd3c21e22108b84064e56abca54efbeb,blank_null_includes_undecided
2026-2-92215ac3bb,2026,2,,Vox Brasil,,2026-09-26,2026-09-28,,2100,,Lula vs Ronaldo Caiado,Lula,45.3,total,13.6,,,https://pt.wikipedia.org/w/index.php?title=Pesquisas_de_opini%C3%A3o_para_a_elei%C3%A7%C3%A3o_presidencial_no_Brasil_em_2026&oldid=73082572,wikipedia_revision,73082572,2026-09-29T15:02:36Z,unverified,,9ca942a568882bbd6b774a0d5553b585fd3c21e22108b84064e56abca54efbeb,blank_null_includes_undecided
2026-2-92215ac3bb,2026,2,,Vox Brasil,,2026-09-26,2026-09-28,,2100,,Lula vs Ronaldo Caiado,Ronaldo Caiado,41.1,total,13.6,,,https://pt.wikipedia.org/w/index.php?title=Pesquisas_de_opini%C3%A3o_para_a_elei%C3%A7%C3%A3o_presidencial_no_Brasil_em_2026&oldid=73082572,wikipedia_revision,73082572,2026-09-29T15:02:36Z,unverified,,9ca942a568882bbd6b774a0d5553b585fd3c21e22108b84064e56abca54efbeb,blank_null_includes_undecided
2026-2-92215ac3bb,2026,2,,Vox Brasil,,2026-09-26,2026-09-28,,2100,,Lula vs Romeu Zema,Lula,46.1,total,23.6,,,https://pt.wikipedia.org/w/index.php?title=Pesquisas_de_opini%C3%A3o_para_a_elei%C3%A7%C3%A3o_presidencial_no_Brasil_em_2026&oldid=73082572,wikipedia_revision,73082572,2026-09-29T15:02:36Z,unverified,,9ca942a568882bbd6b774a0d5553b585fd3c21e22108b84064e56abca54efbeb,blank_null_includes_undecided
2026-2-92215ac3bb,2026,2,,Vox Brasil,,2026-09-26,2026-09-28,,2100,,Lula vs Romeu Zema,Romeu Zema,30.3,total,23.6,,,https://pt.wikipedia.org/w/index.php?title=Pesquisas_de_opini%C3%A3o_para_a_elei%C3%A7%C3%A3o_presidencial_no_Brasil_em_2026&oldid=73082572,wikipedia_revision,73082572,2026-09-29T15:02:36Z,unverified,,9ca942a568882bbd6b774a0d5553b585fd3c21e22108b84064e56abca54efbeb,blank_null_includes_undecided
2026-2-edaa4a3c7b,2026,2,,Nexus,BTG,2026-09-25,2026-09-27,,2000,,Flávio Bolsonaro vs Lula,Lula,46.0,total,9.0,,,https://pt.wikipedia.org/w/index.php?title=Pesquisas_de_opini%C3%A3o_para_a_elei%C3%A7%C3%A3o_presidencial_no_Brasil_em_2026&oldid=73082572,wikipedia_revision,73082572,2026-09-29T15:02:36Z,unverified,,9ca942a568882bbd6b774a0d5553b585fd3c21e22108b84064e56abca54efbeb,blank_null_includes_undecided
2026-2-edaa4a3c7b,2026,2,,Nexus,BTG,2026-09-25,2026-09-27,,2000,,Flávio Bolsonaro vs Lula,Flávio Bolsonaro,44.0,total,9.0,,,https://pt.wikipedia.org/w/index.php?title=Pesquisas_de_opini%C3%A3o_para_a_elei%C3%A7%C3%A3o_presidencial_no_Brasil_em_2026&oldid=73082572,wikipedia_revision,73082572,2026-09-29T15:02:36Z,unverified,,9ca942a568882bbd6b774a0d5553b585fd3c21e22108b84064e56abca54efbeb,blank_null_includes_undecided
2026-2-edaa4a3c7b,2026,2,,Nexus,BTG,2026-09-25,2026-09-27,,2000,,Augusto Cury vs Lula,Lula,46.0,total,13.0,,,https://pt.wikipedia.org/w/index.php?title=Pesquisas_de_opini%C3%A3o_para_a_elei%C3%A7%C3%A3o_presidencial_no_Brasil_em_2026&oldid=73082572,wikipedia_revision,73082572,2026-09-29T15:02:36Z,unverified,,9ca942a568882bbd6b774a0d5553b585fd3c21e22108b84064e56abca54efbeb,blank_null_includes_undecided
2026-2-edaa4a3c7b,2026,2,,Nexus,BTG,2026-09-25,2026-09-27,,2000,,Augusto Cury vs Lula,Augusto Cury,41.0,total,13.0,,,https://pt.wikipedia.org/w/index.php?title=Pesquisas_de_opini%C3%A3o_para_a_elei%C3%A7%C3%A3o_presidencial_no_Brasil_em_2026&oldid=73082572,wikipedia_revision,73082572,2026-09-29T15:02:36Z,unverified,,9ca942a568882bbd6b774a0d5553b585fd3c21e22108b84064e56abca54efbeb,blank_null_includes_undecided
2026-2-edaa4a3c7b,2026,2,,Nexus,BTG,2026-09-25,2026-09-27,,2000,,Lula vs Renan Santos,Lula,48.0,total,15.0,,,https://pt.wikipedia.org/w/index.php?title=Pesquisas_de_opini%C3%A3o_para_a_elei%C3%A7%C3%A3o_presidencial_no_Brasil_em_2026&oldid=73082572,wikipedia_revision,73082572,2026-09-29T15:02:36Z,unverified,,9ca942a568882bbd6b774a0d5553b585fd3c21e22108b84064e56abca54efbeb,blank_null_includes_undecided
2026-2-edaa4a3c7b,2026,2,,Nexus,BTG,2026-09-25,2026-09-27,,2000,,Lula vs Renan Santos,Renan Santos,37.0,total,15.0,,,https://pt.wikipedia.org/w/index.php?title=Pesquisas_de_opini%C3%A3o_para_a_elei%C3%A7%C3%A3o_presidencial_no_Brasil_em_2026&oldid=73082572,wikipedia_revision,73082572,2026-09-29T15:02:36Z,unverified,,9ca942a568882bbd6b774a0d5553b585fd3c21e22108b84064e56abca54efbeb,blank_null_includes_undecided
2026-2-edaa4a3c7b,2026,2,,Nexus,BTG,2026-09-25,2026-09-27,,2000,,Lula vs Ronaldo Caiado,Lula,46.0,total,12.0,,,https://pt.wikipedia.org/w/index.php?title=Pesquisas_de_opini%C3%A3o_para_a_elei%C3%A7%C3%A3o_presidencial_no_Brasil_em_2026&oldid=73082572,wikipedia_revision,73082572,2026-09-29T15:02:36Z,unverified,,9ca942a568882bbd6b774a0d5553b585fd3c21e22108b84064e56abca54efbeb,blank_null_includes_undecided
2026-2-edaa4a3c7b,2026,2,,Nexus,BTG,2026-09-25,2026-09-27,,2000,,Lula vs Ronaldo Caiado,Ronaldo Caiado,42.0,total,12.0,,,https://pt.wikipedia.org/w/index.php?title=Pesquisas_de_opini%C3%A3o_para_a_elei%C3%A7%C3%A3o_presidencial_no_Brasil_em_2026&oldid=73082572,wikipedia_revision,73082572,2026-09-29T15:02:36Z,unverified,,9ca942a568882bbd6b774a0d5553b585fd3c21e22108b84064e56abca54efbeb,blank_null_includes_undecided
2026-2-edaa4a3c7b,2026,2,,Nexus,BTG,2026-09-25,2026-09-27,,2000,,Lula vs Romeu Zema,Lula,48.0,total,14.0,,,https://pt.wikipedia.org/w/index.php?title=Pesquisas_de_opini%C3%A3o_para_a_elei%C3%A7%C3%A3o_presidencial_no_Brasil_em_2026&oldid=73082572,wikipedia_revision,73082572,2026-09-29T15:02:36Z,unverified,,9ca942a568882bbd6b774a0d5553b585fd3c21e22108b84064e56abca54efbeb,blank_null_includes_undecided
2026-2-edaa4a3c7b,2026,2,,Nexus,BTG,2026-09-25,2026-09-27,,2000,,Lula vs Romeu Zema,Romeu Zema,39.0,total,14.0,,,https://pt.wikipedia.org/w/index.php?title=Pesquisas_de_opini%C3%A3o_para_a_elei%C3%A7%C3%A3o_presidencial_no_Brasil_em_2026&oldid=73082572,wikipedia_revision,73082572,2026-09-29T15:02:36Z,unverified,,9ca942a568882bbd6b774a0d5553b585fd3c21e22108b84064e56abca54efbeb,blank_null_includes_undecided
2026-2-976a9ba73b,2026,2,,Quaest,,2026-09-24,2026-09-27,,2004,,Flávio Bolsonaro vs Lula,Lula,42.0,total,16.0,,,https://pt.wikipedia.org/w/index.php?title=Pesquisas_de_opini%C3%A3o_para_a_elei%C3%A7%C3%A3o_presidencial_no_Brasil_em_2026&oldid=73082572,wikipedia_revision,73082572,2026-09-29T15:02:36Z,unverified,,9ca942a568882bbd6b774a0d5553b585fd3c21e22108b84064e56abca54efbeb,blank_null_includes_undecided
2026-2-976a9ba73b,2026,2,,Quaest,,2026-09-24,2026-09-27,,2004,,Flávio Bolsonaro vs Lula,Flávio Bolsonaro,42.0,total,16.0,,,https://pt.wikipedia.org/w/index.php?title=Pesquisas_de_opini%C3%A3o_para_a_elei%C3%A7%C3%A3o_presidencial_no_Brasil_em_2026&oldid=73082572,wikipedia_revision,73082572,2026-09-29T15:02:36Z,unverified,,9ca942a568882bbd6b774a0d5553b585fd3c21e22108b84064e56abca54efbeb,blank_null_includes_undecided
2026-2-976a9ba73b,2026,2,,Quaest,,2026-09-24,2026-09-27,,2004,,Augusto Cury vs Lula,Lula,42.0,total,25.0,,,https://pt.wikipedia.org/w/index.php?title=Pesquisas_de_opini%C3%A3o_para_a_elei%C3%A7%C3%A3o_presidencial_no_Brasil_em_2026&oldid=73082572,wikipedia_revision,73082572,2026-09-29T15:02:36Z,unverified,,9ca942a568882bbd6b774a0d5553b585fd3c21e22108b84064e56abca54efbeb,blank_null_includes_undecided
2026-2-976a9ba73b,2026,2,,Quaest,,2026-09-24,2026-09-27,,2004,,Augusto Cury vs Lula,Augusto Cury,33.0,total,25.0,,,https://pt.wikipedia.org/w/index.php?title=Pesquisas_de_opini%C3%A3o_para_a_elei%C3%A7%C3%A3o_presidencial_no_Brasil_em_2026&oldid=73082572,wikipedia_revision,73082572,2026-09-29T15:02:36Z,unverified,,9ca942a568882bbd6b774a0d5553b585fd3c21e22108b84064e56abca54efbeb,blank_null_includes_undecided
2026-2-976a9ba73b,2026,2,,Quaest,,2026-09-24,2026-09-27,,2004,,Lula vs Renan Santos,Lula,42.0,total,19.0,,,https://pt.wikipedia.org/w/index.php?title=Pesquisas_de_opini%C3%A3o_para_a_elei%C3%A7%C3%A3o_presidencial_no_Brasil_em_2026&oldid=73082572,wikipedia_revision,73082572,2026-09-29T15:02:36Z,unverified,,9ca942a568882bbd6b774a0d5553b585fd3c21e22108b84064e56abca54efbeb,blank_null_includes_undecided
2026-2-976a9ba73b,2026,2,,Quaest,,2026-09-24,2026-09-27,,2004,,Lula vs Renan Santos,Renan Santos,39.0,total,19.0,,,https://pt.wikipedia.org/w/index.php?title=Pesquisas_de_opini%C3%A3o_para_a_elei%C3%A7%C3%A3o_presidencial_no_Brasil_em_2026&oldid=73082572,wikipedia_revision,73082572,2026-09-29T15:02:36Z,unverified,,9ca942a568882bbd6b774a0d5553b585fd3c21e22108b84064e56abca54efbeb,blank_null_includes_undecided
2026-2-976a9ba73b,2026,2,,Quaest,,2026-09-24,2026-09-27,,2004,,Lula vs Ronaldo Caiado,Lula,43.0,total,17.0,,,https://pt.wikipedia.org/w/index.php?title=Pesquisas_de_opini%C3%A3o_para_a_elei%C3%A7%C3%A3o_presidencial_no_Brasil_em_2026&oldid=73082572,wikipedia_revision,73082572,2026-09-29T15:02:36Z,unverified,,9ca942a568882bbd6b774a0d5553b585fd3c21e22108b84064e56abca54efbeb,blank_null_includes_undecided
2026-2-976a9ba73b,2026,2,,Quaest,,2026-09-24,2026-09-27,,2004,,Lula vs Ronaldo Caiado,Ronaldo Caiado,40.0,total,17.0,,,https://pt.wikipedia.org/w/index.php?title=Pesquisas_de_opini%C3%A3o_para_a_elei%C3%A7%C3%A3o_presidencial_no_Brasil_em_2026&oldid=73082572,wikipedia_revision,73082572,2026-09-29T15:02:36Z,unverified,,9ca942a568882bbd6b774a0d5553b585fd3c21e22108b84064e56abca54efbeb,blank_null_includes_undecided
2026-2-976a9ba73b,2026,2,,Quaest,,2026-09-24,2026-09-27,,2004,,Lula vs Romeu Zema,Lula,46.0,total,24.0,,,https://pt.wikipedia.org/w/index.php?title=Pesquisas_de_opini%C3%A3o_para_a_elei%C3%A7%C3%A3o_presidencial_no_Brasil_em_2026&oldid=73082572,wikipedia_revision,73082572,2026-09-29T15:02:36Z,unverified,,9ca942a568882bbd6b774a0d5553b585fd3c21e22108b84064e56abca54efbeb,blank_null_includes_undecided
2026-2-976a9ba73b,2026,2,,Quaest,,2026-09-24,2026-09-27,,2004,,Lula vs Romeu Zema,Romeu Zema,30.0,total,24.0,,,https://pt.wikipedia.org/w/index.php?title=Pesquisas_de_opini%C3%A3o_para_a_elei%C3%A7%C3%A3o_presidencial_no_Brasil_em_2026&oldid=73082572,wikipedia_revision,73082572,2026-09-29T15:02:36Z,unverified,,9ca942a568882bbd6b774a0d5553b585fd3c21e22108b84064e56abca54efbeb,blank_null_includes_undecided
2026-2-db90f41677,2026,2,,Datafolha,,2026-09-22,2026-09-24,,2002,,Flávio Bolsonaro vs Lula,Lula,47.0,total,8.0,,,https://pt.wikipedia.org/w/index.php?title=Pesquisas_de_opini%C3%A3o_para_a_elei%C3%A7%C3%A3o_presidencial_no_Brasil_em_2026&oldid=73082572,wikipedia_revision,73082572,2026-09-29T15:02:36Z,unverified,,9ca942a568882bbd6b774a0d5553b585fd3c21e22108b84064e56abca54efbeb,blank_null_includes_undecided
2026-2-db90f41677,2026,2,,Datafolha,,2026-09-22,2026-09-24,,2002,,Flávio Bolsonaro vs Lula,Flávio Bolsonaro,45.0,total,8.0,,,https://pt.wikipedia.org/w/index.php?title=Pesquisas_de_opini%C3%A3o_para_a_elei%C3%A7%C3%A3o_presidencial_no_Brasil_em_2026&oldid=73082572,wikipedia_revision,73082572,2026-09-29T15:02:36Z,unverified,,9ca942a568882bbd6b774a0d5553b585fd3c21e22108b84064e56abca54efbeb,blank_null_includes_undecided
2026-2-db90f41677,2026,2,,Datafolha,,2026-09-22,2026-09-24,,2002,,Augusto Cury vs Lula,Lula,46.0,total,10.0,,,https://pt.wikipedia.org/w/index.php?title=Pesquisas_de_opini%C3%A3o_para_a_elei%C3%A7%C3%A3o_presidencial_no_Brasil_em_2026&oldid=73082572,wikipedia_revision,73082572,2026-09-29T15:02:36Z,unverified,,9ca942a568882bbd6b774a0d5553b585fd3c21e22108b84064e56abca54efbeb,blank_null_includes_undecided
2026-2-db90f41677,2026,2,,Datafolha,,2026-09-22,2026-09-24,,2002,,Augusto Cury vs Lula,Augusto Cury,43.0,total,10.0,,,https://pt.wikipedia.org/w/index.php?title=Pesquisas_de_opini%C3%A3o_para_a_elei%C3%A7%C3%A3o_presidencial_no_Brasil_em_2026&oldid=73082572,wikipedia_revision,73082572,2026-09-29T15:02:36Z,unverified,,9ca942a568882bbd6b774a0d5553b585fd3c21e22108b84064e56abca54efbeb,blank_null_includes_undecided
2026-2-db90f41677,2026,2,,Datafolha,,2026-09-22,2026-09-24,,2002,,Lula vs Renan Santos,Lula,48.0,total,14.0,,,https://pt.wikipedia.org/w/index.php?title=Pesquisas_de_opini%C3%A3o_para_a_elei%C3%A7%C3%A3o_presidencial_no_Brasil_em_2026&oldid=73082572,wikipedia_revision,73082572,2026-09-29T15:02:36Z,unverified,,9ca942a568882bbd6b774a0d5553b585fd3c21e22108b84064e56abca54efbeb,blank_null_includes_undecided
2026-2-db90f41677,2026,2,,Datafolha,,2026-09-22,2026-09-24,,2002,,Lula vs Renan Santos,Renan Santos,39.0,total,14.0,,,https://pt.wikipedia.org/w/index.php?title=Pesquisas_de_opini%C3%A3o_para_a_elei%C3%A7%C3%A3o_presidencial_no_Brasil_em_2026&oldid=73082572,wikipedia_revision,73082572,2026-09-29T15:02:36Z,unverified,,9ca942a568882bbd6b774a0d5553b585fd3c21e22108b84064e56abca54efbeb,blank_null_includes_undecided
2026-2-db90f41677,2026,2,,Datafolha,,2026-09-22,2026-09-24,,2002,,Lula vs Ronaldo Caiado,Lula,46.0,total,10.0,,,https://pt.wikipedia.org/w/index.php?title=Pesquisas_de_opini%C3%A3o_para_a_elei%C3%A7%C3%A3o_presidencial_no_Brasil_em_2026&oldid=73082572,wikipedia_revision,73082572,2026-09-29T15:02:36Z,unverified,,9ca942a568882bbd6b774a0d5553b585fd3c21e22108b84064e56abca54efbeb,blank_null_includes_undecided
2026-2-db90f41677,2026,2,,Datafolha,,2026-09-22,2026-09-24,,2002,,Lula vs Ronaldo Caiado,Ronaldo Caiado,44.0,total,10.0,,,https://pt.wikipedia.org/w/index.php?title=Pesquisas_de_opini%C3%A3o_para_a_elei%C3%A7%C3%A3o_presidencial_no_Brasil_em_2026&oldid=73082572,wikipedia_revision,73082572,2026-09-29T15:02:36Z,unverified,,9ca942a568882bbd6b774a0d5553b585fd3c21e22108b84064e56abca54efbeb,blank_null_includes_undecided
2026-2-db90f41677,2026,2,,Datafolha,,2026-09-22,2026-09-24,,2002,,Lula vs Romeu Zema,Lula,48.0,total,12.0,,,https://pt.wikipedia.org/w/index.php?title=Pesquisas_de_opini%C3%A3o_para_a_elei%C3%A7%C3%A3o_presidencial_no_Brasil_em_2026&oldid=73082572,wikipedia_revision,73082572,2026-09-29T15:02:36Z,unverified,,9ca942a568882bbd6b774a0d5553b585fd3c21e22108b84064e56abca54efbeb,blank_null_includes_undecided
2026-2-db90f41677,2026,2,,Datafolha,,2026-09-22,2026-09-24,,2002,,Lula vs Romeu Zema,Romeu Zema,39.0,total,12.0,,,https://pt.wikipedia.org/w/index.php?title=Pesquisas_de_opini%C3%A3o_para_a_elei%C3%A7%C3%A3o_presidencial_no_Brasil_em_2026&oldid=73082572,wikipedia_revision,73082572,2026-09-29T15:02:36Z,unverified,,9ca942a568882bbd6b774a0d5553b585fd3c21e22108b84064e56abca54efbeb,blank_null_includes_undecided
2026-2-764b1d10d3,2026,2,,Alfa Inteligência,,2026-09-18,2026-09-23,,2700,,Flávio Bolsonaro vs Lula,Lula,43.0,total,14.0,,,https://pt.wikipedia.org/w/index.php?title=Pesquisas_de_opini%C3%A3o_para_a_elei%C3%A7%C3%A3o_presidencial_no_Brasil_em_2026&oldid=73082572,wikipedia_revision,73082572,2026-09-29T15:02:36Z,unverified,,9ca942a568882bbd6b774a0d5553b585fd3c21e22108b84064e56abca54efbeb,blank_null_includes_undecided
2026-2-764b1d10d3,2026,2,,Alfa Inteligência,,2026-09-18,2026-09-23,,2700,,Flávio Bolsonaro vs Lula,Flávio Bolsonaro,43.0,total,14.0,,,https://pt.wikipedia.org/w/index.php?title=Pesquisas_de_opini%C3%A3o_para_a_elei%C3%A7%C3%A3o_presidencial_no_Brasil_em_2026&oldid=73082572,wikipedia_revision,73082572,2026-09-29T15:02:36Z,unverified,,9ca942a568882bbd6b774a0d5553b585fd3c21e22108b84064e56abca54efbeb,blank_null_includes_undecided
2026-2-764b1d10d3,2026,2,,Alfa Inteligência,,2026-09-18,2026-09-23,,2700,,Augusto Cury vs Lula,Lula,42.0,total,19.0,,,https://pt.wikipedia.org/w/index.php?title=Pesquisas_de_opini%C3%A3o_para_a_elei%C3%A7%C3%A3o_presidencial_no_Brasil_em_2026&oldid=73082572,wikipedia_revision,73082572,2026-09-29T15:02:36Z,unverified,,9ca942a568882bbd6b774a0d5553b585fd3c21e22108b84064e56abca54efbeb,blank_null_includes_undecided
2026-2-764b1d10d3,2026,2,,Alfa Inteligência,,2026-09-18,2026-09-23,,2700,,Augusto Cury vs Lula,Augusto Cury,39.0,total,19.0,,,https://pt.wikipedia.org/w/index.php?title=Pesquisas_de_opini%C3%A3o_para_a_elei%C3%A7%C3%A3o_presidencial_no_Brasil_em_2026&oldid=73082572,wikipedia_revision,73082572,2026-09-29T15:02:36Z,unverified,,9ca942a568882bbd6b774a0d5553b585fd3c21e22108b84064e56abca54efbeb,blank_null_includes_undecided
2026-2-764b1d10d3,2026,2,,Alfa Inteligência,,2026-09-18,2026-09-23,,2700,,Lula vs Renan Santos,Lula,43.0,total,20.0,,,https://pt.wikipedia.org/w/index.php?title=Pesquisas_de_opini%C3%A3o_para_a_elei%C3%A7%C3%A3o_presidencial_no_Brasil_em_2026&oldid=73082572,wikipedia_revision,73082572,2026-09-29T15:02:36Z,unverified,,9ca942a568882bbd6b774a0d5553b585fd3c21e22108b84064e56abca54efbeb,blank_null_includes_undecided
2026-2-764b1d10d3,2026,2,,Alfa Inteligência,,2026-09-18,2026-09-23,,2700,,Lula vs Renan Santos,Renan Santos,37.0,total,20.0,,,https://pt.wikipedia.org/w/index.php?title=Pesquisas_de_opini%C3%A3o_para_a_elei%C3%A7%C3%A3o_presidencial_no_Brasil_em_2026&oldid=73082572,wikipedia_revision,73082572,2026-09-29T15:02:36Z,unverified,,9ca942a568882bbd6b774a0d5553b585fd3c21e22108b84064e56abca54efbeb,blank_null_includes_undecided
2026-2-764b1d10d3,2026,2,,Alfa Inteligência,,2026-09-18,2026-09-23,,2700,,Lula vs Ronaldo Caiado,Lula,43.0,total,15.0,,,https://pt.wikipedia.org/w/index.php?title=Pesquisas_de_opini%C3%A3o_para_a_elei%C3%A7%C3%A3o_presidencial_no_Brasil_em_2026&oldid=73082572,wikipedia_revision,73082572,2026-09-29T15:02:36Z,unverified,,9ca942a568882bbd6b774a0d5553b585fd3c21e22108b84064e56abca54efbeb,blank_null_includes_undecided
2026-2-764b1d10d3,2026,2,,Alfa Inteligência,,2026-09-18,2026-09-23,,2700,,Lula vs Ronaldo Caiado,Ronaldo Caiado,42.0,total,15.0,,,https://pt.wikipedia.org/w/index.php?title=Pesquisas_de_opini%C3%A3o_para_a_elei%C3%A7%C3%A3o_presidencial_no_Brasil_em_2026&oldid=73082572,wikipedia_revision,73082572,2026-09-29T15:02:36Z,unverified,,9ca942a568882bbd6b774a0d5553b585fd3c21e22108b84064e56abca54efbeb,blank_null_includes_undecided
2026-2-764b1d10d3,2026,2,,Alfa Inteligência,,2026-09-18,2026-09-23,,2700,,Lula vs Romeu Zema,Lula,46.0,total,15.0,,,https://pt.wikipedia.org/w/index.php?title=Pesquisas_de_opini%C3%A3o_para_a_elei%C3%A7%C3%A3o_presidencial_no_Brasil_em_2026&oldid=73082572,wikipedia_revision,73082572,2026-09-29T15:02:36Z,unverified,,9ca942a568882bbd6b774a0d5553b585fd3c21e22108b84064e56abca54efbeb,blank_null_includes_undecided
2026-2-764b1d10d3,2026,2,,Alfa Inteligência,,2026-09-18,2026-09-23,,2700,,Lula vs Romeu Zema,Romeu Zema,39.0,total,15.0,,,https://pt.wikipedia.org/w/index.php?title=Pesquisas_de_opini%C3%A3o_para_a_elei%C3%A7%C3%A3o_presidencial_no_Brasil_em_2026&oldid=73082572,wikipedia_revision,73082572,2026-09-29T15:02:36Z,unverified,,9ca942a568882bbd6b774a0d5553b585fd3c21e22108b84064e56abca54efbeb,blank_null_includes_undecided
2026-2-fbee3ff7d0,2026,2,,Futura,,2026-09-19,2026-09-23,,2000,,Flávio Bolsonaro vs Lula,Lula,43.7,total,11.2,,,https://pt.wikipedia.org/w/index.php?title=Pesquisas_de_opini%C3%A3o_para_a_elei%C3%A7%C3%A3o_presidencial_no_Brasil_em_2026&oldid=73082572,wikipedia_revision,73082572,2026-09-29T15:02:36Z,unverified,,9ca942a568882bbd6b774a0d5553b585fd3c21e22108b84064e56abca54efbeb,blank_null_includes_undecided
2026-2-fbee3ff7d0,2026,2,,Futura,,2026-09-19,2026-09-23,,2000,,Flávio Bolsonaro vs Lula,Flávio Bolsonaro,49.4,total,11.2,,,https://pt.wikipedia.org/w/index.php?title=Pesquisas_de_opini%C3%A3o_para_a_elei%C3%A7%C3%A3o_presidencial_no_Brasil_em_2026&oldid=73082572,wikipedia_revision,73082572,2026-09-29T15:02:36Z,unverified,,9ca942a568882bbd6b774a0d5553b585fd3c21e22108b84064e56abca54efbeb,blank_null_includes_undecided
2026-2-fbee3ff7d0,2026,2,,Futura,,2026-09-19,2026-09-23,,2000,,Augusto Cury vs Lula,Lula,41.0,total,12.7,,,https://pt.wikipedia.org/w/index.php?title=Pesquisas_de_opini%C3%A3o_para_a_elei%C3%A7%C3%A3o_presidencial_no_Brasil_em_2026&oldid=73082572,wikipedia_revision,73082572,2026-09-29T15:02:36Z,unverified,,9ca942a568882bbd6b774a0d5553b585fd3c21e22108b84064e56abca54efbeb,blank_null_includes_undecided
2026-2-fbee3ff7d0,2026,2,,Futura,,2026-09-19,2026-09-23,,2000,,Augusto Cury vs Lula,Augusto Cury,46.3,total,12.7,,,https://pt.wikipedia.org/w/index.php?title=Pesquisas_de_opini%C3%A3o_para_a_elei%C3%A7%C3%A3o_presidencial_no_Brasil_em_2026&oldid=73082572,wikipedia_revision,73082572,2026-09-29T15:02:36Z,unverified,,9ca942a568882bbd6b774a0d5553b585fd3c21e22108b84064e56abca54efbeb,blank_null_includes_undecided
2026-2-fbee3ff7d0,2026,2,,Futura,,2026-09-19,2026-09-23,,2000,,Lula vs Renan Santos,Lula,43.8,total,14.5,,,https://pt.wikipedia.org/w/index.php?title=Pesquisas_de_opini%C3%A3o_para_a_elei%C3%A7%C3%A3o_presidencial_no_Brasil_em_2026&oldid=73082572,wikipedia_revision,73082572,2026-09-29T15:02:36Z,unverified,,9ca942a568882bbd6b774a0d5553b585fd3c21e22108b84064e56abca54efbeb,blank_null_includes_undecided
2026-2-fbee3ff7d0,2026,2,,Futura,,2026-09-19,2026-09-23,,2000,,Lula vs Renan Santos,Renan Santos,41.7,total,14.5,,,https://pt.wikipedia.org/w/index.php?title=Pesquisas_de_opini%C3%A3o_para_a_elei%C3%A7%C3%A3o_presidencial_no_Brasil_em_2026&oldid=73082572,wikipedia_revision,73082572,2026-09-29T15:02:36Z,unverified,,9ca942a568882bbd6b774a0d5553b585fd3c21e22108b84064e56abca54efbeb,blank_null_includes_undecided
2026-2-fbee3ff7d0,2026,2,,Futura,,2026-09-19,2026-09-23,,2000,,Lula vs Ronaldo Caiado,Lula,42.4,total,11.0,,,https://pt.wikipedia.org/w/index.php?title=Pesquisas_de_opini%C3%A3o_para_a_elei%C3%A7%C3%A3o_presidencial_no_Brasil_em_2026&oldid=73082572,wikipedia_revision,73082572,2026-09-29T15:02:36Z,unverified,,9ca942a568882bbd6b774a0d5553b585fd3c21e22108b84064e56abca54efbeb,blank_null_includes_undecided
2026-2-fbee3ff7d0,2026,2,,Futura,,2026-09-19,2026-09-23,,2000,,Lula vs Ronaldo Caiado,Ronaldo Caiado,46.5,total,11.0,,,https://pt.wikipedia.org/w/index.php?title=Pesquisas_de_opini%C3%A3o_para_a_elei%C3%A7%C3%A3o_presidencial_no_Brasil_em_2026&oldid=73082572,wikipedia_revision,73082572,2026-09-29T15:02:36Z,unverified,,9ca942a568882bbd6b774a0d5553b585fd3c21e22108b84064e56abca54efbeb,blank_null_includes_undecided
2026-2-fbee3ff7d0,2026,2,,Futura,,2026-09-19,2026-09-23,,2000,,Lula vs Romeu Zema,Lula,43.0,total,12.9,,,https://pt.wikipedia.org/w/index.php?title=Pesquisas_de_opini%C3%A3o_para_a_elei%C3%A7%C3%A3o_presidencial_no_Brasil_em_2026&oldid=73082572,wikipedia_revision,73082572,2026-09-29T15:02:36Z,unverified,,9ca942a568882bbd6b774a0d5553b585fd3c21e22108b84064e56abca54efbeb,blank_null_includes_undecided
2026-2-fbee3ff7d0,2026,2,,Futura,,2026-09-19,2026-09-23,,2000,,Lula vs Romeu Zema,Romeu Zema,43.8,total,12.9,,,https://pt.wikipedia.org/w/index.php?title=Pesquisas_de_opini%C3%A3o_para_a_elei%C3%A7%C3%A3o_presidencial_no_Brasil_em_2026&oldid=73082572,wikipedia_revision,73082572,2026-09-29T15:02:36Z,unverified,,9ca942a568882bbd6b774a0d5553b585fd3c21e22108b84064e56abca54efbeb,blank_null_includes_undecided
2026-2-28d65c1d34,2026,2,,Palver,,2026-09-20,2026-09-23,,3000,,Flávio Bolsonaro vs Lula,Lula,45.0,total,7.0,,,https://pt.wikipedia.org/w/index.php?title=Pesquisas_de_opini%C3%A3o_para_a_elei%C3%A7%C3%A3o_presidencial_no_Brasil_em_2026&oldid=73082572,wikipedia_revision,73082572,2026-09-29T15:02:36Z,unverified,,9ca942a568882bbd6b774a0d5553b585fd3c21e22108b84064e56abca54efbeb,blank_null_includes_undecided
2026-2-28d65c1d34,2026,2,,Palver,,2026-09-20,2026-09-23,,3000,,Flávio Bolsonaro vs Lula,Flávio Bolsonaro,48.0,total,7.0,,,https://pt.wikipedia.org/w/index.php?title=Pesquisas_de_opini%C3%A3o_para_a_elei%C3%A7%C3%A3o_presidencial_no_Brasil_em_2026&oldid=73082572,wikipedia_revision,73082572,2026-09-29T15:02:36Z,unverified,,9ca942a568882bbd6b774a0d5553b585fd3c21e22108b84064e56abca54efbeb,blank_null_includes_undecided
2026-2-28d65c1d34,2026,2,,Palver,,2026-09-20,2026-09-23,,3000,,Augusto Cury vs Lula,Lula,44.0,total,20.0,,,https://pt.wikipedia.org/w/index.php?title=Pesquisas_de_opini%C3%A3o_para_a_elei%C3%A7%C3%A3o_presidencial_no_Brasil_em_2026&oldid=73082572,wikipedia_revision,73082572,2026-09-29T15:02:36Z,unverified,,9ca942a568882bbd6b774a0d5553b585fd3c21e22108b84064e56abca54efbeb,blank_null_includes_undecided
2026-2-28d65c1d34,2026,2,,Palver,,2026-09-20,2026-09-23,,3000,,Augusto Cury vs Lula,Augusto Cury,36.0,total,20.0,,,https://pt.wikipedia.org/w/index.php?title=Pesquisas_de_opini%C3%A3o_para_a_elei%C3%A7%C3%A3o_presidencial_no_Brasil_em_2026&oldid=73082572,wikipedia_revision,73082572,2026-09-29T15:02:36Z,unverified,,9ca942a568882bbd6b774a0d5553b585fd3c21e22108b84064e56abca54efbeb,blank_null_includes_undecided
2026-2-28d65c1d34,2026,2,,Palver,,2026-09-20,2026-09-23,,3000,,Lula vs Renan Santos,Lula,44.0,total,22.0,,,https://pt.wikipedia.org/w/index.php?title=Pesquisas_de_opini%C3%A3o_para_a_elei%C3%A7%C3%A3o_presidencial_no_Brasil_em_2026&oldid=73082572,wikipedia_revision,73082572,2026-09-29T15:02:36Z,unverified,,9ca942a568882bbd6b774a0d5553b585fd3c21e22108b84064e56abca54efbeb,blank_null_includes_undecided
2026-2-28d65c1d34,2026,2,,Palver,,2026-09-20,2026-09-23,,3000,,Lula vs Renan Santos,Renan Santos,34.0,total,22.0,,,https://pt.wikipedia.org/w/index.php?title=Pesquisas_de_opini%C3%A3o_para_a_elei%C3%A7%C3%A3o_presidencial_no_Brasil_em_2026&oldid=73082572,wikipedia_revision,73082572,2026-09-29T15:02:36Z,unverified,,9ca942a568882bbd6b774a0d5553b585fd3c21e22108b84064e56abca54efbeb,blank_null_includes_undecided
2026-2-28d65c1d34,2026,2,,Palver,,2026-09-20,2026-09-23,,3000,,Lula vs Ronaldo Caiado,Lula,44.0,total,14.0,,,https://pt.wikipedia.org/w/index.php?title=Pesquisas_de_opini%C3%A3o_para_a_elei%C3%A7%C3%A3o_presidencial_no_Brasil_em_2026&oldid=73082572,wikipedia_revision,73082572,2026-09-29T15:02:36Z,unverified,,9ca942a568882bbd6b774a0d5553b585fd3c21e22108b84064e56abca54efbeb,blank_null_includes_undecided
2026-2-28d65c1d34,2026,2,,Palver,,2026-09-20,2026-09-23,,3000,,Lula vs Ronaldo Caiado,Ronaldo Caiado,42.0,total,14.0,,,https://pt.wikipedia.org/w/index.php?title=Pesquisas_de_opini%C3%A3o_para_a_elei%C3%A7%C3%A3o_presidencial_no_Brasil_em_2026&oldid=73082572,wikipedia_revision,73082572,2026-09-29T15:02:36Z,unverified,,9ca942a568882bbd6b774a0d5553b585fd3c21e22108b84064e56abca54efbeb,blank_null_includes_undecided
2026-2-28d65c1d34,2026,2,,Palver,,2026-09-20,2026-09-23,,3000,,Lula vs Romeu Zema,Lula,45.0,total,12.0,,,https://pt.wikipedia.org/w/index.php?title=Pesquisas_de_opini%C3%A3o_para_a_elei%C3%A7%C3%A3o_presidencial_no_Brasil_em_2026&oldid=73082572,wikipedia_revision,73082572,2026-09-29T15:02:36Z,unverified,,9ca942a568882bbd6b774a0d5553b585fd3c21e22108b84064e56abca54efbeb,blank_null_includes_undecided
2026-2-28d65c1d34,2026,2,,Palver,,2026-09-20,2026-09-23,,3000,,Lula vs Romeu Zema,Romeu Zema,43.0,total,12.0,,,https://pt.wikipedia.org/w/index.php?title=Pesquisas_de_opini%C3%A3o_para_a_elei%C3%A7%C3%A3o_presidencial_no_Brasil_em_2026&oldid=73082572,wikipedia_revision,73082572,2026-09-29T15:02:36Z,unverified,,9ca942a568882bbd6b774a0d5553b585fd3c21e22108b84064e56abca54efbeb,blank_null_includes_undecided
2026-2-e0f510b785,2026,2,,PoderData,Aya,2026-09-20,2026-09-23,,3000,,Flávio Bolsonaro vs Lula,Lula,45.0,total,9.0,,,https://pt.wikipedia.org/w/index.php?title=Pesquisas_de_opini%C3%A3o_para_a_elei%C3%A7%C3%A3o_presidencial_no_Brasil_em_2026&oldid=73082572,wikipedia_revision,73082572,2026-09-29T15:02:36Z,unverified,,9ca942a568882bbd6b774a0d5553b585fd3c21e22108b84064e56abca54efbeb,blank_null_includes_undecided
2026-2-e0f510b785,2026,2,,PoderData,Aya,2026-09-20,2026-09-23,,3000,,Flávio Bolsonaro vs Lula,Flávio Bolsonaro,46.0,total,9.0,,,https://pt.wikipedia.org/w/index.php?title=Pesquisas_de_opini%C3%A3o_para_a_elei%C3%A7%C3%A3o_presidencial_no_Brasil_em_2026&oldid=73082572,wikipedia_revision,73082572,2026-09-29T15:02:36Z,unverified,,9ca942a568882bbd6b774a0d5553b585fd3c21e22108b84064e56abca54efbeb,blank_null_includes_undecided
2026-2-e0f510b785,2026,2,,PoderData,Aya,2026-09-20,2026-09-23,,3000,,Augusto Cury vs Lula,Lula,42.0,total,13.0,,,https://pt.wikipedia.org/w/index.php?title=Pesquisas_de_opini%C3%A3o_para_a_elei%C3%A7%C3%A3o_presidencial_no_Brasil_em_2026&oldid=73082572,wikipedia_revision,73082572,2026-09-29T15:02:36Z,unverified,,9ca942a568882bbd6b774a0d5553b585fd3c21e22108b84064e56abca54efbeb,blank_null_includes_undecided
2026-2-e0f510b785,2026,2,,PoderData,Aya,2026-09-20,2026-09-23,,3000,,Augusto Cury vs Lula,Augusto Cury,45.0,total,13.0,,,https://pt.wikipedia.org/w/index.php?title=Pesquisas_de_opini%C3%A3o_para_a_elei%C3%A7%C3%A3o_presidencial_no_Brasil_em_2026&oldid=73082572,wikipedia_revision,73082572,2026-09-29T15:02:36Z,unverified,,9ca942a568882bbd6b774a0d5553b585fd3c21e22108b84064e56abca54efbeb,blank_null_includes_undecided
2026-2-7d39145d03,2026,2,,Real Time Big Data,,2026-09-19,2026-09-23,,2000,,Flávio Bolsonaro vs Lula,Lula,44.0,total,11.0,,,https://pt.wikipedia.org/w/index.php?title=Pesquisas_de_opini%C3%A3o_para_a_elei%C3%A7%C3%A3o_presidencial_no_Brasil_em_2026&oldid=73082572,wikipedia_revision,73082572,2026-09-29T15:02:36Z,unverified,,9ca942a568882bbd6b774a0d5553b585fd3c21e22108b84064e56abca54efbeb,blank_null_includes_undecided
2026-2-7d39145d03,2026,2,,Real Time Big Data,,2026-09-19,2026-09-23,,2000,,Flávio Bolsonaro vs Lula,Flávio Bolsonaro,45.0,total,11.0,,,https://pt.wikipedia.org/w/index.php?title=Pesquisas_de_opini%C3%A3o_para_a_elei%C3%A7%C3%A3o_presidencial_no_Brasil_em_2026&oldid=73082572,wikipedia_revision,73082572,2026-09-29T15:02:36Z,unverified,,9ca942a568882bbd6b774a0d5553b585fd3c21e22108b84064e56abca54efbeb,blank_null_includes_undecided
2026-2-7d39145d03,2026,2,,Real Time Big Data,,2026-09-19,2026-09-23,,2000,,Augusto Cury vs Lula,Lula,44.0,total,13.0,,,https://pt.wikipedia.org/w/index.php?title=Pesquisas_de_opini%C3%A3o_para_a_elei%C3%A7%C3%A3o_presidencial_no_Brasil_em_2026&oldid=73082572,wikipedia_revision,73082572,2026-09-29T15:02:36Z,unverified,,9ca942a568882bbd6b774a0d5553b585fd3c21e22108b84064e56abca54efbeb,blank_null_includes_undecided
2026-2-7d39145d03,2026,2,,Real Time Big Data,,2026-09-19,2026-09-23,,2000,,Augusto Cury vs Lula,Augusto Cury,43.0,total,13.0,,,https://pt.wikipedia.org/w/index.php?title=Pesquisas_de_opini%C3%A3o_para_a_elei%C3%A7%C3%A3o_presidencial_no_Brasil_em_2026&oldid=73082572,wikipedia_revision,73082572,2026-09-29T15:02:36Z,unverified,,9ca942a568882bbd6b774a0d5553b585fd3c21e22108b84064e56abca54efbeb,blank_null_includes_undecided
2026-2-7d39145d03,2026,2,,Real Time Big Data,,2026-09-19,2026-09-23,,2000,,Lula vs Renan Santos,Lula,44.0,total,18.0,,,https://pt.wikipedia.org/w/index.php?title=Pesquisas_de_opini%C3%A3o_para_a_elei%C3%A7%C3%A3o_presidencial_no_Brasil_em_2026&oldid=73082572,wikipedia_revision,73082572,2026-09-29T15:02:36Z,unverified,,9ca942a568882bbd6b774a0d5553b585fd3c21e22108b84064e56abca54efbeb,blank_null_includes_undecided
2026-2-7d39145d03,2026,2,,Real Time Big Data,,2026-09-19,2026-09-23,,2000,,Lula vs Renan Santos,Renan Santos,38.0,total,18.0,,,https://pt.wikipedia.org/w/index.php?title=Pesquisas_de_opini%C3%A3o_para_a_elei%C3%A7%C3%A3o_presidencial_no_Brasil_em_2026&oldid=73082572,wikipedia_revision,73082572,2026-09-29T15:02:36Z,unverified,,9ca942a568882bbd6b774a0d5553b585fd3c21e22108b84064e56abca54efbeb,blank_null_includes_undecided
2026-2-7d39145d03,2026,2,,Real Time Big Data,,2026-09-19,2026-09-23,,2000,,Lula vs Ronaldo Caiado,Lula,44.0,total,12.0,,,https://pt.wikipedia.org/w/index.php?title=Pesquisas_de_opini%C3%A3o_para_a_elei%C3%A7%C3%A3o_presidencial_no_Brasil_em_2026&oldid=73082572,wikipedia_revision,73082572,2026-09-29T15:02:36Z,unverified,,9ca942a568882bbd6b774a0d5553b585fd3c21e22108b84064e56abca54efbeb,blank_null_includes_undecided
2026-2-7d39145d03,2026,2,,Real Time Big Data,,2026-09-19,2026-09-23,,2000,,Lula vs Ronaldo Caiado,Ronaldo Caiado,44.0,total,12.0,,,https://pt.wikipedia.org/w/index.php?title=Pesquisas_de_opini%C3%A3o_para_a_elei%C3%A7%C3%A3o_presidencial_no_Brasil_em_2026&oldid=73082572,wikipedia_revision,73082572,2026-09-29T15:02:36Z,unverified,,9ca942a568882bbd6b774a0d5553b585fd3c21e22108b84064e56abca54efbeb,blank_null_includes_undecided
2026-2-7d39145d03,2026,2,,Real Time Big Data,,2026-09-19,2026-09-23,,2000,,Lula vs Romeu Zema,Lula,45.0,total,16.0,,,https://pt.wikipedia.org/w/index.php?title=Pesquisas_de_opini%C3%A3o_para_a_elei%C3%A7%C3%A3o_presidencial_no_Brasil_em_2026&oldid=73082572,wikipedia_revision,73082572,2026-09-29T15:02:36Z,unverified,,9ca942a568882bbd6b774a0d5553b585fd3c21e22108b84064e56abca54efbeb,blank_null_includes_undecided
2026-2-7d39145d03,2026,2,,Real Time Big Data,,2026-09-19,2026-09-23,,2000,,Lula vs Romeu Zema,Romeu Zema,39.0,total,16.0,,,https://pt.wikipedia.org/w/index.php?title=Pesquisas_de_opini%C3%A3o_para_a_elei%C3%A7%C3%A3o_presidencial_no_Brasil_em_2026&oldid=73082572,wikipedia_revision,73082572,2026-09-29T15:02:36Z,unverified,,9ca942a568882bbd6b774a0d5553b585fd3c21e22108b84064e56abca54efbeb,blank_null_includes_undecided
2026-2-b84698bf73,2026,2,,AtlasIntel,,2026-09-17,2026-09-22,,5015,,Flávio Bolsonaro vs Lula,Lula,47.7,total,4.9,,,https://pt.wikipedia.org/w/index.php?title=Pesquisas_de_opini%C3%A3o_para_a_elei%C3%A7%C3%A3o_presidencial_no_Brasil_em_2026&oldid=73082572,wikipedia_revision,73082572,2026-09-29T15:02:36Z,unverified,,9ca942a568882bbd6b774a0d5553b585fd3c21e22108b84064e56abca54efbeb,blank_null_includes_undecided
2026-2-b84698bf73,2026,2,,AtlasIntel,,2026-09-17,2026-09-22,,5015,,Flávio Bolsonaro vs Lula,Flávio Bolsonaro,47.4,total,4.9,,,https://pt.wikipedia.org/w/index.php?title=Pesquisas_de_opini%C3%A3o_para_a_elei%C3%A7%C3%A3o_presidencial_no_Brasil_em_2026&oldid=73082572,wikipedia_revision,73082572,2026-09-29T15:02:36Z,unverified,,9ca942a568882bbd6b774a0d5553b585fd3c21e22108b84064e56abca54efbeb,blank_null_includes_undecided
2026-2-b84698bf73,2026,2,,AtlasIntel,,2026-09-17,2026-09-22,,5015,,Augusto Cury vs Lula,Lula,46.2,total,14.4,,,https://pt.wikipedia.org/w/index.php?title=Pesquisas_de_opini%C3%A3o_para_a_elei%C3%A7%C3%A3o_presidencial_no_Brasil_em_2026&oldid=73082572,wikipedia_revision,73082572,2026-09-29T15:02:36Z,unverified,,9ca942a568882bbd6b774a0d5553b585fd3c21e22108b84064e56abca54efbeb,blank_null_includes_undecided
2026-2-b84698bf73,2026,2,,AtlasIntel,,2026-09-17,2026-09-22,,5015,,Augusto Cury vs Lula,Augusto Cury,39.4,total,14.4,,,https://pt.wikipedia.org/w/index.php?title=Pesquisas_de_opini%C3%A3o_para_a_elei%C3%A7%C3%A3o_presidencial_no_Brasil_em_2026&oldid=73082572,wikipedia_revision,73082572,2026-09-29T15:02:36Z,unverified,,9ca942a568882bbd6b774a0d5553b585fd3c21e22108b84064e56abca54efbeb,blank_null_includes_undecided
2026-2-b84698bf73,2026,2,,AtlasIntel,,2026-09-17,2026-09-22,,5015,,Lula vs Renan Santos,Lula,46.5,total,22.3,,,https://pt.wikipedia.org/w/index.php?title=Pesquisas_de_opini%C3%A3o_para_a_elei%C3%A7%C3%A3o_presidencial_no_Brasil_em_2026&oldid=73082572,wikipedia_revision,73082572,2026-09-29T15:02:36Z,unverified,,9ca942a568882bbd6b774a0d5553b585fd3c21e22108b84064e56abca54efbeb,blank_null_includes_undecided
2026-2-b84698bf73,2026,2,,AtlasIntel,,2026-09-17,2026-09-22,,5015,,Lula vs Renan Santos,Renan Santos,31.2,total,22.3,,,https://pt.wikipedia.org/w/index.php?title=Pesquisas_de_opini%C3%A3o_para_a_elei%C3%A7%C3%A3o_presidencial_no_Brasil_em_2026&oldid=73082572,wikipedia_revision,73082572,2026-09-29T15:02:36Z,unverified,,9ca942a568882bbd6b774a0d5553b585fd3c21e22108b84064e56abca54efbeb,blank_null_includes_undecided
2026-2-b84698bf73,2026,2,,AtlasIntel,,2026-09-17,2026-09-22,,5015,,Lula vs Ronaldo Caiado,Lula,46.6,total,9.4,,,https://pt.wikipedia.org/w/index.php?title=Pesquisas_de_opini%C3%A3o_para_a_elei%C3%A7%C3%A3o_presidencial_no_Brasil_em_2026&oldid=73082572,wikipedia_revision,73082572,2026-09-29T15:02:36Z,unverified,,9ca942a568882bbd6b774a0d5553b585fd3c21e22108b84064e56abca54efbeb,blank_null_includes_undecided
2026-2-b84698bf73,2026,2,,AtlasIntel,,2026-09-17,2026-09-22,,5015,,Lula vs Ronaldo Caiado,Ronaldo Caiado,44.0,total,9.4,,,https://pt.wikipedia.org/w/index.php?title=Pesquisas_de_opini%C3%A3o_para_a_elei%C3%A7%C3%A3o_presidencial_no_Brasil_em_2026&oldid=73082572,wikipedia_revision,73082572,2026-09-29T15:02:36Z,unverified,,9ca942a568882bbd6b774a0d5553b585fd3c21e22108b84064e56abca54efbeb,blank_null_includes_undecided
2026-2-b84698bf73,2026,2,,AtlasIntel,,2026-09-17,2026-09-22,,5015,,Lula vs Romeu Zema,Lula,47.6,total,10.2,,,https://pt.wikipedia.org/w/index.php?title=Pesquisas_de_opini%C3%A3o_para_a_elei%C3%A7%C3%A3o_presidencial_no_Brasil_em_2026&oldid=73082572,wikipedia_revision,73082572,2026-09-29T15:02:36Z,unverified,,9ca942a568882bbd6b774a0d5553b585fd3c21e22108b84064e56abca54efbeb,blank_null_includes_undecided
2026-2-b84698bf73,2026,2,,AtlasIntel,,2026-09-17,2026-09-22,,5015,,Lula vs Romeu Zema,Romeu Zema,42.2,total,10.2,,,https://pt.wikipedia.org/w/index.php?title=Pesquisas_de_opini%C3%A3o_para_a_elei%C3%A7%C3%A3o_presidencial_no_Brasil_em_2026&oldid=73082572,wikipedia_revision,73082572,2026-09-29T15:02:36Z,unverified,,9ca942a568882bbd6b774a0d5553b585fd3c21e22108b84064e56abca54efbeb,blank_null_includes_undecided
2026-2-4afbc1d7a3,2026,2,,American Analytics,,2026-09-15,2026-09-20,,2000,,Flávio Bolsonaro vs Lula,Lula,43.0,total,14.0,,,https://pt.wikipedia.org/w/index.php?title=Pesquisas_de_opini%C3%A3o_para_a_elei%C3%A7%C3%A3o_presidencial_no_Brasil_em_2026&oldid=73082572,wikipedia_revision,73082572,2026-09-29T15:02:36Z,unverified,,9ca942a568882bbd6b774a0d5553b585fd3c21e22108b84064e56abca54efbeb,blank_null_includes_undecided
2026-2-4afbc1d7a3,2026,2,,American Analytics,,2026-09-15,2026-09-20,,2000,,Flávio Bolsonaro vs Lula,Flávio Bolsonaro,43.0,total,14.0,,,https://pt.wikipedia.org/w/index.php?title=Pesquisas_de_opini%C3%A3o_para_a_elei%C3%A7%C3%A3o_presidencial_no_Brasil_em_2026&oldid=73082572,wikipedia_revision,73082572,2026-09-29T15:02:36Z,unverified,,9ca942a568882bbd6b774a0d5553b585fd3c21e22108b84064e56abca54efbeb,blank_null_includes_undecided
2026-2-4afbc1d7a3,2026,2,,American Analytics,,2026-09-15,2026-09-20,,2000,,Augusto Cury vs Lula,Lula,42.0,total,21.0,,,https://pt.wikipedia.org/w/index.php?title=Pesquisas_de_opini%C3%A3o_para_a_elei%C3%A7%C3%A3o_presidencial_no_Brasil_em_2026&oldid=73082572,wikipedia_revision,73082572,2026-09-29T15:02:36Z,unverified,,9ca942a568882bbd6b774a0d5553b585fd3c21e22108b84064e56abca54efbeb,blank_null_includes_undecided
2026-2-4afbc1d7a3,2026,2,,American Analytics,,2026-09-15,2026-09-20,,2000,,Augusto Cury vs Lula,Augusto Cury,37.0,total,21.0,,,https://pt.wikipedia.org/w/index.php?title=Pesquisas_de_opini%C3%A3o_para_a_elei%C3%A7%C3%A3o_presidencial_no_Brasil_em_2026&oldid=73082572,wikipedia_revision,73082572,2026-09-29T15:02:36Z,unverified,,9ca942a568882bbd6b774a0d5553b585fd3c21e22108b84064e56abca54efbeb,blank_null_includes_undecided
2026-2-4afbc1d7a3,2026,2,,American Analytics,,2026-09-15,2026-09-20,,2000,,Lula vs Renan Santos,Lula,44.0,total,19.0,,,https://pt.wikipedia.org/w/index.php?title=Pesquisas_de_opini%C3%A3o_para_a_elei%C3%A7%C3%A3o_presidencial_no_Brasil_em_2026&oldid=73082572,wikipedia_revision,73082572,2026-09-29T15:02:36Z,unverified,,9ca942a568882bbd6b774a0d5553b585fd3c21e22108b84064e56abca54efbeb,blank_null_includes_undecided
2026-2-4afbc1d7a3,2026,2,,American Analytics,,2026-09-15,2026-09-20,,2000,,Lula vs Renan Santos,Renan Santos,37.0,total,19.0,,,https://pt.wikipedia.org/w/index.php?title=Pesquisas_de_opini%C3%A3o_para_a_elei%C3%A7%C3%A3o_presidencial_no_Brasil_em_2026&oldid=73082572,wikipedia_revision,73082572,2026-09-29T15:02:36Z,unverified,,9ca942a568882bbd6b774a0d5553b585fd3c21e22108b84064e56abca54efbeb,blank_null_includes_undecided
2026-2-4afbc1d7a3,2026,2,,American Analytics,,2026-09-15,2026-09-20,,2000,,Lula vs Ronaldo Caiado,Lula,42.0,total,18.0,,,https://pt.wikipedia.org/w/index.php?title=Pesquisas_de_opini%C3%A3o_para_a_elei%C3%A7%C3%A3o_presidencial_no_Brasil_em_2026&oldid=73082572,wikipedia_revision,73082572,2026-09-29T15:02:36Z,unverified,,9ca942a568882bbd6b774a0d5553b585fd3c21e22108b84064e56abca54efbeb,blank_null_includes_undecided
2026-2-4afbc1d7a3,2026,2,,American Analytics,,2026-09-15,2026-09-20,,2000,,Lula vs Ronaldo Caiado,Ronaldo Caiado,40.0,total,18.0,,,https://pt.wikipedia.org/w/index.php?title=Pesquisas_de_opini%C3%A3o_para_a_elei%C3%A7%C3%A3o_presidencial_no_Brasil_em_2026&oldid=73082572,wikipedia_revision,73082572,2026-09-29T15:02:36Z,unverified,,9ca942a568882bbd6b774a0d5553b585fd3c21e22108b84064e56abca54efbeb,blank_null_includes_undecided
2026-2-4afbc1d7a3,2026,2,,American Analytics,,2026-09-15,2026-09-20,,2000,,Lula vs Romeu Zema,Lula,43.0,total,19.0,,,https://pt.wikipedia.org/w/index.php?title=Pesquisas_de_opini%C3%A3o_para_a_elei%C3%A7%C3%A3o_presidencial_no_Brasil_em_2026&oldid=73082572,wikipedia_revision,73082572,2026-09-29T15:02:36Z,unverified,,9ca942a568882bbd6b774a0d5553b585fd3c21e22108b84064e56abca54efbeb,blank_null_includes_undecided
2026-2-4afbc1d7a3,2026,2,,American Analytics,,2026-09-15,2026-09-20,,2000,,Lula vs Romeu Zema,Romeu Zema,38.0,total,19.0,,,https://pt.wikipedia.org/w/index.php?title=Pesquisas_de_opini%C3%A3o_para_a_elei%C3%A7%C3%A3o_presidencial_no_Brasil_em_2026&oldid=73082572,wikipedia_revision,73082572,2026-09-29T15:02:36Z,unverified,,9ca942a568882bbd6b774a0d5553b585fd3c21e22108b84064e56abca54efbeb,blank_null_includes_undecided
2026-2-0194dc85f9,2026,2,,Nexus,BTG,2026-09-18,2026-09-20,,2000,,Flávio Bolsonaro vs Lula,Lula,46.0,total,8.0,,,https://pt.wikipedia.org/w/index.php?title=Pesquisas_de_opini%C3%A3o_para_a_elei%C3%A7%C3%A3o_presidencial_no_Brasil_em_2026&oldid=73082572,wikipedia_revision,73082572,2026-09-29T15:02:36Z,unverified,,9ca942a568882bbd6b774a0d5553b585fd3c21e22108b84064e56abca54efbeb,blank_null_includes_undecided
2026-2-0194dc85f9,2026,2,,Nexus,BTG,2026-09-18,2026-09-20,,2000,,Flávio Bolsonaro vs Lula,Flávio Bolsonaro,45.0,total,8.0,,,https://pt.wikipedia.org/w/index.php?title=Pesquisas_de_opini%C3%A3o_para_a_elei%C3%A7%C3%A3o_presidencial_no_Brasil_em_2026&oldid=73082572,wikipedia_revision,73082572,2026-09-29T15:02:36Z,unverified,,9ca942a568882bbd6b774a0d5553b585fd3c21e22108b84064e56abca54efbeb,blank_null_includes_undecided
2026-2-0194dc85f9,2026,2,,Nexus,BTG,2026-09-18,2026-09-20,,2000,,Augusto Cury vs Lula,Lula,44.0,total,13.0,,,https://pt.wikipedia.org/w/index.php?title=Pesquisas_de_opini%C3%A3o_para_a_elei%C3%A7%C3%A3o_presidencial_no_Brasil_em_2026&oldid=73082572,wikipedia_revision,73082572,2026-09-29T15:02:36Z,unverified,,9ca942a568882bbd6b774a0d5553b585fd3c21e22108b84064e56abca54efbeb,blank_null_includes_undecided
2026-2-0194dc85f9,2026,2,,Nexus,BTG,2026-09-18,2026-09-20,,2000,,Augusto Cury vs Lula,Augusto Cury,43.0,total,13.0,,,https://pt.wikipedia.org/w/index.php?title=Pesquisas_de_opini%C3%A3o_para_a_elei%C3%A7%C3%A3o_presidencial_no_Brasil_em_2026&oldid=73082572,wikipedia_revision,73082572,2026-09-29T15:02:36Z,unverified,,9ca942a568882bbd6b774a0d5553b585fd3c21e22108b84064e56abca54efbeb,blank_null_includes_undecided
2026-2-0194dc85f9,2026,2,,Nexus,BTG,2026-09-18,2026-09-20,,2000,,Lula vs Renan Santos,Lula,47.0,total,15.0,,,https://pt.wikipedia.org/w/index.php?title=Pesquisas_de_opini%C3%A3o_para_a_elei%C3%A7%C3%A3o_presidencial_no_Brasil_em_2026&oldid=73082572,wikipedia_revision,73082572,2026-09-29T15:02:36Z,unverified,,9ca942a568882bbd6b774a0d5553b585fd3c21e22108b84064e56abca54efbeb,blank_null_includes_undecided
2026-2-0194dc85f9,2026,2,,Nexus,BTG,2026-09-18,2026-09-20,,2000,,Lula vs Renan Santos,Renan Santos,39.0,total,15.0,,,https://pt.wikipedia.org/w/index.php?title=Pesquisas_de_opini%C3%A3o_para_a_elei%C3%A7%C3%A3o_presidencial_no_Brasil_em_2026&oldid=73082572,wikipedia_revision,73082572,2026-09-29T15:02:36Z,unverified,,9ca942a568882bbd6b774a0d5553b585fd3c21e22108b84064e56abca54efbeb,blank_null_includes_undecided
2026-2-0194dc85f9,2026,2,,Nexus,BTG,2026-09-18,2026-09-20,,2000,,Lula vs Ronaldo Caiado,Lula,45.0,total,10.0,,,https://pt.wikipedia.org/w/index.php?title=Pesquisas_de_opini%C3%A3o_para_a_elei%C3%A7%C3%A3o_presidencial_no_Brasil_em_2026&oldid=73082572,wikipedia_revision,73082572,2026-09-29T15:02:36Z,unverified,,9ca942a568882bbd6b774a0d5553b585fd3c21e22108b84064e56abca54efbeb,blank_null_includes_undecided
2026-2-0194dc85f9,2026,2,,Nexus,BTG,2026-09-18,2026-09-20,,2000,,Lula vs Ronaldo Caiado,Ronaldo Caiado,45.0,total,10.0,,,https://pt.wikipedia.org/w/index.php?title=Pesquisas_de_opini%C3%A3o_para_a_elei%C3%A7%C3%A3o_presidencial_no_Brasil_em_2026&oldid=73082572,wikipedia_revision,73082572,2026-09-29T15:02:36Z,unverified,,9ca942a568882bbd6b774a0d5553b585fd3c21e22108b84064e56abca54efbeb,blank_null_includes_undecided
2026-2-0194dc85f9,2026,2,,Nexus,BTG,2026-09-18,2026-09-20,,2000,,Lula vs Romeu Zema,Lula,47.0,total,12.0,,,https://pt.wikipedia.org/w/index.php?title=Pesquisas_de_opini%C3%A3o_para_a_elei%C3%A7%C3%A3o_presidencial_no_Brasil_em_2026&oldid=73082572,wikipedia_revision,73082572,2026-09-29T15:02:36Z,unverified,,9ca942a568882bbd6b774a0d5553b585fd3c21e22108b84064e56abca54efbeb,blank_null_includes_undecided
2026-2-0194dc85f9,2026,2,,Nexus,BTG,2026-09-18,2026-09-20,,2000,,Lula vs Romeu Zema,Romeu Zema,41.0,total,12.0,,,https://pt.wikipedia.org/w/index.php?title=Pesquisas_de_opini%C3%A3o_para_a_elei%C3%A7%C3%A3o_presidencial_no_Brasil_em_2026&oldid=73082572,wikipedia_revision,73082572,2026-09-29T15:02:36Z,unverified,,9ca942a568882bbd6b774a0d5553b585fd3c21e22108b84064e56abca54efbeb,blank_null_includes_undecided
2026-2-779b29e406,2026,2,,Quaest,,2026-09-17,2026-09-20,,2004,,Flávio Bolsonaro vs Lula,Lula,41.0,total,17.0,,,https://pt.wikipedia.org/w/index.php?title=Pesquisas_de_opini%C3%A3o_para_a_elei%C3%A7%C3%A3o_presidencial_no_Brasil_em_2026&oldid=73082572,wikipedia_revision,73082572,2026-09-29T15:02:36Z,unverified,,9ca942a568882bbd6b774a0d5553b585fd3c21e22108b84064e56abca54efbeb,blank_null_includes_undecided
2026-2-779b29e406,2026,2,,Quaest,,2026-09-17,2026-09-20,,2004,,Flávio Bolsonaro vs Lula,Flávio Bolsonaro,42.0,total,17.0,,,https://pt.wikipedia.org/w/index.php?title=Pesquisas_de_opini%C3%A3o_para_a_elei%C3%A7%C3%A3o_presidencial_no_Brasil_em_2026&oldid=73082572,wikipedia_revision,73082572,2026-09-29T15:02:36Z,unverified,,9ca942a568882bbd6b774a0d5553b585fd3c21e22108b84064e56abca54efbeb,blank_null_includes_undecided
2026-2-779b29e406,2026,2,,Quaest,,2026-09-17,2026-09-20,,2004,,Augusto Cury vs Lula,Lula,39.0,total,26.0,,,https://pt.wikipedia.org/w/index.php?title=Pesquisas_de_opini%C3%A3o_para_a_elei%C3%A7%C3%A3o_presidencial_no_Brasil_em_2026&oldid=73082572,wikipedia_revision,73082572,2026-09-29T15:02:36Z,unverified,,9ca942a568882bbd6b774a0d5553b585fd3c21e22108b84064e56abca54efbeb,blank_null_includes_undecided
2026-2-779b29e406,2026,2,,Quaest,,2026-09-17,2026-09-20,,2004,,Augusto Cury vs Lula,Augusto Cury,35.0,total,26.0,,,https://pt.wikipedia.org/w/index.php?title=Pesquisas_de_opini%C3%A3o_para_a_elei%C3%A7%C3%A3o_presidencial_no_Brasil_em_2026&oldid=73082572,wikipedia_revision,73082572,2026-09-29T15:02:36Z,unverified,,9ca942a568882bbd6b774a0d5553b585fd3c21e22108b84064e56abca54efbeb,blank_null_includes_undecided
2026-2-779b29e406,2026,2,,Quaest,,2026-09-17,2026-09-20,,2004,,Lula vs Renan Santos,Lula,41.0,total,21.0,,,https://pt.wikipedia.org/w/index.php?title=Pesquisas_de_opini%C3%A3o_para_a_elei%C3%A7%C3%A3o_presidencial_no_Brasil_em_2026&oldid=73082572,wikipedia_revision,73082572,2026-09-29T15:02:36Z,unverified,,9ca942a568882bbd6b774a0d5553b585fd3c21e22108b84064e56abca54efbeb,blank_null_includes_undecided
2026-2-779b29e406,2026,2,,Quaest,,2026-09-17,2026-09-20,,2004,,Lula vs Renan Santos,Renan Santos,38.0,total,21.0,,,https://pt.wikipedia.org/w/index.php?title=Pesquisas_de_opini%C3%A3o_para_a_elei%C3%A7%C3%A3o_presidencial_no_Brasil_em_2026&oldid=73082572,wikipedia_revision,73082572,2026-09-29T15:02:36Z,unverified,,9ca942a568882bbd6b774a0d5553b585fd3c21e22108b84064e56abca54efbeb,blank_null_includes_undecided
2026-2-779b29e406,2026,2,,Quaest,,2026-09-17,2026-09-20,,2004,,Lula vs Ronaldo Caiado,Lula,41.0,total,20.0,,,https://pt.wikipedia.org/w/index.php?title=Pesquisas_de_opini%C3%A3o_para_a_elei%C3%A7%C3%A3o_presidencial_no_Brasil_em_2026&oldid=73082572,wikipedia_revision,73082572,2026-09-29T15:02:36Z,unverified,,9ca942a568882bbd6b774a0d5553b585fd3c21e22108b84064e56abca54efbeb,blank_null_includes_undecided
2026-2-779b29e406,2026,2,,Quaest,,2026-09-17,2026-09-20,,2004,,Lula vs Ronaldo Caiado,Ronaldo Caiado,39.0,total,20.0,,,https://pt.wikipedia.org/w/index.php?title=Pesquisas_de_opini%C3%A3o_para_a_elei%C3%A7%C3%A3o_presidencial_no_Brasil_em_2026&oldid=73082572,wikipedia_revision,73082572,2026-09-29T15:02:36Z,unverified,,9ca942a568882bbd6b774a0d5553b585fd3c21e22108b84064e56abca54efbeb,blank_null_includes_undecided
2026-2-779b29e406,2026,2,,Quaest,,2026-09-17,2026-09-20,,2004,,Lula vs Romeu Zema,Lula,46.0,total,22.0,,,https://pt.wikipedia.org/w/index.php?title=Pesquisas_de_opini%C3%A3o_para_a_elei%C3%A7%C3%A3o_presidencial_no_Brasil_em_2026&oldid=73082572,wikipedia_revision,73082572,2026-09-29T15:02:36Z,unverified,,9ca942a568882bbd6b774a0d5553b585fd3c21e22108b84064e56abca54efbeb,blank_null_includes_undecided
2026-2-779b29e406,2026,2,,Quaest,,2026-09-17,2026-09-20,,2004,,Lula vs Romeu Zema,Romeu Zema,32.0,total,22.0,,,https://pt.wikipedia.org/w/index.php?title=Pesquisas_de_opini%C3%A3o_para_a_elei%C3%A7%C3%A3o_presidencial_no_Brasil_em_2026&oldid=73082572,wikipedia_revision,73082572,2026-09-29T15:02:36Z,unverified,,9ca942a568882bbd6b774a0d5553b585fd3c21e22108b84064e56abca54efbeb,blank_null_includes_undecided
2026-2-97808eb523,2026,2,,Palver,,2026-09-15,2026-09-18,,5000,,Flávio Bolsonaro vs Lula,Lula,43.0,total,10.0,,,https://pt.wikipedia.org/w/index.php?title=Pesquisas_de_opini%C3%A3o_para_a_elei%C3%A7%C3%A3o_presidencial_no_Brasil_em_2026&oldid=73082572,wikipedia_revision,73082572,2026-09-29T15:02:36Z,unverified,,9ca942a568882bbd6b774a0d5553b585fd3c21e22108b84064e56abca54efbeb,blank_null_includes_undecided
2026-2-97808eb523,2026,2,,Palver,,2026-09-15,2026-09-18,,5000,,Flávio Bolsonaro vs Lula,Flávio Bolsonaro,47.0,total,10.0,,,https://pt.wikipedia.org/w/index.php?title=Pesquisas_de_opini%C3%A3o_para_a_elei%C3%A7%C3%A3o_presidencial_no_Brasil_em_2026&oldid=73082572,wikipedia_revision,73082572,2026-09-29T15:02:36Z,unverified,,9ca942a568882bbd6b774a0d5553b585fd3c21e22108b84064e56abca54efbeb,blank_null_includes_undecided
2026-2-97808eb523,2026,2,,Palver,,2026-09-15,2026-09-18,,5000,,Augusto Cury vs Lula,Lula,43.0,total,22.0,,,https://pt.wikipedia.org/w/index.php?title=Pesquisas_de_opini%C3%A3o_para_a_elei%C3%A7%C3%A3o_presidencial_no_Brasil_em_2026&oldid=73082572,wikipedia_revision,73082572,2026-09-29T15:02:36Z,unverified,,9ca942a568882bbd6b774a0d5553b585fd3c21e22108b84064e56abca54efbeb,blank_null_includes_undecided
2026-2-97808eb523,2026,2,,Palver,,2026-09-15,2026-09-18,,5000,,Augusto Cury vs Lula,Augusto Cury,35.0,total,22.0,,,https://pt.wikipedia.org/w/index.php?title=Pesquisas_de_opini%C3%A3o_para_a_elei%C3%A7%C3%A3o_presidencial_no_Brasil_em_2026&oldid=73082572,wikipedia_revision,73082572,2026-09-29T15:02:36Z,unverified,,9ca942a568882bbd6b774a0d5553b585fd3c21e22108b84064e56abca54efbeb,blank_null_includes_undecided
2026-2-97808eb523,2026,2,,Palver,,2026-09-15,2026-09-18,,5000,,Lula vs Renan Santos,Lula,43.0,total,23.0,,,https://pt.wikipedia.org/w/index.php?title=Pesquisas_de_opini%C3%A3o_para_a_elei%C3%A7%C3%A3o_presidencial_no_Brasil_em_2026&oldid=73082572,wikipedia_revision,73082572,2026-09-29T15:02:36Z,unverified,,9ca942a568882bbd6b774a0d5553b585fd3c21e22108b84064e56abca54efbeb,blank_null_includes_undecided
2026-2-97808eb523,2026,2,,Palver,,2026-09-15,2026-09-18,,5000,,Lula vs Renan Santos,Renan Santos,34.0,total,23.0,,,https://pt.wikipedia.org/w/index.php?title=Pesquisas_de_opini%C3%A3o_para_a_elei%C3%A7%C3%A3o_presidencial_no_Brasil_em_2026&oldid=73082572,wikipedia_revision,73082572,2026-09-29T15:02:36Z,unverified,,9ca942a568882bbd6b774a0d5553b585fd3c21e22108b84064e56abca54efbeb,blank_null_includes_undecided
2026-2-97808eb523,2026,2,,Palver,,2026-09-15,2026-09-18,,5000,,Lula vs Ronaldo Caiado,Lula,43.0,total,13.0,,,https://pt.wikipedia.org/w/index.php?title=Pesquisas_de_opini%C3%A3o_para_a_elei%C3%A7%C3%A3o_presidencial_no_Brasil_em_2026&oldid=73082572,wikipedia_revision,73082572,2026-09-29T15:02:36Z,unverified,,9ca942a568882bbd6b774a0d5553b585fd3c21e22108b84064e56abca54efbeb,blank_null_includes_undecided
2026-2-97808eb523,2026,2,,Palver,,2026-09-15,2026-09-18,,5000,,Lula vs Ronaldo Caiado,Ronaldo Caiado,44.0,total,13.0,,,https://pt.wikipedia.org/w/index.php?title=Pesquisas_de_opini%C3%A3o_para_a_elei%C3%A7%C3%A3o_presidencial_no_Brasil_em_2026&oldid=73082572,wikipedia_revision,73082572,2026-09-29T15:02:36Z,unverified,,9ca942a568882bbd6b774a0d5553b585fd3c21e22108b84064e56abca54efbeb,blank_null_includes_undecided
2026-2-97808eb523,2026,2,,Palver,,2026-09-15,2026-09-18,,5000,,Lula vs Romeu Zema,Lula,43.0,total,12.0,,,https://pt.wikipedia.org/w/index.php?title=Pesquisas_de_opini%C3%A3o_para_a_elei%C3%A7%C3%A3o_presidencial_no_Brasil_em_2026&oldid=73082572,wikipedia_revision,73082572,2026-09-29T15:02:36Z,unverified,,9ca942a568882bbd6b774a0d5553b585fd3c21e22108b84064e56abca54efbeb,blank_null_includes_undecided
2026-2-97808eb523,2026,2,,Palver,,2026-09-15,2026-09-18,,5000,,Lula vs Romeu Zema,Romeu Zema,44.0,total,12.0,,,https://pt.wikipedia.org/w/index.php?title=Pesquisas_de_opini%C3%A3o_para_a_elei%C3%A7%C3%A3o_presidencial_no_Brasil_em_2026&oldid=73082572,wikipedia_revision,73082572,2026-09-29T15:02:36Z,unverified,,9ca942a568882bbd6b774a0d5553b585fd3c21e22108b84064e56abca54efbeb,blank_null_includes_undecided
2026-2-52bf92c69d,2026,2,,AtlasIntel,,2026-09-11,2026-09-16,,5018,,Flávio Bolsonaro vs Lula,Lula,46.8,total,6.0,,,https://pt.wikipedia.org/w/index.php?title=Pesquisas_de_opini%C3%A3o_para_a_elei%C3%A7%C3%A3o_presidencial_no_Brasil_em_2026&oldid=73082572,wikipedia_revision,73082572,2026-09-29T15:02:36Z,unverified,,9ca942a568882bbd6b774a0d5553b585fd3c21e22108b84064e56abca54efbeb,blank_null_includes_undecided
2026-2-52bf92c69d,2026,2,,AtlasIntel,,2026-09-11,2026-09-16,,5018,,Flávio Bolsonaro vs Lula,Flávio Bolsonaro,47.2,total,6.0,,,https://pt.wikipedia.org/w/index.php?title=Pesquisas_de_opini%C3%A3o_para_a_elei%C3%A7%C3%A3o_presidencial_no_Brasil_em_2026&oldid=73082572,wikipedia_revision,73082572,2026-09-29T15:02:36Z,unverified,,9ca942a568882bbd6b774a0d5553b585fd3c21e22108b84064e56abca54efbeb,blank_null_includes_undecided
2026-2-52bf92c69d,2026,2,,AtlasIntel,,2026-09-11,2026-09-16,,5018,,Augusto Cury vs Lula,Lula,45.6,total,16.6,,,https://pt.wikipedia.org/w/index.php?title=Pesquisas_de_opini%C3%A3o_para_a_elei%C3%A7%C3%A3o_presidencial_no_Brasil_em_2026&oldid=73082572,wikipedia_revision,73082572,2026-09-29T15:02:36Z,unverified,,9ca942a568882bbd6b774a0d5553b585fd3c21e22108b84064e56abca54efbeb,blank_null_includes_undecided
2026-2-52bf92c69d,2026,2,,AtlasIntel,,2026-09-11,2026-09-16,,5018,,Augusto Cury vs Lula,Augusto Cury,37.8,total,16.6,,,https://pt.wikipedia.org/w/index.php?title=Pesquisas_de_opini%C3%A3o_para_a_elei%C3%A7%C3%A3o_presidencial_no_Brasil_em_2026&oldid=73082572,wikipedia_revision,73082572,2026-09-29T15:02:36Z,unverified,,9ca942a568882bbd6b774a0d5553b585fd3c21e22108b84064e56abca54efbeb,blank_null_includes_undecided
2026-2-52bf92c69d,2026,2,,AtlasIntel,,2026-09-11,2026-09-16,,5018,,Lula vs Renan Santos,Lula,46.1,total,24.2,,,https://pt.wikipedia.org/w/index.php?title=Pesquisas_de_opini%C3%A3o_para_a_elei%C3%A7%C3%A3o_presidencial_no_Brasil_em_2026&oldid=73082572,wikipedia_revision,73082572,2026-09-29T15:02:36Z,unverified,,9ca942a568882bbd6b774a0d5553b585fd3c21e22108b84064e56abca54efbeb,blank_null_includes_undecided
2026-2-52bf92c69d,2026,2,,AtlasIntel,,2026-09-11,2026-09-16,,5018,,Lula vs Renan Santos,Renan Santos,29.7,total,24.2,,,https://pt.wikipedia.org/w/index.php?title=Pesquisas_de_opini%C3%A3o_para_a_elei%C3%A7%C3%A3o_presidencial_no_Brasil_em_2026&oldid=73082572,wikipedia_revision,73082572,2026-09-29T15:02:36Z,unverified,,9ca942a568882bbd6b774a0d5553b585fd3c21e22108b84064e56abca54efbeb,blank_null_includes_undecided
2026-2-52bf92c69d,2026,2,,AtlasIntel,,2026-09-11,2026-09-16,,5018,,Lula vs Ronaldo Caiado,Lula,46.0,total,12.3,,,https://pt.wikipedia.org/w/index.php?title=Pesquisas_de_opini%C3%A3o_para_a_elei%C3%A7%C3%A3o_presidencial_no_Brasil_em_2026&oldid=73082572,wikipedia_revision,73082572,2026-09-29T15:02:36Z,unverified,,9ca942a568882bbd6b774a0d5553b585fd3c21e22108b84064e56abca54efbeb,blank_null_includes_undecided
2026-2-52bf92c69d,2026,2,,AtlasIntel,,2026-09-11,2026-09-16,,5018,,Lula vs Ronaldo Caiado,Ronaldo Caiado,41.7,total,12.3,,,https://pt.wikipedia.org/w/index.php?title=Pesquisas_de_opini%C3%A3o_para_a_elei%C3%A7%C3%A3o_presidencial_no_Brasil_em_2026&oldid=73082572,wikipedia_revision,73082572,2026-09-29T15:02:36Z,unverified,,9ca942a568882bbd6b774a0d5553b585fd3c21e22108b84064e56abca54efbeb,blank_null_includes_undecided
2026-2-52bf92c69d,2026,2,,AtlasIntel,,2026-09-11,2026-09-16,,5018,,Lula vs Romeu Zema,Lula,46.3,total,10.1,,,https://pt.wikipedia.org/w/index.php?title=Pesquisas_de_opini%C3%A3o_para_a_elei%C3%A7%C3%A3o_presidencial_no_Brasil_em_2026&oldid=73082572,wikipedia_revision,73082572,2026-09-29T15:02:36Z,unverified,,9ca942a568882bbd6b774a0d5553b585fd3c21e22108b84064e56abca54efbeb,blank_null_includes_undecided
2026-2-52bf92c69d,2026,2,,AtlasIntel,,2026-09-11,2026-09-16,,5018,,Lula vs Romeu Zema,Romeu Zema,43.7,total,10.1,,,https://pt.wikipedia.org/w/index.php?title=Pesquisas_de_opini%C3%A3o_para_a_elei%C3%A7%C3%A3o_presidencial_no_Brasil_em_2026&oldid=73082572,wikipedia_revision,73082572,2026-09-29T15:02:36Z,unverified,,9ca942a568882bbd6b774a0d5553b585fd3c21e22108b84064e56abca54efbeb,blank_null_includes_undecided
2026-2-a20d5de718,2026,2,,Datafolha,,2026-09-15,2026-09-16,,2002,,Flávio Bolsonaro vs Lula,Lula,46.0,total,9.0,,,https://pt.wikipedia.org/w/index.php?title=Pesquisas_de_opini%C3%A3o_para_a_elei%C3%A7%C3%A3o_presidencial_no_Brasil_em_2026&oldid=73082572,wikipedia_revision,73082572,2026-09-29T15:02:36Z,unverified,,9ca942a568882bbd6b774a0d5553b585fd3c21e22108b84064e56abca54efbeb,blank_null_includes_undecided
2026-2-a20d5de718,2026,2,,Datafolha,,2026-09-15,2026-09-16,,2002,,Flávio Bolsonaro vs Lula,Flávio Bolsonaro,44.0,total,9.0,,,https://pt.wikipedia.org/w/index.php?title=Pesquisas_de_opini%C3%A3o_para_a_elei%C3%A7%C3%A3o_presidencial_no_Brasil_em_2026&oldid=73082572,wikipedia_revision,73082572,2026-09-29T15:02:36Z,unverified,,9ca942a568882bbd6b774a0d5553b585fd3c21e22108b84064e56abca54efbeb,blank_null_includes_undecided
2026-2-a20d5de718,2026,2,,Datafolha,,2026-09-15,2026-09-16,,2002,,Augusto Cury vs Lula,Lula,44.0,total,11.0,,,https://pt.wikipedia.org/w/index.php?title=Pesquisas_de_opini%C3%A3o_para_a_elei%C3%A7%C3%A3o_presidencial_no_Brasil_em_2026&oldid=73082572,wikipedia_revision,73082572,2026-09-29T15:02:36Z,unverified,,9ca942a568882bbd6b774a0d5553b585fd3c21e22108b84064e56abca54efbeb,blank_null_includes_undecided
2026-2-a20d5de718,2026,2,,Datafolha,,2026-09-15,2026-09-16,,2002,,Augusto Cury vs Lula,Augusto Cury,44.0,total,11.0,,,https://pt.wikipedia.org/w/index.php?title=Pesquisas_de_opini%C3%A3o_para_a_elei%C3%A7%C3%A3o_presidencial_no_Brasil_em_2026&oldid=73082572,wikipedia_revision,73082572,2026-09-29T15:02:36Z,unverified,,9ca942a568882bbd6b774a0d5553b585fd3c21e22108b84064e56abca54efbeb,blank_null_includes_undecided
2026-2-a20d5de718,2026,2,,Datafolha,,2026-09-15,2026-09-16,,2002,,Lula vs Renan Santos,Lula,47.0,total,15.0,,,https://pt.wikipedia.org/w/index.php?title=Pesquisas_de_opini%C3%A3o_para_a_elei%C3%A7%C3%A3o_presidencial_no_Brasil_em_2026&oldid=73082572,wikipedia_revision,73082572,2026-09-29T15:02:36Z,unverified,,9ca942a568882bbd6b774a0d5553b585fd3c21e22108b84064e56abca54efbeb,blank_null_includes_undecided
2026-2-a20d5de718,2026,2,,Datafolha,,2026-09-15,2026-09-16,,2002,,Lula vs Renan Santos,Renan Santos,38.0,total,15.0,,,https://pt.wikipedia.org/w/index.php?title=Pesquisas_de_opini%C3%A3o_para_a_elei%C3%A7%C3%A3o_presidencial_no_Brasil_em_2026&oldid=73082572,wikipedia_revision,73082572,2026-09-29T15:02:36Z,unverified,,9ca942a568882bbd6b774a0d5553b585fd3c21e22108b84064e56abca54efbeb,blank_null_includes_undecided
2026-2-a20d5de718,2026,2,,Datafolha,,2026-09-15,2026-09-16,,2002,,Lula vs Ronaldo Caiado,Lula,46.0,total,12.0,,,https://pt.wikipedia.org/w/index.php?title=Pesquisas_de_opini%C3%A3o_para_a_elei%C3%A7%C3%A3o_presidencial_no_Brasil_em_2026&oldid=73082572,wikipedia_revision,73082572,2026-09-29T15:02:36Z,unverified,,9ca942a568882bbd6b774a0d5553b585fd3c21e22108b84064e56abca54efbeb,blank_null_includes_undecided
2026-2-a20d5de718,2026,2,,Datafolha,,2026-09-15,2026-09-16,,2002,,Lula vs Ronaldo Caiado,Ronaldo Caiado,42.0,total,12.0,,,https://pt.wikipedia.org/w/index.php?title=Pesquisas_de_opini%C3%A3o_para_a_elei%C3%A7%C3%A3o_presidencial_no_Brasil_em_2026&oldid=73082572,wikipedia_revision,73082572,2026-09-29T15:02:36Z,unverified,,9ca942a568882bbd6b774a0d5553b585fd3c21e22108b84064e56abca54efbeb,blank_null_includes_undecided
2026-2-a20d5de718,2026,2,,Datafolha,,2026-09-15,2026-09-16,,2002,,Lula vs Romeu Zema,Lula,49.0,total,13.0,,,https://pt.wikipedia.org/w/index.php?title=Pesquisas_de_opini%C3%A3o_para_a_elei%C3%A7%C3%A3o_presidencial_no_Brasil_em_2026&oldid=73082572,wikipedia_revision,73082572,2026-09-29T15:02:36Z,unverified,,9ca942a568882bbd6b774a0d5553b585fd3c21e22108b84064e56abca54efbeb,blank_null_includes_undecided
2026-2-a20d5de718,2026,2,,Datafolha,,2026-09-15,2026-09-16,,2002,,Lula vs Romeu Zema,Romeu Zema,39.0,total,13.0,,,https://pt.wikipedia.org/w/index.php?title=Pesquisas_de_opini%C3%A3o_para_a_elei%C3%A7%C3%A3o_presidencial_no_Brasil_em_2026&oldid=73082572,wikipedia_revision,73082572,2026-09-29T15:02:36Z,unverified,,9ca942a568882bbd6b774a0d5553b585fd3c21e22108b84064e56abca54efbeb,blank_null_includes_undecided
2026-2-76ece5592b,2026,2,,Gerp,,2026-09-14,2026-09-16,,2400,,Flávio Bolsonaro vs Lula,Lula,43.0,total,7.0,,,https://pt.wikipedia.org/w/index.php?title=Pesquisas_de_opini%C3%A3o_para_a_elei%C3%A7%C3%A3o_presidencial_no_Brasil_em_2026&oldid=73082572,wikipedia_revision,73082572,2026-09-29T15:02:36Z,unverified,,9ca942a568882bbd6b774a0d5553b585fd3c21e22108b84064e56abca54efbeb,blank_null_includes_undecided
2026-2-76ece5592b,2026,2,,Gerp,,2026-09-14,2026-09-16,,2400,,Flávio Bolsonaro vs Lula,Flávio Bolsonaro,50.0,total,7.0,,,https://pt.wikipedia.org/w/index.php?title=Pesquisas_de_opini%C3%A3o_para_a_elei%C3%A7%C3%A3o_presidencial_no_Brasil_em_2026&oldid=73082572,wikipedia_revision,73082572,2026-09-29T15:02:36Z,unverified,,9ca942a568882bbd6b774a0d5553b585fd3c21e22108b84064e56abca54efbeb,blank_null_includes_undecided
2026-2-dab68bd42c,2026,2,,PoderData,Aya,2026-09-13,2026-09-16,,3000,,Flávio Bolsonaro vs Lula,Lula,44.0,total,10.0,,,https://pt.wikipedia.org/w/index.php?title=Pesquisas_de_opini%C3%A3o_para_a_elei%C3%A7%C3%A3o_presidencial_no_Brasil_em_2026&oldid=73082572,wikipedia_revision,73082572,2026-09-29T15:02:36Z,unverified,,9ca942a568882bbd6b774a0d5553b585fd3c21e22108b84064e56abca54efbeb,blank_null_includes_undecided
2026-2-dab68bd42c,2026,2,,PoderData,Aya,2026-09-13,2026-09-16,,3000,,Flávio Bolsonaro vs Lula,Flávio Bolsonaro,46.0,total,10.0,,,https://pt.wikipedia.org/w/index.php?title=Pesquisas_de_opini%C3%A3o_para_a_elei%C3%A7%C3%A3o_presidencial_no_Brasil_em_2026&oldid=73082572,wikipedia_revision,73082572,2026-09-29T15:02:36Z,unverified,,9ca942a568882bbd6b774a0d5553b585fd3c21e22108b84064e56abca54efbeb,blank_null_includes_undecided
2026-2-dab68bd42c,2026,2,,PoderData,Aya,2026-09-13,2026-09-16,,3000,,Augusto Cury vs Lula,Lula,42.0,total,13.0,,,https://pt.wikipedia.org/w/index.php?title=Pesquisas_de_opini%C3%A3o_para_a_elei%C3%A7%C3%A3o_presidencial_no_Brasil_em_2026&oldid=73082572,wikipedia_revision,73082572,2026-09-29T15:02:36Z,unverified,,9ca942a568882bbd6b774a0d5553b585fd3c21e22108b84064e56abca54efbeb,blank_null_includes_undecided
2026-2-dab68bd42c,2026,2,,PoderData,Aya,2026-09-13,2026-09-16,,3000,,Augusto Cury vs Lula,Augusto Cury,45.0,total,13.0,,,https://pt.wikipedia.org/w/index.php?title=Pesquisas_de_opini%C3%A3o_para_a_elei%C3%A7%C3%A3o_presidencial_no_Brasil_em_2026&oldid=73082572,wikipedia_revision,73082572,2026-09-29T15:02:36Z,unverified,,9ca942a568882bbd6b774a0d5553b585fd3c21e22108b84064e56abca54efbeb,blank_null_includes_undecided
2026-2-d945667a56,2026,2,,Futura,Apex,2026-09-11,2026-09-15,,2000,,Flávio Bolsonaro vs Lula,Lula,43.7,total,8.2,,,https://pt.wikipedia.org/w/index.php?title=Pesquisas_de_opini%C3%A3o_para_a_elei%C3%A7%C3%A3o_presidencial_no_Brasil_em_2026&oldid=73082572,wikipedia_revision,73082572,2026-09-29T15:02:36Z,unverified,,9ca942a568882bbd6b774a0d5553b585fd3c21e22108b84064e56abca54efbeb,blank_null_includes_undecided
2026-2-d945667a56,2026,2,,Futura,Apex,2026-09-11,2026-09-15,,2000,,Flávio Bolsonaro vs Lula,Flávio Bolsonaro,48.1,total,8.2,,,https://pt.wikipedia.org/w/index.php?title=Pesquisas_de_opini%C3%A3o_para_a_elei%C3%A7%C3%A3o_presidencial_no_Brasil_em_2026&oldid=73082572,wikipedia_revision,73082572,2026-09-29T15:02:36Z,unverified,,9ca942a568882bbd6b774a0d5553b585fd3c21e22108b84064e56abca54efbeb,blank_null_includes_undecided
2026-2-d945667a56,2026,2,,Futura,Apex,2026-09-11,2026-09-15,,2000,,Augusto Cury vs Lula,Lula,41.5,total,13.8,,,https://pt.wikipedia.org/w/index.php?title=Pesquisas_de_opini%C3%A3o_para_a_elei%C3%A7%C3%A3o_presidencial_no_Brasil_em_2026&oldid=73082572,wikipedia_revision,73082572,2026-09-29T15:02:36Z,unverified,,9ca942a568882bbd6b774a0d5553b585fd3c21e22108b84064e56abca54efbeb,blank_null_includes_undecided
2026-2-d945667a56,2026,2,,Futura,Apex,2026-09-11,2026-09-15,,2000,,Augusto Cury vs Lula,Augusto Cury,44.8,total,13.8,,,https://pt.wikipedia.org/w/index.php?title=Pesquisas_de_opini%C3%A3o_para_a_elei%C3%A7%C3%A3o_presidencial_no_Brasil_em_2026&oldid=73082572,wikipedia_revision,73082572,2026-09-29T15:02:36Z,unverified,,9ca942a568882bbd6b774a0d5553b585fd3c21e22108b84064e56abca54efbeb,blank_null_includes_undecided
2026-2-d945667a56,2026,2,,Futura,Apex,2026-09-11,2026-09-15,,2000,,Lula vs Renan Santos,Lula,44.5,total,16.2,,,https://pt.wikipedia.org/w/index.php?title=Pesquisas_de_opini%C3%A3o_para_a_elei%C3%A7%C3%A3o_presidencial_no_Brasil_em_2026&oldid=73082572,wikipedia_revision,73082572,2026-09-29T15:02:36Z,unverified,,9ca942a568882bbd6b774a0d5553b585fd3c21e22108b84064e56abca54efbeb,blank_null_includes_undecided
2026-2-d945667a56,2026,2,,Futura,Apex,2026-09-11,2026-09-15,,2000,,Lula vs Renan Santos,Renan Santos,39.3,total,16.2,,,https://pt.wikipedia.org/w/index.php?title=Pesquisas_de_opini%C3%A3o_para_a_elei%C3%A7%C3%A3o_presidencial_no_Brasil_em_2026&oldid=73082572,wikipedia_revision,73082572,2026-09-29T15:02:36Z,unverified,,9ca942a568882bbd6b774a0d5553b585fd3c21e22108b84064e56abca54efbeb,blank_null_includes_undecided
2026-2-d945667a56,2026,2,,Futura,Apex,2026-09-11,2026-09-15,,2000,,Lula vs Ronaldo Caiado,Lula,41.9,total,13.0,,,https://pt.wikipedia.org/w/index.php?title=Pesquisas_de_opini%C3%A3o_para_a_elei%C3%A7%C3%A3o_presidencial_no_Brasil_em_2026&oldid=73082572,wikipedia_revision,73082572,2026-09-29T15:02:36Z,unverified,,9ca942a568882bbd6b774a0d5553b585fd3c21e22108b84064e56abca54efbeb,blank_null_includes_undecided
2026-2-d945667a56,2026,2,,Futura,Apex,2026-09-11,2026-09-15,,2000,,Lula vs Ronaldo Caiado,Ronaldo Caiado,45.1,total,13.0,,,https://pt.wikipedia.org/w/index.php?title=Pesquisas_de_opini%C3%A3o_para_a_elei%C3%A7%C3%A3o_presidencial_no_Brasil_em_2026&oldid=73082572,wikipedia_revision,73082572,2026-09-29T15:02:36Z,unverified,,9ca942a568882bbd6b774a0d5553b585fd3c21e22108b84064e56abca54efbeb,blank_null_includes_undecided
2026-2-d945667a56,2026,2,,Futura,Apex,2026-09-11,2026-09-15,,2000,,Lula vs Romeu Zema,Lula,44.7,total,14.7,,,https://pt.wikipedia.org/w/index.php?title=Pesquisas_de_opini%C3%A3o_para_a_elei%C3%A7%C3%A3o_presidencial_no_Brasil_em_2026&oldid=73082572,wikipedia_revision,73082572,2026-09-29T15:02:36Z,unverified,,9ca942a568882bbd6b774a0d5553b585fd3c21e22108b84064e56abca54efbeb,blank_null_includes_undecided
2026-2-d945667a56,2026,2,,Futura,Apex,2026-09-11,2026-09-15,,2000,,Lula vs Romeu Zema,Romeu Zema,40.6,total,14.7,,,https://pt.wikipedia.org/w/index.php?title=Pesquisas_de_opini%C3%A3o_para_a_elei%C3%A7%C3%A3o_presidencial_no_Brasil_em_2026&oldid=73082572,wikipedia_revision,73082572,2026-09-29T15:02:36Z,unverified,,9ca942a568882bbd6b774a0d5553b585fd3c21e22108b84064e56abca54efbeb,blank_null_includes_undecided
2026-2-9aa4052e77,2026,2,,DataTrends,,2026-09-12,2026-09-14,,2000,,Flávio Bolsonaro vs Lula,Lula,44.0,total,11.0,,,https://pt.wikipedia.org/w/index.php?title=Pesquisas_de_opini%C3%A3o_para_a_elei%C3%A7%C3%A3o_presidencial_no_Brasil_em_2026&oldid=73082572,wikipedia_revision,73082572,2026-09-29T15:02:36Z,unverified,,9ca942a568882bbd6b774a0d5553b585fd3c21e22108b84064e56abca54efbeb,blank_null_includes_undecided
2026-2-9aa4052e77,2026,2,,DataTrends,,2026-09-12,2026-09-14,,2000,,Flávio Bolsonaro vs Lula,Flávio Bolsonaro,45.0,total,11.0,,,https://pt.wikipedia.org/w/index.php?title=Pesquisas_de_opini%C3%A3o_para_a_elei%C3%A7%C3%A3o_presidencial_no_Brasil_em_2026&oldid=73082572,wikipedia_revision,73082572,2026-09-29T15:02:36Z,unverified,,9ca942a568882bbd6b774a0d5553b585fd3c21e22108b84064e56abca54efbeb,blank_null_includes_undecided
2026-2-9aa4052e77,2026,2,,DataTrends,,2026-09-12,2026-09-14,,2000,,Augusto Cury vs Lula,Lula,42.0,total,21.0,,,https://pt.wikipedia.org/w/index.php?title=Pesquisas_de_opini%C3%A3o_para_a_elei%C3%A7%C3%A3o_presidencial_no_Brasil_em_2026&oldid=73082572,wikipedia_revision,73082572,2026-09-29T15:02:36Z,unverified,,9ca942a568882bbd6b774a0d5553b585fd3c21e22108b84064e56abca54efbeb,blank_null_includes_undecided
2026-2-9aa4052e77,2026,2,,DataTrends,,2026-09-12,2026-09-14,,2000,,Augusto Cury vs Lula,Augusto Cury,37.0,total,21.0,,,https://pt.wikipedia.org/w/index.php?title=Pesquisas_de_opini%C3%A3o_para_a_elei%C3%A7%C3%A3o_presidencial_no_Brasil_em_2026&oldid=73082572,wikipedia_revision,73082572,2026-09-29T15:02:36Z,unverified,,9ca942a568882bbd6b774a0d5553b585fd3c21e22108b84064e56abca54efbeb,blank_null_includes_undecided
2026-2-9aa4052e77,2026,2,,DataTrends,,2026-09-12,2026-09-14,,2000,,Lula vs Renan Santos,Lula,45.0,total,18.0,,,https://pt.wikipedia.org/w/index.php?title=Pesquisas_de_opini%C3%A3o_para_a_elei%C3%A7%C3%A3o_presidencial_no_Brasil_em_2026&oldid=73082572,wikipedia_revision,73082572,2026-09-29T15:02:36Z,unverified,,9ca942a568882bbd6b774a0d5553b585fd3c21e22108b84064e56abca54efbeb,blank_null_includes_undecided
2026-2-9aa4052e77,2026,2,,DataTrends,,2026-09-12,2026-09-14,,2000,,Lula vs Renan Santos,Renan Santos,37.0,total,18.0,,,https://pt.wikipedia.org/w/index.php?title=Pesquisas_de_opini%C3%A3o_para_a_elei%C3%A7%C3%A3o_presidencial_no_Brasil_em_2026&oldid=73082572,wikipedia_revision,73082572,2026-09-29T15:02:36Z,unverified,,9ca942a568882bbd6b774a0d5553b585fd3c21e22108b84064e56abca54efbeb,blank_null_includes_undecided
2026-2-9aa4052e77,2026,2,,DataTrends,,2026-09-12,2026-09-14,,2000,,Lula vs Ronaldo Caiado,Lula,44.0,total,15.0,,,https://pt.wikipedia.org/w/index.php?title=Pesquisas_de_opini%C3%A3o_para_a_elei%C3%A7%C3%A3o_presidencial_no_Brasil_em_2026&oldid=73082572,wikipedia_revision,73082572,2026-09-29T15:02:36Z,unverified,,9ca942a568882bbd6b774a0d5553b585fd3c21e22108b84064e56abca54efbeb,blank_null_includes_undecided
2026-2-9aa4052e77,2026,2,,DataTrends,,2026-09-12,2026-09-14,,2000,,Lula vs Ronaldo Caiado,Ronaldo Caiado,41.0,total,15.0,,,https://pt.wikipedia.org/w/index.php?title=Pesquisas_de_opini%C3%A3o_para_a_elei%C3%A7%C3%A3o_presidencial_no_Brasil_em_2026&oldid=73082572,wikipedia_revision,73082572,2026-09-29T15:02:36Z,unverified,,9ca942a568882bbd6b774a0d5553b585fd3c21e22108b84064e56abca54efbeb,blank_null_includes_undecided
2026-2-9aa4052e77,2026,2,,DataTrends,,2026-09-12,2026-09-14,,2000,,Lula vs Romeu Zema,Lula,46.0,total,15.0,,,https://pt.wikipedia.org/w/index.php?title=Pesquisas_de_opini%C3%A3o_para_a_elei%C3%A7%C3%A3o_presidencial_no_Brasil_em_2026&oldid=73082572,wikipedia_revision,73082572,2026-09-29T15:02:36Z,unverified,,9ca942a568882bbd6b774a0d5553b585fd3c21e22108b84064e56abca54efbeb,blank_null_includes_undecided
2026-2-9aa4052e77,2026,2,,DataTrends,,2026-09-12,2026-09-14,,2000,,Lula vs Romeu Zema,Romeu Zema,39.0,total,15.0,,,https://pt.wikipedia.org/w/index.php?title=Pesquisas_de_opini%C3%A3o_para_a_elei%C3%A7%C3%A3o_presidencial_no_Brasil_em_2026&oldid=73082572,wikipedia_revision,73082572,2026-09-29T15:02:36Z,unverified,,9ca942a568882bbd6b774a0d5553b585fd3c21e22108b84064e56abca54efbeb,blank_null_includes_undecided
2026-2-dfddcde9a8,2026,2,,Indexa,,2026-09-10,2026-09-13,,2000,,Flávio Bolsonaro vs Lula,Lula,43.0,total,15.0,,,https://pt.wikipedia.org/w/index.php?title=Pesquisas_de_opini%C3%A3o_para_a_elei%C3%A7%C3%A3o_presidencial_no_Brasil_em_2026&oldid=73082572,wikipedia_revision,73082572,2026-09-29T15:02:36Z,unverified,,9ca942a568882bbd6b774a0d5553b585fd3c21e22108b84064e56abca54efbeb,blank_null_includes_undecided
2026-2-dfddcde9a8,2026,2,,Indexa,,2026-09-10,2026-09-13,,2000,,Flávio Bolsonaro vs Lula,Flávio Bolsonaro,42.0,total,15.0,,,https://pt.wikipedia.org/w/index.php?title=Pesquisas_de_opini%C3%A3o_para_a_elei%C3%A7%C3%A3o_presidencial_no_Brasil_em_2026&oldid=73082572,wikipedia_revision,73082572,2026-09-29T15:02:36Z,unverified,,9ca942a568882bbd6b774a0d5553b585fd3c21e22108b84064e56abca54efbeb,blank_null_includes_undecided
2026-2-dfddcde9a8,2026,2,,Indexa,,2026-09-10,2026-09-13,,2000,,Augusto Cury vs Lula,Lula,41.0,total,20.0,,,https://pt.wikipedia.org/w/index.php?title=Pesquisas_de_opini%C3%A3o_para_a_elei%C3%A7%C3%A3o_presidencial_no_Brasil_em_2026&oldid=73082572,wikipedia_revision,73082572,2026-09-29T15:02:36Z,unverified,,9ca942a568882bbd6b774a0d5553b585fd3c21e22108b84064e56abca54efbeb,blank_null_includes_undecided
2026-2-dfddcde9a8,2026,2,,Indexa,,2026-09-10,2026-09-13,,2000,,Augusto Cury vs Lula,Augusto Cury,39.0,total,20.0,,,https://pt.wikipedia.org/w/index.php?title=Pesquisas_de_opini%C3%A3o_para_a_elei%C3%A7%C3%A3o_presidencial_no_Brasil_em_2026&oldid=73082572,wikipedia_revision,73082572,2026-09-29T15:02:36Z,unverified,,9ca942a568882bbd6b774a0d5553b585fd3c21e22108b84064e56abca54efbeb,blank_null_includes_undecided
2026-2-dfddcde9a8,2026,2,,Indexa,,2026-09-10,2026-09-13,,2000,,Lula vs Renan Santos,Lula,45.0,total,20.0,,,https://pt.wikipedia.org/w/index.php?title=Pesquisas_de_opini%C3%A3o_para_a_elei%C3%A7%C3%A3o_presidencial_no_Brasil_em_2026&oldid=73082572,wikipedia_revision,73082572,2026-09-29T15:02:36Z,unverified,,9ca942a568882bbd6b774a0d5553b585fd3c21e22108b84064e56abca54efbeb,blank_null_includes_undecided
2026-2-dfddcde9a8,2026,2,,Indexa,,2026-09-10,2026-09-13,,2000,,Lula vs Renan Santos,Renan Santos,35.0,total,20.0,,,https://pt.wikipedia.org/w/index.php?title=Pesquisas_de_opini%C3%A3o_para_a_elei%C3%A7%C3%A3o_presidencial_no_Brasil_em_2026&oldid=73082572,wikipedia_revision,73082572,2026-09-29T15:02:36Z,unverified,,9ca942a568882bbd6b774a0d5553b585fd3c21e22108b84064e56abca54efbeb,blank_null_includes_undecided
2026-2-dfddcde9a8,2026,2,,Indexa,,2026-09-10,2026-09-13,,2000,,Lula vs Ronaldo Caiado,Lula,43.0,total,18.0,,,https://pt.wikipedia.org/w/index.php?title=Pesquisas_de_opini%C3%A3o_para_a_elei%C3%A7%C3%A3o_presidencial_no_Brasil_em_2026&oldid=73082572,wikipedia_revision,73082572,2026-09-29T15:02:36Z,unverified,,9ca942a568882bbd6b774a0d5553b585fd3c21e22108b84064e56abca54efbeb,blank_null_includes_undecided
2026-2-dfddcde9a8,2026,2,,Indexa,,2026-09-10,2026-09-13,,2000,,Lula vs Ronaldo Caiado,Ronaldo Caiado,39.0,total,18.0,,,https://pt.wikipedia.org/w/index.php?title=Pesquisas_de_opini%C3%A3o_para_a_elei%C3%A7%C3%A3o_presidencial_no_Brasil_em_2026&oldid=73082572,wikipedia_revision,73082572,2026-09-29T15:02:36Z,unverified,,9ca942a568882bbd6b774a0d5553b585fd3c21e22108b84064e56abca54efbeb,blank_null_includes_undecided
2026-2-dfddcde9a8,2026,2,,Indexa,,2026-09-10,2026-09-13,,2000,,Lula vs Romeu Zema,Lula,45.0,total,21.0,,,https://pt.wikipedia.org/w/index.php?title=Pesquisas_de_opini%C3%A3o_para_a_elei%C3%A7%C3%A3o_presidencial_no_Brasil_em_2026&oldid=73082572,wikipedia_revision,73082572,2026-09-29T15:02:36Z,unverified,,9ca942a568882bbd6b774a0d5553b585fd3c21e22108b84064e56abca54efbeb,blank_null_includes_undecided
2026-2-dfddcde9a8,2026,2,,Indexa,,2026-09-10,2026-09-13,,2000,,Lula vs Romeu Zema,Romeu Zema,34.0,total,21.0,,,https://pt.wikipedia.org/w/index.php?title=Pesquisas_de_opini%C3%A3o_para_a_elei%C3%A7%C3%A3o_presidencial_no_Brasil_em_2026&oldid=73082572,wikipedia_revision,73082572,2026-09-29T15:02:36Z,unverified,,9ca942a568882bbd6b774a0d5553b585fd3c21e22108b84064e56abca54efbeb,blank_null_includes_undecided
2026-2-a69a904f08,2026,2,,MDA,CNT,2026-09-09,2026-09-13,,2002,,Flávio Bolsonaro vs Lula,Lula,47.3,total,12.7,,,https://pt.wikipedia.org/w/index.php?title=Pesquisas_de_opini%C3%A3o_para_a_elei%C3%A7%C3%A3o_presidencial_no_Brasil_em_2026&oldid=73082572,wikipedia_revision,73082572,2026-09-29T15:02:36Z,unverified,,9ca942a568882bbd6b774a0d5553b585fd3c21e22108b84064e56abca54efbeb,blank_null_includes_undecided
2026-2-a69a904f08,2026,2,,MDA,CNT,2026-09-09,2026-09-13,,2002,,Flávio Bolsonaro vs Lula,Flávio Bolsonaro,40.0,total,12.7,,,https://pt.wikipedia.org/w/index.php?title=Pesquisas_de_opini%C3%A3o_para_a_elei%C3%A7%C3%A3o_presidencial_no_Brasil_em_2026&oldid=73082572,wikipedia_revision,73082572,2026-09-29T15:02:36Z,unverified,,9ca942a568882bbd6b774a0d5553b585fd3c21e22108b84064e56abca54efbeb,blank_null_includes_undecided
2026-2-a69a904f08,2026,2,,MDA,CNT,2026-09-09,2026-09-13,,2002,,Augusto Cury vs Lula,Lula,45.3,total,16.3,,,https://pt.wikipedia.org/w/index.php?title=Pesquisas_de_opini%C3%A3o_para_a_elei%C3%A7%C3%A3o_presidencial_no_Brasil_em_2026&oldid=73082572,wikipedia_revision,73082572,2026-09-29T15:02:36Z,unverified,,9ca942a568882bbd6b774a0d5553b585fd3c21e22108b84064e56abca54efbeb,blank_null_includes_undecided
2026-2-a69a904f08,2026,2,,MDA,CNT,2026-09-09,2026-09-13,,2002,,Augusto Cury vs Lula,Augusto Cury,38.4,total,16.3,,,https://pt.wikipedia.org/w/index.php?title=Pesquisas_de_opini%C3%A3o_para_a_elei%C3%A7%C3%A3o_presidencial_no_Brasil_em_2026&oldid=73082572,wikipedia_revision,73082572,2026-09-29T15:02:36Z,unverified,,9ca942a568882bbd6b774a0d5553b585fd3c21e22108b84064e56abca54efbeb,blank_null_includes_undecided
2026-2-a69a904f08,2026,2,,MDA,CNT,2026-09-09,2026-09-13,,2002,,Lula vs Renan Santos,Lula,47.3,total,18.8,,,https://pt.wikipedia.org/w/index.php?title=Pesquisas_de_opini%C3%A3o_para_a_elei%C3%A7%C3%A3o_presidencial_no_Brasil_em_2026&oldid=73082572,wikipedia_revision,73082572,2026-09-29T15:02:36Z,unverified,,9ca942a568882bbd6b774a0d5553b585fd3c21e22108b84064e56abca54efbeb,blank_null_includes_undecided
2026-2-a69a904f08,2026,2,,MDA,CNT,2026-09-09,2026-09-13,,2002,,Lula vs Renan Santos,Renan Santos,33.9,total,18.8,,,https://pt.wikipedia.org/w/index.php?title=Pesquisas_de_opini%C3%A3o_para_a_elei%C3%A7%C3%A3o_presidencial_no_Brasil_em_2026&oldid=73082572,wikipedia_revision,73082572,2026-09-29T15:02:36Z,unverified,,9ca942a568882bbd6b774a0d5553b585fd3c21e22108b84064e56abca54efbeb,blank_null_includes_undecided
2026-2-a69a904f08,2026,2,,MDA,CNT,2026-09-09,2026-09-13,,2002,,Lula vs Ronaldo Caiado,Lula,46.4,total,16.3,,,https://pt.wikipedia.org/w/index.php?title=Pesquisas_de_opini%C3%A3o_para_a_elei%C3%A7%C3%A3o_presidencial_no_Brasil_em_2026&oldid=73082572,wikipedia_revision,73082572,2026-09-29T15:02:36Z,unverified,,9ca942a568882bbd6b774a0d5553b585fd3c21e22108b84064e56abca54efbeb,blank_null_includes_undecided
2026-2-a69a904f08,2026,2,,MDA,CNT,2026-09-09,2026-09-13,,2002,,Lula vs Ronaldo Caiado,Ronaldo Caiado,37.3,total,16.3,,,https://pt.wikipedia.org/w/index.php?title=Pesquisas_de_opini%C3%A3o_para_a_elei%C3%A7%C3%A3o_presidencial_no_Brasil_em_2026&oldid=73082572,wikipedia_revision,73082572,2026-09-29T15:02:36Z,unverified,,9ca942a568882bbd6b774a0d5553b585fd3c21e22108b84064e56abca54efbeb,blank_null_includes_undecided
2026-2-a69a904f08,2026,2,,MDA,CNT,2026-09-09,2026-09-13,,2002,,Lula vs Romeu Zema,Lula,47.7,total,17.8,,,https://pt.wikipedia.org/w/index.php?title=Pesquisas_de_opini%C3%A3o_para_a_elei%C3%A7%C3%A3o_presidencial_no_Brasil_em_2026&oldid=73082572,wikipedia_revision,73082572,2026-09-29T15:02:36Z,unverified,,9ca942a568882bbd6b774a0d5553b585fd3c21e22108b84064e56abca54efbeb,blank_null_includes_undecided
2026-2-a69a904f08,2026,2,,MDA,CNT,2026-09-09,2026-09-13,,2002,,Lula vs Romeu Zema,Romeu Zema,34.5,total,17.8,,,https://pt.wikipedia.org/w/index.php?title=Pesquisas_de_opini%C3%A3o_para_a_elei%C3%A7%C3%A3o_presidencial_no_Brasil_em_2026&oldid=73082572,wikipedia_revision,73082572,2026-09-29T15:02:36Z,unverified,,9ca942a568882bbd6b774a0d5553b585fd3c21e22108b84064e56abca54efbeb,blank_null_includes_undecided
2026-2-19709c68e1,2026,2,,Nexus,BTG,2026-09-11,2026-09-13,,2003,,Flávio Bolsonaro vs Lula,Lula,47.0,total,7.0,,,https://pt.wikipedia.org/w/index.php?title=Pesquisas_de_opini%C3%A3o_para_a_elei%C3%A7%C3%A3o_presidencial_no_Brasil_em_2026&oldid=73082572,wikipedia_revision,73082572,2026-09-29T15:02:36Z,unverified,,9ca942a568882bbd6b774a0d5553b585fd3c21e22108b84064e56abca54efbeb,blank_null_includes_undecided
2026-2-19709c68e1,2026,2,,Nexus,BTG,2026-09-11,2026-09-13,,2003,,Flávio Bolsonaro vs Lula,Flávio Bolsonaro,46.0,total,7.0,,,https://pt.wikipedia.org/w/index.php?title=Pesquisas_de_opini%C3%A3o_para_a_elei%C3%A7%C3%A3o_presidencial_no_Brasil_em_2026&oldid=73082572,wikipedia_revision,73082572,2026-09-29T15:02:36Z,unverified,,9ca942a568882bbd6b774a0d5553b585fd3c21e22108b84064e56abca54efbeb,blank_null_includes_undecided
2026-2-19709c68e1,2026,2,,Nexus,BTG,2026-09-11,2026-09-13,,2003,,Augusto Cury vs Lula,Lula,45.0,total,13.0,,,https://pt.wikipedia.org/w/index.php?title=Pesquisas_de_opini%C3%A3o_para_a_elei%C3%A7%C3%A3o_presidencial_no_Brasil_em_2026&oldid=73082572,wikipedia_revision,73082572,2026-09-29T15:02:36Z,unverified,,9ca942a568882bbd6b774a0d5553b585fd3c21e22108b84064e56abca54efbeb,blank_null_includes_undecided
2026-2-19709c68e1,2026,2,,Nexus,BTG,2026-09-11,2026-09-13,,2003,,Augusto Cury vs Lula,Augusto Cury,42.0,total,13.0,,,https://pt.wikipedia.org/w/index.php?title=Pesquisas_de_opini%C3%A3o_para_a_elei%C3%A7%C3%A3o_presidencial_no_Brasil_em_2026&oldid=73082572,wikipedia_revision,73082572,2026-09-29T15:02:36Z,unverified,,9ca942a568882bbd6b774a0d5553b585fd3c21e22108b84064e56abca54efbeb,blank_null_includes_undecided
2026-2-19709c68e1,2026,2,,Nexus,BTG,2026-09-11,2026-09-13,,2003,,Lula vs Renan Santos,Lula,48.0,total,15.0,,,https://pt.wikipedia.org/w/index.php?title=Pesquisas_de_opini%C3%A3o_para_a_elei%C3%A7%C3%A3o_presidencial_no_Brasil_em_2026&oldid=73082572,wikipedia_revision,73082572,2026-09-29T15:02:36Z,unverified,,9ca942a568882bbd6b774a0d5553b585fd3c21e22108b84064e56abca54efbeb,blank_null_includes_undecided
2026-2-19709c68e1,2026,2,,Nexus,BTG,2026-09-11,2026-09-13,,2003,,Lula vs Renan Santos,Renan Santos,37.0,total,15.0,,,https://pt.wikipedia.org/w/index.php?title=Pesquisas_de_opini%C3%A3o_para_a_elei%C3%A7%C3%A3o_presidencial_no_Brasil_em_2026&oldid=73082572,wikipedia_revision,73082572,2026-09-29T15:02:36Z,unverified,,9ca942a568882bbd6b774a0d5553b585fd3c21e22108b84064e56abca54efbeb,blank_null_includes_undecided
2026-2-19709c68e1,2026,2,,Nexus,BTG,2026-09-11,2026-09-13,,2003,,Lula vs Ronaldo Caiado,Lula,47.0,total,12.0,,,https://pt.wikipedia.org/w/index.php?title=Pesquisas_de_opini%C3%A3o_para_a_elei%C3%A7%C3%A3o_presidencial_no_Brasil_em_2026&oldid=73082572,wikipedia_revision,73082572,2026-09-29T15:02:36Z,unverified,,9ca942a568882bbd6b774a0d5553b585fd3c21e22108b84064e56abca54efbeb,blank_null_includes_undecided
2026-2-19709c68e1,2026,2,,Nexus,BTG,2026-09-11,2026-09-13,,2003,,Lula vs Ronaldo Caiado,Ronaldo Caiado,41.0,total,12.0,,,https://pt.wikipedia.org/w/index.php?title=Pesquisas_de_opini%C3%A3o_para_a_elei%C3%A7%C3%A3o_presidencial_no_Brasil_em_2026&oldid=73082572,wikipedia_revision,73082572,2026-09-29T15:02:36Z,unverified,,9ca942a568882bbd6b774a0d5553b585fd3c21e22108b84064e56abca54efbeb,blank_null_includes_undecided
2026-2-19709c68e1,2026,2,,Nexus,BTG,2026-09-11,2026-09-13,,2003,,Lula vs Romeu Zema,Lula,49.0,total,12.0,,,https://pt.wikipedia.org/w/index.php?title=Pesquisas_de_opini%C3%A3o_para_a_elei%C3%A7%C3%A3o_presidencial_no_Brasil_em_2026&oldid=73082572,wikipedia_revision,73082572,2026-09-29T15:02:36Z,unverified,,9ca942a568882bbd6b774a0d5553b585fd3c21e22108b84064e56abca54efbeb,blank_null_includes_undecided
2026-2-19709c68e1,2026,2,,Nexus,BTG,2026-09-11,2026-09-13,,2003,,Lula vs Romeu Zema,Romeu Zema,38.0,total,12.0,,,https://pt.wikipedia.org/w/index.php?title=Pesquisas_de_opini%C3%A3o_para_a_elei%C3%A7%C3%A3o_presidencial_no_Brasil_em_2026&oldid=73082572,wikipedia_revision,73082572,2026-09-29T15:02:36Z,unverified,,9ca942a568882bbd6b774a0d5553b585fd3c21e22108b84064e56abca54efbeb,blank_null_includes_undecided
2026-2-53561c41e9,2026,2,,Quaest,,2026-09-10,2026-09-13,,2004,,Flávio Bolsonaro vs Lula,Lula,40.0,total,18.0,,,https://pt.wikipedia.org/w/index.php?title=Pesquisas_de_opini%C3%A3o_para_a_elei%C3%A7%C3%A3o_presidencial_no_Brasil_em_2026&oldid=73082572,wikipedia_revision,73082572,2026-09-29T15:02:36Z,unverified,,9ca942a568882bbd6b774a0d5553b585fd3c21e22108b84064e56abca54efbeb,blank_null_includes_undecided
2026-2-53561c41e9,2026,2,,Quaest,,2026-09-10,2026-09-13,,2004,,Flávio Bolsonaro vs Lula,Flávio Bolsonaro,42.0,total,18.0,,,https://pt.wikipedia.org/w/index.php?title=Pesquisas_de_opini%C3%A3o_para_a_elei%C3%A7%C3%A3o_presidencial_no_Brasil_em_2026&oldid=73082572,wikipedia_revision,73082572,2026-09-29T15:02:36Z,unverified,,9ca942a568882bbd6b774a0d5553b585fd3c21e22108b84064e56abca54efbeb,blank_null_includes_undecided
2026-2-53561c41e9,2026,2,,Quaest,,2026-09-10,2026-09-13,,2004,,Augusto Cury vs Lula,Lula,38.0,total,26.0,,,https://pt.wikipedia.org/w/index.php?title=Pesquisas_de_opini%C3%A3o_para_a_elei%C3%A7%C3%A3o_presidencial_no_Brasil_em_2026&oldid=73082572,wikipedia_revision,73082572,2026-09-29T15:02:36Z,unverified,,9ca942a568882bbd6b774a0d5553b585fd3c21e22108b84064e56abca54efbeb,blank_null_includes_undecided
2026-2-53561c41e9,2026,2,,Quaest,,2026-09-10,2026-09-13,,2004,,Augusto Cury vs Lula,Augusto Cury,36.0,total,26.0,,,https://pt.wikipedia.org/w/index.php?title=Pesquisas_de_opini%C3%A3o_para_a_elei%C3%A7%C3%A3o_presidencial_no_Brasil_em_2026&oldid=73082572,wikipedia_revision,73082572,2026-09-29T15:02:36Z,unverified,,9ca942a568882bbd6b774a0d5553b585fd3c21e22108b84064e56abca54efbeb,blank_null_includes_undecided
2026-2-53561c41e9,2026,2,,Quaest,,2026-09-10,2026-09-13,,2004,,Lula vs Renan Santos,Lula,41.0,total,21.0,,,https://pt.wikipedia.org/w/index.php?title=Pesquisas_de_opini%C3%A3o_para_a_elei%C3%A7%C3%A3o_presidencial_no_Brasil_em_2026&oldid=73082572,wikipedia_revision,73082572,2026-09-29T15:02:36Z,unverified,,9ca942a568882bbd6b774a0d5553b585fd3c21e22108b84064e56abca54efbeb,blank_null_includes_undecided
2026-2-53561c41e9,2026,2,,Quaest,,2026-09-10,2026-09-13,,2004,,Lula vs Renan Santos,Renan Santos,38.0,total,21.0,,,https://pt.wikipedia.org/w/index.php?title=Pesquisas_de_opini%C3%A3o_para_a_elei%C3%A7%C3%A3o_presidencial_no_Brasil_em_2026&oldid=73082572,wikipedia_revision,73082572,2026-09-29T15:02:36Z,unverified,,9ca942a568882bbd6b774a0d5553b585fd3c21e22108b84064e56abca54efbeb,blank_null_includes_undecided
2026-2-53561c41e9,2026,2,,Quaest,,2026-09-10,2026-09-13,,2004,,Lula vs Ronaldo Caiado,Lula,41.0,total,20.0,,,https://pt.wikipedia.org/w/index.php?title=Pesquisas_de_opini%C3%A3o_para_a_elei%C3%A7%C3%A3o_presidencial_no_Brasil_em_2026&oldid=73082572,wikipedia_revision,73082572,2026-09-29T15:02:36Z,unverified,,9ca942a568882bbd6b774a0d5553b585fd3c21e22108b84064e56abca54efbeb,blank_null_includes_undecided
2026-2-53561c41e9,2026,2,,Quaest,,2026-09-10,2026-09-13,,2004,,Lula vs Ronaldo Caiado,Ronaldo Caiado,39.0,total,20.0,,,https://pt.wikipedia.org/w/index.php?title=Pesquisas_de_opini%C3%A3o_para_a_elei%C3%A7%C3%A3o_presidencial_no_Brasil_em_2026&oldid=73082572,wikipedia_revision,73082572,2026-09-29T15:02:36Z,unverified,,9ca942a568882bbd6b774a0d5553b585fd3c21e22108b84064e56abca54efbeb,blank_null_includes_undecided
2026-2-53561c41e9,2026,2,,Quaest,,2026-09-10,2026-09-13,,2004,,Lula vs Romeu Zema,Lula,45.0,total,22.0,,,https://pt.wikipedia.org/w/index.php?title=Pesquisas_de_opini%C3%A3o_para_a_elei%C3%A7%C3%A3o_presidencial_no_Brasil_em_2026&oldid=73082572,wikipedia_revision,73082572,2026-09-29T15:02:36Z,unverified,,9ca942a568882bbd6b774a0d5553b585fd3c21e22108b84064e56abca54efbeb,blank_null_includes_undecided
2026-2-53561c41e9,2026,2,,Quaest,,2026-09-10,2026-09-13,,2004,,Lula vs Romeu Zema,Romeu Zema,33.0,total,22.0,,,https://pt.wikipedia.org/w/index.php?title=Pesquisas_de_opini%C3%A3o_para_a_elei%C3%A7%C3%A3o_presidencial_no_Brasil_em_2026&oldid=73082572,wikipedia_revision,73082572,2026-09-29T15:02:36Z,unverified,,9ca942a568882bbd6b774a0d5553b585fd3c21e22108b84064e56abca54efbeb,blank_null_includes_undecided
2026-2-83ace1848e,2026,2,,Datafolha,,2026-09-08,2026-09-11,,2002,,Flávio Bolsonaro vs Lula,Lula,46.0,total,10.0,,,https://pt.wikipedia.org/w/index.php?title=Pesquisas_de_opini%C3%A3o_para_a_elei%C3%A7%C3%A3o_presidencial_no_Brasil_em_2026&oldid=73082572,wikipedia_revision,73082572,2026-09-29T15:02:36Z,unverified,,9ca942a568882bbd6b774a0d5553b585fd3c21e22108b84064e56abca54efbeb,blank_null_includes_undecided
2026-2-83ace1848e,2026,2,,Datafolha,,2026-09-08,2026-09-11,,2002,,Flávio Bolsonaro vs Lula,Flávio Bolsonaro,44.0,total,10.0,,,https://pt.wikipedia.org/w/index.php?title=Pesquisas_de_opini%C3%A3o_para_a_elei%C3%A7%C3%A3o_presidencial_no_Brasil_em_2026&oldid=73082572,wikipedia_revision,73082572,2026-09-29T15:02:36Z,unverified,,9ca942a568882bbd6b774a0d5553b585fd3c21e22108b84064e56abca54efbeb,blank_null_includes_undecided
2026-2-83ace1848e,2026,2,,Datafolha,,2026-09-08,2026-09-11,,2002,,Augusto Cury vs Lula,Lula,45.0,total,12.0,,,https://pt.wikipedia.org/w/index.php?title=Pesquisas_de_opini%C3%A3o_para_a_elei%C3%A7%C3%A3o_presidencial_no_Brasil_em_2026&oldid=73082572,wikipedia_revision,73082572,2026-09-29T15:02:36Z,unverified,,9ca942a568882bbd6b774a0d5553b585fd3c21e22108b84064e56abca54efbeb,blank_null_includes_undecided
2026-2-83ace1848e,2026,2,,Datafolha,,2026-09-08,2026-09-11,,2002,,Augusto Cury vs Lula,Augusto Cury,43.0,total,12.0,,,https://pt.wikipedia.org/w/index.php?title=Pesquisas_de_opini%C3%A3o_para_a_elei%C3%A7%C3%A3o_presidencial_no_Brasil_em_2026&oldid=73082572,wikipedia_revision,73082572,2026-09-29T15:02:36Z,unverified,,9ca942a568882bbd6b774a0d5553b585fd3c21e22108b84064e56abca54efbeb,blank_null_includes_undecided
2026-2-83ace1848e,2026,2,,Datafolha,,2026-09-08,2026-09-11,,2002,,Lula vs Renan Santos,Lula,48.0,total,13.0,,,https://pt.wikipedia.org/w/index.php?title=Pesquisas_de_opini%C3%A3o_para_a_elei%C3%A7%C3%A3o_presidencial_no_Brasil_em_2026&oldid=73082572,wikipedia_revision,73082572,2026-09-29T15:02:36Z,unverified,,9ca942a568882bbd6b774a0d5553b585fd3c21e22108b84064e56abca54efbeb,blank_null_includes_undecided
2026-2-83ace1848e,2026,2,,Datafolha,,2026-09-08,2026-09-11,,2002,,Lula vs Renan Santos,Renan Santos,37.0,total,13.0,,,https://pt.wikipedia.org/w/index.php?title=Pesquisas_de_opini%C3%A3o_para_a_elei%C3%A7%C3%A3o_presidencial_no_Brasil_em_2026&oldid=73082572,wikipedia_revision,73082572,2026-09-29T15:02:36Z,unverified,,9ca942a568882bbd6b774a0d5553b585fd3c21e22108b84064e56abca54efbeb,blank_null_includes_undecided
2026-2-83ace1848e,2026,2,,Datafolha,,2026-09-08,2026-09-11,,2002,,Lula vs Ronaldo Caiado,Lula,46.0,total,12.0,,,https://pt.wikipedia.org/w/index.php?title=Pesquisas_de_opini%C3%A3o_para_a_elei%C3%A7%C3%A3o_presidencial_no_Brasil_em_2026&oldid=73082572,wikipedia_revision,73082572,2026-09-29T15:02:36Z,unverified,,9ca942a568882bbd6b774a0d5553b585fd3c21e22108b84064e56abca54efbeb,blank_null_includes_undecided
2026-2-83ace1848e,2026,2,,Datafolha,,2026-09-08,2026-09-11,,2002,,Lula vs Ronaldo Caiado,Ronaldo Caiado,41.0,total,12.0,,,https://pt.wikipedia.org/w/index.php?title=Pesquisas_de_opini%C3%A3o_para_a_elei%C3%A7%C3%A3o_presidencial_no_Brasil_em_2026&oldid=73082572,wikipedia_revision,73082572,2026-09-29T15:02:36Z,unverified,,9ca942a568882bbd6b774a0d5553b585fd3c21e22108b84064e56abca54efbeb,blank_null_includes_undecided
2026-2-83ace1848e,2026,2,,Datafolha,,2026-09-08,2026-09-11,,2002,,Lula vs Romeu Zema,Lula,48.0,total,13.0,,,https://pt.wikipedia.org/w/index.php?title=Pesquisas_de_opini%C3%A3o_para_a_elei%C3%A7%C3%A3o_presidencial_no_Brasil_em_2026&oldid=73082572,wikipedia_revision,73082572,2026-09-29T15:02:36Z,unverified,,9ca942a568882bbd6b774a0d5553b585fd3c21e22108b84064e56abca54efbeb,blank_null_includes_undecided
2026-2-83ace1848e,2026,2,,Datafolha,,2026-09-08,2026-09-11,,2002,,Lula vs Romeu Zema,Romeu Zema,39.0,total,13.0,,,https://pt.wikipedia.org/w/index.php?title=Pesquisas_de_opini%C3%A3o_para_a_elei%C3%A7%C3%A3o_presidencial_no_Brasil_em_2026&oldid=73082572,wikipedia_revision,73082572,2026-09-29T15:02:36Z,unverified,,9ca942a568882bbd6b774a0d5553b585fd3c21e22108b84064e56abca54efbeb,blank_null_includes_undecided
2026-2-7b97fa5c21,2026,2,,Futura,Apex,2026-09-04,2026-09-10,,2000,,Flávio Bolsonaro vs Lula,Lula,45.0,total,9.6,,,https://pt.wikipedia.org/w/index.php?title=Pesquisas_de_opini%C3%A3o_para_a_elei%C3%A7%C3%A3o_presidencial_no_Brasil_em_2026&oldid=73082572,wikipedia_revision,73082572,2026-09-29T15:02:36Z,unverified,,9ca942a568882bbd6b774a0d5553b585fd3c21e22108b84064e56abca54efbeb,blank_null_includes_undecided
2026-2-7b97fa5c21,2026,2,,Futura,Apex,2026-09-04,2026-09-10,,2000,,Flávio Bolsonaro vs Lula,Flávio Bolsonaro,45.4,total,9.6,,,https://pt.wikipedia.org/w/index.php?title=Pesquisas_de_opini%C3%A3o_para_a_elei%C3%A7%C3%A3o_presidencial_no_Brasil_em_2026&oldid=73082572,wikipedia_revision,73082572,2026-09-29T15:02:36Z,unverified,,9ca942a568882bbd6b774a0d5553b585fd3c21e22108b84064e56abca54efbeb,blank_null_includes_undecided
2026-2-7b97fa5c21,2026,2,,Futura,Apex,2026-09-04,2026-09-10,,2000,,Lula vs Renan Santos,Lula,46.1,total,16.3,,,https://pt.wikipedia.org/w/index.php?title=Pesquisas_de_opini%C3%A3o_para_a_elei%C3%A7%C3%A3o_presidencial_no_Brasil_em_2026&oldid=73082572,wikipedia_revision,73082572,2026-09-29T15:02:36Z,unverified,,9ca942a568882bbd6b774a0d5553b585fd3c21e22108b84064e56abca54efbeb,blank_null_includes_undecided
2026-2-7b97fa5c21,2026,2,,Futura,Apex,2026-09-04,2026-09-10,,2000,,Lula vs Renan Santos,Renan Santos,37.6,total,16.3,,,https://pt.wikipedia.org/w/index.php?title=Pesquisas_de_opini%C3%A3o_para_a_elei%C3%A7%C3%A3o_presidencial_no_Brasil_em_2026&oldid=73082572,wikipedia_revision,73082572,2026-09-29T15:02:36Z,unverified,,9ca942a568882bbd6b774a0d5553b585fd3c21e22108b84064e56abca54efbeb,blank_null_includes_undecided
2026-2-7b97fa5c21,2026,2,,Futura,Apex,2026-09-04,2026-09-10,,2000,,Lula vs Ronaldo Caiado,Lula,43.7,total,13.6,,,https://pt.wikipedia.org/w/index.php?title=Pesquisas_de_opini%C3%A3o_para_a_elei%C3%A7%C3%A3o_presidencial_no_Brasil_em_2026&oldid=73082572,wikipedia_revision,73082572,2026-09-29T15:02:36Z,unverified,,9ca942a568882bbd6b774a0d5553b585fd3c21e22108b84064e56abca54efbeb,blank_null_includes_undecided
2026-2-7b97fa5c21,2026,2,,Futura,Apex,2026-09-04,2026-09-10,,2000,,Lula vs Ronaldo Caiado,Ronaldo Caiado,42.8,total,13.6,,,https://pt.wikipedia.org/w/index.php?title=Pesquisas_de_opini%C3%A3o_para_a_elei%C3%A7%C3%A3o_presidencial_no_Brasil_em_2026&oldid=73082572,wikipedia_revision,73082572,2026-09-29T15:02:36Z,unverified,,9ca942a568882bbd6b774a0d5553b585fd3c21e22108b84064e56abca54efbeb,blank_null_includes_undecided
2026-2-7b97fa5c21,2026,2,,Futura,Apex,2026-09-04,2026-09-10,,2000,,Lula vs Romeu Zema,Lula,46.0,total,13.5,,,https://pt.wikipedia.org/w/index.php?title=Pesquisas_de_opini%C3%A3o_para_a_elei%C3%A7%C3%A3o_presidencial_no_Brasil_em_2026&oldid=73082572,wikipedia_revision,73082572,2026-09-29T15:02:36Z,unverified,,9ca942a568882bbd6b774a0d5553b585fd3c21e22108b84064e56abca54efbeb,blank_null_includes_undecided
2026-2-7b97fa5c21,2026,2,,Futura,Apex,2026-09-04,2026-09-10,,2000,,Lula vs Romeu Zema,Romeu Zema,40.5,total,13.5,,,https://pt.wikipedia.org/w/index.php?title=Pesquisas_de_opini%C3%A3o_para_a_elei%C3%A7%C3%A3o_presidencial_no_Brasil_em_2026&oldid=73082572,wikipedia_revision,73082572,2026-09-29T15:02:36Z,unverified,,9ca942a568882bbd6b774a0d5553b585fd3c21e22108b84064e56abca54efbeb,blank_null_includes_undecided
2026-2-e9d213ce8a,2026,2,,AtlasIntel,,2026-09-04,2026-09-09,,5000,,Flávio Bolsonaro vs Lula,Lula,46.2,total,7.4,,,https://pt.wikipedia.org/w/index.php?title=Pesquisas_de_opini%C3%A3o_para_a_elei%C3%A7%C3%A3o_presidencial_no_Brasil_em_2026&oldid=73082572,wikipedia_revision,73082572,2026-09-29T15:02:36Z,unverified,,9ca942a568882bbd6b774a0d5553b585fd3c21e22108b84064e56abca54efbeb,blank_null_includes_undecided
2026-2-e9d213ce8a,2026,2,,AtlasIntel,,2026-09-04,2026-09-09,,5000,,Flávio Bolsonaro vs Lula,Flávio Bolsonaro,46.4,total,7.4,,,https://pt.wikipedia.org/w/index.php?title=Pesquisas_de_opini%C3%A3o_para_a_elei%C3%A7%C3%A3o_presidencial_no_Brasil_em_2026&oldid=73082572,wikipedia_revision,73082572,2026-09-29T15:02:36Z,unverified,,9ca942a568882bbd6b774a0d5553b585fd3c21e22108b84064e56abca54efbeb,blank_null_includes_undecided
2026-2-e9d213ce8a,2026,2,,AtlasIntel,,2026-09-04,2026-09-09,,5000,,Augusto Cury vs Lula,Lula,43.8,total,15.2,,,https://pt.wikipedia.org/w/index.php?title=Pesquisas_de_opini%C3%A3o_para_a_elei%C3%A7%C3%A3o_presidencial_no_Brasil_em_2026&oldid=73082572,wikipedia_revision,73082572,2026-09-29T15:02:36Z,unverified,,9ca942a568882bbd6b774a0d5553b585fd3c21e22108b84064e56abca54efbeb,blank_null_includes_undecided
2026-2-e9d213ce8a,2026,2,,AtlasIntel,,2026-09-04,2026-09-09,,5000,,Augusto Cury vs Lula,Augusto Cury,41.1,total,15.2,,,https://pt.wikipedia.org/w/index.php?title=Pesquisas_de_opini%C3%A3o_para_a_elei%C3%A7%C3%A3o_presidencial_no_Brasil_em_2026&oldid=73082572,wikipedia_revision,73082572,2026-09-29T15:02:36Z,unverified,,9ca942a568882bbd6b774a0d5553b585fd3c21e22108b84064e56abca54efbeb,blank_null_includes_undecided
2026-2-e9d213ce8a,2026,2,,AtlasIntel,,2026-09-04,2026-09-09,,5000,,Lula vs Renan Santos,Lula,46.0,total,20.2,,,https://pt.wikipedia.org/w/index.php?title=Pesquisas_de_opini%C3%A3o_para_a_elei%C3%A7%C3%A3o_presidencial_no_Brasil_em_2026&oldid=73082572,wikipedia_revision,73082572,2026-09-29T15:02:36Z,unverified,,9ca942a568882bbd6b774a0d5553b585fd3c21e22108b84064e56abca54efbeb,blank_null_includes_undecided
2026-2-e9d213ce8a,2026,2,,AtlasIntel,,2026-09-04,2026-09-09,,5000,,Lula vs Renan Santos,Renan Santos,33.8,total,20.2,,,https://pt.wikipedia.org/w/index.php?title=Pesquisas_de_opini%C3%A3o_para_a_elei%C3%A7%C3%A3o_presidencial_no_Brasil_em_2026&oldid=73082572,wikipedia_revision,73082572,2026-09-29T15:02:36Z,unverified,,9ca942a568882bbd6b774a0d5553b585fd3c21e22108b84064e56abca54efbeb,blank_null_includes_undecided
2026-2-e9d213ce8a,2026,2,,AtlasIntel,,2026-09-04,2026-09-09,,5000,,Lula vs Ronaldo Caiado,Lula,45.7,total,8.6,,,https://pt.wikipedia.org/w/index.php?title=Pesquisas_de_opini%C3%A3o_para_a_elei%C3%A7%C3%A3o_presidencial_no_Brasil_em_2026&oldid=73082572,wikipedia_revision,73082572,2026-09-29T15:02:36Z,unverified,,9ca942a568882bbd6b774a0d5553b585fd3c21e22108b84064e56abca54efbeb,blank_null_includes_undecided
2026-2-e9d213ce8a,2026,2,,AtlasIntel,,2026-09-04,2026-09-09,,5000,,Lula vs Ronaldo Caiado,Ronaldo Caiado,45.7,total,8.6,,,https://pt.wikipedia.org/w/index.php?title=Pesquisas_de_opini%C3%A3o_para_a_elei%C3%A7%C3%A3o_presidencial_no_Brasil_em_2026&oldid=73082572,wikipedia_revision,73082572,2026-09-29T15:02:36Z,unverified,,9ca942a568882bbd6b774a0d5553b585fd3c21e22108b84064e56abca54efbeb,blank_null_includes_undecided
2026-2-e9d213ce8a,2026,2,,AtlasIntel,,2026-09-04,2026-09-09,,5000,,Lula vs Romeu Zema,Lula,46.0,total,7.7,,,https://pt.wikipedia.org/w/index.php?title=Pesquisas_de_opini%C3%A3o_para_a_elei%C3%A7%C3%A3o_presidencial_no_Brasil_em_2026&oldid=73082572,wikipedia_revision,73082572,2026-09-29T15:02:36Z,unverified,,9ca942a568882bbd6b774a0d5553b585fd3c21e22108b84064e56abca54efbeb,blank_null_includes_undecided
2026-2-e9d213ce8a,2026,2,,AtlasIntel,,2026-09-04,2026-09-09,,5000,,Lula vs Romeu Zema,Romeu Zema,46.2,total,7.7,,,https://pt.wikipedia.org/w/index.php?title=Pesquisas_de_opini%C3%A3o_para_a_elei%C3%A7%C3%A3o_presidencial_no_Brasil_em_2026&oldid=73082572,wikipedia_revision,73082572,2026-09-29T15:02:36Z,unverified,,9ca942a568882bbd6b774a0d5553b585fd3c21e22108b84064e56abca54efbeb,blank_null_includes_undecided
2026-2-9d19dc0fc8,2026,2,,PoderData,Aya,2026-09-06,2026-09-09,,3000,,Flávio Bolsonaro vs Lula,Lula,45.0,total,8.0,,,https://pt.wikipedia.org/w/index.php?title=Pesquisas_de_opini%C3%A3o_para_a_elei%C3%A7%C3%A3o_presidencial_no_Brasil_em_2026&oldid=73082572,wikipedia_revision,73082572,2026-09-29T15:02:36Z,unverified,,9ca942a568882bbd6b774a0d5553b585fd3c21e22108b84064e56abca54efbeb,blank_null_includes_undecided
2026-2-9d19dc0fc8,2026,2,,PoderData,Aya,2026-09-06,2026-09-09,,3000,,Flávio Bolsonaro vs Lula,Flávio Bolsonaro,47.0,total,8.0,,,https://pt.wikipedia.org/w/index.php?title=Pesquisas_de_opini%C3%A3o_para_a_elei%C3%A7%C3%A3o_presidencial_no_Brasil_em_2026&oldid=73082572,wikipedia_revision,73082572,2026-09-29T15:02:36Z,unverified,,9ca942a568882bbd6b774a0d5553b585fd3c21e22108b84064e56abca54efbeb,blank_null_includes_undecided
2026-2-9d19dc0fc8,2026,2,,PoderData,Aya,2026-09-06,2026-09-09,,3000,,Augusto Cury vs Lula,Lula,43.0,total,13.0,,,https://pt.wikipedia.org/w/index.php?title=Pesquisas_de_opini%C3%A3o_para_a_elei%C3%A7%C3%A3o_presidencial_no_Brasil_em_2026&oldid=73082572,wikipedia_revision,73082572,2026-09-29T15:02:36Z,unverified,,9ca942a568882bbd6b774a0d5553b585fd3c21e22108b84064e56abca54efbeb,blank_null_includes_undecided
2026-2-9d19dc0fc8,2026,2,,PoderData,Aya,2026-09-06,2026-09-09,,3000,,Augusto Cury vs Lula,Augusto Cury,44.0,total,13.0,,,https://pt.wikipedia.org/w/index.php?title=Pesquisas_de_opini%C3%A3o_para_a_elei%C3%A7%C3%A3o_presidencial_no_Brasil_em_2026&oldid=73082572,wikipedia_revision,73082572,2026-09-29T15:02:36Z,unverified,,9ca942a568882bbd6b774a0d5553b585fd3c21e22108b84064e56abca54efbeb,blank_null_includes_undecided
2026-2-5d3249b67c,2026,2,,Gerp,,2026-09-03,2026-09-08,,2400,,Flávio Bolsonaro vs Lula,Lula,40.0,total,14.0,,,https://pt.wikipedia.org/w/index.php?title=Pesquisas_de_opini%C3%A3o_para_a_elei%C3%A7%C3%A3o_presidencial_no_Brasil_em_2026&oldid=73082572,wikipedia_revision,73082572,2026-09-29T15:02:36Z,unverified,,9ca942a568882bbd6b774a0d5553b585fd3c21e22108b84064e56abca54efbeb,blank_null_includes_undecided
2026-2-5d3249b67c,2026,2,,Gerp,,2026-09-03,2026-09-08,,2400,,Flávio Bolsonaro vs Lula,Flávio Bolsonaro,47.0,total,14.0,,,https://pt.wikipedia.org/w/index.php?title=Pesquisas_de_opini%C3%A3o_para_a_elei%C3%A7%C3%A3o_presidencial_no_Brasil_em_2026&oldid=73082572,wikipedia_revision,73082572,2026-09-29T15:02:36Z,unverified,,9ca942a568882bbd6b774a0d5553b585fd3c21e22108b84064e56abca54efbeb,blank_null_includes_undecided
2026-2-293f4c8c15,2026,2,,Ideia,Meio,2026-09-04,2026-09-07,,1500,,Flávio Bolsonaro vs Lula,Lula,46.0,total,8.0,,,https://pt.wikipedia.org/w/index.php?title=Pesquisas_de_opini%C3%A3o_para_a_elei%C3%A7%C3%A3o_presidencial_no_Brasil_em_2026&oldid=73082572,wikipedia_revision,73082572,2026-09-29T15:02:36Z,unverified,,9ca942a568882bbd6b774a0d5553b585fd3c21e22108b84064e56abca54efbeb,blank_null_includes_undecided
2026-2-293f4c8c15,2026,2,,Ideia,Meio,2026-09-04,2026-09-07,,1500,,Flávio Bolsonaro vs Lula,Flávio Bolsonaro,46.0,total,8.0,,,https://pt.wikipedia.org/w/index.php?title=Pesquisas_de_opini%C3%A3o_para_a_elei%C3%A7%C3%A3o_presidencial_no_Brasil_em_2026&oldid=73082572,wikipedia_revision,73082572,2026-09-29T15:02:36Z,unverified,,9ca942a568882bbd6b774a0d5553b585fd3c21e22108b84064e56abca54efbeb,blank_null_includes_undecided
2026-2-293f4c8c15,2026,2,,Ideia,Meio,2026-09-04,2026-09-07,,1500,,Augusto Cury vs Lula,Lula,46.0,total,13.1,,,https://pt.wikipedia.org/w/index.php?title=Pesquisas_de_opini%C3%A3o_para_a_elei%C3%A7%C3%A3o_presidencial_no_Brasil_em_2026&oldid=73082572,wikipedia_revision,73082572,2026-09-29T15:02:36Z,unverified,,9ca942a568882bbd6b774a0d5553b585fd3c21e22108b84064e56abca54efbeb,blank_null_includes_undecided
2026-2-293f4c8c15,2026,2,,Ideia,Meio,2026-09-04,2026-09-07,,1500,,Augusto Cury vs Lula,Augusto Cury,40.9,total,13.1,,,https://pt.wikipedia.org/w/index.php?title=Pesquisas_de_opini%C3%A3o_para_a_elei%C3%A7%C3%A3o_presidencial_no_Brasil_em_2026&oldid=73082572,wikipedia_revision,73082572,2026-09-29T15:02:36Z,unverified,,9ca942a568882bbd6b774a0d5553b585fd3c21e22108b84064e56abca54efbeb,blank_null_includes_undecided
2026-2-293f4c8c15,2026,2,,Ideia,Meio,2026-09-04,2026-09-07,,1500,,Lula vs Renan Santos,Lula,46.0,total,13.8,,,https://pt.wikipedia.org/w/index.php?title=Pesquisas_de_opini%C3%A3o_para_a_elei%C3%A7%C3%A3o_presidencial_no_Brasil_em_2026&oldid=73082572,wikipedia_revision,73082572,2026-09-29T15:02:36Z,unverified,,9ca942a568882bbd6b774a0d5553b585fd3c21e22108b84064e56abca54efbeb,blank_null_includes_undecided
2026-2-293f4c8c15,2026,2,,Ideia,Meio,2026-09-04,2026-09-07,,1500,,Lula vs Renan Santos,Renan Santos,40.3,total,13.8,,,https://pt.wikipedia.org/w/index.php?title=Pesquisas_de_opini%C3%A3o_para_a_elei%C3%A7%C3%A3o_presidencial_no_Brasil_em_2026&oldid=73082572,wikipedia_revision,73082572,2026-09-29T15:02:36Z,unverified,,9ca942a568882bbd6b774a0d5553b585fd3c21e22108b84064e56abca54efbeb,blank_null_includes_undecided
2026-2-293f4c8c15,2026,2,,Ideia,Meio,2026-09-04,2026-09-07,,1500,,Lula vs Ronaldo Caiado,Lula,46.0,total,12.0,,,https://pt.wikipedia.org/w/index.php?title=Pesquisas_de_opini%C3%A3o_para_a_elei%C3%A7%C3%A3o_presidencial_no_Brasil_em_2026&oldid=73082572,wikipedia_revision,73082572,2026-09-29T15:02:36Z,unverified,,9ca942a568882bbd6b774a0d5553b585fd3c21e22108b84064e56abca54efbeb,blank_null_includes_undecided
2026-2-293f4c8c15,2026,2,,Ideia,Meio,2026-09-04,2026-09-07,,1500,,Lula vs Ronaldo Caiado,Ronaldo Caiado,42.0,total,12.0,,,https://pt.wikipedia.org/w/index.php?title=Pesquisas_de_opini%C3%A3o_para_a_elei%C3%A7%C3%A3o_presidencial_no_Brasil_em_2026&oldid=73082572,wikipedia_revision,73082572,2026-09-29T15:02:36Z,unverified,,9ca942a568882bbd6b774a0d5553b585fd3c21e22108b84064e56abca54efbeb,blank_null_includes_undecided
2026-2-293f4c8c15,2026,2,,Ideia,Meio,2026-09-04,2026-09-07,,1500,,Lula vs Romeu Zema,Lula,46.0,total,16.0,,,https://pt.wikipedia.org/w/index.php?title=Pesquisas_de_opini%C3%A3o_para_a_elei%C3%A7%C3%A3o_presidencial_no_Brasil_em_2026&oldid=73082572,wikipedia_revision,73082572,2026-09-29T15:02:36Z,unverified,,9ca942a568882bbd6b774a0d5553b585fd3c21e22108b84064e56abca54efbeb,blank_null_includes_undecided
2026-2-293f4c8c15,2026,2,,Ideia,Meio,2026-09-04,2026-09-07,,1500,,Lula vs Romeu Zema,Romeu Zema,38.0,total,16.0,,,https://pt.wikipedia.org/w/index.php?title=Pesquisas_de_opini%C3%A3o_para_a_elei%C3%A7%C3%A3o_presidencial_no_Brasil_em_2026&oldid=73082572,wikipedia_revision,73082572,2026-09-29T15:02:36Z,unverified,,9ca942a568882bbd6b774a0d5553b585fd3c21e22108b84064e56abca54efbeb,blank_null_includes_undecided
2026-2-2b05a3f838,2026,2,,Nexus,BTG Pactual,2026-09-04,2026-09-07,,2002,,Flávio Bolsonaro vs Lula,Lula,45.0,total,9.0,,,https://pt.wikipedia.org/w/index.php?title=Pesquisas_de_opini%C3%A3o_para_a_elei%C3%A7%C3%A3o_presidencial_no_Brasil_em_2026&oldid=73082572,wikipedia_revision,73082572,2026-09-29T15:02:36Z,unverified,,9ca942a568882bbd6b774a0d5553b585fd3c21e22108b84064e56abca54efbeb,blank_null_includes_undecided
2026-2-2b05a3f838,2026,2,,Nexus,BTG Pactual,2026-09-04,2026-09-07,,2002,,Flávio Bolsonaro vs Lula,Flávio Bolsonaro,46.0,total,9.0,,,https://pt.wikipedia.org/w/index.php?title=Pesquisas_de_opini%C3%A3o_para_a_elei%C3%A7%C3%A3o_presidencial_no_Brasil_em_2026&oldid=73082572,wikipedia_revision,73082572,2026-09-29T15:02:36Z,unverified,,9ca942a568882bbd6b774a0d5553b585fd3c21e22108b84064e56abca54efbeb,blank_null_includes_undecided
2026-2-2b05a3f838,2026,2,,Nexus,BTG Pactual,2026-09-04,2026-09-07,,2002,,Augusto Cury vs Lula,Lula,43.0,total,11.0,,,https://pt.wikipedia.org/w/index.php?title=Pesquisas_de_opini%C3%A3o_para_a_elei%C3%A7%C3%A3o_presidencial_no_Brasil_em_2026&oldid=73082572,wikipedia_revision,73082572,2026-09-29T15:02:36Z,unverified,,9ca942a568882bbd6b774a0d5553b585fd3c21e22108b84064e56abca54efbeb,blank_null_includes_undecided
2026-2-2b05a3f838,2026,2,,Nexus,BTG Pactual,2026-09-04,2026-09-07,,2002,,Augusto Cury vs Lula,Augusto Cury,45.0,total,11.0,,,https://pt.wikipedia.org/w/index.php?title=Pesquisas_de_opini%C3%A3o_para_a_elei%C3%A7%C3%A3o_presidencial_no_Brasil_em_2026&oldid=73082572,wikipedia_revision,73082572,2026-09-29T15:02:36Z,unverified,,9ca942a568882bbd6b774a0d5553b585fd3c21e22108b84064e56abca54efbeb,blank_null_includes_undecided
2026-2-2b05a3f838,2026,2,,Nexus,BTG Pactual,2026-09-04,2026-09-07,,2002,,Lula vs Renan Santos,Lula,47.0,total,15.0,,,https://pt.wikipedia.org/w/index.php?title=Pesquisas_de_opini%C3%A3o_para_a_elei%C3%A7%C3%A3o_presidencial_no_Brasil_em_2026&oldid=73082572,wikipedia_revision,73082572,2026-09-29T15:02:36Z,unverified,,9ca942a568882bbd6b774a0d5553b585fd3c21e22108b84064e56abca54efbeb,blank_null_includes_undecided
2026-2-2b05a3f838,2026,2,,Nexus,BTG Pactual,2026-09-04,2026-09-07,,2002,,Lula vs Renan Santos,Renan Santos,39.0,total,15.0,,,https://pt.wikipedia.org/w/index.php?title=Pesquisas_de_opini%C3%A3o_para_a_elei%C3%A7%C3%A3o_presidencial_no_Brasil_em_2026&oldid=73082572,wikipedia_revision,73082572,2026-09-29T15:02:36Z,unverified,,9ca942a568882bbd6b774a0d5553b585fd3c21e22108b84064e56abca54efbeb,blank_null_includes_undecided
2026-2-2b05a3f838,2026,2,,Nexus,BTG Pactual,2026-09-04,2026-09-07,,2002,,Lula vs Ronaldo Caiado,Lula,46.0,total,11.0,,,https://pt.wikipedia.org/w/index.php?title=Pesquisas_de_opini%C3%A3o_para_a_elei%C3%A7%C3%A3o_presidencial_no_Brasil_em_2026&oldid=73082572,wikipedia_revision,73082572,2026-09-29T15:02:36Z,unverified,,9ca942a568882bbd6b774a0d5553b585fd3c21e22108b84064e56abca54efbeb,blank_null_includes_undecided
2026-2-2b05a3f838,2026,2,,Nexus,BTG Pactual,2026-09-04,2026-09-07,,2002,,Lula vs Ronaldo Caiado,Ronaldo Caiado,43.0,total,11.0,,,https://pt.wikipedia.org/w/index.php?title=Pesquisas_de_opini%C3%A3o_para_a_elei%C3%A7%C3%A3o_presidencial_no_Brasil_em_2026&oldid=73082572,wikipedia_revision,73082572,2026-09-29T15:02:36Z,unverified,,9ca942a568882bbd6b774a0d5553b585fd3c21e22108b84064e56abca54efbeb,blank_null_includes_undecided
2026-2-2b05a3f838,2026,2,,Nexus,BTG Pactual,2026-09-04,2026-09-07,,2002,,Lula vs Romeu Zema,Lula,47.0,total,13.0,,,https://pt.wikipedia.org/w/index.php?title=Pesquisas_de_opini%C3%A3o_para_a_elei%C3%A7%C3%A3o_presidencial_no_Brasil_em_2026&oldid=73082572,wikipedia_revision,73082572,2026-09-29T15:02:36Z,unverified,,9ca942a568882bbd6b774a0d5553b585fd3c21e22108b84064e56abca54efbeb,blank_null_includes_undecided
2026-2-2b05a3f838,2026,2,,Nexus,BTG Pactual,2026-09-04,2026-09-07,,2002,,Lula vs Romeu Zema,Romeu Zema,40.0,total,13.0,,,https://pt.wikipedia.org/w/index.php?title=Pesquisas_de_opini%C3%A3o_para_a_elei%C3%A7%C3%A3o_presidencial_no_Brasil_em_2026&oldid=73082572,wikipedia_revision,73082572,2026-09-29T15:02:36Z,unverified,,9ca942a568882bbd6b774a0d5553b585fd3c21e22108b84064e56abca54efbeb,blank_null_includes_undecided
2026-2-2e1bae40bd,2026,2,,Palver,,2026-09-04,2026-09-07,,5000,,Flávio Bolsonaro vs Lula,Lula,44.0,total,10.0,,,https://pt.wikipedia.org/w/index.php?title=Pesquisas_de_opini%C3%A3o_para_a_elei%C3%A7%C3%A3o_presidencial_no_Brasil_em_2026&oldid=73082572,wikipedia_revision,73082572,2026-09-29T15:02:36Z,unverified,,9ca942a568882bbd6b774a0d5553b585fd3c21e22108b84064e56abca54efbeb,blank_null_includes_undecided
2026-2-2e1bae40bd,2026,2,,Palver,,2026-09-04,2026-09-07,,5000,,Flávio Bolsonaro vs Lula,Flávio Bolsonaro,46.0,total,10.0,,,https://pt.wikipedia.org/w/index.php?title=Pesquisas_de_opini%C3%A3o_para_a_elei%C3%A7%C3%A3o_presidencial_no_Brasil_em_2026&oldid=73082572,wikipedia_revision,73082572,2026-09-29T15:02:36Z,unverified,,9ca942a568882bbd6b774a0d5553b585fd3c21e22108b84064e56abca54efbeb,blank_null_includes_undecided
2026-2-2e1bae40bd,2026,2,,Palver,,2026-09-04,2026-09-07,,5000,,Augusto Cury vs Lula,Lula,42.0,total,27.0,,,https://pt.wikipedia.org/w/index.php?title=Pesquisas_de_opini%C3%A3o_para_a_elei%C3%A7%C3%A3o_presidencial_no_Brasil_em_2026&oldid=73082572,wikipedia_revision,73082572,2026-09-29T15:02:36Z,unverified,,9ca942a568882bbd6b774a0d5553b585fd3c21e22108b84064e56abca54efbeb,blank_null_includes_undecided
2026-2-2e1bae40bd,2026,2,,Palver,,2026-09-04,2026-09-07,,5000,,Augusto Cury vs Lula,Augusto Cury,30.0,total,27.0,,,https://pt.wikipedia.org/w/index.php?title=Pesquisas_de_opini%C3%A3o_para_a_elei%C3%A7%C3%A3o_presidencial_no_Brasil_em_2026&oldid=73082572,wikipedia_revision,73082572,2026-09-29T15:02:36Z,unverified,,9ca942a568882bbd6b774a0d5553b585fd3c21e22108b84064e56abca54efbeb,blank_null_includes_undecided
2026-2-2e1bae40bd,2026,2,,Palver,,2026-09-04,2026-09-07,,5000,,Lula vs Renan Santos,Lula,43.0,total,26.0,,,https://pt.wikipedia.org/w/index.php?title=Pesquisas_de_opini%C3%A3o_para_a_elei%C3%A7%C3%A3o_presidencial_no_Brasil_em_2026&oldid=73082572,wikipedia_revision,73082572,2026-09-29T15:02:36Z,unverified,,9ca942a568882bbd6b774a0d5553b585fd3c21e22108b84064e56abca54efbeb,blank_null_includes_undecided
2026-2-2e1bae40bd,2026,2,,Palver,,2026-09-04,2026-09-07,,5000,,Lula vs Renan Santos,Renan Santos,31.0,total,26.0,,,https://pt.wikipedia.org/w/index.php?title=Pesquisas_de_opini%C3%A3o_para_a_elei%C3%A7%C3%A3o_presidencial_no_Brasil_em_2026&oldid=73082572,wikipedia_revision,73082572,2026-09-29T15:02:36Z,unverified,,9ca942a568882bbd6b774a0d5553b585fd3c21e22108b84064e56abca54efbeb,blank_null_includes_undecided
2026-2-2e1bae40bd,2026,2,,Palver,,2026-09-04,2026-09-07,,5000,,Lula vs Ronaldo Caiado,Lula,43.0,total,18.0,,,https://pt.wikipedia.org/w/index.php?title=Pesquisas_de_opini%C3%A3o_para_a_elei%C3%A7%C3%A3o_presidencial_no_Brasil_em_2026&oldid=73082572,wikipedia_revision,73082572,2026-09-29T15:02:36Z,unverified,,9ca942a568882bbd6b774a0d5553b585fd3c21e22108b84064e56abca54efbeb,blank_null_includes_undecided
2026-2-2e1bae40bd,2026,2,,Palver,,2026-09-04,2026-09-07,,5000,,Lula vs Ronaldo Caiado,Ronaldo Caiado,40.0,total,18.0,,,https://pt.wikipedia.org/w/index.php?title=Pesquisas_de_opini%C3%A3o_para_a_elei%C3%A7%C3%A3o_presidencial_no_Brasil_em_2026&oldid=73082572,wikipedia_revision,73082572,2026-09-29T15:02:36Z,unverified,,9ca942a568882bbd6b774a0d5553b585fd3c21e22108b84064e56abca54efbeb,blank_null_includes_undecided
2026-2-2e1bae40bd,2026,2,,Palver,,2026-09-04,2026-09-07,,5000,,Lula vs Romeu Zema,Lula,43.0,total,15.0,,,https://pt.wikipedia.org/w/index.php?title=Pesquisas_de_opini%C3%A3o_para_a_elei%C3%A7%C3%A3o_presidencial_no_Brasil_em_2026&oldid=73082572,wikipedia_revision,73082572,2026-09-29T15:02:36Z,unverified,,9ca942a568882bbd6b774a0d5553b585fd3c21e22108b84064e56abca54efbeb,blank_null_includes_undecided
2026-2-2e1bae40bd,2026,2,,Palver,,2026-09-04,2026-09-07,,5000,,Lula vs Romeu Zema,Romeu Zema,42.0,total,15.0,,,https://pt.wikipedia.org/w/index.php?title=Pesquisas_de_opini%C3%A3o_para_a_elei%C3%A7%C3%A3o_presidencial_no_Brasil_em_2026&oldid=73082572,wikipedia_revision,73082572,2026-09-29T15:02:36Z,unverified,,9ca942a568882bbd6b774a0d5553b585fd3c21e22108b84064e56abca54efbeb,blank_null_includes_undecided
2026-2-8bd43cf1f1,2026,2,,Quaest,,2026-09-03,2026-09-06,,2004,,Flávio Bolsonaro vs Lula,Lula,41.0,total,18.0,,,https://pt.wikipedia.org/w/index.php?title=Pesquisas_de_opini%C3%A3o_para_a_elei%C3%A7%C3%A3o_presidencial_no_Brasil_em_2026&oldid=73082572,wikipedia_revision,73082572,2026-09-29T15:02:36Z,unverified,,9ca942a568882bbd6b774a0d5553b585fd3c21e22108b84064e56abca54efbeb,blank_null_includes_undecided
2026-2-8bd43cf1f1,2026,2,,Quaest,,2026-09-03,2026-09-06,,2004,,Flávio Bolsonaro vs Lula,Flávio Bolsonaro,41.0,total,18.0,,,https://pt.wikipedia.org/w/index.php?title=Pesquisas_de_opini%C3%A3o_para_a_elei%C3%A7%C3%A3o_presidencial_no_Brasil_em_2026&oldid=73082572,wikipedia_revision,73082572,2026-09-29T15:02:36Z,unverified,,9ca942a568882bbd6b774a0d5553b585fd3c21e22108b84064e56abca54efbeb,blank_null_includes_undecided
2026-2-8bd43cf1f1,2026,2,,Quaest,,2026-09-03,2026-09-06,,2004,,Augusto Cury vs Lula,Lula,39.0,total,26.0,,,https://pt.wikipedia.org/w/index.php?title=Pesquisas_de_opini%C3%A3o_para_a_elei%C3%A7%C3%A3o_presidencial_no_Brasil_em_2026&oldid=73082572,wikipedia_revision,73082572,2026-09-29T15:02:36Z,unverified,,9ca942a568882bbd6b774a0d5553b585fd3c21e22108b84064e56abca54efbeb,blank_null_includes_undecided
2026-2-8bd43cf1f1,2026,2,,Quaest,,2026-09-03,2026-09-06,,2004,,Augusto Cury vs Lula,Augusto Cury,35.0,total,26.0,,,https://pt.wikipedia.org/w/index.php?title=Pesquisas_de_opini%C3%A3o_para_a_elei%C3%A7%C3%A3o_presidencial_no_Brasil_em_2026&oldid=73082572,wikipedia_revision,73082572,2026-09-29T15:02:36Z,unverified,,9ca942a568882bbd6b774a0d5553b585fd3c21e22108b84064e56abca54efbeb,blank_null_includes_undecided
2026-2-8bd43cf1f1,2026,2,,Quaest,,2026-09-03,2026-09-06,,2004,,Lula vs Renan Santos,Lula,42.0,total,21.0,,,https://pt.wikipedia.org/w/index.php?title=Pesquisas_de_opini%C3%A3o_para_a_elei%C3%A7%C3%A3o_presidencial_no_Brasil_em_2026&oldid=73082572,wikipedia_revision,73082572,2026-09-29T15:02:36Z,unverified,,9ca942a568882bbd6b774a0d5553b585fd3c21e22108b84064e56abca54efbeb,blank_null_includes_undecided
2026-2-8bd43cf1f1,2026,2,,Quaest,,2026-09-03,2026-09-06,,2004,,Lula vs Renan Santos,Renan Santos,37.0,total,21.0,,,https://pt.wikipedia.org/w/index.php?title=Pesquisas_de_opini%C3%A3o_para_a_elei%C3%A7%C3%A3o_presidencial_no_Brasil_em_2026&oldid=73082572,wikipedia_revision,73082572,2026-09-29T15:02:36Z,unverified,,9ca942a568882bbd6b774a0d5553b585fd3c21e22108b84064e56abca54efbeb,blank_null_includes_undecided
2026-2-8bd43cf1f1,2026,2,,Quaest,,2026-09-03,2026-09-06,,2004,,Lula vs Ronaldo Caiado,Lula,41.0,total,21.0,,,https://pt.wikipedia.org/w/index.php?title=Pesquisas_de_opini%C3%A3o_para_a_elei%C3%A7%C3%A3o_presidencial_no_Brasil_em_2026&oldid=73082572,wikipedia_revision,73082572,2026-09-29T15:02:36Z,unverified,,9ca942a568882bbd6b774a0d5553b585fd3c21e22108b84064e56abca54efbeb,blank_null_includes_undecided
2026-2-8bd43cf1f1,2026,2,,Quaest,,2026-09-03,2026-09-06,,2004,,Lula vs Ronaldo Caiado,Ronaldo Caiado,38.0,total,21.0,,,https://pt.wikipedia.org/w/index.php?title=Pesquisas_de_opini%C3%A3o_para_a_elei%C3%A7%C3%A3o_presidencial_no_Brasil_em_2026&oldid=73082572,wikipedia_revision,73082572,2026-09-29T15:02:36Z,unverified,,9ca942a568882bbd6b774a0d5553b585fd3c21e22108b84064e56abca54efbeb,blank_null_includes_undecided
2026-2-8bd43cf1f1,2026,2,,Quaest,,2026-09-03,2026-09-06,,2004,,Lula vs Romeu Zema,Lula,44.0,total,23.0,,,https://pt.wikipedia.org/w/index.php?title=Pesquisas_de_opini%C3%A3o_para_a_elei%C3%A7%C3%A3o_presidencial_no_Brasil_em_2026&oldid=73082572,wikipedia_revision,73082572,2026-09-29T15:02:36Z,unverified,,9ca942a568882bbd6b774a0d5553b585fd3c21e22108b84064e56abca54efbeb,blank_null_includes_undecided
2026-2-8bd43cf1f1,2026,2,,Quaest,,2026-09-03,2026-09-06,,2004,,Lula vs Romeu Zema,Romeu Zema,33.0,total,23.0,,,https://pt.wikipedia.org/w/index.php?title=Pesquisas_de_opini%C3%A3o_para_a_elei%C3%A7%C3%A3o_presidencial_no_Brasil_em_2026&oldid=73082572,wikipedia_revision,73082572,2026-09-29T15:02:36Z,unverified,,9ca942a568882bbd6b774a0d5553b585fd3c21e22108b84064e56abca54efbeb,blank_null_includes_undecided
2026-2-7278a20c13,2026,2,,Veritá,,2026-09-01,2026-09-04,,3804,,Flávio Bolsonaro vs Lula,Lula,43.1,total,8.5,,,https://pt.wikipedia.org/w/index.php?title=Pesquisas_de_opini%C3%A3o_para_a_elei%C3%A7%C3%A3o_presidencial_no_Brasil_em_2026&oldid=73082572,wikipedia_revision,73082572,2026-09-29T15:02:36Z,unverified,,9ca942a568882bbd6b774a0d5553b585fd3c21e22108b84064e56abca54efbeb,blank_null_includes_undecided
2026-2-7278a20c13,2026,2,,Veritá,,2026-09-01,2026-09-04,,3804,,Flávio Bolsonaro vs Lula,Flávio Bolsonaro,48.5,total,8.5,,,https://pt.wikipedia.org/w/index.php?title=Pesquisas_de_opini%C3%A3o_para_a_elei%C3%A7%C3%A3o_presidencial_no_Brasil_em_2026&oldid=73082572,wikipedia_revision,73082572,2026-09-29T15:02:36Z,unverified,,9ca942a568882bbd6b774a0d5553b585fd3c21e22108b84064e56abca54efbeb,blank_null_includes_undecided
2026-2-7278a20c13,2026,2,,Veritá,,2026-09-01,2026-09-04,,3804,,Augusto Cury vs Lula,Lula,35.6,total,37.4,,,https://pt.wikipedia.org/w/index.php?title=Pesquisas_de_opini%C3%A3o_para_a_elei%C3%A7%C3%A3o_presidencial_no_Brasil_em_2026&oldid=73082572,wikipedia_revision,73082572,2026-09-29T15:02:36Z,unverified,,9ca942a568882bbd6b774a0d5553b585fd3c21e22108b84064e56abca54efbeb,blank_null_includes_undecided
2026-2-7278a20c13,2026,2,,Veritá,,2026-09-01,2026-09-04,,3804,,Augusto Cury vs Lula,Augusto Cury,27.0,total,37.4,,,https://pt.wikipedia.org/w/index.php?title=Pesquisas_de_opini%C3%A3o_para_a_elei%C3%A7%C3%A3o_presidencial_no_Brasil_em_2026&oldid=73082572,wikipedia_revision,73082572,2026-09-29T15:02:36Z,unverified,,9ca942a568882bbd6b774a0d5553b585fd3c21e22108b84064e56abca54efbeb,blank_null_includes_undecided
2026-2-7278a20c13,2026,2,,Veritá,,2026-09-01,2026-09-04,,3804,,Lula vs Renan Santos,Lula,37.8,total,42.8,,,https://pt.wikipedia.org/w/index.php?title=Pesquisas_de_opini%C3%A3o_para_a_elei%C3%A7%C3%A3o_presidencial_no_Brasil_em_2026&oldid=73082572,wikipedia_revision,73082572,2026-09-29T15:02:36Z,unverified,,9ca942a568882bbd6b774a0d5553b585fd3c21e22108b84064e56abca54efbeb,blank_null_includes_undecided
2026-2-7278a20c13,2026,2,,Veritá,,2026-09-01,2026-09-04,,3804,,Lula vs Renan Santos,Renan Santos,19.3,total,42.8,,,https://pt.wikipedia.org/w/index.php?title=Pesquisas_de_opini%C3%A3o_para_a_elei%C3%A7%C3%A3o_presidencial_no_Brasil_em_2026&oldid=73082572,wikipedia_revision,73082572,2026-09-29T15:02:36Z,unverified,,9ca942a568882bbd6b774a0d5553b585fd3c21e22108b84064e56abca54efbeb,blank_null_includes_undecided
2026-2-7278a20c13,2026,2,,Veritá,,2026-09-01,2026-09-04,,3804,,Lula vs Ronaldo Caiado,Lula,36.8,total,38.2,,,https://pt.wikipedia.org/w/index.php?title=Pesquisas_de_opini%C3%A3o_para_a_elei%C3%A7%C3%A3o_presidencial_no_Brasil_em_2026&oldid=73082572,wikipedia_revision,73082572,2026-09-29T15:02:36Z,unverified,,9ca942a568882bbd6b774a0d5553b585fd3c21e22108b84064e56abca54efbeb,blank_null_includes_undecided
2026-2-7278a20c13,2026,2,,Veritá,,2026-09-01,2026-09-04,,3804,,Lula vs Ronaldo Caiado,Ronaldo Caiado,24.9,total,38.2,,,https://pt.wikipedia.org/w/index.php?title=Pesquisas_de_opini%C3%A3o_para_a_elei%C3%A7%C3%A3o_presidencial_no_Brasil_em_2026&oldid=73082572,wikipedia_revision,73082572,2026-09-29T15:02:36Z,unverified,,9ca942a568882bbd6b774a0d5553b585fd3c21e22108b84064e56abca54efbeb,blank_null_includes_undecided
2026-2-7278a20c13,2026,2,,Veritá,,2026-09-01,2026-09-04,,3804,,Lula vs Pablo Marçal,Lula,38.4,total,33.0,,,https://pt.wikipedia.org/w/index.php?title=Pesquisas_de_opini%C3%A3o_para_a_elei%C3%A7%C3%A3o_presidencial_no_Brasil_em_2026&oldid=73082572,wikipedia_revision,73082572,2026-09-29T15:02:36Z,unverified,,9ca942a568882bbd6b774a0d5553b585fd3c21e22108b84064e56abca54efbeb,blank_null_includes_undecided
2026-2-7278a20c13,2026,2,,Veritá,,2026-09-01,2026-09-04,,3804,,Lula vs Pablo Marçal,Pablo Marçal,28.6,total,33.0,,,https://pt.wikipedia.org/w/index.php?title=Pesquisas_de_opini%C3%A3o_para_a_elei%C3%A7%C3%A3o_presidencial_no_Brasil_em_2026&oldid=73082572,wikipedia_revision,73082572,2026-09-29T15:02:36Z,unverified,,9ca942a568882bbd6b774a0d5553b585fd3c21e22108b84064e56abca54efbeb,blank_null_includes_undecided
2026-2-6ad30bfd69,2026,2,,Datafolha,,2026-09-01,2026-09-02,,2002,,Flávio Bolsonaro vs Lula,Lula,46.0,total,10.0,,,https://pt.wikipedia.org/w/index.php?title=Pesquisas_de_opini%C3%A3o_para_a_elei%C3%A7%C3%A3o_presidencial_no_Brasil_em_2026&oldid=73082572,wikipedia_revision,73082572,2026-09-29T15:02:36Z,unverified,,9ca942a568882bbd6b774a0d5553b585fd3c21e22108b84064e56abca54efbeb,blank_null_includes_undecided
2026-2-6ad30bfd69,2026,2,,Datafolha,,2026-09-01,2026-09-02,,2002,,Flávio Bolsonaro vs Lula,Flávio Bolsonaro,44.0,total,10.0,,,https://pt.wikipedia.org/w/index.php?title=Pesquisas_de_opini%C3%A3o_para_a_elei%C3%A7%C3%A3o_presidencial_no_Brasil_em_2026&oldid=73082572,wikipedia_revision,73082572,2026-09-29T15:02:36Z,unverified,,9ca942a568882bbd6b774a0d5553b585fd3c21e22108b84064e56abca54efbeb,blank_null_includes_undecided
2026-2-6ad30bfd69,2026,2,,Datafolha,,2026-09-01,2026-09-02,,2002,,Lula vs Renan Santos,Lula,47.0,total,15.0,,,https://pt.wikipedia.org/w/index.php?title=Pesquisas_de_opini%C3%A3o_para_a_elei%C3%A7%C3%A3o_presidencial_no_Brasil_em_2026&oldid=73082572,wikipedia_revision,73082572,2026-09-29T15:02:36Z,unverified,,9ca942a568882bbd6b774a0d5553b585fd3c21e22108b84064e56abca54efbeb,blank_null_includes_undecided
2026-2-6ad30bfd69,2026,2,,Datafolha,,2026-09-01,2026-09-02,,2002,,Lula vs Renan Santos,Renan Santos,38.0,total,15.0,,,https://pt.wikipedia.org/w/index.php?title=Pesquisas_de_opini%C3%A3o_para_a_elei%C3%A7%C3%A3o_presidencial_no_Brasil_em_2026&oldid=73082572,wikipedia_revision,73082572,2026-09-29T15:02:36Z,unverified,,9ca942a568882bbd6b774a0d5553b585fd3c21e22108b84064e56abca54efbeb,blank_null_includes_undecided
2026-2-6ad30bfd69,2026,2,,Datafolha,,2026-09-01,2026-09-02,,2002,,Lula vs Ronaldo Caiado,Lula,46.0,total,13.0,,,https://pt.wikipedia.org/w/index.php?title=Pesquisas_de_opini%C3%A3o_para_a_elei%C3%A7%C3%A3o_presidencial_no_Brasil_em_2026&oldid=73082572,wikipedia_revision,73082572,2026-09-29T15:02:36Z,unverified,,9ca942a568882bbd6b774a0d5553b585fd3c21e22108b84064e56abca54efbeb,blank_null_includes_undecided
2026-2-6ad30bfd69,2026,2,,Datafolha,,2026-09-01,2026-09-02,,2002,,Lula vs Ronaldo Caiado,Ronaldo Caiado,41.0,total,13.0,,,https://pt.wikipedia.org/w/index.php?title=Pesquisas_de_opini%C3%A3o_para_a_elei%C3%A7%C3%A3o_presidencial_no_Brasil_em_2026&oldid=73082572,wikipedia_revision,73082572,2026-09-29T15:02:36Z,unverified,,9ca942a568882bbd6b774a0d5553b585fd3c21e22108b84064e56abca54efbeb,blank_null_includes_undecided
2026-2-6ad30bfd69,2026,2,,Datafolha,,2026-09-01,2026-09-02,,2002,,Lula vs Romeu Zema,Lula,48.0,total,14.0,,,https://pt.wikipedia.org/w/index.php?title=Pesquisas_de_opini%C3%A3o_para_a_elei%C3%A7%C3%A3o_presidencial_no_Brasil_em_2026&oldid=73082572,wikipedia_revision,73082572,2026-09-29T15:02:36Z,unverified,,9ca942a568882bbd6b774a0d5553b585fd3c21e22108b84064e56abca54efbeb,blank_null_includes_undecided
2026-2-6ad30bfd69,2026,2,,Datafolha,,2026-09-01,2026-09-02,,2002,,Lula vs Romeu Zema,Romeu Zema,39.0,total,14.0,,,https://pt.wikipedia.org/w/index.php?title=Pesquisas_de_opini%C3%A3o_para_a_elei%C3%A7%C3%A3o_presidencial_no_Brasil_em_2026&oldid=73082572,wikipedia_revision,73082572,2026-09-29T15:02:36Z,unverified,,9ca942a568882bbd6b774a0d5553b585fd3c21e22108b84064e56abca54efbeb,blank_null_includes_undecided
2026-2-2a90feb858,2026,2,,PoderData,Aya,2026-08-30,2026-09-02,,3000,,Flávio Bolsonaro vs Lula,Lula,45.0,total,11.0,,,https://pt.wikipedia.org/w/index.php?title=Pesquisas_de_opini%C3%A3o_para_a_elei%C3%A7%C3%A3o_presidencial_no_Brasil_em_2026&oldid=73082572,wikipedia_revision,73082572,2026-09-29T15:02:36Z,unverified,,9ca942a568882bbd6b774a0d5553b585fd3c21e22108b84064e56abca54efbeb,blank_null_includes_undecided
2026-2-2a90feb858,2026,2,,PoderData,Aya,2026-08-30,2026-09-02,,3000,,Flávio Bolsonaro vs Lula,Flávio Bolsonaro,46.0,total,11.0,,,https://pt.wikipedia.org/w/index.php?title=Pesquisas_de_opini%C3%A3o_para_a_elei%C3%A7%C3%A3o_presidencial_no_Brasil_em_2026&oldid=73082572,wikipedia_revision,73082572,2026-09-29T15:02:36Z,unverified,,9ca942a568882bbd6b774a0d5553b585fd3c21e22108b84064e56abca54efbeb,blank_null_includes_undecided
2026-2-2a90feb858,2026,2,,PoderData,Aya,2026-08-30,2026-09-02,,3000,,Lula vs Renan Santos,Lula,44.0,total,18.0,,,https://pt.wikipedia.org/w/index.php?title=Pesquisas_de_opini%C3%A3o_para_a_elei%C3%A7%C3%A3o_presidencial_no_Brasil_em_2026&oldid=73082572,wikipedia_revision,73082572,2026-09-29T15:02:36Z,unverified,,9ca942a568882bbd6b774a0d5553b585fd3c21e22108b84064e56abca54efbeb,blank_null_includes_undecided
2026-2-2a90feb858,2026,2,,PoderData,Aya,2026-08-30,2026-09-02,,3000,,Lula vs Renan Santos,Renan Santos,39.0,total,18.0,,,https://pt.wikipedia.org/w/index.php?title=Pesquisas_de_opini%C3%A3o_para_a_elei%C3%A7%C3%A3o_presidencial_no_Brasil_em_2026&oldid=73082572,wikipedia_revision,73082572,2026-09-29T15:02:36Z,unverified,,9ca942a568882bbd6b774a0d5553b585fd3c21e22108b84064e56abca54efbeb,blank_null_includes_undecided
2026-2-2a90feb858,2026,2,,PoderData,Aya,2026-08-30,2026-09-02,,3000,,Lula vs Ronaldo Caiado,Lula,45.0,total,13.0,,,https://pt.wikipedia.org/w/index.php?title=Pesquisas_de_opini%C3%A3o_para_a_elei%C3%A7%C3%A3o_presidencial_no_Brasil_em_2026&oldid=73082572,wikipedia_revision,73082572,2026-09-29T15:02:36Z,unverified,,9ca942a568882bbd6b774a0d5553b585fd3c21e22108b84064e56abca54efbeb,blank_null_includes_undecided
2026-2-2a90feb858,2026,2,,PoderData,Aya,2026-08-30,2026-09-02,,3000,,Lula vs Ronaldo Caiado,Ronaldo Caiado,42.0,total,13.0,,,https://pt.wikipedia.org/w/index.php?title=Pesquisas_de_opini%C3%A3o_para_a_elei%C3%A7%C3%A3o_presidencial_no_Brasil_em_2026&oldid=73082572,wikipedia_revision,73082572,2026-09-29T15:02:36Z,unverified,,9ca942a568882bbd6b774a0d5553b585fd3c21e22108b84064e56abca54efbeb,blank_null_includes_undecided
2026-2-2a90feb858,2026,2,,PoderData,Aya,2026-08-30,2026-09-02,,3000,,Lula vs Romeu Zema,Lula,44.0,total,14.0,,,https://pt.wikipedia.org/w/index.php?title=Pesquisas_de_opini%C3%A3o_para_a_elei%C3%A7%C3%A3o_presidencial_no_Brasil_em_2026&oldid=73082572,wikipedia_revision,73082572,2026-09-29T15:02:36Z,unverified,,9ca942a568882bbd6b774a0d5553b585fd3c21e22108b84064e56abca54efbeb,blank_null_includes_undecided
2026-2-2a90feb858,2026,2,,PoderData,Aya,2026-08-30,2026-09-02,,3000,,Lula vs Romeu Zema,Romeu Zema,42.0,total,14.0,,,https://pt.wikipedia.org/w/index.php?title=Pesquisas_de_opini%C3%A3o_para_a_elei%C3%A7%C3%A3o_presidencial_no_Brasil_em_2026&oldid=73082572,wikipedia_revision,73082572,2026-09-29T15:02:36Z,unverified,,9ca942a568882bbd6b774a0d5553b585fd3c21e22108b84064e56abca54efbeb,blank_null_includes_undecided
2026-2-b42f98acb6,2026,2,,Futura,Apex,2026-08-27,2026-09-01,,2000,,Flávio Bolsonaro vs Lula,Lula,45.6,total,9.2,,,https://pt.wikipedia.org/w/index.php?title=Pesquisas_de_opini%C3%A3o_para_a_elei%C3%A7%C3%A3o_presidencial_no_Brasil_em_2026&oldid=73082572,wikipedia_revision,73082572,2026-09-29T15:02:36Z,unverified,,9ca942a568882bbd6b774a0d5553b585fd3c21e22108b84064e56abca54efbeb,blank_null_includes_undecided
2026-2-b42f98acb6,2026,2,,Futura,Apex,2026-08-27,2026-09-01,,2000,,Flávio Bolsonaro vs Lula,Flávio Bolsonaro,45.2,total,9.2,,,https://pt.wikipedia.org/w/index.php?title=Pesquisas_de_opini%C3%A3o_para_a_elei%C3%A7%C3%A3o_presidencial_no_Brasil_em_2026&oldid=73082572,wikipedia_revision,73082572,2026-09-29T15:02:36Z,unverified,,9ca942a568882bbd6b774a0d5553b585fd3c21e22108b84064e56abca54efbeb,blank_null_includes_undecided
2026-2-b42f98acb6,2026,2,,Futura,Apex,2026-08-27,2026-09-01,,2000,,Lula vs Renan Santos,Lula,46.6,total,16.8,,,https://pt.wikipedia.org/w/index.php?title=Pesquisas_de_opini%C3%A3o_para_a_elei%C3%A7%C3%A3o_presidencial_no_Brasil_em_2026&oldid=73082572,wikipedia_revision,73082572,2026-09-29T15:02:36Z,unverified,,9ca942a568882bbd6b774a0d5553b585fd3c21e22108b84064e56abca54efbeb,blank_null_includes_undecided
2026-2-b42f98acb6,2026,2,,Futura,Apex,2026-08-27,2026-09-01,,2000,,Lula vs Renan Santos,Renan Santos,36.6,total,16.8,,,https://pt.wikipedia.org/w/index.php?title=Pesquisas_de_opini%C3%A3o_para_a_elei%C3%A7%C3%A3o_presidencial_no_Brasil_em_2026&oldid=73082572,wikipedia_revision,73082572,2026-09-29T15:02:36Z,unverified,,9ca942a568882bbd6b774a0d5553b585fd3c21e22108b84064e56abca54efbeb,blank_null_includes_undecided
2026-2-b42f98acb6,2026,2,,Futura,Apex,2026-08-27,2026-09-01,,2000,,Lula vs Ronaldo Caiado,Lula,44.4,total,13.1,,,https://pt.wikipedia.org/w/index.php?title=Pesquisas_de_opini%C3%A3o_para_a_elei%C3%A7%C3%A3o_presidencial_no_Brasil_em_2026&oldid=73082572,wikipedia_revision,73082572,2026-09-29T15:02:36Z,unverified,,9ca942a568882bbd6b774a0d5553b585fd3c21e22108b84064e56abca54efbeb,blank_null_includes_undecided
2026-2-b42f98acb6,2026,2,,Futura,Apex,2026-08-27,2026-09-01,,2000,,Lula vs Ronaldo Caiado,Ronaldo Caiado,42.5,total,13.1,,,https://pt.wikipedia.org/w/index.php?title=Pesquisas_de_opini%C3%A3o_para_a_elei%C3%A7%C3%A3o_presidencial_no_Brasil_em_2026&oldid=73082572,wikipedia_revision,73082572,2026-09-29T15:02:36Z,unverified,,9ca942a568882bbd6b774a0d5553b585fd3c21e22108b84064e56abca54efbeb,blank_null_includes_undecided
2026-2-b42f98acb6,2026,2,,Futura,Apex,2026-08-27,2026-09-01,,2000,,Lula vs Romeu Zema,Lula,46.7,total,14.9,,,https://pt.wikipedia.org/w/index.php?title=Pesquisas_de_opini%C3%A3o_para_a_elei%C3%A7%C3%A3o_presidencial_no_Brasil_em_2026&oldid=73082572,wikipedia_revision,73082572,2026-09-29T15:02:36Z,unverified,,9ca942a568882bbd6b774a0d5553b585fd3c21e22108b84064e56abca54efbeb,blank_null_includes_undecided
2026-2-b42f98acb6,2026,2,,Futura,Apex,2026-08-27,2026-09-01,,2000,,Lula vs Romeu Zema,Romeu Zema,38.5,total,14.9,,,https://pt.wikipedia.org/w/index.php?title=Pesquisas_de_opini%C3%A3o_para_a_elei%C3%A7%C3%A3o_presidencial_no_Brasil_em_2026&oldid=73082572,wikipedia_revision,73082572,2026-09-29T15:02:36Z,unverified,,9ca942a568882bbd6b774a0d5553b585fd3c21e22108b84064e56abca54efbeb,blank_null_includes_undecided
2026-2-b46785183e,2026,2,,Quaest,,2026-08-30,2026-09-01,,2004,,Flávio Bolsonaro vs Lula,Lula,42.0,total,17.0,,,https://pt.wikipedia.org/w/index.php?title=Pesquisas_de_opini%C3%A3o_para_a_elei%C3%A7%C3%A3o_presidencial_no_Brasil_em_2026&oldid=73082572,wikipedia_revision,73082572,2026-09-29T15:02:36Z,unverified,,9ca942a568882bbd6b774a0d5553b585fd3c21e22108b84064e56abca54efbeb,blank_null_includes_undecided
2026-2-b46785183e,2026,2,,Quaest,,2026-08-30,2026-09-01,,2004,,Flávio Bolsonaro vs Lula,Flávio Bolsonaro,41.0,total,17.0,,,https://pt.wikipedia.org/w/index.php?title=Pesquisas_de_opini%C3%A3o_para_a_elei%C3%A7%C3%A3o_presidencial_no_Brasil_em_2026&oldid=73082572,wikipedia_revision,73082572,2026-09-29T15:02:36Z,unverified,,9ca942a568882bbd6b774a0d5553b585fd3c21e22108b84064e56abca54efbeb,blank_null_includes_undecided
2026-2-b46785183e,2026,2,,Quaest,,2026-08-30,2026-09-01,,2004,,Augusto Cury vs Lula,Lula,40.0,total,26.0,,,https://pt.wikipedia.org/w/index.php?title=Pesquisas_de_opini%C3%A3o_para_a_elei%C3%A7%C3%A3o_presidencial_no_Brasil_em_2026&oldid=73082572,wikipedia_revision,73082572,2026-09-29T15:02:36Z,unverified,,9ca942a568882bbd6b774a0d5553b585fd3c21e22108b84064e56abca54efbeb,blank_null_includes_undecided
2026-2-b46785183e,2026,2,,Quaest,,2026-08-30,2026-09-01,,2004,,Augusto Cury vs Lula,Augusto Cury,34.0,total,26.0,,,https://pt.wikipedia.org/w/index.php?title=Pesquisas_de_opini%C3%A3o_para_a_elei%C3%A7%C3%A3o_presidencial_no_Brasil_em_2026&oldid=73082572,wikipedia_revision,73082572,2026-09-29T15:02:36Z,unverified,,9ca942a568882bbd6b774a0d5553b585fd3c21e22108b84064e56abca54efbeb,blank_null_includes_undecided
2026-2-b46785183e,2026,2,,Quaest,,2026-08-30,2026-09-01,,2004,,Lula vs Renan Santos,Lula,43.0,total,21.0,,,https://pt.wikipedia.org/w/index.php?title=Pesquisas_de_opini%C3%A3o_para_a_elei%C3%A7%C3%A3o_presidencial_no_Brasil_em_2026&oldid=73082572,wikipedia_revision,73082572,2026-09-29T15:02:36Z,unverified,,9ca942a568882bbd6b774a0d5553b585fd3c21e22108b84064e56abca54efbeb,blank_null_includes_undecided
2026-2-b46785183e,2026,2,,Quaest,,2026-08-30,2026-09-01,,2004,,Lula vs Renan Santos,Renan Santos,36.0,total,21.0,,,https://pt.wikipedia.org/w/index.php?title=Pesquisas_de_opini%C3%A3o_para_a_elei%C3%A7%C3%A3o_presidencial_no_Brasil_em_2026&oldid=73082572,wikipedia_revision,73082572,2026-09-29T15:02:36Z,unverified,,9ca942a568882bbd6b774a0d5553b585fd3c21e22108b84064e56abca54efbeb,blank_null_includes_undecided
2026-2-b46785183e,2026,2,,Quaest,,2026-08-30,2026-09-01,,2004,,Lula vs Ronaldo Caiado,Lula,42.0,total,21.0,,,https://pt.wikipedia.org/w/index.php?title=Pesquisas_de_opini%C3%A3o_para_a_elei%C3%A7%C3%A3o_presidencial_no_Brasil_em_2026&oldid=73082572,wikipedia_revision,73082572,2026-09-29T15:02:36Z,unverified,,9ca942a568882bbd6b774a0d5553b585fd3c21e22108b84064e56abca54efbeb,blank_null_includes_undecided
2026-2-b46785183e,2026,2,,Quaest,,2026-08-30,2026-09-01,,2004,,Lula vs Ronaldo Caiado,Ronaldo Caiado,37.0,total,21.0,,,https://pt.wikipedia.org/w/index.php?title=Pesquisas_de_opini%C3%A3o_para_a_elei%C3%A7%C3%A3o_presidencial_no_Brasil_em_2026&oldid=73082572,wikipedia_revision,73082572,2026-09-29T15:02:36Z,unverified,,9ca942a568882bbd6b774a0d5553b585fd3c21e22108b84064e56abca54efbeb,blank_null_includes_undecided
2026-2-b46785183e,2026,2,,Quaest,,2026-08-30,2026-09-01,,2004,,Lula vs Romeu Zema,Lula,44.0,total,23.0,,,https://pt.wikipedia.org/w/index.php?title=Pesquisas_de_opini%C3%A3o_para_a_elei%C3%A7%C3%A3o_presidencial_no_Brasil_em_2026&oldid=73082572,wikipedia_revision,73082572,2026-09-29T15:02:36Z,unverified,,9ca942a568882bbd6b774a0d5553b585fd3c21e22108b84064e56abca54efbeb,blank_null_includes_undecided
2026-2-b46785183e,2026,2,,Quaest,,2026-08-30,2026-09-01,,2004,,Lula vs Romeu Zema,Romeu Zema,33.0,total,23.0,,,https://pt.wikipedia.org/w/index.php?title=Pesquisas_de_opini%C3%A3o_para_a_elei%C3%A7%C3%A3o_presidencial_no_Brasil_em_2026&oldid=73082572,wikipedia_revision,73082572,2026-09-29T15:02:36Z,unverified,,9ca942a568882bbd6b774a0d5553b585fd3c21e22108b84064e56abca54efbeb,blank_null_includes_undecided
2026-2-465f0ee95a,2026,2,,Real Time Big Data,,2026-08-27,2026-08-31,,2000,,Flávio Bolsonaro vs Lula,Lula,44.0,total,12.0,,,https://pt.wikipedia.org/w/index.php?title=Pesquisas_de_opini%C3%A3o_para_a_elei%C3%A7%C3%A3o_presidencial_no_Brasil_em_2026&oldid=73082572,wikipedia_revision,73082572,2026-09-29T15:02:36Z,unverified,,9ca942a568882bbd6b774a0d5553b585fd3c21e22108b84064e56abca54efbeb,blank_null_includes_undecided
2026-2-465f0ee95a,2026,2,,Real Time Big Data,,2026-08-27,2026-08-31,,2000,,Flávio Bolsonaro vs Lula,Flávio Bolsonaro,44.0,total,12.0,,,https://pt.wikipedia.org/w/index.php?title=Pesquisas_de_opini%C3%A3o_para_a_elei%C3%A7%C3%A3o_presidencial_no_Brasil_em_2026&oldid=73082572,wikipedia_revision,73082572,2026-09-29T15:02:36Z,unverified,,9ca942a568882bbd6b774a0d5553b585fd3c21e22108b84064e56abca54efbeb,blank_null_includes_undecided
2026-2-465f0ee95a,2026,2,,Real Time Big Data,,2026-08-27,2026-08-31,,2000,,Lula vs Renan Santos,Lula,44.0,total,19.0,,,https://pt.wikipedia.org/w/index.php?title=Pesquisas_de_opini%C3%A3o_para_a_elei%C3%A7%C3%A3o_presidencial_no_Brasil_em_2026&oldid=73082572,wikipedia_revision,73082572,2026-09-29T15:02:36Z,unverified,,9ca942a568882bbd6b774a0d5553b585fd3c21e22108b84064e56abca54efbeb,blank_null_includes_undecided
2026-2-465f0ee95a,2026,2,,Real Time Big Data,,2026-08-27,2026-08-31,,2000,,Lula vs Renan Santos,Renan Santos,37.0,total,19.0,,,https://pt.wikipedia.org/w/index.php?title=Pesquisas_de_opini%C3%A3o_para_a_elei%C3%A7%C3%A3o_presidencial_no_Brasil_em_2026&oldid=73082572,wikipedia_revision,73082572,2026-09-29T15:02:36Z,unverified,,9ca942a568882bbd6b774a0d5553b585fd3c21e22108b84064e56abca54efbeb,blank_null_includes_undecided
2026-2-465f0ee95a,2026,2,,Real Time Big Data,,2026-08-27,2026-08-31,,2000,,Lula vs Ronaldo Caiado,Lula,43.0,total,12.0,,,https://pt.wikipedia.org/w/index.php?title=Pesquisas_de_opini%C3%A3o_para_a_elei%C3%A7%C3%A3o_presidencial_no_Brasil_em_2026&oldid=73082572,wikipedia_revision,73082572,2026-09-29T15:02:36Z,unverified,,9ca942a568882bbd6b774a0d5553b585fd3c21e22108b84064e56abca54efbeb,blank_null_includes_undecided
2026-2-465f0ee95a,2026,2,,Real Time Big Data,,2026-08-27,2026-08-31,,2000,,Lula vs Ronaldo Caiado,Ronaldo Caiado,45.0,total,12.0,,,https://pt.wikipedia.org/w/index.php?title=Pesquisas_de_opini%C3%A3o_para_a_elei%C3%A7%C3%A3o_presidencial_no_Brasil_em_2026&oldid=73082572,wikipedia_revision,73082572,2026-09-29T15:02:36Z,unverified,,9ca942a568882bbd6b774a0d5553b585fd3c21e22108b84064e56abca54efbeb,blank_null_includes_undecided
2026-2-465f0ee95a,2026,2,,Real Time Big Data,,2026-08-27,2026-08-31,,2000,,Lula vs Romeu Zema,Lula,43.0,total,17.0,,,https://pt.wikipedia.org/w/index.php?title=Pesquisas_de_opini%C3%A3o_para_a_elei%C3%A7%C3%A3o_presidencial_no_Brasil_em_2026&oldid=73082572,wikipedia_revision,73082572,2026-09-29T15:02:36Z,unverified,,9ca942a568882bbd6b774a0d5553b585fd3c21e22108b84064e56abca54efbeb,blank_null_includes_undecided
2026-2-465f0ee95a,2026,2,,Real Time Big Data,,2026-08-27,2026-08-31,,2000,,Lula vs Romeu Zema,Romeu Zema,40.0,total,17.0,,,https://pt.wikipedia.org/w/index.php?title=Pesquisas_de_opini%C3%A3o_para_a_elei%C3%A7%C3%A3o_presidencial_no_Brasil_em_2026&oldid=73082572,wikipedia_revision,73082572,2026-09-29T15:02:36Z,unverified,,9ca942a568882bbd6b774a0d5553b585fd3c21e22108b84064e56abca54efbeb,blank_null_includes_undecided
2026-2-465f0ee95a,2026,2,,Real Time Big Data,,2026-08-27,2026-08-31,,2000,,Lula vs Pablo Marçal,Lula,44.0,total,16.0,,,https://pt.wikipedia.org/w/index.php?title=Pesquisas_de_opini%C3%A3o_para_a_elei%C3%A7%C3%A3o_presidencial_no_Brasil_em_2026&oldid=73082572,wikipedia_revision,73082572,2026-09-29T15:02:36Z,unverified,,9ca942a568882bbd6b774a0d5553b585fd3c21e22108b84064e56abca54efbeb,blank_null_includes_undecided
2026-2-465f0ee95a,2026,2,,Real Time Big Data,,2026-08-27,2026-08-31,,2000,,Lula vs Pablo Marçal,Pablo Marçal,40.0,total,16.0,,,https://pt.wikipedia.org/w/index.php?title=Pesquisas_de_opini%C3%A3o_para_a_elei%C3%A7%C3%A3o_presidencial_no_Brasil_em_2026&oldid=73082572,wikipedia_revision,73082572,2026-09-29T15:02:36Z,unverified,,9ca942a568882bbd6b774a0d5553b585fd3c21e22108b84064e56abca54efbeb,blank_null_includes_undecided
2026-2-499a2736ee,2026,2,,AtlasIntel,,2026-08-25,2026-08-30,,5014,,Flávio Bolsonaro vs Lula,Lula,47.1,total,10.3,,,https://pt.wikipedia.org/w/index.php?title=Pesquisas_de_opini%C3%A3o_para_a_elei%C3%A7%C3%A3o_presidencial_no_Brasil_em_2026&oldid=73082572,wikipedia_revision,73082572,2026-09-29T15:02:36Z,unverified,,9ca942a568882bbd6b774a0d5553b585fd3c21e22108b84064e56abca54efbeb,blank_null_includes_undecided
2026-2-499a2736ee,2026,2,,AtlasIntel,,2026-08-25,2026-08-30,,5014,,Flávio Bolsonaro vs Lula,Flávio Bolsonaro,42.6,total,10.3,,,https://pt.wikipedia.org/w/index.php?title=Pesquisas_de_opini%C3%A3o_para_a_elei%C3%A7%C3%A3o_presidencial_no_Brasil_em_2026&oldid=73082572,wikipedia_revision,73082572,2026-09-29T15:02:36Z,unverified,,9ca942a568882bbd6b774a0d5553b585fd3c21e22108b84064e56abca54efbeb,blank_null_includes_undecided
2026-2-499a2736ee,2026,2,,AtlasIntel,,2026-08-25,2026-08-30,,5014,,Lula vs Renan Santos,Lula,47.5,total,26.6,,,https://pt.wikipedia.org/w/index.php?title=Pesquisas_de_opini%C3%A3o_para_a_elei%C3%A7%C3%A3o_presidencial_no_Brasil_em_2026&oldid=73082572,wikipedia_revision,73082572,2026-09-29T15:02:36Z,unverified,,9ca942a568882bbd6b774a0d5553b585fd3c21e22108b84064e56abca54efbeb,blank_null_includes_undecided
2026-2-499a2736ee,2026,2,,AtlasIntel,,2026-08-25,2026-08-30,,5014,,Lula vs Renan Santos,Renan Santos,26.0,total,26.6,,,https://pt.wikipedia.org/w/index.php?title=Pesquisas_de_opini%C3%A3o_para_a_elei%C3%A7%C3%A3o_presidencial_no_Brasil_em_2026&oldid=73082572,wikipedia_revision,73082572,2026-09-29T15:02:36Z,unverified,,9ca942a568882bbd6b774a0d5553b585fd3c21e22108b84064e56abca54efbeb,blank_null_includes_undecided
2026-2-499a2736ee,2026,2,,AtlasIntel,,2026-08-25,2026-08-30,,5014,,Lula vs Ronaldo Caiado,Lula,46.6,total,12.3,,,https://pt.wikipedia.org/w/index.php?title=Pesquisas_de_opini%C3%A3o_para_a_elei%C3%A7%C3%A3o_presidencial_no_Brasil_em_2026&oldid=73082572,wikipedia_revision,73082572,2026-09-29T15:02:36Z,unverified,,9ca942a568882bbd6b774a0d5553b585fd3c21e22108b84064e56abca54efbeb,blank_null_includes_undecided
2026-2-499a2736ee,2026,2,,AtlasIntel,,2026-08-25,2026-08-30,,5014,,Lula vs Ronaldo Caiado,Ronaldo Caiado,41.0,total,12.3,,,https://pt.wikipedia.org/w/index.php?title=Pesquisas_de_opini%C3%A3o_para_a_elei%C3%A7%C3%A3o_presidencial_no_Brasil_em_2026&oldid=73082572,wikipedia_revision,73082572,2026-09-29T15:02:36Z,unverified,,9ca942a568882bbd6b774a0d5553b585fd3c21e22108b84064e56abca54efbeb,blank_null_includes_undecided
2026-2-499a2736ee,2026,2,,AtlasIntel,,2026-08-25,2026-08-30,,5014,,Lula vs Romeu Zema,Lula,47.0,total,12.3,,,https://pt.wikipedia.org/w/index.php?title=Pesquisas_de_opini%C3%A3o_para_a_elei%C3%A7%C3%A3o_presidencial_no_Brasil_em_2026&oldid=73082572,wikipedia_revision,73082572,2026-09-29T15:02:36Z,unverified,,9ca942a568882bbd6b774a0d5553b585fd3c21e22108b84064e56abca54efbeb,blank_null_includes_undecided
2026-2-499a2736ee,2026,2,,AtlasIntel,,2026-08-25,2026-08-30,,5014,,Lula vs Romeu Zema,Romeu Zema,40.7,total,12.3,,,https://pt.wikipedia.org/w/index.php?title=Pesquisas_de_opini%C3%A3o_para_a_elei%C3%A7%C3%A3o_presidencial_no_Brasil_em_2026&oldid=73082572,wikipedia_revision,73082572,2026-09-29T15:02:36Z,unverified,,9ca942a568882bbd6b774a0d5553b585fd3c21e22108b84064e56abca54efbeb,blank_null_includes_undecided
2026-2-499a2736ee,2026,2,,AtlasIntel,,2026-08-25,2026-08-30,,5014,,Jair Bolsonaro vs Lula,Lula,46.8,total,9.1,,,https://pt.wikipedia.org/w/index.php?title=Pesquisas_de_opini%C3%A3o_para_a_elei%C3%A7%C3%A3o_presidencial_no_Brasil_em_2026&oldid=73082572,wikipedia_revision,73082572,2026-09-29T15:02:36Z,unverified,,9ca942a568882bbd6b774a0d5553b585fd3c21e22108b84064e56abca54efbeb,blank_null_includes_undecided
2026-2-499a2736ee,2026,2,,AtlasIntel,,2026-08-25,2026-08-30,,5014,,Jair Bolsonaro vs Lula,Jair Bolsonaro,44.1,total,9.1,,,https://pt.wikipedia.org/w/index.php?title=Pesquisas_de_opini%C3%A3o_para_a_elei%C3%A7%C3%A3o_presidencial_no_Brasil_em_2026&oldid=73082572,wikipedia_revision,73082572,2026-09-29T15:02:36Z,unverified,,9ca942a568882bbd6b774a0d5553b585fd3c21e22108b84064e56abca54efbeb,blank_null_includes_undecided
2026-2-81677c4566,2026,2,,Nexus,BTG Pactual,2026-08-28,2026-08-30,,2005,,Flávio Bolsonaro vs Lula,Lula,46.0,total,9.0,,,https://pt.wikipedia.org/w/index.php?title=Pesquisas_de_opini%C3%A3o_para_a_elei%C3%A7%C3%A3o_presidencial_no_Brasil_em_2026&oldid=73082572,wikipedia_revision,73082572,2026-09-29T15:02:36Z,unverified,,9ca942a568882bbd6b774a0d5553b585fd3c21e22108b84064e56abca54efbeb,blank_null_includes_undecided
2026-2-81677c4566,2026,2,,Nexus,BTG Pactual,2026-08-28,2026-08-30,,2005,,Flávio Bolsonaro vs Lula,Flávio Bolsonaro,45.0,total,9.0,,,https://pt.wikipedia.org/w/index.php?title=Pesquisas_de_opini%C3%A3o_para_a_elei%C3%A7%C3%A3o_presidencial_no_Brasil_em_2026&oldid=73082572,wikipedia_revision,73082572,2026-09-29T15:02:36Z,unverified,,9ca942a568882bbd6b774a0d5553b585fd3c21e22108b84064e56abca54efbeb,blank_null_includes_undecided
2026-2-81677c4566,2026,2,,Nexus,BTG Pactual,2026-08-28,2026-08-30,,2005,,Lula vs Renan Santos,Lula,47.0,total,15.0,,,https://pt.wikipedia.org/w/index.php?title=Pesquisas_de_opini%C3%A3o_para_a_elei%C3%A7%C3%A3o_presidencial_no_Brasil_em_2026&oldid=73082572,wikipedia_revision,73082572,2026-09-29T15:02:36Z,unverified,,9ca942a568882bbd6b774a0d5553b585fd3c21e22108b84064e56abca54efbeb,blank_null_includes_undecided
2026-2-81677c4566,2026,2,,Nexus,BTG Pactual,2026-08-28,2026-08-30,,2005,,Lula vs Renan Santos,Renan Santos,38.0,total,15.0,,,https://pt.wikipedia.org/w/index.php?title=Pesquisas_de_opini%C3%A3o_para_a_elei%C3%A7%C3%A3o_presidencial_no_Brasil_em_2026&oldid=73082572,wikipedia_revision,73082572,2026-09-29T15:02:36Z,unverified,,9ca942a568882bbd6b774a0d5553b585fd3c21e22108b84064e56abca54efbeb,blank_null_includes_undecided
2026-2-81677c4566,2026,2,,Nexus,BTG Pactual,2026-08-28,2026-08-30,,2005,,Lula vs Ronaldo Caiado,Lula,45.0,total,11.0,,,https://pt.wikipedia.org/w/index.php?title=Pesquisas_de_opini%C3%A3o_para_a_elei%C3%A7%C3%A3o_presidencial_no_Brasil_em_2026&oldid=73082572,wikipedia_revision,73082572,2026-09-29T15:02:36Z,unverified,,9ca942a568882bbd6b774a0d5553b585fd3c21e22108b84064e56abca54efbeb,blank_null_includes_undecided
2026-2-81677c4566,2026,2,,Nexus,BTG Pactual,2026-08-28,2026-08-30,,2005,,Lula vs Ronaldo Caiado,Ronaldo Caiado,44.0,total,11.0,,,https://pt.wikipedia.org/w/index.php?title=Pesquisas_de_opini%C3%A3o_para_a_elei%C3%A7%C3%A3o_presidencial_no_Brasil_em_2026&oldid=73082572,wikipedia_revision,73082572,2026-09-29T15:02:36Z,unverified,,9ca942a568882bbd6b774a0d5553b585fd3c21e22108b84064e56abca54efbeb,blank_null_includes_undecided
2026-2-81677c4566,2026,2,,Nexus,BTG Pactual,2026-08-28,2026-08-30,,2005,,Lula vs Romeu Zema,Lula,46.0,total,13.0,,,https://pt.wikipedia.org/w/index.php?title=Pesquisas_de_opini%C3%A3o_para_a_elei%C3%A7%C3%A3o_presidencial_no_Brasil_em_2026&oldid=73082572,wikipedia_revision,73082572,2026-09-29T15:02:36Z,unverified,,9ca942a568882bbd6b774a0d5553b585fd3c21e22108b84064e56abca54efbeb,blank_null_includes_undecided
2026-2-81677c4566,2026,2,,Nexus,BTG Pactual,2026-08-28,2026-08-30,,2005,,Lula vs Romeu Zema,Romeu Zema,41.0,total,13.0,,,https://pt.wikipedia.org/w/index.php?title=Pesquisas_de_opini%C3%A3o_para_a_elei%C3%A7%C3%A3o_presidencial_no_Brasil_em_2026&oldid=73082572,wikipedia_revision,73082572,2026-09-29T15:02:36Z,unverified,,9ca942a568882bbd6b774a0d5553b585fd3c21e22108b84064e56abca54efbeb,blank_null_includes_undecided
2026-2-a40be9ee26,2026,2,,Vox Brasil,,2026-08-25,2026-08-27,,2100,,Flávio Bolsonaro vs Lula,Lula,44.5,total,10.4,,,https://pt.wikipedia.org/w/index.php?title=Pesquisas_de_opini%C3%A3o_para_a_elei%C3%A7%C3%A3o_presidencial_no_Brasil_em_2026&oldid=73082572,wikipedia_revision,73082572,2026-09-29T15:02:36Z,unverified,,9ca942a568882bbd6b774a0d5553b585fd3c21e22108b84064e56abca54efbeb,blank_null_includes_undecided
2026-2-a40be9ee26,2026,2,,Vox Brasil,,2026-08-25,2026-08-27,,2100,,Flávio Bolsonaro vs Lula,Flávio Bolsonaro,45.1,total,10.4,,,https://pt.wikipedia.org/w/index.php?title=Pesquisas_de_opini%C3%A3o_para_a_elei%C3%A7%C3%A3o_presidencial_no_Brasil_em_2026&oldid=73082572,wikipedia_revision,73082572,2026-09-29T15:02:36Z,unverified,,9ca942a568882bbd6b774a0d5553b585fd3c21e22108b84064e56abca54efbeb,blank_null_includes_undecided
2026-2-a40be9ee26,2026,2,,Vox Brasil,,2026-08-25,2026-08-27,,2100,,Lula vs Ronaldo Caiado,Lula,45.5,total,13.4,,,https://pt.wikipedia.org/w/index.php?title=Pesquisas_de_opini%C3%A3o_para_a_elei%C3%A7%C3%A3o_presidencial_no_Brasil_em_2026&oldid=73082572,wikipedia_revision,73082572,2026-09-29T15:02:36Z,unverified,,9ca942a568882bbd6b774a0d5553b585fd3c21e22108b84064e56abca54efbeb,blank_null_includes_undecided
2026-2-a40be9ee26,2026,2,,Vox Brasil,,2026-08-25,2026-08-27,,2100,,Lula vs Ronaldo Caiado,Ronaldo Caiado,41.1,total,13.4,,,https://pt.wikipedia.org/w/index.php?title=Pesquisas_de_opini%C3%A3o_para_a_elei%C3%A7%C3%A3o_presidencial_no_Brasil_em_2026&oldid=73082572,wikipedia_revision,73082572,2026-09-29T15:02:36Z,unverified,,9ca942a568882bbd6b774a0d5553b585fd3c21e22108b84064e56abca54efbeb,blank_null_includes_undecided
2026-2-a40be9ee26,2026,2,,Vox Brasil,,2026-08-25,2026-08-27,,2100,,Lula vs Romeu Zema,Lula,45.5,total,15.2,,,https://pt.wikipedia.org/w/index.php?title=Pesquisas_de_opini%C3%A3o_para_a_elei%C3%A7%C3%A3o_presidencial_no_Brasil_em_2026&oldid=73082572,wikipedia_revision,73082572,2026-09-29T15:02:36Z,unverified,,9ca942a568882bbd6b774a0d5553b585fd3c21e22108b84064e56abca54efbeb,blank_null_includes_undecided
2026-2-a40be9ee26,2026,2,,Vox Brasil,,2026-08-25,2026-08-27,,2100,,Lula vs Romeu Zema,Romeu Zema,39.3,total,15.2,,,https://pt.wikipedia.org/w/index.php?title=Pesquisas_de_opini%C3%A3o_para_a_elei%C3%A7%C3%A3o_presidencial_no_Brasil_em_2026&oldid=73082572,wikipedia_revision,73082572,2026-09-29T15:02:36Z,unverified,,9ca942a568882bbd6b774a0d5553b585fd3c21e22108b84064e56abca54efbeb,blank_null_includes_undecided
2026-2-665573d1d2,2026,2,,PoderData,Aya,2026-08-23,2026-08-26,,2400,,Flávio Bolsonaro vs Lula,Lula,45.0,total,11.0,,,https://pt.wikipedia.org/w/index.php?title=Pesquisas_de_opini%C3%A3o_para_a_elei%C3%A7%C3%A3o_presidencial_no_Brasil_em_2026&oldid=73082572,wikipedia_revision,73082572,2026-09-29T15:02:36Z,unverified,,9ca942a568882bbd6b774a0d5553b585fd3c21e22108b84064e56abca54efbeb,blank_null_includes_undecided
2026-2-665573d1d2,2026,2,,PoderData,Aya,2026-08-23,2026-08-26,,2400,,Flávio Bolsonaro vs Lula,Flávio Bolsonaro,44.0,total,11.0,,,https://pt.wikipedia.org/w/index.php?title=Pesquisas_de_opini%C3%A3o_para_a_elei%C3%A7%C3%A3o_presidencial_no_Brasil_em_2026&oldid=73082572,wikipedia_revision,73082572,2026-09-29T15:02:36Z,unverified,,9ca942a568882bbd6b774a0d5553b585fd3c21e22108b84064e56abca54efbeb,blank_null_includes_undecided
2026-2-665573d1d2,2026,2,,PoderData,Aya,2026-08-23,2026-08-26,,2400,,Lula vs Renan Santos,Lula,44.0,total,19.0,,,https://pt.wikipedia.org/w/index.php?title=Pesquisas_de_opini%C3%A3o_para_a_elei%C3%A7%C3%A3o_presidencial_no_Brasil_em_2026&oldid=73082572,wikipedia_revision,73082572,2026-09-29T15:02:36Z,unverified,,9ca942a568882bbd6b774a0d5553b585fd3c21e22108b84064e56abca54efbeb,blank_null_includes_undecided
2026-2-665573d1d2,2026,2,,PoderData,Aya,2026-08-23,2026-08-26,,2400,,Lula vs Renan Santos,Renan Santos,37.0,total,19.0,,,https://pt.wikipedia.org/w/index.php?title=Pesquisas_de_opini%C3%A3o_para_a_elei%C3%A7%C3%A3o_presidencial_no_Brasil_em_2026&oldid=73082572,wikipedia_revision,73082572,2026-09-29T15:02:36Z,unverified,,9ca942a568882bbd6b774a0d5553b585fd3c21e22108b84064e56abca54efbeb,blank_null_includes_undecided
2026-2-665573d1d2,2026,2,,PoderData,Aya,2026-08-23,2026-08-26,,2400,,Lula vs Ronaldo Caiado,Lula,43.0,total,13.0,,,https://pt.wikipedia.org/w/index.php?title=Pesquisas_de_opini%C3%A3o_para_a_elei%C3%A7%C3%A3o_presidencial_no_Brasil_em_2026&oldid=73082572,wikipedia_revision,73082572,2026-09-29T15:02:36Z,unverified,,9ca942a568882bbd6b774a0d5553b585fd3c21e22108b84064e56abca54efbeb,blank_null_includes_undecided
2026-2-665573d1d2,2026,2,,PoderData,Aya,2026-08-23,2026-08-26,,2400,,Lula vs Ronaldo Caiado,Ronaldo Caiado,44.0,total,13.0,,,https://pt.wikipedia.org/w/index.php?title=Pesquisas_de_opini%C3%A3o_para_a_elei%C3%A7%C3%A3o_presidencial_no_Brasil_em_2026&oldid=73082572,wikipedia_revision,73082572,2026-09-29T15:02:36Z,unverified,,9ca942a568882bbd6b774a0d5553b585fd3c21e22108b84064e56abca54efbeb,blank_null_includes_undecided
2026-2-665573d1d2,2026,2,,PoderData,Aya,2026-08-23,2026-08-26,,2400,,Lula vs Romeu Zema,Lula,44.0,total,13.0,,,https://pt.wikipedia.org/w/index.php?title=Pesquisas_de_opini%C3%A3o_para_a_elei%C3%A7%C3%A3o_presidencial_no_Brasil_em_2026&oldid=73082572,wikipedia_revision,73082572,2026-09-29T15:02:36Z,unverified,,9ca942a568882bbd6b774a0d5553b585fd3c21e22108b84064e56abca54efbeb,blank_null_includes_undecided
2026-2-665573d1d2,2026,2,,PoderData,Aya,2026-08-23,2026-08-26,,2400,,Lula vs Romeu Zema,Romeu Zema,43.0,total,13.0,,,https://pt.wikipedia.org/w/index.php?title=Pesquisas_de_opini%C3%A3o_para_a_elei%C3%A7%C3%A3o_presidencial_no_Brasil_em_2026&oldid=73082572,wikipedia_revision,73082572,2026-09-29T15:02:36Z,unverified,,9ca942a568882bbd6b774a0d5553b585fd3c21e22108b84064e56abca54efbeb,blank_null_includes_undecided
2026-2-a9264ef661,2026,2,,Gerp,,2026-08-21,2026-08-25,,2400,,Flávio Bolsonaro vs Lula,Lula,42.0,total,11.0,,,https://pt.wikipedia.org/w/index.php?title=Pesquisas_de_opini%C3%A3o_para_a_elei%C3%A7%C3%A3o_presidencial_no_Brasil_em_2026&oldid=73082572,wikipedia_revision,73082572,2026-09-29T15:02:36Z,unverified,,9ca942a568882bbd6b774a0d5553b585fd3c21e22108b84064e56abca54efbeb,blank_null_includes_undecided
2026-2-a9264ef661,2026,2,,Gerp,,2026-08-21,2026-08-25,,2400,,Flávio Bolsonaro vs Lula,Flávio Bolsonaro,47.0,total,11.0,,,https://pt.wikipedia.org/w/index.php?title=Pesquisas_de_opini%C3%A3o_para_a_elei%C3%A7%C3%A3o_presidencial_no_Brasil_em_2026&oldid=73082572,wikipedia_revision,73082572,2026-09-29T15:02:36Z,unverified,,9ca942a568882bbd6b774a0d5553b585fd3c21e22108b84064e56abca54efbeb,blank_null_includes_undecided
2026-2-a840345ffc,2026,2,,Indexa,Broadcast,2026-08-20,2026-08-23,,2000,,Flávio Bolsonaro vs Lula,Lula,46.0,total,13.0,,,https://pt.wikipedia.org/w/index.php?title=Pesquisas_de_opini%C3%A3o_para_a_elei%C3%A7%C3%A3o_presidencial_no_Brasil_em_2026&oldid=73082572,wikipedia_revision,73082572,2026-09-29T15:02:36Z,unverified,,9ca942a568882bbd6b774a0d5553b585fd3c21e22108b84064e56abca54efbeb,blank_null_includes_undecided
2026-2-a840345ffc,2026,2,,Indexa,Broadcast,2026-08-20,2026-08-23,,2000,,Flávio Bolsonaro vs Lula,Flávio Bolsonaro,41.0,total,13.0,,,https://pt.wikipedia.org/w/index.php?title=Pesquisas_de_opini%C3%A3o_para_a_elei%C3%A7%C3%A3o_presidencial_no_Brasil_em_2026&oldid=73082572,wikipedia_revision,73082572,2026-09-29T15:02:36Z,unverified,,9ca942a568882bbd6b774a0d5553b585fd3c21e22108b84064e56abca54efbeb,blank_null_includes_undecided
2026-2-a840345ffc,2026,2,,Indexa,Broadcast,2026-08-20,2026-08-23,,2000,,Lula vs Renan Santos,Lula,46.0,total,20.0,,,https://pt.wikipedia.org/w/index.php?title=Pesquisas_de_opini%C3%A3o_para_a_elei%C3%A7%C3%A3o_presidencial_no_Brasil_em_2026&oldid=73082572,wikipedia_revision,73082572,2026-09-29T15:02:36Z,unverified,,9ca942a568882bbd6b774a0d5553b585fd3c21e22108b84064e56abca54efbeb,blank_null_includes_undecided
2026-2-a840345ffc,2026,2,,Indexa,Broadcast,2026-08-20,2026-08-23,,2000,,Lula vs Renan Santos,Renan Santos,34.0,total,20.0,,,https://pt.wikipedia.org/w/index.php?title=Pesquisas_de_opini%C3%A3o_para_a_elei%C3%A7%C3%A3o_presidencial_no_Brasil_em_2026&oldid=73082572,wikipedia_revision,73082572,2026-09-29T15:02:36Z,unverified,,9ca942a568882bbd6b774a0d5553b585fd3c21e22108b84064e56abca54efbeb,blank_null_includes_undecided
2026-2-a840345ffc,2026,2,,Indexa,Broadcast,2026-08-20,2026-08-23,,2000,,Lula vs Ronaldo Caiado,Lula,44.0,total,18.0,,,https://pt.wikipedia.org/w/index.php?title=Pesquisas_de_opini%C3%A3o_para_a_elei%C3%A7%C3%A3o_presidencial_no_Brasil_em_2026&oldid=73082572,wikipedia_revision,73082572,2026-09-29T15:02:36Z,unverified,,9ca942a568882bbd6b774a0d5553b585fd3c21e22108b84064e56abca54efbeb,blank_null_includes_undecided
2026-2-a840345ffc,2026,2,,Indexa,Broadcast,2026-08-20,2026-08-23,,2000,,Lula vs Ronaldo Caiado,Ronaldo Caiado,38.0,total,18.0,,,https://pt.wikipedia.org/w/index.php?title=Pesquisas_de_opini%C3%A3o_para_a_elei%C3%A7%C3%A3o_presidencial_no_Brasil_em_2026&oldid=73082572,wikipedia_revision,73082572,2026-09-29T15:02:36Z,unverified,,9ca942a568882bbd6b774a0d5553b585fd3c21e22108b84064e56abca54efbeb,blank_null_includes_undecided
2026-2-a840345ffc,2026,2,,Indexa,Broadcast,2026-08-20,2026-08-23,,2000,,Lula vs Romeu Zema,Lula,45.0,total,21.0,,,https://pt.wikipedia.org/w/index.php?title=Pesquisas_de_opini%C3%A3o_para_a_elei%C3%A7%C3%A3o_presidencial_no_Brasil_em_2026&oldid=73082572,wikipedia_revision,73082572,2026-09-29T15:02:36Z,unverified,,9ca942a568882bbd6b774a0d5553b585fd3c21e22108b84064e56abca54efbeb,blank_null_includes_undecided
2026-2-a840345ffc,2026,2,,Indexa,Broadcast,2026-08-20,2026-08-23,,2000,,Lula vs Romeu Zema,Romeu Zema,34.0,total,21.0,,,https://pt.wikipedia.org/w/index.php?title=Pesquisas_de_opini%C3%A3o_para_a_elei%C3%A7%C3%A3o_presidencial_no_Brasil_em_2026&oldid=73082572,wikipedia_revision,73082572,2026-09-29T15:02:36Z,unverified,,9ca942a568882bbd6b774a0d5553b585fd3c21e22108b84064e56abca54efbeb,blank_null_includes_undecided
2026-2-a8f9dad70d,2026,2,,Nexus,BTG Pactual,2026-08-21,2026-08-23,,2006,,Flávio Bolsonaro vs Lula,Lula,46.0,total,9.0,,,https://pt.wikipedia.org/w/index.php?title=Pesquisas_de_opini%C3%A3o_para_a_elei%C3%A7%C3%A3o_presidencial_no_Brasil_em_2026&oldid=73082572,wikipedia_revision,73082572,2026-09-29T15:02:36Z,unverified,,9ca942a568882bbd6b774a0d5553b585fd3c21e22108b84064e56abca54efbeb,blank_null_includes_undecided
2026-2-a8f9dad70d,2026,2,,Nexus,BTG Pactual,2026-08-21,2026-08-23,,2006,,Flávio Bolsonaro vs Lula,Flávio Bolsonaro,45.0,total,9.0,,,https://pt.wikipedia.org/w/index.php?title=Pesquisas_de_opini%C3%A3o_para_a_elei%C3%A7%C3%A3o_presidencial_no_Brasil_em_2026&oldid=73082572,wikipedia_revision,73082572,2026-09-29T15:02:36Z,unverified,,9ca942a568882bbd6b774a0d5553b585fd3c21e22108b84064e56abca54efbeb,blank_null_includes_undecided
2026-2-a8f9dad70d,2026,2,,Nexus,BTG Pactual,2026-08-21,2026-08-23,,2006,,Lula vs Renan Santos,Lula,47.0,total,17.0,,,https://pt.wikipedia.org/w/index.php?title=Pesquisas_de_opini%C3%A3o_para_a_elei%C3%A7%C3%A3o_presidencial_no_Brasil_em_2026&oldid=73082572,wikipedia_revision,73082572,2026-09-29T15:02:36Z,unverified,,9ca942a568882bbd6b774a0d5553b585fd3c21e22108b84064e56abca54efbeb,blank_null_includes_undecided
2026-2-a8f9dad70d,2026,2,,Nexus,BTG Pactual,2026-08-21,2026-08-23,,2006,,Lula vs Renan Santos,Renan Santos,35.0,total,17.0,,,https://pt.wikipedia.org/w/index.php?title=Pesquisas_de_opini%C3%A3o_para_a_elei%C3%A7%C3%A3o_presidencial_no_Brasil_em_2026&oldid=73082572,wikipedia_revision,73082572,2026-09-29T15:02:36Z,unverified,,9ca942a568882bbd6b774a0d5553b585fd3c21e22108b84064e56abca54efbeb,blank_null_includes_undecided
2026-2-a8f9dad70d,2026,2,,Nexus,BTG Pactual,2026-08-21,2026-08-23,,2006,,Lula vs Ronaldo Caiado,Lula,46.0,total,13.0,,,https://pt.wikipedia.org/w/index.php?title=Pesquisas_de_opini%C3%A3o_para_a_elei%C3%A7%C3%A3o_presidencial_no_Brasil_em_2026&oldid=73082572,wikipedia_revision,73082572,2026-09-29T15:02:36Z,unverified,,9ca942a568882bbd6b774a0d5553b585fd3c21e22108b84064e56abca54efbeb,blank_null_includes_undecided
2026-2-a8f9dad70d,2026,2,,Nexus,BTG Pactual,2026-08-21,2026-08-23,,2006,,Lula vs Ronaldo Caiado,Ronaldo Caiado,42.0,total,13.0,,,https://pt.wikipedia.org/w/index.php?title=Pesquisas_de_opini%C3%A3o_para_a_elei%C3%A7%C3%A3o_presidencial_no_Brasil_em_2026&oldid=73082572,wikipedia_revision,73082572,2026-09-29T15:02:36Z,unverified,,9ca942a568882bbd6b774a0d5553b585fd3c21e22108b84064e56abca54efbeb,blank_null_includes_undecided
2026-2-a8f9dad70d,2026,2,,Nexus,BTG Pactual,2026-08-21,2026-08-23,,2006,,Lula vs Romeu Zema,Lula,47.0,total,13.0,,,https://pt.wikipedia.org/w/index.php?title=Pesquisas_de_opini%C3%A3o_para_a_elei%C3%A7%C3%A3o_presidencial_no_Brasil_em_2026&oldid=73082572,wikipedia_revision,73082572,2026-09-29T15:02:36Z,unverified,,9ca942a568882bbd6b774a0d5553b585fd3c21e22108b84064e56abca54efbeb,blank_null_includes_undecided
2026-2-a8f9dad70d,2026,2,,Nexus,BTG Pactual,2026-08-21,2026-08-23,,2006,,Lula vs Romeu Zema,Romeu Zema,40.0,total,13.0,,,https://pt.wikipedia.org/w/index.php?title=Pesquisas_de_opini%C3%A3o_para_a_elei%C3%A7%C3%A3o_presidencial_no_Brasil_em_2026&oldid=73082572,wikipedia_revision,73082572,2026-09-29T15:02:36Z,unverified,,9ca942a568882bbd6b774a0d5553b585fd3c21e22108b84064e56abca54efbeb,blank_null_includes_undecided
2026-2-0a305eeca8,2026,2,,Datafolha,,2026-08-18,2026-08-20,,2058,,Flávio Bolsonaro vs Lula,Lula,47.0,total,11.0,,,https://pt.wikipedia.org/w/index.php?title=Pesquisas_de_opini%C3%A3o_para_a_elei%C3%A7%C3%A3o_presidencial_no_Brasil_em_2026&oldid=73082572,wikipedia_revision,73082572,2026-09-29T15:02:36Z,unverified,,9ca942a568882bbd6b774a0d5553b585fd3c21e22108b84064e56abca54efbeb,blank_null_includes_undecided
2026-2-0a305eeca8,2026,2,,Datafolha,,2026-08-18,2026-08-20,,2058,,Flávio Bolsonaro vs Lula,Flávio Bolsonaro,43.0,total,11.0,,,https://pt.wikipedia.org/w/index.php?title=Pesquisas_de_opini%C3%A3o_para_a_elei%C3%A7%C3%A3o_presidencial_no_Brasil_em_2026&oldid=73082572,wikipedia_revision,73082572,2026-09-29T15:02:36Z,unverified,,9ca942a568882bbd6b774a0d5553b585fd3c21e22108b84064e56abca54efbeb,blank_null_includes_undecided
2026-2-0a305eeca8,2026,2,,Datafolha,,2026-08-18,2026-08-20,,2058,,Lula vs Renan Santos,Lula,47.0,total,16.0,,,https://pt.wikipedia.org/w/index.php?title=Pesquisas_de_opini%C3%A3o_para_a_elei%C3%A7%C3%A3o_presidencial_no_Brasil_em_2026&oldid=73082572,wikipedia_revision,73082572,2026-09-29T15:02:36Z,unverified,,9ca942a568882bbd6b774a0d5553b585fd3c21e22108b84064e56abca54efbeb,blank_null_includes_undecided
2026-2-0a305eeca8,2026,2,,Datafolha,,2026-08-18,2026-08-20,,2058,,Lula vs Renan Santos,Renan Santos,37.0,total,16.0,,,https://pt.wikipedia.org/w/index.php?title=Pesquisas_de_opini%C3%A3o_para_a_elei%C3%A7%C3%A3o_presidencial_no_Brasil_em_2026&oldid=73082572,wikipedia_revision,73082572,2026-09-29T15:02:36Z,unverified,,9ca942a568882bbd6b774a0d5553b585fd3c21e22108b84064e56abca54efbeb,blank_null_includes_undecided
2026-2-0a305eeca8,2026,2,,Datafolha,,2026-08-18,2026-08-20,,2058,,Lula vs Ronaldo Caiado,Lula,47.0,total,14.0,,,https://pt.wikipedia.org/w/index.php?title=Pesquisas_de_opini%C3%A3o_para_a_elei%C3%A7%C3%A3o_presidencial_no_Brasil_em_2026&oldid=73082572,wikipedia_revision,73082572,2026-09-29T15:02:36Z,unverified,,9ca942a568882bbd6b774a0d5553b585fd3c21e22108b84064e56abca54efbeb,blank_null_includes_undecided
2026-2-0a305eeca8,2026,2,,Datafolha,,2026-08-18,2026-08-20,,2058,,Lula vs Ronaldo Caiado,Ronaldo Caiado,40.0,total,14.0,,,https://pt.wikipedia.org/w/index.php?title=Pesquisas_de_opini%C3%A3o_para_a_elei%C3%A7%C3%A3o_presidencial_no_Brasil_em_2026&oldid=73082572,wikipedia_revision,73082572,2026-09-29T15:02:36Z,unverified,,9ca942a568882bbd6b774a0d5553b585fd3c21e22108b84064e56abca54efbeb,blank_null_includes_undecided
2026-2-0a305eeca8,2026,2,,Datafolha,,2026-08-18,2026-08-20,,2058,,Lula vs Romeu Zema,Lula,48.0,total,14.0,,,https://pt.wikipedia.org/w/index.php?title=Pesquisas_de_opini%C3%A3o_para_a_elei%C3%A7%C3%A3o_presidencial_no_Brasil_em_2026&oldid=73082572,wikipedia_revision,73082572,2026-09-29T15:02:36Z,unverified,,9ca942a568882bbd6b774a0d5553b585fd3c21e22108b84064e56abca54efbeb,blank_null_includes_undecided
2026-2-0a305eeca8,2026,2,,Datafolha,,2026-08-18,2026-08-20,,2058,,Lula vs Romeu Zema,Romeu Zema,38.0,total,14.0,,,https://pt.wikipedia.org/w/index.php?title=Pesquisas_de_opini%C3%A3o_para_a_elei%C3%A7%C3%A3o_presidencial_no_Brasil_em_2026&oldid=73082572,wikipedia_revision,73082572,2026-09-29T15:02:36Z,unverified,,9ca942a568882bbd6b774a0d5553b585fd3c21e22108b84064e56abca54efbeb,blank_null_includes_undecided
2026-2-9214a3a45a,2026,2,BR-04006/2026,Veritá,,2026-08-16,2026-08-20,,3840,,Flávio Bolsonaro vs Lula,Lula,42.0,total,10.7,,,https://pt.wikipedia.org/w/index.php?title=Pesquisas_de_opini%C3%A3o_para_a_elei%C3%A7%C3%A3o_presidencial_no_Brasil_em_2026&oldid=73082572,wikipedia_revision,73082572,2026-09-29T15:02:36Z,unverified,,9ca942a568882bbd6b774a0d5553b585fd3c21e22108b84064e56abca54efbeb,blank_null_includes_undecided
2026-2-9214a3a45a,2026,2,BR-04006/2026,Veritá,,2026-08-16,2026-08-20,,3840,,Flávio Bolsonaro vs Lula,Flávio Bolsonaro,47.3,total,10.7,,,https://pt.wikipedia.org/w/index.php?title=Pesquisas_de_opini%C3%A3o_para_a_elei%C3%A7%C3%A3o_presidencial_no_Brasil_em_2026&oldid=73082572,wikipedia_revision,73082572,2026-09-29T15:02:36Z,unverified,,9ca942a568882bbd6b774a0d5553b585fd3c21e22108b84064e56abca54efbeb,blank_null_includes_undecided
2026-2-9214a3a45a,2026,2,BR-04006/2026,Veritá,,2026-08-16,2026-08-20,,3840,,Lula vs Renan Santos,Lula,40.5,total,33.3,,,https://pt.wikipedia.org/w/index.php?title=Pesquisas_de_opini%C3%A3o_para_a_elei%C3%A7%C3%A3o_presidencial_no_Brasil_em_2026&oldid=73082572,wikipedia_revision,73082572,2026-09-29T15:02:36Z,unverified,,9ca942a568882bbd6b774a0d5553b585fd3c21e22108b84064e56abca54efbeb,blank_null_includes_undecided
2026-2-9214a3a45a,2026,2,BR-04006/2026,Veritá,,2026-08-16,2026-08-20,,3840,,Lula vs Renan Santos,Renan Santos,16.2,total,33.3,,,https://pt.wikipedia.org/w/index.php?title=Pesquisas_de_opini%C3%A3o_para_a_elei%C3%A7%C3%A3o_presidencial_no_Brasil_em_2026&oldid=73082572,wikipedia_revision,73082572,2026-09-29T15:02:36Z,unverified,,9ca942a568882bbd6b774a0d5553b585fd3c21e22108b84064e56abca54efbeb,blank_null_includes_undecided
2026-2-9214a3a45a,2026,2,BR-04006/2026,Veritá,,2026-08-16,2026-08-20,,3840,,Lula vs Ronaldo Caiado,Lula,40.4,total,35.9,,,https://pt.wikipedia.org/w/index.php?title=Pesquisas_de_opini%C3%A3o_para_a_elei%C3%A7%C3%A3o_presidencial_no_Brasil_em_2026&oldid=73082572,wikipedia_revision,73082572,2026-09-29T15:02:36Z,unverified,,9ca942a568882bbd6b774a0d5553b585fd3c21e22108b84064e56abca54efbeb,blank_null_includes_undecided
2026-2-9214a3a45a,2026,2,BR-04006/2026,Veritá,,2026-08-16,2026-08-20,,3840,,Lula vs Ronaldo Caiado,Ronaldo Caiado,23.7,total,35.9,,,https://pt.wikipedia.org/w/index.php?title=Pesquisas_de_opini%C3%A3o_para_a_elei%C3%A7%C3%A3o_presidencial_no_Brasil_em_2026&oldid=73082572,wikipedia_revision,73082572,2026-09-29T15:02:36Z,unverified,,9ca942a568882bbd6b774a0d5553b585fd3c21e22108b84064e56abca54efbeb,blank_null_includes_undecided
2026-2-9214a3a45a,2026,2,BR-04006/2026,Veritá,,2026-08-16,2026-08-20,,3840,,Lula vs Romeu Zema,Lula,41.2,total,33.8,,,https://pt.wikipedia.org/w/index.php?title=Pesquisas_de_opini%C3%A3o_para_a_elei%C3%A7%C3%A3o_presidencial_no_Brasil_em_2026&oldid=73082572,wikipedia_revision,73082572,2026-09-29T15:02:36Z,unverified,,9ca942a568882bbd6b774a0d5553b585fd3c21e22108b84064e56abca54efbeb,blank_null_includes_undecided
2026-2-9214a3a45a,2026,2,BR-04006/2026,Veritá,,2026-08-16,2026-08-20,,3840,,Lula vs Romeu Zema,Romeu Zema,25.0,total,33.8,,,https://pt.wikipedia.org/w/index.php?title=Pesquisas_de_opini%C3%A3o_para_a_elei%C3%A7%C3%A3o_presidencial_no_Brasil_em_2026&oldid=73082572,wikipedia_revision,73082572,2026-09-29T15:02:36Z,unverified,,9ca942a568882bbd6b774a0d5553b585fd3c21e22108b84064e56abca54efbeb,blank_null_includes_undecided
2026-2-9214a3a45a,2026,2,BR-04006/2026,Veritá,,2026-08-16,2026-08-20,,3840,,Lula vs Pablo Marçal,Lula,42.7,total,13.7,,,https://pt.wikipedia.org/w/index.php?title=Pesquisas_de_opini%C3%A3o_para_a_elei%C3%A7%C3%A3o_presidencial_no_Brasil_em_2026&oldid=73082572,wikipedia_revision,73082572,2026-09-29T15:02:36Z,unverified,,9ca942a568882bbd6b774a0d5553b585fd3c21e22108b84064e56abca54efbeb,blank_null_includes_undecided
2026-2-9214a3a45a,2026,2,BR-04006/2026,Veritá,,2026-08-16,2026-08-20,,3840,,Lula vs Pablo Marçal,Pablo Marçal,43.6,total,13.7,,,https://pt.wikipedia.org/w/index.php?title=Pesquisas_de_opini%C3%A3o_para_a_elei%C3%A7%C3%A3o_presidencial_no_Brasil_em_2026&oldid=73082572,wikipedia_revision,73082572,2026-09-29T15:02:36Z,unverified,,9ca942a568882bbd6b774a0d5553b585fd3c21e22108b84064e56abca54efbeb,blank_null_includes_undecided
2026-2-7baf0d1750,2026,2,,Nexus,BTG Pactual,2026-08-14,2026-08-16,,2003,,Flávio Bolsonaro vs Lula,Lula,47.0,total,9.0,,,https://pt.wikipedia.org/w/index.php?title=Pesquisas_de_opini%C3%A3o_para_a_elei%C3%A7%C3%A3o_presidencial_no_Brasil_em_2026&oldid=73082572,wikipedia_revision,73082572,2026-09-29T15:02:36Z,unverified,,9ca942a568882bbd6b774a0d5553b585fd3c21e22108b84064e56abca54efbeb,blank_null_includes_undecided
2026-2-7baf0d1750,2026,2,,Nexus,BTG Pactual,2026-08-14,2026-08-16,,2003,,Flávio Bolsonaro vs Lula,Flávio Bolsonaro,44.0,total,9.0,,,https://pt.wikipedia.org/w/index.php?title=Pesquisas_de_opini%C3%A3o_para_a_elei%C3%A7%C3%A3o_presidencial_no_Brasil_em_2026&oldid=73082572,wikipedia_revision,73082572,2026-09-29T15:02:36Z,unverified,,9ca942a568882bbd6b774a0d5553b585fd3c21e22108b84064e56abca54efbeb,blank_null_includes_undecided
2026-2-7baf0d1750,2026,2,,Nexus,BTG Pactual,2026-08-14,2026-08-16,,2003,,Lula vs Renan Santos,Lula,47.0,total,17.0,,,https://pt.wikipedia.org/w/index.php?title=Pesquisas_de_opini%C3%A3o_para_a_elei%C3%A7%C3%A3o_presidencial_no_Brasil_em_2026&oldid=73082572,wikipedia_revision,73082572,2026-09-29T15:02:36Z,unverified,,9ca942a568882bbd6b774a0d5553b585fd3c21e22108b84064e56abca54efbeb,blank_null_includes_undecided
2026-2-7baf0d1750,2026,2,,Nexus,BTG Pactual,2026-08-14,2026-08-16,,2003,,Lula vs Renan Santos,Renan Santos,36.0,total,17.0,,,https://pt.wikipedia.org/w/index.php?title=Pesquisas_de_opini%C3%A3o_para_a_elei%C3%A7%C3%A3o_presidencial_no_Brasil_em_2026&oldid=73082572,wikipedia_revision,73082572,2026-09-29T15:02:36Z,unverified,,9ca942a568882bbd6b774a0d5553b585fd3c21e22108b84064e56abca54efbeb,blank_null_includes_undecided
2026-2-7baf0d1750,2026,2,,Nexus,BTG Pactual,2026-08-14,2026-08-16,,2003,,Lula vs Ronaldo Caiado,Lula,45.0,total,13.0,,,https://pt.wikipedia.org/w/index.php?title=Pesquisas_de_opini%C3%A3o_para_a_elei%C3%A7%C3%A3o_presidencial_no_Brasil_em_2026&oldid=73082572,wikipedia_revision,73082572,2026-09-29T15:02:36Z,unverified,,9ca942a568882bbd6b774a0d5553b585fd3c21e22108b84064e56abca54efbeb,blank_null_includes_undecided
2026-2-7baf0d1750,2026,2,,Nexus,BTG Pactual,2026-08-14,2026-08-16,,2003,,Lula vs Ronaldo Caiado,Ronaldo Caiado,42.0,total,13.0,,,https://pt.wikipedia.org/w/index.php?title=Pesquisas_de_opini%C3%A3o_para_a_elei%C3%A7%C3%A3o_presidencial_no_Brasil_em_2026&oldid=73082572,wikipedia_revision,73082572,2026-09-29T15:02:36Z,unverified,,9ca942a568882bbd6b774a0d5553b585fd3c21e22108b84064e56abca54efbeb,blank_null_includes_undecided
2026-2-7baf0d1750,2026,2,,Nexus,BTG Pactual,2026-08-14,2026-08-16,,2003,,Lula vs Romeu Zema,Lula,46.0,total,13.0,,,https://pt.wikipedia.org/w/index.php?title=Pesquisas_de_opini%C3%A3o_para_a_elei%C3%A7%C3%A3o_presidencial_no_Brasil_em_2026&oldid=73082572,wikipedia_revision,73082572,2026-09-29T15:02:36Z,unverified,,9ca942a568882bbd6b774a0d5553b585fd3c21e22108b84064e56abca54efbeb,blank_null_includes_undecided
2026-2-7baf0d1750,2026,2,,Nexus,BTG Pactual,2026-08-14,2026-08-16,,2003,,Lula vs Romeu Zema,Romeu Zema,41.0,total,13.0,,,https://pt.wikipedia.org/w/index.php?title=Pesquisas_de_opini%C3%A3o_para_a_elei%C3%A7%C3%A3o_presidencial_no_Brasil_em_2026&oldid=73082572,wikipedia_revision,73082572,2026-09-29T15:02:36Z,unverified,,9ca942a568882bbd6b774a0d5553b585fd3c21e22108b84064e56abca54efbeb,blank_null_includes_undecided
2026-2-f68aa719fe,2026,2,,Quaest,Genial,2026-08-10,2026-08-13,,2004,,Flávio Bolsonaro vs Lula,Lula,43.0,total,17.0,,,https://pt.wikipedia.org/w/index.php?title=Pesquisas_de_opini%C3%A3o_para_a_elei%C3%A7%C3%A3o_presidencial_no_Brasil_em_2026&oldid=73082572,wikipedia_revision,73082572,2026-09-29T15:02:36Z,unverified,,9ca942a568882bbd6b774a0d5553b585fd3c21e22108b84064e56abca54efbeb,blank_null_includes_undecided
2026-2-f68aa719fe,2026,2,,Quaest,Genial,2026-08-10,2026-08-13,,2004,,Flávio Bolsonaro vs Lula,Flávio Bolsonaro,40.0,total,17.0,,,https://pt.wikipedia.org/w/index.php?title=Pesquisas_de_opini%C3%A3o_para_a_elei%C3%A7%C3%A3o_presidencial_no_Brasil_em_2026&oldid=73082572,wikipedia_revision,73082572,2026-09-29T15:02:36Z,unverified,,9ca942a568882bbd6b774a0d5553b585fd3c21e22108b84064e56abca54efbeb,blank_null_includes_undecided
2026-2-f68aa719fe,2026,2,,Quaest,Genial,2026-08-10,2026-08-13,,2004,,Lula vs Renan Santos,Lula,44.0,total,20.0,,,https://pt.wikipedia.org/w/index.php?title=Pesquisas_de_opini%C3%A3o_para_a_elei%C3%A7%C3%A3o_presidencial_no_Brasil_em_2026&oldid=73082572,wikipedia_revision,73082572,2026-09-29T15:02:36Z,unverified,,9ca942a568882bbd6b774a0d5553b585fd3c21e22108b84064e56abca54efbeb,blank_null_includes_undecided
2026-2-f68aa719fe,2026,2,,Quaest,Genial,2026-08-10,2026-08-13,,2004,,Lula vs Renan Santos,Renan Santos,36.0,total,20.0,,,https://pt.wikipedia.org/w/index.php?title=Pesquisas_de_opini%C3%A3o_para_a_elei%C3%A7%C3%A3o_presidencial_no_Brasil_em_2026&oldid=73082572,wikipedia_revision,73082572,2026-09-29T15:02:36Z,unverified,,9ca942a568882bbd6b774a0d5553b585fd3c21e22108b84064e56abca54efbeb,blank_null_includes_undecided
2026-2-f68aa719fe,2026,2,,Quaest,Genial,2026-08-10,2026-08-13,,2004,,Lula vs Ronaldo Caiado,Lula,44.0,total,19.0,,,https://pt.wikipedia.org/w/index.php?title=Pesquisas_de_opini%C3%A3o_para_a_elei%C3%A7%C3%A3o_presidencial_no_Brasil_em_2026&oldid=73082572,wikipedia_revision,73082572,2026-09-29T15:02:36Z,unverified,,9ca942a568882bbd6b774a0d5553b585fd3c21e22108b84064e56abca54efbeb,blank_null_includes_undecided
2026-2-f68aa719fe,2026,2,,Quaest,Genial,2026-08-10,2026-08-13,,2004,,Lula vs Ronaldo Caiado,Ronaldo Caiado,37.0,total,19.0,,,https://pt.wikipedia.org/w/index.php?title=Pesquisas_de_opini%C3%A3o_para_a_elei%C3%A7%C3%A3o_presidencial_no_Brasil_em_2026&oldid=73082572,wikipedia_revision,73082572,2026-09-29T15:02:36Z,unverified,,9ca942a568882bbd6b774a0d5553b585fd3c21e22108b84064e56abca54efbeb,blank_null_includes_undecided
2026-2-f68aa719fe,2026,2,,Quaest,Genial,2026-08-10,2026-08-13,,2004,,Lula vs Romeu Zema,Lula,45.0,total,21.0,,,https://pt.wikipedia.org/w/index.php?title=Pesquisas_de_opini%C3%A3o_para_a_elei%C3%A7%C3%A3o_presidencial_no_Brasil_em_2026&oldid=73082572,wikipedia_revision,73082572,2026-09-29T15:02:36Z,unverified,,9ca942a568882bbd6b774a0d5553b585fd3c21e22108b84064e56abca54efbeb,blank_null_includes_undecided
2026-2-f68aa719fe,2026,2,,Quaest,Genial,2026-08-10,2026-08-13,,2004,,Lula vs Romeu Zema,Romeu Zema,34.0,total,21.0,,,https://pt.wikipedia.org/w/index.php?title=Pesquisas_de_opini%C3%A3o_para_a_elei%C3%A7%C3%A3o_presidencial_no_Brasil_em_2026&oldid=73082572,wikipedia_revision,73082572,2026-09-29T15:02:36Z,unverified,,9ca942a568882bbd6b774a0d5553b585fd3c21e22108b84064e56abca54efbeb,blank_null_includes_undecided
2026-2-d23e5ce103,2026,2,,PoderData,Aya,2026-08-09,2026-08-12,,2400,,Flávio Bolsonaro vs Lula,Lula,46.0,total,9.0,,,https://pt.wikipedia.org/w/index.php?title=Pesquisas_de_opini%C3%A3o_para_a_elei%C3%A7%C3%A3o_presidencial_no_Brasil_em_2026&oldid=73082572,wikipedia_revision,73082572,2026-09-29T15:02:36Z,unverified,,9ca942a568882bbd6b774a0d5553b585fd3c21e22108b84064e56abca54efbeb,blank_null_includes_undecided
2026-2-d23e5ce103,2026,2,,PoderData,Aya,2026-08-09,2026-08-12,,2400,,Flávio Bolsonaro vs Lula,Flávio Bolsonaro,45.0,total,9.0,,,https://pt.wikipedia.org/w/index.php?title=Pesquisas_de_opini%C3%A3o_para_a_elei%C3%A7%C3%A3o_presidencial_no_Brasil_em_2026&oldid=73082572,wikipedia_revision,73082572,2026-09-29T15:02:36Z,unverified,,9ca942a568882bbd6b774a0d5553b585fd3c21e22108b84064e56abca54efbeb,blank_null_includes_undecided
2026-2-d23e5ce103,2026,2,,PoderData,Aya,2026-08-09,2026-08-12,,2400,,Lula vs Renan Santos,Lula,45.0,total,17.0,,,https://pt.wikipedia.org/w/index.php?title=Pesquisas_de_opini%C3%A3o_para_a_elei%C3%A7%C3%A3o_presidencial_no_Brasil_em_2026&oldid=73082572,wikipedia_revision,73082572,2026-09-29T15:02:36Z,unverified,,9ca942a568882bbd6b774a0d5553b585fd3c21e22108b84064e56abca54efbeb,blank_null_includes_undecided
2026-2-d23e5ce103,2026,2,,PoderData,Aya,2026-08-09,2026-08-12,,2400,,Lula vs Renan Santos,Renan Santos,37.0,total,17.0,,,https://pt.wikipedia.org/w/index.php?title=Pesquisas_de_opini%C3%A3o_para_a_elei%C3%A7%C3%A3o_presidencial_no_Brasil_em_2026&oldid=73082572,wikipedia_revision,73082572,2026-09-29T15:02:36Z,unverified,,9ca942a568882bbd6b774a0d5553b585fd3c21e22108b84064e56abca54efbeb,blank_null_includes_undecided
2026-2-d23e5ce103,2026,2,,PoderData,Aya,2026-08-09,2026-08-12,,2400,,Lula vs Ronaldo Caiado,Lula,45.0,total,11.0,,,https://pt.wikipedia.org/w/index.php?title=Pesquisas_de_opini%C3%A3o_para_a_elei%C3%A7%C3%A3o_presidencial_no_Brasil_em_2026&oldid=73082572,wikipedia_revision,73082572,2026-09-29T15:02:36Z,unverified,,9ca942a568882bbd6b774a0d5553b585fd3c21e22108b84064e56abca54efbeb,blank_null_includes_undecided
2026-2-d23e5ce103,2026,2,,PoderData,Aya,2026-08-09,2026-08-12,,2400,,Lula vs Ronaldo Caiado,Ronaldo Caiado,44.0,total,11.0,,,https://pt.wikipedia.org/w/index.php?title=Pesquisas_de_opini%C3%A3o_para_a_elei%C3%A7%C3%A3o_presidencial_no_Brasil_em_2026&oldid=73082572,wikipedia_revision,73082572,2026-09-29T15:02:36Z,unverified,,9ca942a568882bbd6b774a0d5553b585fd3c21e22108b84064e56abca54efbeb,blank_null_includes_undecided
2026-2-d23e5ce103,2026,2,,PoderData,Aya,2026-08-09,2026-08-12,,2400,,Lula vs Romeu Zema,Lula,45.0,total,12.0,,,https://pt.wikipedia.org/w/index.php?title=Pesquisas_de_opini%C3%A3o_para_a_elei%C3%A7%C3%A3o_presidencial_no_Brasil_em_2026&oldid=73082572,wikipedia_revision,73082572,2026-09-29T15:02:36Z,unverified,,9ca942a568882bbd6b774a0d5553b585fd3c21e22108b84064e56abca54efbeb,blank_null_includes_undecided
2026-2-d23e5ce103,2026,2,,PoderData,Aya,2026-08-09,2026-08-12,,2400,,Lula vs Romeu Zema,Romeu Zema,43.0,total,12.0,,,https://pt.wikipedia.org/w/index.php?title=Pesquisas_de_opini%C3%A3o_para_a_elei%C3%A7%C3%A3o_presidencial_no_Brasil_em_2026&oldid=73082572,wikipedia_revision,73082572,2026-09-29T15:02:36Z,unverified,,9ca942a568882bbd6b774a0d5553b585fd3c21e22108b84064e56abca54efbeb,blank_null_includes_undecided
2026-2-55c89f1e5e,2026,2,,Gerp,,2026-08-06,2026-08-10,,2400,,Flávio Bolsonaro vs Lula,Lula,43.0,total,12.0,,,https://pt.wikipedia.org/w/index.php?title=Pesquisas_de_opini%C3%A3o_para_a_elei%C3%A7%C3%A3o_presidencial_no_Brasil_em_2026&oldid=73082572,wikipedia_revision,73082572,2026-09-29T15:02:36Z,unverified,,9ca942a568882bbd6b774a0d5553b585fd3c21e22108b84064e56abca54efbeb,blank_null_includes_undecided
2026-2-55c89f1e5e,2026,2,,Gerp,,2026-08-06,2026-08-10,,2400,,Flávio Bolsonaro vs Lula,Flávio Bolsonaro,45.0,total,12.0,,,https://pt.wikipedia.org/w/index.php?title=Pesquisas_de_opini%C3%A3o_para_a_elei%C3%A7%C3%A3o_presidencial_no_Brasil_em_2026&oldid=73082572,wikipedia_revision,73082572,2026-09-29T15:02:36Z,unverified,,9ca942a568882bbd6b774a0d5553b585fd3c21e22108b84064e56abca54efbeb,blank_null_includes_undecided
2026-2-680a06d4cf,2026,2,,MDA,CNT,2026-08-05,2026-08-09,,2002,,Flávio Bolsonaro vs Lula,Lula,48.0,total,12.9,,,https://pt.wikipedia.org/w/index.php?title=Pesquisas_de_opini%C3%A3o_para_a_elei%C3%A7%C3%A3o_presidencial_no_Brasil_em_2026&oldid=73082572,wikipedia_revision,73082572,2026-09-29T15:02:36Z,unverified,,9ca942a568882bbd6b774a0d5553b585fd3c21e22108b84064e56abca54efbeb,blank_null_includes_undecided
2026-2-680a06d4cf,2026,2,,MDA,CNT,2026-08-05,2026-08-09,,2002,,Flávio Bolsonaro vs Lula,Flávio Bolsonaro,39.1,total,12.9,,,https://pt.wikipedia.org/w/index.php?title=Pesquisas_de_opini%C3%A3o_para_a_elei%C3%A7%C3%A3o_presidencial_no_Brasil_em_2026&oldid=73082572,wikipedia_revision,73082572,2026-09-29T15:02:36Z,unverified,,9ca942a568882bbd6b774a0d5553b585fd3c21e22108b84064e56abca54efbeb,blank_null_includes_undecided
2026-2-680a06d4cf,2026,2,,MDA,CNT,2026-08-05,2026-08-09,,2002,,Augusto Cury vs Lula,Lula,48.6,total,19.0,,,https://pt.wikipedia.org/w/index.php?title=Pesquisas_de_opini%C3%A3o_para_a_elei%C3%A7%C3%A3o_presidencial_no_Brasil_em_2026&oldid=73082572,wikipedia_revision,73082572,2026-09-29T15:02:36Z,unverified,,9ca942a568882bbd6b774a0d5553b585fd3c21e22108b84064e56abca54efbeb,blank_null_includes_undecided
2026-2-680a06d4cf,2026,2,,MDA,CNT,2026-08-05,2026-08-09,,2002,,Augusto Cury vs Lula,Augusto Cury,32.4,total,19.0,,,https://pt.wikipedia.org/w/index.php?title=Pesquisas_de_opini%C3%A3o_para_a_elei%C3%A7%C3%A3o_presidencial_no_Brasil_em_2026&oldid=73082572,wikipedia_revision,73082572,2026-09-29T15:02:36Z,unverified,,9ca942a568882bbd6b774a0d5553b585fd3c21e22108b84064e56abca54efbeb,blank_null_includes_undecided
2026-2-680a06d4cf,2026,2,,MDA,CNT,2026-08-05,2026-08-09,,2002,,Lula vs Renan Santos,Lula,48.5,total,18.5,,,https://pt.wikipedia.org/w/index.php?title=Pesquisas_de_opini%C3%A3o_para_a_elei%C3%A7%C3%A3o_presidencial_no_Brasil_em_2026&oldid=73082572,wikipedia_revision,73082572,2026-09-29T15:02:36Z,unverified,,9ca942a568882bbd6b774a0d5553b585fd3c21e22108b84064e56abca54efbeb,blank_null_includes_undecided
2026-2-680a06d4cf,2026,2,,MDA,CNT,2026-08-05,2026-08-09,,2002,,Lula vs Renan Santos,Renan Santos,33.0,total,18.5,,,https://pt.wikipedia.org/w/index.php?title=Pesquisas_de_opini%C3%A3o_para_a_elei%C3%A7%C3%A3o_presidencial_no_Brasil_em_2026&oldid=73082572,wikipedia_revision,73082572,2026-09-29T15:02:36Z,unverified,,9ca942a568882bbd6b774a0d5553b585fd3c21e22108b84064e56abca54efbeb,blank_null_includes_undecided
2026-2-680a06d4cf,2026,2,,MDA,CNT,2026-08-05,2026-08-09,,2002,,Lula vs Ronaldo Caiado,Lula,47.9,total,16.2,,,https://pt.wikipedia.org/w/index.php?title=Pesquisas_de_opini%C3%A3o_para_a_elei%C3%A7%C3%A3o_presidencial_no_Brasil_em_2026&oldid=73082572,wikipedia_revision,73082572,2026-09-29T15:02:36Z,unverified,,9ca942a568882bbd6b774a0d5553b585fd3c21e22108b84064e56abca54efbeb,blank_null_includes_undecided
2026-2-680a06d4cf,2026,2,,MDA,CNT,2026-08-05,2026-08-09,,2002,,Lula vs Ronaldo Caiado,Ronaldo Caiado,35.9,total,16.2,,,https://pt.wikipedia.org/w/index.php?title=Pesquisas_de_opini%C3%A3o_para_a_elei%C3%A7%C3%A3o_presidencial_no_Brasil_em_2026&oldid=73082572,wikipedia_revision,73082572,2026-09-29T15:02:36Z,unverified,,9ca942a568882bbd6b774a0d5553b585fd3c21e22108b84064e56abca54efbeb,blank_null_includes_undecided
2026-2-680a06d4cf,2026,2,,MDA,CNT,2026-08-05,2026-08-09,,2002,,Lula vs Romeu Zema,Lula,49.1,total,16.0,,,https://pt.wikipedia.org/w/index.php?title=Pesquisas_de_opini%C3%A3o_para_a_elei%C3%A7%C3%A3o_presidencial_no_Brasil_em_2026&oldid=73082572,wikipedia_revision,73082572,2026-09-29T15:02:36Z,unverified,,9ca942a568882bbd6b774a0d5553b585fd3c21e22108b84064e56abca54efbeb,blank_null_includes_undecided
2026-2-680a06d4cf,2026,2,,MDA,CNT,2026-08-05,2026-08-09,,2002,,Lula vs Romeu Zema,Romeu Zema,34.9,total,16.0,,,https://pt.wikipedia.org/w/index.php?title=Pesquisas_de_opini%C3%A3o_para_a_elei%C3%A7%C3%A3o_presidencial_no_Brasil_em_2026&oldid=73082572,wikipedia_revision,73082572,2026-09-29T15:02:36Z,unverified,,9ca942a568882bbd6b774a0d5553b585fd3c21e22108b84064e56abca54efbeb,blank_null_includes_undecided
2026-2-5599a46448,2026,2,,Nexus,BTG Pactual,2026-08-07,2026-08-09,,2001,,Flávio Bolsonaro vs Lula,Lula,47.0,total,9.0,,,https://pt.wikipedia.org/w/index.php?title=Pesquisas_de_opini%C3%A3o_para_a_elei%C3%A7%C3%A3o_presidencial_no_Brasil_em_2026&oldid=73082572,wikipedia_revision,73082572,2026-09-29T15:02:36Z,unverified,,9ca942a568882bbd6b774a0d5553b585fd3c21e22108b84064e56abca54efbeb,blank_null_includes_undecided
2026-2-5599a46448,2026,2,,Nexus,BTG Pactual,2026-08-07,2026-08-09,,2001,,Flávio Bolsonaro vs Lula,Flávio Bolsonaro,44.0,total,9.0,,,https://pt.wikipedia.org/w/index.php?title=Pesquisas_de_opini%C3%A3o_para_a_elei%C3%A7%C3%A3o_presidencial_no_Brasil_em_2026&oldid=73082572,wikipedia_revision,73082572,2026-09-29T15:02:36Z,unverified,,9ca942a568882bbd6b774a0d5553b585fd3c21e22108b84064e56abca54efbeb,blank_null_includes_undecided
2026-2-5599a46448,2026,2,,Nexus,BTG Pactual,2026-08-07,2026-08-09,,2001,,Lula vs Renan Santos,Lula,46.0,total,17.0,,,https://pt.wikipedia.org/w/index.php?title=Pesquisas_de_opini%C3%A3o_para_a_elei%C3%A7%C3%A3o_presidencial_no_Brasil_em_2026&oldid=73082572,wikipedia_revision,73082572,2026-09-29T15:02:36Z,unverified,,9ca942a568882bbd6b774a0d5553b585fd3c21e22108b84064e56abca54efbeb,blank_null_includes_undecided
2026-2-5599a46448,2026,2,,Nexus,BTG Pactual,2026-08-07,2026-08-09,,2001,,Lula vs Renan Santos,Renan Santos,37.0,total,17.0,,,https://pt.wikipedia.org/w/index.php?title=Pesquisas_de_opini%C3%A3o_para_a_elei%C3%A7%C3%A3o_presidencial_no_Brasil_em_2026&oldid=73082572,wikipedia_revision,73082572,2026-09-29T15:02:36Z,unverified,,9ca942a568882bbd6b774a0d5553b585fd3c21e22108b84064e56abca54efbeb,blank_null_includes_undecided
2026-2-5599a46448,2026,2,,Nexus,BTG Pactual,2026-08-07,2026-08-09,,2001,,Lula vs Ronaldo Caiado,Lula,46.0,total,11.0,,,https://pt.wikipedia.org/w/index.php?title=Pesquisas_de_opini%C3%A3o_para_a_elei%C3%A7%C3%A3o_presidencial_no_Brasil_em_2026&oldid=73082572,wikipedia_revision,73082572,2026-09-29T15:02:36Z,unverified,,9ca942a568882bbd6b774a0d5553b585fd3c21e22108b84064e56abca54efbeb,blank_null_includes_undecided
2026-2-5599a46448,2026,2,,Nexus,BTG Pactual,2026-08-07,2026-08-09,,2001,,Lula vs Ronaldo Caiado,Ronaldo Caiado,42.0,total,11.0,,,https://pt.wikipedia.org/w/index.php?title=Pesquisas_de_opini%C3%A3o_para_a_elei%C3%A7%C3%A3o_presidencial_no_Brasil_em_2026&oldid=73082572,wikipedia_revision,73082572,2026-09-29T15:02:36Z,unverified,,9ca942a568882bbd6b774a0d5553b585fd3c21e22108b84064e56abca54efbeb,blank_null_includes_undecided
2026-2-5599a46448,2026,2,,Nexus,BTG Pactual,2026-08-07,2026-08-09,,2001,,Lula vs Romeu Zema,Lula,47.0,total,13.0,,,https://pt.wikipedia.org/w/index.php?title=Pesquisas_de_opini%C3%A3o_para_a_elei%C3%A7%C3%A3o_presidencial_no_Brasil_em_2026&oldid=73082572,wikipedia_revision,73082572,2026-09-29T15:02:36Z,unverified,,9ca942a568882bbd6b774a0d5553b585fd3c21e22108b84064e56abca54efbeb,blank_null_includes_undecided
2026-2-5599a46448,2026,2,,Nexus,BTG Pactual,2026-08-07,2026-08-09,,2001,,Lula vs Romeu Zema,Romeu Zema,40.0,total,13.0,,,https://pt.wikipedia.org/w/index.php?title=Pesquisas_de_opini%C3%A3o_para_a_elei%C3%A7%C3%A3o_presidencial_no_Brasil_em_2026&oldid=73082572,wikipedia_revision,73082572,2026-09-29T15:02:36Z,unverified,,9ca942a568882bbd6b774a0d5553b585fd3c21e22108b84064e56abca54efbeb,blank_null_includes_undecided
2026-2-0b7459a0ed,2026,2,,Futura,Apex,2026-08-03,2026-08-07,,2000,,Flávio Bolsonaro vs Lula,Lula,46.5,total,9.5,,,https://pt.wikipedia.org/w/index.php?title=Pesquisas_de_opini%C3%A3o_para_a_elei%C3%A7%C3%A3o_presidencial_no_Brasil_em_2026&oldid=73082572,wikipedia_revision,73082572,2026-09-29T15:02:36Z,unverified,,9ca942a568882bbd6b774a0d5553b585fd3c21e22108b84064e56abca54efbeb,blank_null_includes_undecided
2026-2-0b7459a0ed,2026,2,,Futura,Apex,2026-08-03,2026-08-07,,2000,,Flávio Bolsonaro vs Lula,Flávio Bolsonaro,44.0,total,9.5,,,https://pt.wikipedia.org/w/index.php?title=Pesquisas_de_opini%C3%A3o_para_a_elei%C3%A7%C3%A3o_presidencial_no_Brasil_em_2026&oldid=73082572,wikipedia_revision,73082572,2026-09-29T15:02:36Z,unverified,,9ca942a568882bbd6b774a0d5553b585fd3c21e22108b84064e56abca54efbeb,blank_null_includes_undecided
2026-2-0b7459a0ed,2026,2,,Futura,Apex,2026-08-03,2026-08-07,,2000,,Lula vs Renan Santos,Lula,47.3,total,19.4,,,https://pt.wikipedia.org/w/index.php?title=Pesquisas_de_opini%C3%A3o_para_a_elei%C3%A7%C3%A3o_presidencial_no_Brasil_em_2026&oldid=73082572,wikipedia_revision,73082572,2026-09-29T15:02:36Z,unverified,,9ca942a568882bbd6b774a0d5553b585fd3c21e22108b84064e56abca54efbeb,blank_null_includes_undecided
2026-2-0b7459a0ed,2026,2,,Futura,Apex,2026-08-03,2026-08-07,,2000,,Lula vs Renan Santos,Renan Santos,33.3,total,19.4,,,https://pt.wikipedia.org/w/index.php?title=Pesquisas_de_opini%C3%A3o_para_a_elei%C3%A7%C3%A3o_presidencial_no_Brasil_em_2026&oldid=73082572,wikipedia_revision,73082572,2026-09-29T15:02:36Z,unverified,,9ca942a568882bbd6b774a0d5553b585fd3c21e22108b84064e56abca54efbeb,blank_null_includes_undecided
2026-2-0b7459a0ed,2026,2,,Futura,Apex,2026-08-03,2026-08-07,,2000,,Lula vs Ronaldo Caiado,Lula,45.3,total,15.4,,,https://pt.wikipedia.org/w/index.php?title=Pesquisas_de_opini%C3%A3o_para_a_elei%C3%A7%C3%A3o_presidencial_no_Brasil_em_2026&oldid=73082572,wikipedia_revision,73082572,2026-09-29T15:02:36Z,unverified,,9ca942a568882bbd6b774a0d5553b585fd3c21e22108b84064e56abca54efbeb,blank_null_includes_undecided
2026-2-0b7459a0ed,2026,2,,Futura,Apex,2026-08-03,2026-08-07,,2000,,Lula vs Ronaldo Caiado,Ronaldo Caiado,39.2,total,15.4,,,https://pt.wikipedia.org/w/index.php?title=Pesquisas_de_opini%C3%A3o_para_a_elei%C3%A7%C3%A3o_presidencial_no_Brasil_em_2026&oldid=73082572,wikipedia_revision,73082572,2026-09-29T15:02:36Z,unverified,,9ca942a568882bbd6b774a0d5553b585fd3c21e22108b84064e56abca54efbeb,blank_null_includes_undecided
2026-2-0b7459a0ed,2026,2,,Futura,Apex,2026-08-03,2026-08-07,,2000,,Lula vs Romeu Zema,Lula,46.5,total,13.6,,,https://pt.wikipedia.org/w/index.php?title=Pesquisas_de_opini%C3%A3o_para_a_elei%C3%A7%C3%A3o_presidencial_no_Brasil_em_2026&oldid=73082572,wikipedia_revision,73082572,2026-09-29T15:02:36Z,unverified,,9ca942a568882bbd6b774a0d5553b585fd3c21e22108b84064e56abca54efbeb,blank_null_includes_undecided
2026-2-0b7459a0ed,2026,2,,Futura,Apex,2026-08-03,2026-08-07,,2000,,Lula vs Romeu Zema,Romeu Zema,39.8,total,13.6,,,https://pt.wikipedia.org/w/index.php?title=Pesquisas_de_opini%C3%A3o_para_a_elei%C3%A7%C3%A3o_presidencial_no_Brasil_em_2026&oldid=73082572,wikipedia_revision,73082572,2026-09-29T15:02:36Z,unverified,,9ca942a568882bbd6b774a0d5553b585fd3c21e22108b84064e56abca54efbeb,blank_null_includes_undecided
2026-2-47fc48acee,2026,2,,Palver,,2026-08-03,2026-08-07,,5000,,Flávio Bolsonaro vs Lula,Lula,46.0,total,8.0,,,https://pt.wikipedia.org/w/index.php?title=Pesquisas_de_opini%C3%A3o_para_a_elei%C3%A7%C3%A3o_presidencial_no_Brasil_em_2026&oldid=73082572,wikipedia_revision,73082572,2026-09-29T15:02:36Z,unverified,,9ca942a568882bbd6b774a0d5553b585fd3c21e22108b84064e56abca54efbeb,blank_null_includes_undecided
2026-2-47fc48acee,2026,2,,Palver,,2026-08-03,2026-08-07,,5000,,Flávio Bolsonaro vs Lula,Flávio Bolsonaro,46.0,total,8.0,,,https://pt.wikipedia.org/w/index.php?title=Pesquisas_de_opini%C3%A3o_para_a_elei%C3%A7%C3%A3o_presidencial_no_Brasil_em_2026&oldid=73082572,wikipedia_revision,73082572,2026-09-29T15:02:36Z,unverified,,9ca942a568882bbd6b774a0d5553b585fd3c21e22108b84064e56abca54efbeb,blank_null_includes_undecided
2026-2-47fc48acee,2026,2,,Palver,,2026-08-03,2026-08-07,,5000,,Lula vs Renan Santos,Lula,46.0,total,25.0,,,https://pt.wikipedia.org/w/index.php?title=Pesquisas_de_opini%C3%A3o_para_a_elei%C3%A7%C3%A3o_presidencial_no_Brasil_em_2026&oldid=73082572,wikipedia_revision,73082572,2026-09-29T15:02:36Z,unverified,,9ca942a568882bbd6b774a0d5553b585fd3c21e22108b84064e56abca54efbeb,blank_null_includes_undecided
2026-2-47fc48acee,2026,2,,Palver,,2026-08-03,2026-08-07,,5000,,Lula vs Renan Santos,Renan Santos,31.0,total,25.0,,,https://pt.wikipedia.org/w/index.php?title=Pesquisas_de_opini%C3%A3o_para_a_elei%C3%A7%C3%A3o_presidencial_no_Brasil_em_2026&oldid=73082572,wikipedia_revision,73082572,2026-09-29T15:02:36Z,unverified,,9ca942a568882bbd6b774a0d5553b585fd3c21e22108b84064e56abca54efbeb,blank_null_includes_undecided
2026-2-47fc48acee,2026,2,,Palver,,2026-08-03,2026-08-07,,5000,,Lula vs Ronaldo Caiado,Lula,45.0,total,16.0,,,https://pt.wikipedia.org/w/index.php?title=Pesquisas_de_opini%C3%A3o_para_a_elei%C3%A7%C3%A3o_presidencial_no_Brasil_em_2026&oldid=73082572,wikipedia_revision,73082572,2026-09-29T15:02:36Z,unverified,,9ca942a568882bbd6b774a0d5553b585fd3c21e22108b84064e56abca54efbeb,blank_null_includes_undecided
2026-2-47fc48acee,2026,2,,Palver,,2026-08-03,2026-08-07,,5000,,Lula vs Ronaldo Caiado,Ronaldo Caiado,38.0,total,16.0,,,https://pt.wikipedia.org/w/index.php?title=Pesquisas_de_opini%C3%A3o_para_a_elei%C3%A7%C3%A3o_presidencial_no_Brasil_em_2026&oldid=73082572,wikipedia_revision,73082572,2026-09-29T15:02:36Z,unverified,,9ca942a568882bbd6b774a0d5553b585fd3c21e22108b84064e56abca54efbeb,blank_null_includes_undecided
2026-2-47fc48acee,2026,2,,Palver,,2026-08-03,2026-08-07,,5000,,Lula vs Romeu Zema,Lula,46.0,total,15.0,,,https://pt.wikipedia.org/w/index.php?title=Pesquisas_de_opini%C3%A3o_para_a_elei%C3%A7%C3%A3o_presidencial_no_Brasil_em_2026&oldid=73082572,wikipedia_revision,73082572,2026-09-29T15:02:36Z,unverified,,9ca942a568882bbd6b774a0d5553b585fd3c21e22108b84064e56abca54efbeb,blank_null_includes_undecided
2026-2-47fc48acee,2026,2,,Palver,,2026-08-03,2026-08-07,,5000,,Lula vs Romeu Zema,Romeu Zema,39.0,total,15.0,,,https://pt.wikipedia.org/w/index.php?title=Pesquisas_de_opini%C3%A3o_para_a_elei%C3%A7%C3%A3o_presidencial_no_Brasil_em_2026&oldid=73082572,wikipedia_revision,73082572,2026-09-29T15:02:36Z,unverified,,9ca942a568882bbd6b774a0d5553b585fd3c21e22108b84064e56abca54efbeb,blank_null_includes_undecided
2026-2-a542262ec6,2026,2,,Ideia,Meio,2026-07-31,2026-08-03,,1500,,Flávio Bolsonaro vs Lula,Lula,48.5,total,8.5,,,https://pt.wikipedia.org/w/index.php?title=Pesquisas_de_opini%C3%A3o_para_a_elei%C3%A7%C3%A3o_presidencial_no_Brasil_em_2026&oldid=73082572,wikipedia_revision,73082572,2026-09-29T15:02:36Z,unverified,,9ca942a568882bbd6b774a0d5553b585fd3c21e22108b84064e56abca54efbeb,blank_null_includes_undecided
2026-2-a542262ec6,2026,2,,Ideia,Meio,2026-07-31,2026-08-03,,1500,,Flávio Bolsonaro vs Lula,Flávio Bolsonaro,43.0,total,8.5,,,https://pt.wikipedia.org/w/index.php?title=Pesquisas_de_opini%C3%A3o_para_a_elei%C3%A7%C3%A3o_presidencial_no_Brasil_em_2026&oldid=73082572,wikipedia_revision,73082572,2026-09-29T15:02:36Z,unverified,,9ca942a568882bbd6b774a0d5553b585fd3c21e22108b84064e56abca54efbeb,blank_null_includes_undecided
2026-2-a542262ec6,2026,2,,Ideia,Meio,2026-07-31,2026-08-03,,1500,,Lula vs Renan Santos,Lula,48.0,total,17.2,,,https://pt.wikipedia.org/w/index.php?title=Pesquisas_de_opini%C3%A3o_para_a_elei%C3%A7%C3%A3o_presidencial_no_Brasil_em_2026&oldid=73082572,wikipedia_revision,73082572,2026-09-29T15:02:36Z,unverified,,9ca942a568882bbd6b774a0d5553b585fd3c21e22108b84064e56abca54efbeb,blank_null_includes_undecided
2026-2-a542262ec6,2026,2,,Ideia,Meio,2026-07-31,2026-08-03,,1500,,Lula vs Renan Santos,Renan Santos,34.7,total,17.2,,,https://pt.wikipedia.org/w/index.php?title=Pesquisas_de_opini%C3%A3o_para_a_elei%C3%A7%C3%A3o_presidencial_no_Brasil_em_2026&oldid=73082572,wikipedia_revision,73082572,2026-09-29T15:02:36Z,unverified,,9ca942a568882bbd6b774a0d5553b585fd3c21e22108b84064e56abca54efbeb,blank_null_includes_undecided
2026-2-a542262ec6,2026,2,,Ideia,Meio,2026-07-31,2026-08-03,,1500,,Lula vs Ronaldo Caiado,Lula,48.5,total,11.5,,,https://pt.wikipedia.org/w/index.php?title=Pesquisas_de_opini%C3%A3o_para_a_elei%C3%A7%C3%A3o_presidencial_no_Brasil_em_2026&oldid=73082572,wikipedia_revision,73082572,2026-09-29T15:02:36Z,unverified,,9ca942a568882bbd6b774a0d5553b585fd3c21e22108b84064e56abca54efbeb,blank_null_includes_undecided
2026-2-a542262ec6,2026,2,,Ideia,Meio,2026-07-31,2026-08-03,,1500,,Lula vs Ronaldo Caiado,Ronaldo Caiado,40.0,total,11.5,,,https://pt.wikipedia.org/w/index.php?title=Pesquisas_de_opini%C3%A3o_para_a_elei%C3%A7%C3%A3o_presidencial_no_Brasil_em_2026&oldid=73082572,wikipedia_revision,73082572,2026-09-29T15:02:36Z,unverified,,9ca942a568882bbd6b774a0d5553b585fd3c21e22108b84064e56abca54efbeb,blank_null_includes_undecided
2026-2-a542262ec6,2026,2,,Ideia,Meio,2026-07-31,2026-08-03,,1500,,Lula vs Romeu Zema,Lula,48.5,total,14.5,,,https://pt.wikipedia.org/w/index.php?title=Pesquisas_de_opini%C3%A3o_para_a_elei%C3%A7%C3%A3o_presidencial_no_Brasil_em_2026&oldid=73082572,wikipedia_revision,73082572,2026-09-29T15:02:36Z,unverified,,9ca942a568882bbd6b774a0d5553b585fd3c21e22108b84064e56abca54efbeb,blank_null_includes_undecided
2026-2-a542262ec6,2026,2,,Ideia,Meio,2026-07-31,2026-08-03,,1500,,Lula vs Romeu Zema,Romeu Zema,37.0,total,14.5,,,https://pt.wikipedia.org/w/index.php?title=Pesquisas_de_opini%C3%A3o_para_a_elei%C3%A7%C3%A3o_presidencial_no_Brasil_em_2026&oldid=73082572,wikipedia_revision,73082572,2026-09-29T15:02:36Z,unverified,,9ca942a568882bbd6b774a0d5553b585fd3c21e22108b84064e56abca54efbeb,blank_null_includes_undecided
2026-2-f0c1351d42,2026,2,,Quaest,Genial,2026-07-31,2026-08-03,,2004,,Flávio Bolsonaro vs Lula,Lula,44.0,total,17.0,,,https://pt.wikipedia.org/w/index.php?title=Pesquisas_de_opini%C3%A3o_para_a_elei%C3%A7%C3%A3o_presidencial_no_Brasil_em_2026&oldid=73082572,wikipedia_revision,73082572,2026-09-29T15:02:36Z,unverified,,9ca942a568882bbd6b774a0d5553b585fd3c21e22108b84064e56abca54efbeb,blank_null_includes_undecided
2026-2-f0c1351d42,2026,2,,Quaest,Genial,2026-07-31,2026-08-03,,2004,,Flávio Bolsonaro vs Lula,Flávio Bolsonaro,39.0,total,17.0,,,https://pt.wikipedia.org/w/index.php?title=Pesquisas_de_opini%C3%A3o_para_a_elei%C3%A7%C3%A3o_presidencial_no_Brasil_em_2026&oldid=73082572,wikipedia_revision,73082572,2026-09-29T15:02:36Z,unverified,,9ca942a568882bbd6b774a0d5553b585fd3c21e22108b84064e56abca54efbeb,blank_null_includes_undecided
2026-2-f0c1351d42,2026,2,,Quaest,Genial,2026-07-31,2026-08-03,,2004,,Lula vs Renan Santos,Lula,45.0,total,20.0,,,https://pt.wikipedia.org/w/index.php?title=Pesquisas_de_opini%C3%A3o_para_a_elei%C3%A7%C3%A3o_presidencial_no_Brasil_em_2026&oldid=73082572,wikipedia_revision,73082572,2026-09-29T15:02:36Z,unverified,,9ca942a568882bbd6b774a0d5553b585fd3c21e22108b84064e56abca54efbeb,blank_null_includes_undecided
2026-2-f0c1351d42,2026,2,,Quaest,Genial,2026-07-31,2026-08-03,,2004,,Lula vs Renan Santos,Renan Santos,35.0,total,20.0,,,https://pt.wikipedia.org/w/index.php?title=Pesquisas_de_opini%C3%A3o_para_a_elei%C3%A7%C3%A3o_presidencial_no_Brasil_em_2026&oldid=73082572,wikipedia_revision,73082572,2026-09-29T15:02:36Z,unverified,,9ca942a568882bbd6b774a0d5553b585fd3c21e22108b84064e56abca54efbeb,blank_null_includes_undecided
2026-2-f0c1351d42,2026,2,,Quaest,Genial,2026-07-31,2026-08-03,,2004,,Lula vs Ronaldo Caiado,Lula,45.0,total,18.0,,,https://pt.wikipedia.org/w/index.php?title=Pesquisas_de_opini%C3%A3o_para_a_elei%C3%A7%C3%A3o_presidencial_no_Brasil_em_2026&oldid=73082572,wikipedia_revision,73082572,2026-09-29T15:02:36Z,unverified,,9ca942a568882bbd6b774a0d5553b585fd3c21e22108b84064e56abca54efbeb,blank_null_includes_undecided
2026-2-f0c1351d42,2026,2,,Quaest,Genial,2026-07-31,2026-08-03,,2004,,Lula vs Ronaldo Caiado,Ronaldo Caiado,37.0,total,18.0,,,https://pt.wikipedia.org/w/index.php?title=Pesquisas_de_opini%C3%A3o_para_a_elei%C3%A7%C3%A3o_presidencial_no_Brasil_em_2026&oldid=73082572,wikipedia_revision,73082572,2026-09-29T15:02:36Z,unverified,,9ca942a568882bbd6b774a0d5553b585fd3c21e22108b84064e56abca54efbeb,blank_null_includes_undecided
2026-2-f0c1351d42,2026,2,,Quaest,Genial,2026-07-31,2026-08-03,,2004,,Lula vs Romeu Zema,Lula,46.0,total,20.0,,,https://pt.wikipedia.org/w/index.php?title=Pesquisas_de_opini%C3%A3o_para_a_elei%C3%A7%C3%A3o_presidencial_no_Brasil_em_2026&oldid=73082572,wikipedia_revision,73082572,2026-09-29T15:02:36Z,unverified,,9ca942a568882bbd6b774a0d5553b585fd3c21e22108b84064e56abca54efbeb,blank_null_includes_undecided
2026-2-f0c1351d42,2026,2,,Quaest,Genial,2026-07-31,2026-08-03,,2004,,Lula vs Romeu Zema,Romeu Zema,34.0,total,20.0,,,https://pt.wikipedia.org/w/index.php?title=Pesquisas_de_opini%C3%A3o_para_a_elei%C3%A7%C3%A3o_presidencial_no_Brasil_em_2026&oldid=73082572,wikipedia_revision,73082572,2026-09-29T15:02:36Z,unverified,,9ca942a568882bbd6b774a0d5553b585fd3c21e22108b84064e56abca54efbeb,blank_null_includes_undecided
2026-2-95715ff429,2026,2,,Nexus,BTG Pactual,2026-07-31,2026-08-02,,2002,,Flávio Bolsonaro vs Lula,Lula,46.0,total,10.0,,,https://pt.wikipedia.org/w/index.php?title=Pesquisas_de_opini%C3%A3o_para_a_elei%C3%A7%C3%A3o_presidencial_no_Brasil_em_2026&oldid=73082572,wikipedia_revision,73082572,2026-09-29T15:02:36Z,unverified,,9ca942a568882bbd6b774a0d5553b585fd3c21e22108b84064e56abca54efbeb,blank_null_includes_undecided
2026-2-95715ff429,2026,2,,Nexus,BTG Pactual,2026-07-31,2026-08-02,,2002,,Flávio Bolsonaro vs Lula,Flávio Bolsonaro,45.0,total,10.0,,,https://pt.wikipedia.org/w/index.php?title=Pesquisas_de_opini%C3%A3o_para_a_elei%C3%A7%C3%A3o_presidencial_no_Brasil_em_2026&oldid=73082572,wikipedia_revision,73082572,2026-09-29T15:02:36Z,unverified,,9ca942a568882bbd6b774a0d5553b585fd3c21e22108b84064e56abca54efbeb,blank_null_includes_undecided
2026-2-95715ff429,2026,2,,Nexus,BTG Pactual,2026-07-31,2026-08-02,,2002,,Lula vs Renan Santos,Lula,47.0,total,16.0,,,https://pt.wikipedia.org/w/index.php?title=Pesquisas_de_opini%C3%A3o_para_a_elei%C3%A7%C3%A3o_presidencial_no_Brasil_em_2026&oldid=73082572,wikipedia_revision,73082572,2026-09-29T15:02:36Z,unverified,,9ca942a568882bbd6b774a0d5553b585fd3c21e22108b84064e56abca54efbeb,blank_null_includes_undecided
2026-2-95715ff429,2026,2,,Nexus,BTG Pactual,2026-07-31,2026-08-02,,2002,,Lula vs Renan Santos,Renan Santos,37.0,total,16.0,,,https://pt.wikipedia.org/w/index.php?title=Pesquisas_de_opini%C3%A3o_para_a_elei%C3%A7%C3%A3o_presidencial_no_Brasil_em_2026&oldid=73082572,wikipedia_revision,73082572,2026-09-29T15:02:36Z,unverified,,9ca942a568882bbd6b774a0d5553b585fd3c21e22108b84064e56abca54efbeb,blank_null_includes_undecided
2026-2-95715ff429,2026,2,,Nexus,BTG Pactual,2026-07-31,2026-08-02,,2002,,Lula vs Ronaldo Caiado,Lula,46.0,total,13.0,,,https://pt.wikipedia.org/w/index.php?title=Pesquisas_de_opini%C3%A3o_para_a_elei%C3%A7%C3%A3o_presidencial_no_Brasil_em_2026&oldid=73082572,wikipedia_revision,73082572,2026-09-29T15:02:36Z,unverified,,9ca942a568882bbd6b774a0d5553b585fd3c21e22108b84064e56abca54efbeb,blank_null_includes_undecided
2026-2-95715ff429,2026,2,,Nexus,BTG Pactual,2026-07-31,2026-08-02,,2002,,Lula vs Ronaldo Caiado,Ronaldo Caiado,42.0,total,13.0,,,https://pt.wikipedia.org/w/index.php?title=Pesquisas_de_opini%C3%A3o_para_a_elei%C3%A7%C3%A3o_presidencial_no_Brasil_em_2026&oldid=73082572,wikipedia_revision,73082572,2026-09-29T15:02:36Z,unverified,,9ca942a568882bbd6b774a0d5553b585fd3c21e22108b84064e56abca54efbeb,blank_null_includes_undecided
2026-2-95715ff429,2026,2,,Nexus,BTG Pactual,2026-07-31,2026-08-02,,2002,,Lula vs Romeu Zema,Lula,46.0,total,13.0,,,https://pt.wikipedia.org/w/index.php?title=Pesquisas_de_opini%C3%A3o_para_a_elei%C3%A7%C3%A3o_presidencial_no_Brasil_em_2026&oldid=73082572,wikipedia_revision,73082572,2026-09-29T15:02:36Z,unverified,,9ca942a568882bbd6b774a0d5553b585fd3c21e22108b84064e56abca54efbeb,blank_null_includes_undecided
2026-2-95715ff429,2026,2,,Nexus,BTG Pactual,2026-07-31,2026-08-02,,2002,,Lula vs Romeu Zema,Romeu Zema,40.0,total,13.0,,,https://pt.wikipedia.org/w/index.php?title=Pesquisas_de_opini%C3%A3o_para_a_elei%C3%A7%C3%A3o_presidencial_no_Brasil_em_2026&oldid=73082572,wikipedia_revision,73082572,2026-09-29T15:02:36Z,unverified,,9ca942a568882bbd6b774a0d5553b585fd3c21e22108b84064e56abca54efbeb,blank_null_includes_undecided
2026-2-3ba2b04b5f,2026,2,,Alfa Inteligência,TMC,2026-07-23,2026-07-28,,2700,,Flávio Bolsonaro vs Lula,Lula,48.0,total,11.0,,,https://pt.wikipedia.org/w/index.php?title=Pesquisas_de_opini%C3%A3o_para_a_elei%C3%A7%C3%A3o_presidencial_no_Brasil_em_2026&oldid=73082572,wikipedia_revision,73082572,2026-09-29T15:02:36Z,unverified,,9ca942a568882bbd6b774a0d5553b585fd3c21e22108b84064e56abca54efbeb,blank_null_includes_undecided
2026-2-3ba2b04b5f,2026,2,,Alfa Inteligência,TMC,2026-07-23,2026-07-28,,2700,,Flávio Bolsonaro vs Lula,Flávio Bolsonaro,41.0,total,11.0,,,https://pt.wikipedia.org/w/index.php?title=Pesquisas_de_opini%C3%A3o_para_a_elei%C3%A7%C3%A3o_presidencial_no_Brasil_em_2026&oldid=73082572,wikipedia_revision,73082572,2026-09-29T15:02:36Z,unverified,,9ca942a568882bbd6b774a0d5553b585fd3c21e22108b84064e56abca54efbeb,blank_null_includes_undecided
2026-2-3ba2b04b5f,2026,2,,Alfa Inteligência,TMC,2026-07-23,2026-07-28,,2700,,Lula vs Renan Santos,Lula,46.0,total,22.0,,,https://pt.wikipedia.org/w/index.php?title=Pesquisas_de_opini%C3%A3o_para_a_elei%C3%A7%C3%A3o_presidencial_no_Brasil_em_2026&oldid=73082572,wikipedia_revision,73082572,2026-09-29T15:02:36Z,unverified,,9ca942a568882bbd6b774a0d5553b585fd3c21e22108b84064e56abca54efbeb,blank_null_includes_undecided
2026-2-3ba2b04b5f,2026,2,,Alfa Inteligência,TMC,2026-07-23,2026-07-28,,2700,,Lula vs Renan Santos,Renan Santos,32.0,total,22.0,,,https://pt.wikipedia.org/w/index.php?title=Pesquisas_de_opini%C3%A3o_para_a_elei%C3%A7%C3%A3o_presidencial_no_Brasil_em_2026&oldid=73082572,wikipedia_revision,73082572,2026-09-29T15:02:36Z,unverified,,9ca942a568882bbd6b774a0d5553b585fd3c21e22108b84064e56abca54efbeb,blank_null_includes_undecided
2026-2-3ba2b04b5f,2026,2,,Alfa Inteligência,TMC,2026-07-23,2026-07-28,,2700,,Lula vs Ronaldo Caiado,Lula,45.0,total,15.0,,,https://pt.wikipedia.org/w/index.php?title=Pesquisas_de_opini%C3%A3o_para_a_elei%C3%A7%C3%A3o_presidencial_no_Brasil_em_2026&oldid=73082572,wikipedia_revision,73082572,2026-09-29T15:02:36Z,unverified,,9ca942a568882bbd6b774a0d5553b585fd3c21e22108b84064e56abca54efbeb,blank_null_includes_undecided
2026-2-3ba2b04b5f,2026,2,,Alfa Inteligência,TMC,2026-07-23,2026-07-28,,2700,,Lula vs Ronaldo Caiado,Ronaldo Caiado,40.0,total,15.0,,,https://pt.wikipedia.org/w/index.php?title=Pesquisas_de_opini%C3%A3o_para_a_elei%C3%A7%C3%A3o_presidencial_no_Brasil_em_2026&oldid=73082572,wikipedia_revision,73082572,2026-09-29T15:02:36Z,unverified,,9ca942a568882bbd6b774a0d5553b585fd3c21e22108b84064e56abca54efbeb,blank_null_includes_undecided
2026-2-3ba2b04b5f,2026,2,,Alfa Inteligência,TMC,2026-07-23,2026-07-28,,2700,,Lula vs Romeu Zema,Lula,46.0,total,15.0,,,https://pt.wikipedia.org/w/index.php?title=Pesquisas_de_opini%C3%A3o_para_a_elei%C3%A7%C3%A3o_presidencial_no_Brasil_em_2026&oldid=73082572,wikipedia_revision,73082572,2026-09-29T15:02:36Z,unverified,,9ca942a568882bbd6b774a0d5553b585fd3c21e22108b84064e56abca54efbeb,blank_null_includes_undecided
2026-2-3ba2b04b5f,2026,2,,Alfa Inteligência,TMC,2026-07-23,2026-07-28,,2700,,Lula vs Romeu Zema,Romeu Zema,37.0,total,15.0,,,https://pt.wikipedia.org/w/index.php?title=Pesquisas_de_opini%C3%A3o_para_a_elei%C3%A7%C3%A3o_presidencial_no_Brasil_em_2026&oldid=73082572,wikipedia_revision,73082572,2026-09-29T15:02:36Z,unverified,,9ca942a568882bbd6b774a0d5553b585fd3c21e22108b84064e56abca54efbeb,blank_null_includes_undecided
2026-2-bf78ddcf37,2026,2,,PoderData,Aya,2026-07-26,2026-07-28,,2400,,Flávio Bolsonaro vs Lula,Lula,46.0,total,11.0,,,https://pt.wikipedia.org/w/index.php?title=Pesquisas_de_opini%C3%A3o_para_a_elei%C3%A7%C3%A3o_presidencial_no_Brasil_em_2026&oldid=73082572,wikipedia_revision,73082572,2026-09-29T15:02:36Z,unverified,,9ca942a568882bbd6b774a0d5553b585fd3c21e22108b84064e56abca54efbeb,blank_null_includes_undecided
2026-2-bf78ddcf37,2026,2,,PoderData,Aya,2026-07-26,2026-07-28,,2400,,Flávio Bolsonaro vs Lula,Flávio Bolsonaro,43.0,total,11.0,,,https://pt.wikipedia.org/w/index.php?title=Pesquisas_de_opini%C3%A3o_para_a_elei%C3%A7%C3%A3o_presidencial_no_Brasil_em_2026&oldid=73082572,wikipedia_revision,73082572,2026-09-29T15:02:36Z,unverified,,9ca942a568882bbd6b774a0d5553b585fd3c21e22108b84064e56abca54efbeb,blank_null_includes_undecided
2026-2-bf78ddcf37,2026,2,,PoderData,Aya,2026-07-26,2026-07-28,,2400,,Lula vs Renan Santos,Lula,45.0,total,19.0,,,https://pt.wikipedia.org/w/index.php?title=Pesquisas_de_opini%C3%A3o_para_a_elei%C3%A7%C3%A3o_presidencial_no_Brasil_em_2026&oldid=73082572,wikipedia_revision,73082572,2026-09-29T15:02:36Z,unverified,,9ca942a568882bbd6b774a0d5553b585fd3c21e22108b84064e56abca54efbeb,blank_null_includes_undecided
2026-2-bf78ddcf37,2026,2,,PoderData,Aya,2026-07-26,2026-07-28,,2400,,Lula vs Renan Santos,Renan Santos,37.0,total,19.0,,,https://pt.wikipedia.org/w/index.php?title=Pesquisas_de_opini%C3%A3o_para_a_elei%C3%A7%C3%A3o_presidencial_no_Brasil_em_2026&oldid=73082572,wikipedia_revision,73082572,2026-09-29T15:02:36Z,unverified,,9ca942a568882bbd6b774a0d5553b585fd3c21e22108b84064e56abca54efbeb,blank_null_includes_undecided
2026-2-bf78ddcf37,2026,2,,PoderData,Aya,2026-07-26,2026-07-28,,2400,,Lula vs Ronaldo Caiado,Lula,44.0,total,13.0,,,https://pt.wikipedia.org/w/index.php?title=Pesquisas_de_opini%C3%A3o_para_a_elei%C3%A7%C3%A3o_presidencial_no_Brasil_em_2026&oldid=73082572,wikipedia_revision,73082572,2026-09-29T15:02:36Z,unverified,,9ca942a568882bbd6b774a0d5553b585fd3c21e22108b84064e56abca54efbeb,blank_null_includes_undecided
2026-2-bf78ddcf37,2026,2,,PoderData,Aya,2026-07-26,2026-07-28,,2400,,Lula vs Ronaldo Caiado,Ronaldo Caiado,43.0,total,13.0,,,https://pt.wikipedia.org/w/index.php?title=Pesquisas_de_opini%C3%A3o_para_a_elei%C3%A7%C3%A3o_presidencial_no_Brasil_em_2026&oldid=73082572,wikipedia_revision,73082572,2026-09-29T15:02:36Z,unverified,,9ca942a568882bbd6b774a0d5553b585fd3c21e22108b84064e56abca54efbeb,blank_null_includes_undecided
2026-2-bf78ddcf37,2026,2,,PoderData,Aya,2026-07-26,2026-07-28,,2400,,Lula vs Romeu Zema,Lula,44.0,total,13.0,,,https://pt.wikipedia.org/w/index.php?title=Pesquisas_de_opini%C3%A3o_para_a_elei%C3%A7%C3%A3o_presidencial_no_Brasil_em_2026&oldid=73082572,wikipedia_revision,73082572,2026-09-29T15:02:36Z,unverified,,9ca942a568882bbd6b774a0d5553b585fd3c21e22108b84064e56abca54efbeb,blank_null_includes_undecided
2026-2-bf78ddcf37,2026,2,,PoderData,Aya,2026-07-26,2026-07-28,,2400,,Lula vs Romeu Zema,Romeu Zema,42.0,total,13.0,,,https://pt.wikipedia.org/w/index.php?title=Pesquisas_de_opini%C3%A3o_para_a_elei%C3%A7%C3%A3o_presidencial_no_Brasil_em_2026&oldid=73082572,wikipedia_revision,73082572,2026-09-29T15:02:36Z,unverified,,9ca942a568882bbd6b774a0d5553b585fd3c21e22108b84064e56abca54efbeb,blank_null_includes_undecided
2026-2-6bffb02d8b,2026,2,,Vox Brasil,,2026-07-26,2026-07-28,,2100,,Flávio Bolsonaro vs Lula,Lula,47.5,total,11.4,,,https://pt.wikipedia.org/w/index.php?title=Pesquisas_de_opini%C3%A3o_para_a_elei%C3%A7%C3%A3o_presidencial_no_Brasil_em_2026&oldid=73082572,wikipedia_revision,73082572,2026-09-29T15:02:36Z,unverified,,9ca942a568882bbd6b774a0d5553b585fd3c21e22108b84064e56abca54efbeb,blank_null_includes_undecided
2026-2-6bffb02d8b,2026,2,,Vox Brasil,,2026-07-26,2026-07-28,,2100,,Flávio Bolsonaro vs Lula,Flávio Bolsonaro,41.1,total,11.4,,,https://pt.wikipedia.org/w/index.php?title=Pesquisas_de_opini%C3%A3o_para_a_elei%C3%A7%C3%A3o_presidencial_no_Brasil_em_2026&oldid=73082572,wikipedia_revision,73082572,2026-09-29T15:02:36Z,unverified,,9ca942a568882bbd6b774a0d5553b585fd3c21e22108b84064e56abca54efbeb,blank_null_includes_undecided
2026-2-6bffb02d8b,2026,2,,Vox Brasil,,2026-07-26,2026-07-28,,2100,,Lula vs Ronaldo Caiado,Lula,46.8,total,10.7,,,https://pt.wikipedia.org/w/index.php?title=Pesquisas_de_opini%C3%A3o_para_a_elei%C3%A7%C3%A3o_presidencial_no_Brasil_em_2026&oldid=73082572,wikipedia_revision,73082572,2026-09-29T15:02:36Z,unverified,,9ca942a568882bbd6b774a0d5553b585fd3c21e22108b84064e56abca54efbeb,blank_null_includes_undecided
2026-2-6bffb02d8b,2026,2,,Vox Brasil,,2026-07-26,2026-07-28,,2100,,Lula vs Ronaldo Caiado,Ronaldo Caiado,42.5,total,10.7,,,https://pt.wikipedia.org/w/index.php?title=Pesquisas_de_opini%C3%A3o_para_a_elei%C3%A7%C3%A3o_presidencial_no_Brasil_em_2026&oldid=73082572,wikipedia_revision,73082572,2026-09-29T15:02:36Z,unverified,,9ca942a568882bbd6b774a0d5553b585fd3c21e22108b84064e56abca54efbeb,blank_null_includes_undecided
2026-2-6bffb02d8b,2026,2,,Vox Brasil,,2026-07-26,2026-07-28,,2100,,Lula vs Romeu Zema,Lula,48.7,total,10.8,,,https://pt.wikipedia.org/w/index.php?title=Pesquisas_de_opini%C3%A3o_para_a_elei%C3%A7%C3%A3o_presidencial_no_Brasil_em_2026&oldid=73082572,wikipedia_revision,73082572,2026-09-29T15:02:36Z,unverified,,9ca942a568882bbd6b774a0d5553b585fd3c21e22108b84064e56abca54efbeb,blank_null_includes_undecided
2026-2-6bffb02d8b,2026,2,,Vox Brasil,,2026-07-26,2026-07-28,,2100,,Lula vs Romeu Zema,Romeu Zema,40.5,total,10.8,,,https://pt.wikipedia.org/w/index.php?title=Pesquisas_de_opini%C3%A3o_para_a_elei%C3%A7%C3%A3o_presidencial_no_Brasil_em_2026&oldid=73082572,wikipedia_revision,73082572,2026-09-29T15:02:36Z,unverified,,9ca942a568882bbd6b774a0d5553b585fd3c21e22108b84064e56abca54efbeb,blank_null_includes_undecided
2026-2-4af7080f7b,2026,2,,AtlasIntel,,2026-07-22,2026-07-27,,5021,,Flávio Bolsonaro vs Lula,Lula,49.2,total,7.9,,,https://pt.wikipedia.org/w/index.php?title=Pesquisas_de_opini%C3%A3o_para_a_elei%C3%A7%C3%A3o_presidencial_no_Brasil_em_2026&oldid=73082572,wikipedia_revision,73082572,2026-09-29T15:02:36Z,unverified,,9ca942a568882bbd6b774a0d5553b585fd3c21e22108b84064e56abca54efbeb,blank_null_includes_undecided
2026-2-4af7080f7b,2026,2,,AtlasIntel,,2026-07-22,2026-07-27,,5021,,Flávio Bolsonaro vs Lula,Flávio Bolsonaro,42.9,total,7.9,,,https://pt.wikipedia.org/w/index.php?title=Pesquisas_de_opini%C3%A3o_para_a_elei%C3%A7%C3%A3o_presidencial_no_Brasil_em_2026&oldid=73082572,wikipedia_revision,73082572,2026-09-29T15:02:36Z,unverified,,9ca942a568882bbd6b774a0d5553b585fd3c21e22108b84064e56abca54efbeb,blank_null_includes_undecided
2026-2-4af7080f7b,2026,2,,AtlasIntel,,2026-07-22,2026-07-27,,5021,,Lula vs Renan Santos,Lula,47.6,total,22.2,,,https://pt.wikipedia.org/w/index.php?title=Pesquisas_de_opini%C3%A3o_para_a_elei%C3%A7%C3%A3o_presidencial_no_Brasil_em_2026&oldid=73082572,wikipedia_revision,73082572,2026-09-29T15:02:36Z,unverified,,9ca942a568882bbd6b774a0d5553b585fd3c21e22108b84064e56abca54efbeb,blank_null_includes_undecided
2026-2-4af7080f7b,2026,2,,AtlasIntel,,2026-07-22,2026-07-27,,5021,,Lula vs Renan Santos,Renan Santos,30.2,total,22.2,,,https://pt.wikipedia.org/w/index.php?title=Pesquisas_de_opini%C3%A3o_para_a_elei%C3%A7%C3%A3o_presidencial_no_Brasil_em_2026&oldid=73082572,wikipedia_revision,73082572,2026-09-29T15:02:36Z,unverified,,9ca942a568882bbd6b774a0d5553b585fd3c21e22108b84064e56abca54efbeb,blank_null_includes_undecided
2026-2-4af7080f7b,2026,2,,AtlasIntel,,2026-07-22,2026-07-27,,5021,,Lula vs Ronaldo Caiado,Lula,48.2,total,12.9,,,https://pt.wikipedia.org/w/index.php?title=Pesquisas_de_opini%C3%A3o_para_a_elei%C3%A7%C3%A3o_presidencial_no_Brasil_em_2026&oldid=73082572,wikipedia_revision,73082572,2026-09-29T15:02:36Z,unverified,,9ca942a568882bbd6b774a0d5553b585fd3c21e22108b84064e56abca54efbeb,blank_null_includes_undecided
2026-2-4af7080f7b,2026,2,,AtlasIntel,,2026-07-22,2026-07-27,,5021,,Lula vs Ronaldo Caiado,Ronaldo Caiado,38.9,total,12.9,,,https://pt.wikipedia.org/w/index.php?title=Pesquisas_de_opini%C3%A3o_para_a_elei%C3%A7%C3%A3o_presidencial_no_Brasil_em_2026&oldid=73082572,wikipedia_revision,73082572,2026-09-29T15:02:36Z,unverified,,9ca942a568882bbd6b774a0d5553b585fd3c21e22108b84064e56abca54efbeb,blank_null_includes_undecided
2026-2-4af7080f7b,2026,2,,AtlasIntel,,2026-07-22,2026-07-27,,5021,,Lula vs Romeu Zema,Lula,48.6,total,11.8,,,https://pt.wikipedia.org/w/index.php?title=Pesquisas_de_opini%C3%A3o_para_a_elei%C3%A7%C3%A3o_presidencial_no_Brasil_em_2026&oldid=73082572,wikipedia_revision,73082572,2026-09-29T15:02:36Z,unverified,,9ca942a568882bbd6b774a0d5553b585fd3c21e22108b84064e56abca54efbeb,blank_null_includes_undecided
2026-2-4af7080f7b,2026,2,,AtlasIntel,,2026-07-22,2026-07-27,,5021,,Lula vs Romeu Zema,Romeu Zema,39.6,total,11.8,,,https://pt.wikipedia.org/w/index.php?title=Pesquisas_de_opini%C3%A3o_para_a_elei%C3%A7%C3%A3o_presidencial_no_Brasil_em_2026&oldid=73082572,wikipedia_revision,73082572,2026-09-29T15:02:36Z,unverified,,9ca942a568882bbd6b774a0d5553b585fd3c21e22108b84064e56abca54efbeb,blank_null_includes_undecided
2026-2-4af7080f7b,2026,2,,AtlasIntel,,2026-07-22,2026-07-27,,5021,,Jair Bolsonaro vs Lula,Lula,49.2,total,6.9,,,https://pt.wikipedia.org/w/index.php?title=Pesquisas_de_opini%C3%A3o_para_a_elei%C3%A7%C3%A3o_presidencial_no_Brasil_em_2026&oldid=73082572,wikipedia_revision,73082572,2026-09-29T15:02:36Z,unverified,,9ca942a568882bbd6b774a0d5553b585fd3c21e22108b84064e56abca54efbeb,blank_null_includes_undecided
2026-2-4af7080f7b,2026,2,,AtlasIntel,,2026-07-22,2026-07-27,,5021,,Jair Bolsonaro vs Lula,Jair Bolsonaro,43.9,total,6.9,,,https://pt.wikipedia.org/w/index.php?title=Pesquisas_de_opini%C3%A3o_para_a_elei%C3%A7%C3%A3o_presidencial_no_Brasil_em_2026&oldid=73082572,wikipedia_revision,73082572,2026-09-29T15:02:36Z,unverified,,9ca942a568882bbd6b774a0d5553b585fd3c21e22108b84064e56abca54efbeb,blank_null_includes_undecided
2026-2-4af7080f7b,2026,2,,AtlasIntel,,2026-07-22,2026-07-27,,5021,,Lula vs Michelle Bolsonaro,Lula,48.8,total,8.8,,,https://pt.wikipedia.org/w/index.php?title=Pesquisas_de_opini%C3%A3o_para_a_elei%C3%A7%C3%A3o_presidencial_no_Brasil_em_2026&oldid=73082572,wikipedia_revision,73082572,2026-09-29T15:02:36Z,unverified,,9ca942a568882bbd6b774a0d5553b585fd3c21e22108b84064e56abca54efbeb,blank_null_includes_undecided
2026-2-4af7080f7b,2026,2,,AtlasIntel,,2026-07-22,2026-07-27,,5021,,Lula vs Michelle Bolsonaro,Michelle Bolsonaro,42.5,total,8.8,,,https://pt.wikipedia.org/w/index.php?title=Pesquisas_de_opini%C3%A3o_para_a_elei%C3%A7%C3%A3o_presidencial_no_Brasil_em_2026&oldid=73082572,wikipedia_revision,73082572,2026-09-29T15:02:36Z,unverified,,9ca942a568882bbd6b774a0d5553b585fd3c21e22108b84064e56abca54efbeb,blank_null_includes_undecided
2026-2-4af7080f7b,2026,2,,AtlasIntel,,2026-07-22,2026-07-27,,5021,,Flávio Bolsonaro vs Geraldo Alckmin,Flávio Bolsonaro,42.7,total,11.5,,,https://pt.wikipedia.org/w/index.php?title=Pesquisas_de_opini%C3%A3o_para_a_elei%C3%A7%C3%A3o_presidencial_no_Brasil_em_2026&oldid=73082572,wikipedia_revision,73082572,2026-09-29T15:02:36Z,unverified,,9ca942a568882bbd6b774a0d5553b585fd3c21e22108b84064e56abca54efbeb,blank_null_includes_undecided
2026-2-4af7080f7b,2026,2,,AtlasIntel,,2026-07-22,2026-07-27,,5021,,Flávio Bolsonaro vs Geraldo Alckmin,Geraldo Alckmin,45.8,total,11.5,,,https://pt.wikipedia.org/w/index.php?title=Pesquisas_de_opini%C3%A3o_para_a_elei%C3%A7%C3%A3o_presidencial_no_Brasil_em_2026&oldid=73082572,wikipedia_revision,73082572,2026-09-29T15:02:36Z,unverified,,9ca942a568882bbd6b774a0d5553b585fd3c21e22108b84064e56abca54efbeb,blank_null_includes_undecided
2026-2-4af7080f7b,2026,2,,AtlasIntel,,2026-07-22,2026-07-27,,5021,,Fernando Haddad vs Flávio Bolsonaro,Fernando Haddad,44.3,total,12.0,,,https://pt.wikipedia.org/w/index.php?title=Pesquisas_de_opini%C3%A3o_para_a_elei%C3%A7%C3%A3o_presidencial_no_Brasil_em_2026&oldid=73082572,wikipedia_revision,73082572,2026-09-29T15:02:36Z,unverified,,9ca942a568882bbd6b774a0d5553b585fd3c21e22108b84064e56abca54efbeb,blank_null_includes_undecided
2026-2-4af7080f7b,2026,2,,AtlasIntel,,2026-07-22,2026-07-27,,5021,,Fernando Haddad vs Flávio Bolsonaro,Flávio Bolsonaro,43.7,total,12.0,,,https://pt.wikipedia.org/w/index.php?title=Pesquisas_de_opini%C3%A3o_para_a_elei%C3%A7%C3%A3o_presidencial_no_Brasil_em_2026&oldid=73082572,wikipedia_revision,73082572,2026-09-29T15:02:36Z,unverified,,9ca942a568882bbd6b774a0d5553b585fd3c21e22108b84064e56abca54efbeb,blank_null_includes_undecided
2026-2-9392533bb2,2026,2,,Nexus,BTG,2026-07-24,2026-07-26,,2004,,Flávio Bolsonaro vs Lula,Lula,47.0,total,10.0,,,https://pt.wikipedia.org/w/index.php?title=Pesquisas_de_opini%C3%A3o_para_a_elei%C3%A7%C3%A3o_presidencial_no_Brasil_em_2026&oldid=73082572,wikipedia_revision,73082572,2026-09-29T15:02:36Z,unverified,,9ca942a568882bbd6b774a0d5553b585fd3c21e22108b84064e56abca54efbeb,blank_null_includes_undecided
2026-2-9392533bb2,2026,2,,Nexus,BTG,2026-07-24,2026-07-26,,2004,,Flávio Bolsonaro vs Lula,Flávio Bolsonaro,43.0,total,10.0,,,https://pt.wikipedia.org/w/index.php?title=Pesquisas_de_opini%C3%A3o_para_a_elei%C3%A7%C3%A3o_presidencial_no_Brasil_em_2026&oldid=73082572,wikipedia_revision,73082572,2026-09-29T15:02:36Z,unverified,,9ca942a568882bbd6b774a0d5553b585fd3c21e22108b84064e56abca54efbeb,blank_null_includes_undecided
2026-2-9392533bb2,2026,2,,Nexus,BTG,2026-07-24,2026-07-26,,2004,,Lula vs Renan Santos,Lula,47.0,total,15.0,,,https://pt.wikipedia.org/w/index.php?title=Pesquisas_de_opini%C3%A3o_para_a_elei%C3%A7%C3%A3o_presidencial_no_Brasil_em_2026&oldid=73082572,wikipedia_revision,73082572,2026-09-29T15:02:36Z,unverified,,9ca942a568882bbd6b774a0d5553b585fd3c21e22108b84064e56abca54efbeb,blank_null_includes_undecided
2026-2-9392533bb2,2026,2,,Nexus,BTG,2026-07-24,2026-07-26,,2004,,Lula vs Renan Santos,Renan Santos,39.0,total,15.0,,,https://pt.wikipedia.org/w/index.php?title=Pesquisas_de_opini%C3%A3o_para_a_elei%C3%A7%C3%A3o_presidencial_no_Brasil_em_2026&oldid=73082572,wikipedia_revision,73082572,2026-09-29T15:02:36Z,unverified,,9ca942a568882bbd6b774a0d5553b585fd3c21e22108b84064e56abca54efbeb,blank_null_includes_undecided
2026-2-9392533bb2,2026,2,,Nexus,BTG,2026-07-24,2026-07-26,,2004,,Lula vs Ronaldo Caiado,Lula,45.0,total,12.0,,,https://pt.wikipedia.org/w/index.php?title=Pesquisas_de_opini%C3%A3o_para_a_elei%C3%A7%C3%A3o_presidencial_no_Brasil_em_2026&oldid=73082572,wikipedia_revision,73082572,2026-09-29T15:02:36Z,unverified,,9ca942a568882bbd6b774a0d5553b585fd3c21e22108b84064e56abca54efbeb,blank_null_includes_undecided
2026-2-9392533bb2,2026,2,,Nexus,BTG,2026-07-24,2026-07-26,,2004,,Lula vs Ronaldo Caiado,Ronaldo Caiado,43.0,total,12.0,,,https://pt.wikipedia.org/w/index.php?title=Pesquisas_de_opini%C3%A3o_para_a_elei%C3%A7%C3%A3o_presidencial_no_Brasil_em_2026&oldid=73082572,wikipedia_revision,73082572,2026-09-29T15:02:36Z,unverified,,9ca942a568882bbd6b774a0d5553b585fd3c21e22108b84064e56abca54efbeb,blank_null_includes_undecided
2026-2-9392533bb2,2026,2,,Nexus,BTG,2026-07-24,2026-07-26,,2004,,Lula vs Romeu Zema,Lula,46.0,total,12.0,,,https://pt.wikipedia.org/w/index.php?title=Pesquisas_de_opini%C3%A3o_para_a_elei%C3%A7%C3%A3o_presidencial_no_Brasil_em_2026&oldid=73082572,wikipedia_revision,73082572,2026-09-29T15:02:36Z,unverified,,9ca942a568882bbd6b774a0d5553b585fd3c21e22108b84064e56abca54efbeb,blank_null_includes_undecided
2026-2-9392533bb2,2026,2,,Nexus,BTG,2026-07-24,2026-07-26,,2004,,Lula vs Romeu Zema,Romeu Zema,42.0,total,12.0,,,https://pt.wikipedia.org/w/index.php?title=Pesquisas_de_opini%C3%A3o_para_a_elei%C3%A7%C3%A3o_presidencial_no_Brasil_em_2026&oldid=73082572,wikipedia_revision,73082572,2026-09-29T15:02:36Z,unverified,,9ca942a568882bbd6b774a0d5553b585fd3c21e22108b84064e56abca54efbeb,blank_null_includes_undecided
2026-2-be2016995e,2026,2,,Datafolha,,2026-07-22,2026-07-24,,2004,,Flávio Bolsonaro vs Lula,Lula,48.0,total,10.0,,,https://pt.wikipedia.org/w/index.php?title=Pesquisas_de_opini%C3%A3o_para_a_elei%C3%A7%C3%A3o_presidencial_no_Brasil_em_2026&oldid=73082572,wikipedia_revision,73082572,2026-09-29T15:02:36Z,unverified,,9ca942a568882bbd6b774a0d5553b585fd3c21e22108b84064e56abca54efbeb,blank_null_includes_undecided
2026-2-be2016995e,2026,2,,Datafolha,,2026-07-22,2026-07-24,,2004,,Flávio Bolsonaro vs Lula,Flávio Bolsonaro,43.0,total,10.0,,,https://pt.wikipedia.org/w/index.php?title=Pesquisas_de_opini%C3%A3o_para_a_elei%C3%A7%C3%A3o_presidencial_no_Brasil_em_2026&oldid=73082572,wikipedia_revision,73082572,2026-09-29T15:02:36Z,unverified,,9ca942a568882bbd6b774a0d5553b585fd3c21e22108b84064e56abca54efbeb,blank_null_includes_undecided
2026-2-be2016995e,2026,2,,Datafolha,,2026-07-22,2026-07-24,,2004,,Lula vs Ronaldo Caiado,Lula,47.0,total,13.0,,,https://pt.wikipedia.org/w/index.php?title=Pesquisas_de_opini%C3%A3o_para_a_elei%C3%A7%C3%A3o_presidencial_no_Brasil_em_2026&oldid=73082572,wikipedia_revision,73082572,2026-09-29T15:02:36Z,unverified,,9ca942a568882bbd6b774a0d5553b585fd3c21e22108b84064e56abca54efbeb,blank_null_includes_undecided
2026-2-be2016995e,2026,2,,Datafolha,,2026-07-22,2026-07-24,,2004,,Lula vs Ronaldo Caiado,Ronaldo Caiado,40.0,total,13.0,,,https://pt.wikipedia.org/w/index.php?title=Pesquisas_de_opini%C3%A3o_para_a_elei%C3%A7%C3%A3o_presidencial_no_Brasil_em_2026&oldid=73082572,wikipedia_revision,73082572,2026-09-29T15:02:36Z,unverified,,9ca942a568882bbd6b774a0d5553b585fd3c21e22108b84064e56abca54efbeb,blank_null_includes_undecided
2026-2-be2016995e,2026,2,,Datafolha,,2026-07-22,2026-07-24,,2004,,Lula vs Romeu Zema,Lula,48.0,total,12.0,,,https://pt.wikipedia.org/w/index.php?title=Pesquisas_de_opini%C3%A3o_para_a_elei%C3%A7%C3%A3o_presidencial_no_Brasil_em_2026&oldid=73082572,wikipedia_revision,73082572,2026-09-29T15:02:36Z,unverified,,9ca942a568882bbd6b774a0d5553b585fd3c21e22108b84064e56abca54efbeb,blank_null_includes_undecided
2026-2-be2016995e,2026,2,,Datafolha,,2026-07-22,2026-07-24,,2004,,Lula vs Romeu Zema,Romeu Zema,40.0,total,12.0,,,https://pt.wikipedia.org/w/index.php?title=Pesquisas_de_opini%C3%A3o_para_a_elei%C3%A7%C3%A3o_presidencial_no_Brasil_em_2026&oldid=73082572,wikipedia_revision,73082572,2026-09-29T15:02:36Z,unverified,,9ca942a568882bbd6b774a0d5553b585fd3c21e22108b84064e56abca54efbeb,blank_null_includes_undecided
2026-2-8e55fbc884,2026,2,,Real Time Big Data,,2026-07-18,2026-07-20,,2000,,Flávio Bolsonaro vs Lula,Lula,45.0,total,13.0,,,https://pt.wikipedia.org/w/index.php?title=Pesquisas_de_opini%C3%A3o_para_a_elei%C3%A7%C3%A3o_presidencial_no_Brasil_em_2026&oldid=73082572,wikipedia_revision,73082572,2026-09-29T15:02:36Z,unverified,,9ca942a568882bbd6b774a0d5553b585fd3c21e22108b84064e56abca54efbeb,blank_null_includes_undecided
2026-2-8e55fbc884,2026,2,,Real Time Big Data,,2026-07-18,2026-07-20,,2000,,Flávio Bolsonaro vs Lula,Flávio Bolsonaro,42.0,total,13.0,,,https://pt.wikipedia.org/w/index.php?title=Pesquisas_de_opini%C3%A3o_para_a_elei%C3%A7%C3%A3o_presidencial_no_Brasil_em_2026&oldid=73082572,wikipedia_revision,73082572,2026-09-29T15:02:36Z,unverified,,9ca942a568882bbd6b774a0d5553b585fd3c21e22108b84064e56abca54efbeb,blank_null_includes_undecided
2026-2-8e55fbc884,2026,2,,Real Time Big Data,,2026-07-18,2026-07-20,,2000,,Lula vs Renan Santos,Lula,44.0,total,21.0,,,https://pt.wikipedia.org/w/index.php?title=Pesquisas_de_opini%C3%A3o_para_a_elei%C3%A7%C3%A3o_presidencial_no_Brasil_em_2026&oldid=73082572,wikipedia_revision,73082572,2026-09-29T15:02:36Z,unverified,,9ca942a568882bbd6b774a0d5553b585fd3c21e22108b84064e56abca54efbeb,blank_null_includes_undecided
2026-2-8e55fbc884,2026,2,,Real Time Big Data,,2026-07-18,2026-07-20,,2000,,Lula vs Renan Santos,Renan Santos,35.0,total,21.0,,,https://pt.wikipedia.org/w/index.php?title=Pesquisas_de_opini%C3%A3o_para_a_elei%C3%A7%C3%A3o_presidencial_no_Brasil_em_2026&oldid=73082572,wikipedia_revision,73082572,2026-09-29T15:02:36Z,unverified,,9ca942a568882bbd6b774a0d5553b585fd3c21e22108b84064e56abca54efbeb,blank_null_includes_undecided
2026-2-8e55fbc884,2026,2,,Real Time Big Data,,2026-07-18,2026-07-20,,2000,,Lula vs Ronaldo Caiado,Lula,43.0,total,13.0,,,https://pt.wikipedia.org/w/index.php?title=Pesquisas_de_opini%C3%A3o_para_a_elei%C3%A7%C3%A3o_presidencial_no_Brasil_em_2026&oldid=73082572,wikipedia_revision,73082572,2026-09-29T15:02:36Z,unverified,,9ca942a568882bbd6b774a0d5553b585fd3c21e22108b84064e56abca54efbeb,blank_null_includes_undecided
2026-2-8e55fbc884,2026,2,,Real Time Big Data,,2026-07-18,2026-07-20,,2000,,Lula vs Ronaldo Caiado,Ronaldo Caiado,44.0,total,13.0,,,https://pt.wikipedia.org/w/index.php?title=Pesquisas_de_opini%C3%A3o_para_a_elei%C3%A7%C3%A3o_presidencial_no_Brasil_em_2026&oldid=73082572,wikipedia_revision,73082572,2026-09-29T15:02:36Z,unverified,,9ca942a568882bbd6b774a0d5553b585fd3c21e22108b84064e56abca54efbeb,blank_null_includes_undecided
2026-2-8e55fbc884,2026,2,,Real Time Big Data,,2026-07-18,2026-07-20,,2000,,Lula vs Romeu Zema,Lula,44.0,total,18.0,,,https://pt.wikipedia.org/w/index.php?title=Pesquisas_de_opini%C3%A3o_para_a_elei%C3%A7%C3%A3o_presidencial_no_Brasil_em_2026&oldid=73082572,wikipedia_revision,73082572,2026-09-29T15:02:36Z,unverified,,9ca942a568882bbd6b774a0d5553b585fd3c21e22108b84064e56abca54efbeb,blank_null_includes_undecided
2026-2-8e55fbc884,2026,2,,Real Time Big Data,,2026-07-18,2026-07-20,,2000,,Lula vs Romeu Zema,Romeu Zema,38.0,total,18.0,,,https://pt.wikipedia.org/w/index.php?title=Pesquisas_de_opini%C3%A3o_para_a_elei%C3%A7%C3%A3o_presidencial_no_Brasil_em_2026&oldid=73082572,wikipedia_revision,73082572,2026-09-29T15:02:36Z,unverified,,9ca942a568882bbd6b774a0d5553b585fd3c21e22108b84064e56abca54efbeb,blank_null_includes_undecided
2026-2-2a6fbdbf78,2026,2,,Indexa,,2026-07-16,2026-07-19,,2000,,Flávio Bolsonaro vs Lula,Lula,46.0,total,15.0,,,https://pt.wikipedia.org/w/index.php?title=Pesquisas_de_opini%C3%A3o_para_a_elei%C3%A7%C3%A3o_presidencial_no_Brasil_em_2026&oldid=73082572,wikipedia_revision,73082572,2026-09-29T15:02:36Z,unverified,,9ca942a568882bbd6b774a0d5553b585fd3c21e22108b84064e56abca54efbeb,blank_null_includes_undecided
2026-2-2a6fbdbf78,2026,2,,Indexa,,2026-07-16,2026-07-19,,2000,,Flávio Bolsonaro vs Lula,Flávio Bolsonaro,39.0,total,15.0,,,https://pt.wikipedia.org/w/index.php?title=Pesquisas_de_opini%C3%A3o_para_a_elei%C3%A7%C3%A3o_presidencial_no_Brasil_em_2026&oldid=73082572,wikipedia_revision,73082572,2026-09-29T15:02:36Z,unverified,,9ca942a568882bbd6b774a0d5553b585fd3c21e22108b84064e56abca54efbeb,blank_null_includes_undecided
2026-2-2a6fbdbf78,2026,2,,Indexa,,2026-07-16,2026-07-19,,2000,,Lula vs Renan Santos,Lula,47.0,total,26.0,,,https://pt.wikipedia.org/w/index.php?title=Pesquisas_de_opini%C3%A3o_para_a_elei%C3%A7%C3%A3o_presidencial_no_Brasil_em_2026&oldid=73082572,wikipedia_revision,73082572,2026-09-29T15:02:36Z,unverified,,9ca942a568882bbd6b774a0d5553b585fd3c21e22108b84064e56abca54efbeb,blank_null_includes_undecided
2026-2-2a6fbdbf78,2026,2,,Indexa,,2026-07-16,2026-07-19,,2000,,Lula vs Renan Santos,Renan Santos,27.0,total,26.0,,,https://pt.wikipedia.org/w/index.php?title=Pesquisas_de_opini%C3%A3o_para_a_elei%C3%A7%C3%A3o_presidencial_no_Brasil_em_2026&oldid=73082572,wikipedia_revision,73082572,2026-09-29T15:02:36Z,unverified,,9ca942a568882bbd6b774a0d5553b585fd3c21e22108b84064e56abca54efbeb,blank_null_includes_undecided
2026-2-2a6fbdbf78,2026,2,,Indexa,,2026-07-16,2026-07-19,,2000,,Lula vs Ronaldo Caiado,Lula,45.0,total,18.0,,,https://pt.wikipedia.org/w/index.php?title=Pesquisas_de_opini%C3%A3o_para_a_elei%C3%A7%C3%A3o_presidencial_no_Brasil_em_2026&oldid=73082572,wikipedia_revision,73082572,2026-09-29T15:02:36Z,unverified,,9ca942a568882bbd6b774a0d5553b585fd3c21e22108b84064e56abca54efbeb,blank_null_includes_undecided
2026-2-2a6fbdbf78,2026,2,,Indexa,,2026-07-16,2026-07-19,,2000,,Lula vs Ronaldo Caiado,Ronaldo Caiado,37.0,total,18.0,,,https://pt.wikipedia.org/w/index.php?title=Pesquisas_de_opini%C3%A3o_para_a_elei%C3%A7%C3%A3o_presidencial_no_Brasil_em_2026&oldid=73082572,wikipedia_revision,73082572,2026-09-29T15:02:36Z,unverified,,9ca942a568882bbd6b774a0d5553b585fd3c21e22108b84064e56abca54efbeb,blank_null_includes_undecided
2026-2-2a6fbdbf78,2026,2,,Indexa,,2026-07-16,2026-07-19,,2000,,Lula vs Romeu Zema,Lula,46.0,total,17.0,,,https://pt.wikipedia.org/w/index.php?title=Pesquisas_de_opini%C3%A3o_para_a_elei%C3%A7%C3%A3o_presidencial_no_Brasil_em_2026&oldid=73082572,wikipedia_revision,73082572,2026-09-29T15:02:36Z,unverified,,9ca942a568882bbd6b774a0d5553b585fd3c21e22108b84064e56abca54efbeb,blank_null_includes_undecided
2026-2-2a6fbdbf78,2026,2,,Indexa,,2026-07-16,2026-07-19,,2000,,Lula vs Romeu Zema,Romeu Zema,32.0,total,17.0,,,https://pt.wikipedia.org/w/index.php?title=Pesquisas_de_opini%C3%A3o_para_a_elei%C3%A7%C3%A3o_presidencial_no_Brasil_em_2026&oldid=73082572,wikipedia_revision,73082572,2026-09-29T15:02:36Z,unverified,,9ca942a568882bbd6b774a0d5553b585fd3c21e22108b84064e56abca54efbeb,blank_null_includes_undecided
2026-2-9d5bbf5ec1,2026,2,,Gerp,,2026-07-15,2026-07-17,,2000,,Flávio Bolsonaro vs Lula,Lula,45.0,total,9.0,,,https://pt.wikipedia.org/w/index.php?title=Pesquisas_de_opini%C3%A3o_para_a_elei%C3%A7%C3%A3o_presidencial_no_Brasil_em_2026&oldid=73082572,wikipedia_revision,73082572,2026-09-29T15:02:36Z,unverified,,9ca942a568882bbd6b774a0d5553b585fd3c21e22108b84064e56abca54efbeb,blank_null_includes_undecided
2026-2-9d5bbf5ec1,2026,2,,Gerp,,2026-07-15,2026-07-17,,2000,,Flávio Bolsonaro vs Lula,Flávio Bolsonaro,46.0,total,9.0,,,https://pt.wikipedia.org/w/index.php?title=Pesquisas_de_opini%C3%A3o_para_a_elei%C3%A7%C3%A3o_presidencial_no_Brasil_em_2026&oldid=73082572,wikipedia_revision,73082572,2026-09-29T15:02:36Z,unverified,,9ca942a568882bbd6b774a0d5553b585fd3c21e22108b84064e56abca54efbeb,blank_null_includes_undecided
2026-2-9d5bbf5ec1,2026,2,,Gerp,,2026-07-15,2026-07-17,,2000,,Lula vs Renan Santos,Lula,45.0,total,20.0,,,https://pt.wikipedia.org/w/index.php?title=Pesquisas_de_opini%C3%A3o_para_a_elei%C3%A7%C3%A3o_presidencial_no_Brasil_em_2026&oldid=73082572,wikipedia_revision,73082572,2026-09-29T15:02:36Z,unverified,,9ca942a568882bbd6b774a0d5553b585fd3c21e22108b84064e56abca54efbeb,blank_null_includes_undecided
2026-2-9d5bbf5ec1,2026,2,,Gerp,,2026-07-15,2026-07-17,,2000,,Lula vs Renan Santos,Renan Santos,35.0,total,20.0,,,https://pt.wikipedia.org/w/index.php?title=Pesquisas_de_opini%C3%A3o_para_a_elei%C3%A7%C3%A3o_presidencial_no_Brasil_em_2026&oldid=73082572,wikipedia_revision,73082572,2026-09-29T15:02:36Z,unverified,,9ca942a568882bbd6b774a0d5553b585fd3c21e22108b84064e56abca54efbeb,blank_null_includes_undecided
2026-2-9d5bbf5ec1,2026,2,,Gerp,,2026-07-15,2026-07-17,,2000,,Lula vs Ronaldo Caiado,Lula,44.0,total,16.0,,,https://pt.wikipedia.org/w/index.php?title=Pesquisas_de_opini%C3%A3o_para_a_elei%C3%A7%C3%A3o_presidencial_no_Brasil_em_2026&oldid=73082572,wikipedia_revision,73082572,2026-09-29T15:02:36Z,unverified,,9ca942a568882bbd6b774a0d5553b585fd3c21e22108b84064e56abca54efbeb,blank_null_includes_undecided
2026-2-9d5bbf5ec1,2026,2,,Gerp,,2026-07-15,2026-07-17,,2000,,Lula vs Ronaldo Caiado,Ronaldo Caiado,41.0,total,16.0,,,https://pt.wikipedia.org/w/index.php?title=Pesquisas_de_opini%C3%A3o_para_a_elei%C3%A7%C3%A3o_presidencial_no_Brasil_em_2026&oldid=73082572,wikipedia_revision,73082572,2026-09-29T15:02:36Z,unverified,,9ca942a568882bbd6b774a0d5553b585fd3c21e22108b84064e56abca54efbeb,blank_null_includes_undecided
2026-2-9d5bbf5ec1,2026,2,,Gerp,,2026-07-15,2026-07-17,,2000,,Lula vs Romeu Zema,Lula,44.0,total,17.0,,,https://pt.wikipedia.org/w/index.php?title=Pesquisas_de_opini%C3%A3o_para_a_elei%C3%A7%C3%A3o_presidencial_no_Brasil_em_2026&oldid=73082572,wikipedia_revision,73082572,2026-09-29T15:02:36Z,unverified,,9ca942a568882bbd6b774a0d5553b585fd3c21e22108b84064e56abca54efbeb,blank_null_includes_undecided
2026-2-9d5bbf5ec1,2026,2,,Gerp,,2026-07-15,2026-07-17,,2000,,Lula vs Romeu Zema,Romeu Zema,38.0,total,17.0,,,https://pt.wikipedia.org/w/index.php?title=Pesquisas_de_opini%C3%A3o_para_a_elei%C3%A7%C3%A3o_presidencial_no_Brasil_em_2026&oldid=73082572,wikipedia_revision,73082572,2026-09-29T15:02:36Z,unverified,,9ca942a568882bbd6b774a0d5553b585fd3c21e22108b84064e56abca54efbeb,blank_null_includes_undecided
2026-2-ff3b417837,2026,2,,PoderData,Aya,2026-07-12,2026-07-15,,2400,,Flávio Bolsonaro vs Lula,Lula,45.0,total,12.0,,,https://pt.wikipedia.org/w/index.php?title=Pesquisas_de_opini%C3%A3o_para_a_elei%C3%A7%C3%A3o_presidencial_no_Brasil_em_2026&oldid=73082572,wikipedia_revision,73082572,2026-09-29T15:02:36Z,unverified,,9ca942a568882bbd6b774a0d5553b585fd3c21e22108b84064e56abca54efbeb,blank_null_includes_undecided
2026-2-ff3b417837,2026,2,,PoderData,Aya,2026-07-12,2026-07-15,,2400,,Flávio Bolsonaro vs Lula,Flávio Bolsonaro,43.0,total,12.0,,,https://pt.wikipedia.org/w/index.php?title=Pesquisas_de_opini%C3%A3o_para_a_elei%C3%A7%C3%A3o_presidencial_no_Brasil_em_2026&oldid=73082572,wikipedia_revision,73082572,2026-09-29T15:02:36Z,unverified,,9ca942a568882bbd6b774a0d5553b585fd3c21e22108b84064e56abca54efbeb,blank_null_includes_undecided
2026-2-ff3b417837,2026,2,,PoderData,Aya,2026-07-12,2026-07-15,,2400,,Lula vs Ronaldo Caiado,Lula,44.0,total,14.0,,,https://en.wikipedia.org/w/index.php?title=Opinion_polling_for_the_2026_Brazilian_presidential_election&oldid=1377478949,wikipedia_revision,1377478949,2026-09-29T16:55:41Z,unverified,,a78d03ad5aeb63fc824e003bf10c344af9bfe722bf36e79b3d9db13c7cca830b,blank_null_includes_undecided;gap_fill_en_scenario
2026-2-ff3b417837,2026,2,,PoderData,Aya,2026-07-12,2026-07-15,,2400,,Lula vs Ronaldo Caiado,Ronaldo Caiado,43.0,total,14.0,,,https://en.wikipedia.org/w/index.php?title=Opinion_polling_for_the_2026_Brazilian_presidential_election&oldid=1377478949,wikipedia_revision,1377478949,2026-09-29T16:55:41Z,unverified,,a78d03ad5aeb63fc824e003bf10c344af9bfe722bf36e79b3d9db13c7cca830b,blank_null_includes_undecided;gap_fill_en_scenario
2026-2-ff3b417837,2026,2,,PoderData,Aya,2026-07-12,2026-07-15,,2400,,Lula vs Romeu Zema,Lula,44.0,total,15.0,,,https://en.wikipedia.org/w/index.php?title=Opinion_polling_for_the_2026_Brazilian_presidential_election&oldid=1377478949,wikipedia_revision,1377478949,2026-09-29T16:55:41Z,unverified,,a78d03ad5aeb63fc824e003bf10c344af9bfe722bf36e79b3d9db13c7cca830b,blank_null_includes_undecided;gap_fill_en_scenario
2026-2-ff3b417837,2026,2,,PoderData,Aya,2026-07-12,2026-07-15,,2400,,Lula vs Romeu Zema,Romeu Zema,41.0,total,15.0,,,https://en.wikipedia.org/w/index.php?title=Opinion_polling_for_the_2026_Brazilian_presidential_election&oldid=1377478949,wikipedia_revision,1377478949,2026-09-29T16:55:41Z,unverified,,a78d03ad5aeb63fc824e003bf10c344af9bfe722bf36e79b3d9db13c7cca830b,blank_null_includes_undecided;gap_fill_en_scenario
2026-2-ff3b417837,2026,2,,PoderData,Aya,2026-07-12,2026-07-15,,2400,,Lula vs Renan Santos,Lula,43.0,total,19.0,,,https://en.wikipedia.org/w/index.php?title=Opinion_polling_for_the_2026_Brazilian_presidential_election&oldid=1377478949,wikipedia_revision,1377478949,2026-09-29T16:55:41Z,unverified,,a78d03ad5aeb63fc824e003bf10c344af9bfe722bf36e79b3d9db13c7cca830b,blank_null_includes_undecided;gap_fill_en_scenario
2026-2-ff3b417837,2026,2,,PoderData,Aya,2026-07-12,2026-07-15,,2400,,Lula vs Renan Santos,Renan Santos,38.0,total,19.0,,,https://en.wikipedia.org/w/index.php?title=Opinion_polling_for_the_2026_Brazilian_presidential_election&oldid=1377478949,wikipedia_revision,1377478949,2026-09-29T16:55:41Z,unverified,,a78d03ad5aeb63fc824e003bf10c344af9bfe722bf36e79b3d9db13c7cca830b,blank_null_includes_undecided;gap_fill_en_scenario
2026-2-a50a7b608f,2026,2,,Quaest,,2026-07-10,2026-07-13,,2004,,Flávio Bolsonaro vs Lula,Lula,45.0,total,18.0,,,https://pt.wikipedia.org/w/index.php?title=Pesquisas_de_opini%C3%A3o_para_a_elei%C3%A7%C3%A3o_presidencial_no_Brasil_em_2026&oldid=73082572,wikipedia_revision,73082572,2026-09-29T15:02:36Z,unverified,,9ca942a568882bbd6b774a0d5553b585fd3c21e22108b84064e56abca54efbeb,blank_null_includes_undecided
2026-2-a50a7b608f,2026,2,,Quaest,,2026-07-10,2026-07-13,,2004,,Flávio Bolsonaro vs Lula,Flávio Bolsonaro,37.0,total,18.0,,,https://pt.wikipedia.org/w/index.php?title=Pesquisas_de_opini%C3%A3o_para_a_elei%C3%A7%C3%A3o_presidencial_no_Brasil_em_2026&oldid=73082572,wikipedia_revision,73082572,2026-09-29T15:02:36Z,unverified,,9ca942a568882bbd6b774a0d5553b585fd3c21e22108b84064e56abca54efbeb,blank_null_includes_undecided
2026-2-a50a7b608f,2026,2,,Quaest,,2026-07-10,2026-07-13,,2004,,Lula vs Renan Santos,Lula,45.0,total,22.0,,,https://pt.wikipedia.org/w/index.php?title=Pesquisas_de_opini%C3%A3o_para_a_elei%C3%A7%C3%A3o_presidencial_no_Brasil_em_2026&oldid=73082572,wikipedia_revision,73082572,2026-09-29T15:02:36Z,unverified,,9ca942a568882bbd6b774a0d5553b585fd3c21e22108b84064e56abca54efbeb,blank_null_includes_undecided
2026-2-a50a7b608f,2026,2,,Quaest,,2026-07-10,2026-07-13,,2004,,Lula vs Renan Santos,Renan Santos,33.0,total,22.0,,,https://pt.wikipedia.org/w/index.php?title=Pesquisas_de_opini%C3%A3o_para_a_elei%C3%A7%C3%A3o_presidencial_no_Brasil_em_2026&oldid=73082572,wikipedia_revision,73082572,2026-09-29T15:02:36Z,unverified,,9ca942a568882bbd6b774a0d5553b585fd3c21e22108b84064e56abca54efbeb,blank_null_includes_undecided
2026-2-a50a7b608f,2026,2,,Quaest,,2026-07-10,2026-07-13,,2004,,Lula vs Ronaldo Caiado,Lula,45.0,total,19.0,,,https://pt.wikipedia.org/w/index.php?title=Pesquisas_de_opini%C3%A3o_para_a_elei%C3%A7%C3%A3o_presidencial_no_Brasil_em_2026&oldid=73082572,wikipedia_revision,73082572,2026-09-29T15:02:36Z,unverified,,9ca942a568882bbd6b774a0d5553b585fd3c21e22108b84064e56abca54efbeb,blank_null_includes_undecided
2026-2-a50a7b608f,2026,2,,Quaest,,2026-07-10,2026-07-13,,2004,,Lula vs Ronaldo Caiado,Ronaldo Caiado,36.0,total,19.0,,,https://pt.wikipedia.org/w/index.php?title=Pesquisas_de_opini%C3%A3o_para_a_elei%C3%A7%C3%A3o_presidencial_no_Brasil_em_2026&oldid=73082572,wikipedia_revision,73082572,2026-09-29T15:02:36Z,unverified,,9ca942a568882bbd6b774a0d5553b585fd3c21e22108b84064e56abca54efbeb,blank_null_includes_undecided
2026-2-a50a7b608f,2026,2,,Quaest,,2026-07-10,2026-07-13,,2004,,Lula vs Romeu Zema,Lula,45.0,total,20.0,,,https://pt.wikipedia.org/w/index.php?title=Pesquisas_de_opini%C3%A3o_para_a_elei%C3%A7%C3%A3o_presidencial_no_Brasil_em_2026&oldid=73082572,wikipedia_revision,73082572,2026-09-29T15:02:36Z,unverified,,9ca942a568882bbd6b774a0d5553b585fd3c21e22108b84064e56abca54efbeb,blank_null_includes_undecided
2026-2-a50a7b608f,2026,2,,Quaest,,2026-07-10,2026-07-13,,2004,,Lula vs Romeu Zema,Romeu Zema,35.0,total,20.0,,,https://pt.wikipedia.org/w/index.php?title=Pesquisas_de_opini%C3%A3o_para_a_elei%C3%A7%C3%A3o_presidencial_no_Brasil_em_2026&oldid=73082572,wikipedia_revision,73082572,2026-09-29T15:02:36Z,unverified,,9ca942a568882bbd6b774a0d5553b585fd3c21e22108b84064e56abca54efbeb,blank_null_includes_undecided
2026-2-1d575d054c,2026,2,,Nexus,BTG Pactual,2026-07-10,2026-07-12,,2003,,Flávio Bolsonaro vs Lula,Lula,47.0,total,9.0,,,https://pt.wikipedia.org/w/index.php?title=Pesquisas_de_opini%C3%A3o_para_a_elei%C3%A7%C3%A3o_presidencial_no_Brasil_em_2026&oldid=73082572,wikipedia_revision,73082572,2026-09-29T15:02:36Z,unverified,,9ca942a568882bbd6b774a0d5553b585fd3c21e22108b84064e56abca54efbeb,blank_null_includes_undecided
2026-2-1d575d054c,2026,2,,Nexus,BTG Pactual,2026-07-10,2026-07-12,,2003,,Flávio Bolsonaro vs Lula,Flávio Bolsonaro,44.0,total,9.0,,,https://pt.wikipedia.org/w/index.php?title=Pesquisas_de_opini%C3%A3o_para_a_elei%C3%A7%C3%A3o_presidencial_no_Brasil_em_2026&oldid=73082572,wikipedia_revision,73082572,2026-09-29T15:02:36Z,unverified,,9ca942a568882bbd6b774a0d5553b585fd3c21e22108b84064e56abca54efbeb,blank_null_includes_undecided
2026-2-1d575d054c,2026,2,,Nexus,BTG Pactual,2026-07-10,2026-07-12,,2003,,Lula vs Renan Santos,Lula,49.0,total,16.0,,,https://pt.wikipedia.org/w/index.php?title=Pesquisas_de_opini%C3%A3o_para_a_elei%C3%A7%C3%A3o_presidencial_no_Brasil_em_2026&oldid=73082572,wikipedia_revision,73082572,2026-09-29T15:02:36Z,unverified,,9ca942a568882bbd6b774a0d5553b585fd3c21e22108b84064e56abca54efbeb,blank_null_includes_undecided
2026-2-1d575d054c,2026,2,,Nexus,BTG Pactual,2026-07-10,2026-07-12,,2003,,Lula vs Renan Santos,Renan Santos,35.0,total,16.0,,,https://pt.wikipedia.org/w/index.php?title=Pesquisas_de_opini%C3%A3o_para_a_elei%C3%A7%C3%A3o_presidencial_no_Brasil_em_2026&oldid=73082572,wikipedia_revision,73082572,2026-09-29T15:02:36Z,unverified,,9ca942a568882bbd6b774a0d5553b585fd3c21e22108b84064e56abca54efbeb,blank_null_includes_undecided
2026-2-1d575d054c,2026,2,,Nexus,BTG Pactual,2026-07-10,2026-07-12,,2003,,Lula vs Ronaldo Caiado,Lula,47.0,total,15.0,,,https://pt.wikipedia.org/w/index.php?title=Pesquisas_de_opini%C3%A3o_para_a_elei%C3%A7%C3%A3o_presidencial_no_Brasil_em_2026&oldid=73082572,wikipedia_revision,73082572,2026-09-29T15:02:36Z,unverified,,9ca942a568882bbd6b774a0d5553b585fd3c21e22108b84064e56abca54efbeb,blank_null_includes_undecided
2026-2-1d575d054c,2026,2,,Nexus,BTG Pactual,2026-07-10,2026-07-12,,2003,,Lula vs Ronaldo Caiado,Ronaldo Caiado,38.0,total,15.0,,,https://pt.wikipedia.org/w/index.php?title=Pesquisas_de_opini%C3%A3o_para_a_elei%C3%A7%C3%A3o_presidencial_no_Brasil_em_2026&oldid=73082572,wikipedia_revision,73082572,2026-09-29T15:02:36Z,unverified,,9ca942a568882bbd6b774a0d5553b585fd3c21e22108b84064e56abca54efbeb,blank_null_includes_undecided
2026-2-1d575d054c,2026,2,,Nexus,BTG Pactual,2026-07-10,2026-07-12,,2003,,Lula vs Romeu Zema,Lula,47.0,total,13.0,,,https://pt.wikipedia.org/w/index.php?title=Pesquisas_de_opini%C3%A3o_para_a_elei%C3%A7%C3%A3o_presidencial_no_Brasil_em_2026&oldid=73082572,wikipedia_revision,73082572,2026-09-29T15:02:36Z,unverified,,9ca942a568882bbd6b774a0d5553b585fd3c21e22108b84064e56abca54efbeb,blank_null_includes_undecided
2026-2-1d575d054c,2026,2,,Nexus,BTG Pactual,2026-07-10,2026-07-12,,2003,,Lula vs Romeu Zema,Romeu Zema,40.0,total,13.0,,,https://pt.wikipedia.org/w/index.php?title=Pesquisas_de_opini%C3%A3o_para_a_elei%C3%A7%C3%A3o_presidencial_no_Brasil_em_2026&oldid=73082572,wikipedia_revision,73082572,2026-09-29T15:02:36Z,unverified,,9ca942a568882bbd6b774a0d5553b585fd3c21e22108b84064e56abca54efbeb,blank_null_includes_undecided
2026-2-74374114cb,2026,2,,Futura,Apex,2026-07-07,2026-07-11,,2000,,Flávio Bolsonaro vs Lula,Lula,46.3,total,7.6,,,https://pt.wikipedia.org/w/index.php?title=Pesquisas_de_opini%C3%A3o_para_a_elei%C3%A7%C3%A3o_presidencial_no_Brasil_em_2026&oldid=73082572,wikipedia_revision,73082572,2026-09-29T15:02:36Z,unverified,,9ca942a568882bbd6b774a0d5553b585fd3c21e22108b84064e56abca54efbeb,blank_null_includes_undecided
2026-2-74374114cb,2026,2,,Futura,Apex,2026-07-07,2026-07-11,,2000,,Flávio Bolsonaro vs Lula,Flávio Bolsonaro,46.1,total,7.6,,,https://pt.wikipedia.org/w/index.php?title=Pesquisas_de_opini%C3%A3o_para_a_elei%C3%A7%C3%A3o_presidencial_no_Brasil_em_2026&oldid=73082572,wikipedia_revision,73082572,2026-09-29T15:02:36Z,unverified,,9ca942a568882bbd6b774a0d5553b585fd3c21e22108b84064e56abca54efbeb,blank_null_includes_undecided
2026-2-74374114cb,2026,2,,Futura,Apex,2026-07-07,2026-07-11,,2000,,Lula vs Renan Santos,Lula,46.4,total,20.5,,,https://pt.wikipedia.org/w/index.php?title=Pesquisas_de_opini%C3%A3o_para_a_elei%C3%A7%C3%A3o_presidencial_no_Brasil_em_2026&oldid=73082572,wikipedia_revision,73082572,2026-09-29T15:02:36Z,unverified,,9ca942a568882bbd6b774a0d5553b585fd3c21e22108b84064e56abca54efbeb,blank_null_includes_undecided
2026-2-74374114cb,2026,2,,Futura,Apex,2026-07-07,2026-07-11,,2000,,Lula vs Renan Santos,Renan Santos,33.1,total,20.5,,,https://pt.wikipedia.org/w/index.php?title=Pesquisas_de_opini%C3%A3o_para_a_elei%C3%A7%C3%A3o_presidencial_no_Brasil_em_2026&oldid=73082572,wikipedia_revision,73082572,2026-09-29T15:02:36Z,unverified,,9ca942a568882bbd6b774a0d5553b585fd3c21e22108b84064e56abca54efbeb,blank_null_includes_undecided
2026-2-74374114cb,2026,2,,Futura,Apex,2026-07-07,2026-07-11,,2000,,Lula vs Ronaldo Caiado,Lula,45.1,total,15.9,,,https://pt.wikipedia.org/w/index.php?title=Pesquisas_de_opini%C3%A3o_para_a_elei%C3%A7%C3%A3o_presidencial_no_Brasil_em_2026&oldid=73082572,wikipedia_revision,73082572,2026-09-29T15:02:36Z,unverified,,9ca942a568882bbd6b774a0d5553b585fd3c21e22108b84064e56abca54efbeb,blank_null_includes_undecided
2026-2-74374114cb,2026,2,,Futura,Apex,2026-07-07,2026-07-11,,2000,,Lula vs Ronaldo Caiado,Ronaldo Caiado,38.9,total,15.9,,,https://pt.wikipedia.org/w/index.php?title=Pesquisas_de_opini%C3%A3o_para_a_elei%C3%A7%C3%A3o_presidencial_no_Brasil_em_2026&oldid=73082572,wikipedia_revision,73082572,2026-09-29T15:02:36Z,unverified,,9ca942a568882bbd6b774a0d5553b585fd3c21e22108b84064e56abca54efbeb,blank_null_includes_undecided
2026-2-74374114cb,2026,2,,Futura,Apex,2026-07-07,2026-07-11,,2000,,Lula vs Romeu Zema,Lula,46.0,total,15.9,,,https://pt.wikipedia.org/w/index.php?title=Pesquisas_de_opini%C3%A3o_para_a_elei%C3%A7%C3%A3o_presidencial_no_Brasil_em_2026&oldid=73082572,wikipedia_revision,73082572,2026-09-29T15:02:36Z,unverified,,9ca942a568882bbd6b774a0d5553b585fd3c21e22108b84064e56abca54efbeb,blank_null_includes_undecided
2026-2-74374114cb,2026,2,,Futura,Apex,2026-07-07,2026-07-11,,2000,,Lula vs Romeu Zema,Romeu Zema,38.1,total,15.9,,,https://pt.wikipedia.org/w/index.php?title=Pesquisas_de_opini%C3%A3o_para_a_elei%C3%A7%C3%A3o_presidencial_no_Brasil_em_2026&oldid=73082572,wikipedia_revision,73082572,2026-09-29T15:02:36Z,unverified,,9ca942a568882bbd6b774a0d5553b585fd3c21e22108b84064e56abca54efbeb,blank_null_includes_undecided
2026-2-74374114cb,2026,2,,Futura,Apex,2026-07-07,2026-07-11,,2000,,Lula vs Michelle Bolsonaro,Lula,46.1,total,9.6,,,https://pt.wikipedia.org/w/index.php?title=Pesquisas_de_opini%C3%A3o_para_a_elei%C3%A7%C3%A3o_presidencial_no_Brasil_em_2026&oldid=73082572,wikipedia_revision,73082572,2026-09-29T15:02:36Z,unverified,,9ca942a568882bbd6b774a0d5553b585fd3c21e22108b84064e56abca54efbeb,blank_null_includes_undecided
2026-2-74374114cb,2026,2,,Futura,Apex,2026-07-07,2026-07-11,,2000,,Lula vs Michelle Bolsonaro,Michelle Bolsonaro,44.3,total,9.6,,,https://pt.wikipedia.org/w/index.php?title=Pesquisas_de_opini%C3%A3o_para_a_elei%C3%A7%C3%A3o_presidencial_no_Brasil_em_2026&oldid=73082572,wikipedia_revision,73082572,2026-09-29T15:02:36Z,unverified,,9ca942a568882bbd6b774a0d5553b585fd3c21e22108b84064e56abca54efbeb,blank_null_includes_undecided
2026-2-46d3ab873e,2026,2,,Gerp,,2026-07-03,2026-07-07,,2000,,Flávio Bolsonaro vs Lula,Lula,42.0,total,13.0,,,https://pt.wikipedia.org/w/index.php?title=Pesquisas_de_opini%C3%A3o_para_a_elei%C3%A7%C3%A3o_presidencial_no_Brasil_em_2026&oldid=73082572,wikipedia_revision,73082572,2026-09-29T15:02:36Z,unverified,,9ca942a568882bbd6b774a0d5553b585fd3c21e22108b84064e56abca54efbeb,blank_null_includes_undecided
2026-2-46d3ab873e,2026,2,,Gerp,,2026-07-03,2026-07-07,,2000,,Flávio Bolsonaro vs Lula,Flávio Bolsonaro,45.0,total,13.0,,,https://pt.wikipedia.org/w/index.php?title=Pesquisas_de_opini%C3%A3o_para_a_elei%C3%A7%C3%A3o_presidencial_no_Brasil_em_2026&oldid=73082572,wikipedia_revision,73082572,2026-09-29T15:02:36Z,unverified,,9ca942a568882bbd6b774a0d5553b585fd3c21e22108b84064e56abca54efbeb,blank_null_includes_undecided
2026-2-46d3ab873e,2026,2,,Gerp,,2026-07-03,2026-07-07,,2000,,Lula vs Renan Santos,Lula,41.0,total,29.0,,,https://pt.wikipedia.org/w/index.php?title=Pesquisas_de_opini%C3%A3o_para_a_elei%C3%A7%C3%A3o_presidencial_no_Brasil_em_2026&oldid=73082572,wikipedia_revision,73082572,2026-09-29T15:02:36Z,unverified,,9ca942a568882bbd6b774a0d5553b585fd3c21e22108b84064e56abca54efbeb,blank_null_includes_undecided
2026-2-46d3ab873e,2026,2,,Gerp,,2026-07-03,2026-07-07,,2000,,Lula vs Renan Santos,Renan Santos,30.0,total,29.0,,,https://pt.wikipedia.org/w/index.php?title=Pesquisas_de_opini%C3%A3o_para_a_elei%C3%A7%C3%A3o_presidencial_no_Brasil_em_2026&oldid=73082572,wikipedia_revision,73082572,2026-09-29T15:02:36Z,unverified,,9ca942a568882bbd6b774a0d5553b585fd3c21e22108b84064e56abca54efbeb,blank_null_includes_undecided
2026-2-46d3ab873e,2026,2,,Gerp,,2026-07-03,2026-07-07,,2000,,Lula vs Ronaldo Caiado,Lula,40.0,total,23.0,,,https://pt.wikipedia.org/w/index.php?title=Pesquisas_de_opini%C3%A3o_para_a_elei%C3%A7%C3%A3o_presidencial_no_Brasil_em_2026&oldid=73082572,wikipedia_revision,73082572,2026-09-29T15:02:36Z,unverified,,9ca942a568882bbd6b774a0d5553b585fd3c21e22108b84064e56abca54efbeb,blank_null_includes_undecided
2026-2-46d3ab873e,2026,2,,Gerp,,2026-07-03,2026-07-07,,2000,,Lula vs Ronaldo Caiado,Ronaldo Caiado,36.0,total,23.0,,,https://pt.wikipedia.org/w/index.php?title=Pesquisas_de_opini%C3%A3o_para_a_elei%C3%A7%C3%A3o_presidencial_no_Brasil_em_2026&oldid=73082572,wikipedia_revision,73082572,2026-09-29T15:02:36Z,unverified,,9ca942a568882bbd6b774a0d5553b585fd3c21e22108b84064e56abca54efbeb,blank_null_includes_undecided
2026-2-46d3ab873e,2026,2,,Gerp,,2026-07-03,2026-07-07,,2000,,Lula vs Romeu Zema,Lula,41.0,total,23.0,,,https://pt.wikipedia.org/w/index.php?title=Pesquisas_de_opini%C3%A3o_para_a_elei%C3%A7%C3%A3o_presidencial_no_Brasil_em_2026&oldid=73082572,wikipedia_revision,73082572,2026-09-29T15:02:36Z,unverified,,9ca942a568882bbd6b774a0d5553b585fd3c21e22108b84064e56abca54efbeb,blank_null_includes_undecided
2026-2-46d3ab873e,2026,2,,Gerp,,2026-07-03,2026-07-07,,2000,,Lula vs Romeu Zema,Romeu Zema,36.0,total,23.0,,,https://pt.wikipedia.org/w/index.php?title=Pesquisas_de_opini%C3%A3o_para_a_elei%C3%A7%C3%A3o_presidencial_no_Brasil_em_2026&oldid=73082572,wikipedia_revision,73082572,2026-09-29T15:02:36Z,unverified,,9ca942a568882bbd6b774a0d5553b585fd3c21e22108b84064e56abca54efbeb,blank_null_includes_undecided
2026-2-46d3ab873e,2026,2,,Gerp,,2026-07-03,2026-07-07,,2000,,Lula vs Michelle Bolsonaro,Lula,45.0,total,15.0,,,https://pt.wikipedia.org/w/index.php?title=Pesquisas_de_opini%C3%A3o_para_a_elei%C3%A7%C3%A3o_presidencial_no_Brasil_em_2026&oldid=73082572,wikipedia_revision,73082572,2026-09-29T15:02:36Z,unverified,,9ca942a568882bbd6b774a0d5553b585fd3c21e22108b84064e56abca54efbeb,blank_null_includes_undecided
2026-2-46d3ab873e,2026,2,,Gerp,,2026-07-03,2026-07-07,,2000,,Lula vs Michelle Bolsonaro,Michelle Bolsonaro,41.0,total,15.0,,,https://pt.wikipedia.org/w/index.php?title=Pesquisas_de_opini%C3%A3o_para_a_elei%C3%A7%C3%A3o_presidencial_no_Brasil_em_2026&oldid=73082572,wikipedia_revision,73082572,2026-09-29T15:02:36Z,unverified,,9ca942a568882bbd6b774a0d5553b585fd3c21e22108b84064e56abca54efbeb,blank_null_includes_undecided
2026-2-46d3ab873e,2026,2,,Gerp,,2026-07-03,2026-07-07,,2000,,Flávio Bolsonaro vs Geraldo Alckmin,Flávio Bolsonaro,34.0,total,21.0,,,https://pt.wikipedia.org/w/index.php?title=Pesquisas_de_opini%C3%A3o_para_a_elei%C3%A7%C3%A3o_presidencial_no_Brasil_em_2026&oldid=73082572,wikipedia_revision,73082572,2026-09-29T15:02:36Z,unverified,,9ca942a568882bbd6b774a0d5553b585fd3c21e22108b84064e56abca54efbeb,blank_null_includes_undecided
2026-2-46d3ab873e,2026,2,,Gerp,,2026-07-03,2026-07-07,,2000,,Flávio Bolsonaro vs Geraldo Alckmin,Geraldo Alckmin,44.0,total,21.0,,,https://pt.wikipedia.org/w/index.php?title=Pesquisas_de_opini%C3%A3o_para_a_elei%C3%A7%C3%A3o_presidencial_no_Brasil_em_2026&oldid=73082572,wikipedia_revision,73082572,2026-09-29T15:02:36Z,unverified,,9ca942a568882bbd6b774a0d5553b585fd3c21e22108b84064e56abca54efbeb,blank_null_includes_undecided
2026-2-46d3ab873e,2026,2,,Gerp,,2026-07-03,2026-07-07,,2000,,Fernando Haddad vs Flávio Bolsonaro,Fernando Haddad,32.0,total,23.0,,,https://pt.wikipedia.org/w/index.php?title=Pesquisas_de_opini%C3%A3o_para_a_elei%C3%A7%C3%A3o_presidencial_no_Brasil_em_2026&oldid=73082572,wikipedia_revision,73082572,2026-09-29T15:02:36Z,unverified,,9ca942a568882bbd6b774a0d5553b585fd3c21e22108b84064e56abca54efbeb,blank_null_includes_undecided
2026-2-46d3ab873e,2026,2,,Gerp,,2026-07-03,2026-07-07,,2000,,Fernando Haddad vs Flávio Bolsonaro,Flávio Bolsonaro,45.0,total,23.0,,,https://pt.wikipedia.org/w/index.php?title=Pesquisas_de_opini%C3%A3o_para_a_elei%C3%A7%C3%A3o_presidencial_no_Brasil_em_2026&oldid=73082572,wikipedia_revision,73082572,2026-09-29T15:02:36Z,unverified,,9ca942a568882bbd6b774a0d5553b585fd3c21e22108b84064e56abca54efbeb,blank_null_includes_undecided
2026-2-988ff5f4f5,2026,2,,Ideia,Meio,2026-07-03,2026-07-06,,2000,,Flávio Bolsonaro vs Lula,Lula,45.0,total,15.0,,,https://pt.wikipedia.org/w/index.php?title=Pesquisas_de_opini%C3%A3o_para_a_elei%C3%A7%C3%A3o_presidencial_no_Brasil_em_2026&oldid=73082572,wikipedia_revision,73082572,2026-09-29T15:02:36Z,unverified,,9ca942a568882bbd6b774a0d5553b585fd3c21e22108b84064e56abca54efbeb,blank_null_includes_undecided
2026-2-988ff5f4f5,2026,2,,Ideia,Meio,2026-07-03,2026-07-06,,2000,,Flávio Bolsonaro vs Lula,Flávio Bolsonaro,40.0,total,15.0,,,https://pt.wikipedia.org/w/index.php?title=Pesquisas_de_opini%C3%A3o_para_a_elei%C3%A7%C3%A3o_presidencial_no_Brasil_em_2026&oldid=73082572,wikipedia_revision,73082572,2026-09-29T15:02:36Z,unverified,,9ca942a568882bbd6b774a0d5553b585fd3c21e22108b84064e56abca54efbeb,blank_null_includes_undecided
2026-2-988ff5f4f5,2026,2,,Ideia,Meio,2026-07-03,2026-07-06,,2000,,Lula vs Renan Santos,Lula,45.0,total,22.0,,,https://pt.wikipedia.org/w/index.php?title=Pesquisas_de_opini%C3%A3o_para_a_elei%C3%A7%C3%A3o_presidencial_no_Brasil_em_2026&oldid=73082572,wikipedia_revision,73082572,2026-09-29T15:02:36Z,unverified,,9ca942a568882bbd6b774a0d5553b585fd3c21e22108b84064e56abca54efbeb,blank_null_includes_undecided
2026-2-988ff5f4f5,2026,2,,Ideia,Meio,2026-07-03,2026-07-06,,2000,,Lula vs Renan Santos,Renan Santos,33.0,total,22.0,,,https://pt.wikipedia.org/w/index.php?title=Pesquisas_de_opini%C3%A3o_para_a_elei%C3%A7%C3%A3o_presidencial_no_Brasil_em_2026&oldid=73082572,wikipedia_revision,73082572,2026-09-29T15:02:36Z,unverified,,9ca942a568882bbd6b774a0d5553b585fd3c21e22108b84064e56abca54efbeb,blank_null_includes_undecided
2026-2-988ff5f4f5,2026,2,,Ideia,Meio,2026-07-03,2026-07-06,,2000,,Lula vs Ronaldo Caiado,Lula,45.0,total,17.4,,,https://pt.wikipedia.org/w/index.php?title=Pesquisas_de_opini%C3%A3o_para_a_elei%C3%A7%C3%A3o_presidencial_no_Brasil_em_2026&oldid=73082572,wikipedia_revision,73082572,2026-09-29T15:02:36Z,unverified,,9ca942a568882bbd6b774a0d5553b585fd3c21e22108b84064e56abca54efbeb,blank_null_includes_undecided
2026-2-988ff5f4f5,2026,2,,Ideia,Meio,2026-07-03,2026-07-06,,2000,,Lula vs Ronaldo Caiado,Ronaldo Caiado,37.6,total,17.4,,,https://pt.wikipedia.org/w/index.php?title=Pesquisas_de_opini%C3%A3o_para_a_elei%C3%A7%C3%A3o_presidencial_no_Brasil_em_2026&oldid=73082572,wikipedia_revision,73082572,2026-09-29T15:02:36Z,unverified,,9ca942a568882bbd6b774a0d5553b585fd3c21e22108b84064e56abca54efbeb,blank_null_includes_undecided
2026-2-988ff5f4f5,2026,2,,Ideia,Meio,2026-07-03,2026-07-06,,2000,,Lula vs Romeu Zema,Lula,45.0,total,18.0,,,https://pt.wikipedia.org/w/index.php?title=Pesquisas_de_opini%C3%A3o_para_a_elei%C3%A7%C3%A3o_presidencial_no_Brasil_em_2026&oldid=73082572,wikipedia_revision,73082572,2026-09-29T15:02:36Z,unverified,,9ca942a568882bbd6b774a0d5553b585fd3c21e22108b84064e56abca54efbeb,blank_null_includes_undecided
2026-2-988ff5f4f5,2026,2,,Ideia,Meio,2026-07-03,2026-07-06,,2000,,Lula vs Romeu Zema,Romeu Zema,37.0,total,18.0,,,https://pt.wikipedia.org/w/index.php?title=Pesquisas_de_opini%C3%A3o_para_a_elei%C3%A7%C3%A3o_presidencial_no_Brasil_em_2026&oldid=73082572,wikipedia_revision,73082572,2026-09-29T15:02:36Z,unverified,,9ca942a568882bbd6b774a0d5553b585fd3c21e22108b84064e56abca54efbeb,blank_null_includes_undecided
2026-2-988ff5f4f5,2026,2,,Ideia,Meio,2026-07-03,2026-07-06,,2000,,Lula vs Michelle Bolsonaro,Lula,45.0,total,19.0,,,https://pt.wikipedia.org/w/index.php?title=Pesquisas_de_opini%C3%A3o_para_a_elei%C3%A7%C3%A3o_presidencial_no_Brasil_em_2026&oldid=73082572,wikipedia_revision,73082572,2026-09-29T15:02:36Z,unverified,,9ca942a568882bbd6b774a0d5553b585fd3c21e22108b84064e56abca54efbeb,blank_null_includes_undecided
2026-2-988ff5f4f5,2026,2,,Ideia,Meio,2026-07-03,2026-07-06,,2000,,Lula vs Michelle Bolsonaro,Michelle Bolsonaro,36.0,total,19.0,,,https://pt.wikipedia.org/w/index.php?title=Pesquisas_de_opini%C3%A3o_para_a_elei%C3%A7%C3%A3o_presidencial_no_Brasil_em_2026&oldid=73082572,wikipedia_revision,73082572,2026-09-29T15:02:36Z,unverified,,9ca942a568882bbd6b774a0d5553b585fd3c21e22108b84064e56abca54efbeb,blank_null_includes_undecided
2026-2-988ff5f4f5,2026,2,,Ideia,Meio,2026-07-03,2026-07-06,,2000,,Joaquim Barbosa vs Lula,Lula,45.0,total,32.0,,,https://pt.wikipedia.org/w/index.php?title=Pesquisas_de_opini%C3%A3o_para_a_elei%C3%A7%C3%A3o_presidencial_no_Brasil_em_2026&oldid=73082572,wikipedia_revision,73082572,2026-09-29T15:02:36Z,unverified,,9ca942a568882bbd6b774a0d5553b585fd3c21e22108b84064e56abca54efbeb,blank_null_includes_undecided
2026-2-988ff5f4f5,2026,2,,Ideia,Meio,2026-07-03,2026-07-06,,2000,,Joaquim Barbosa vs Lula,Joaquim Barbosa,23.0,total,32.0,,,https://pt.wikipedia.org/w/index.php?title=Pesquisas_de_opini%C3%A3o_para_a_elei%C3%A7%C3%A3o_presidencial_no_Brasil_em_2026&oldid=73082572,wikipedia_revision,73082572,2026-09-29T15:02:36Z,unverified,,9ca942a568882bbd6b774a0d5553b585fd3c21e22108b84064e56abca54efbeb,blank_null_includes_undecided
2026-2-32feadeca9,2026,2,,AtlasIntel,,2026-06-26,2026-06-30,,4999,,Flávio Bolsonaro vs Lula,Lula,48.8,total,8.9,,,https://pt.wikipedia.org/w/index.php?title=Pesquisas_de_opini%C3%A3o_para_a_elei%C3%A7%C3%A3o_presidencial_no_Brasil_em_2026&oldid=73082572,wikipedia_revision,73082572,2026-09-29T15:02:36Z,unverified,,9ca942a568882bbd6b774a0d5553b585fd3c21e22108b84064e56abca54efbeb,pollster_name_normalised_from:Atlasinstel;blank_null_includes_undecided
2026-2-32feadeca9,2026,2,,AtlasIntel,,2026-06-26,2026-06-30,,4999,,Flávio Bolsonaro vs Lula,Flávio Bolsonaro,42.3,total,8.9,,,https://pt.wikipedia.org/w/index.php?title=Pesquisas_de_opini%C3%A3o_para_a_elei%C3%A7%C3%A3o_presidencial_no_Brasil_em_2026&oldid=73082572,wikipedia_revision,73082572,2026-09-29T15:02:36Z,unverified,,9ca942a568882bbd6b774a0d5553b585fd3c21e22108b84064e56abca54efbeb,pollster_name_normalised_from:Atlasinstel;blank_null_includes_undecided
2026-2-32feadeca9,2026,2,,AtlasIntel,,2026-06-26,2026-06-30,,4999,,Lula vs Renan Santos,Lula,49.2,total,21.9,,,https://pt.wikipedia.org/w/index.php?title=Pesquisas_de_opini%C3%A3o_para_a_elei%C3%A7%C3%A3o_presidencial_no_Brasil_em_2026&oldid=73082572,wikipedia_revision,73082572,2026-09-29T15:02:36Z,unverified,,9ca942a568882bbd6b774a0d5553b585fd3c21e22108b84064e56abca54efbeb,pollster_name_normalised_from:Atlasinstel;blank_null_includes_undecided
2026-2-32feadeca9,2026,2,,AtlasIntel,,2026-06-26,2026-06-30,,4999,,Lula vs Renan Santos,Renan Santos,29.8,total,21.9,,,https://pt.wikipedia.org/w/index.php?title=Pesquisas_de_opini%C3%A3o_para_a_elei%C3%A7%C3%A3o_presidencial_no_Brasil_em_2026&oldid=73082572,wikipedia_revision,73082572,2026-09-29T15:02:36Z,unverified,,9ca942a568882bbd6b774a0d5553b585fd3c21e22108b84064e56abca54efbeb,pollster_name_normalised_from:Atlasinstel;blank_null_includes_undecided
2026-2-32feadeca9,2026,2,,AtlasIntel,,2026-06-26,2026-06-30,,4999,,Lula vs Ronaldo Caiado,Lula,48.0,total,13.1,,,https://pt.wikipedia.org/w/index.php?title=Pesquisas_de_opini%C3%A3o_para_a_elei%C3%A7%C3%A3o_presidencial_no_Brasil_em_2026&oldid=73082572,wikipedia_revision,73082572,2026-09-29T15:02:36Z,unverified,,9ca942a568882bbd6b774a0d5553b585fd3c21e22108b84064e56abca54efbeb,pollster_name_normalised_from:Atlasinstel;blank_null_includes_undecided
2026-2-32feadeca9,2026,2,,AtlasIntel,,2026-06-26,2026-06-30,,4999,,Lula vs Ronaldo Caiado,Ronaldo Caiado,39.0,total,13.1,,,https://pt.wikipedia.org/w/index.php?title=Pesquisas_de_opini%C3%A3o_para_a_elei%C3%A7%C3%A3o_presidencial_no_Brasil_em_2026&oldid=73082572,wikipedia_revision,73082572,2026-09-29T15:02:36Z,unverified,,9ca942a568882bbd6b774a0d5553b585fd3c21e22108b84064e56abca54efbeb,pollster_name_normalised_from:Atlasinstel;blank_null_includes_undecided
2026-2-32feadeca9,2026,2,,AtlasIntel,,2026-06-26,2026-06-30,,4999,,Lula vs Romeu Zema,Lula,48.2,total,13.3,,,https://pt.wikipedia.org/w/index.php?title=Pesquisas_de_opini%C3%A3o_para_a_elei%C3%A7%C3%A3o_presidencial_no_Brasil_em_2026&oldid=73082572,wikipedia_revision,73082572,2026-09-29T15:02:36Z,unverified,,9ca942a568882bbd6b774a0d5553b585fd3c21e22108b84064e56abca54efbeb,pollster_name_normalised_from:Atlasinstel;blank_null_includes_undecided
2026-2-32feadeca9,2026,2,,AtlasIntel,,2026-06-26,2026-06-30,,4999,,Lula vs Romeu Zema,Romeu Zema,38.5,total,13.3,,,https://pt.wikipedia.org/w/index.php?title=Pesquisas_de_opini%C3%A3o_para_a_elei%C3%A7%C3%A3o_presidencial_no_Brasil_em_2026&oldid=73082572,wikipedia_revision,73082572,2026-09-29T15:02:36Z,unverified,,9ca942a568882bbd6b774a0d5553b585fd3c21e22108b84064e56abca54efbeb,pollster_name_normalised_from:Atlasinstel;blank_null_includes_undecided
2026-2-32feadeca9,2026,2,,AtlasIntel,,2026-06-26,2026-06-30,,4999,,Jair Bolsonaro vs Lula,Lula,48.6,total,8.3,,,https://pt.wikipedia.org/w/index.php?title=Pesquisas_de_opini%C3%A3o_para_a_elei%C3%A7%C3%A3o_presidencial_no_Brasil_em_2026&oldid=73082572,wikipedia_revision,73082572,2026-09-29T15:02:36Z,unverified,,9ca942a568882bbd6b774a0d5553b585fd3c21e22108b84064e56abca54efbeb,pollster_name_normalised_from:Atlasinstel;blank_null_includes_undecided
2026-2-32feadeca9,2026,2,,AtlasIntel,,2026-06-26,2026-06-30,,4999,,Jair Bolsonaro vs Lula,Jair Bolsonaro,43.1,total,8.3,,,https://pt.wikipedia.org/w/index.php?title=Pesquisas_de_opini%C3%A3o_para_a_elei%C3%A7%C3%A3o_presidencial_no_Brasil_em_2026&oldid=73082572,wikipedia_revision,73082572,2026-09-29T15:02:36Z,unverified,,9ca942a568882bbd6b774a0d5553b585fd3c21e22108b84064e56abca54efbeb,pollster_name_normalised_from:Atlasinstel;blank_null_includes_undecided
2026-2-32feadeca9,2026,2,,AtlasIntel,,2026-06-26,2026-06-30,,4999,,Lula vs Michelle Bolsonaro,Lula,48.7,total,12.4,,,https://pt.wikipedia.org/w/index.php?title=Pesquisas_de_opini%C3%A3o_para_a_elei%C3%A7%C3%A3o_presidencial_no_Brasil_em_2026&oldid=73082572,wikipedia_revision,73082572,2026-09-29T15:02:36Z,unverified,,9ca942a568882bbd6b774a0d5553b585fd3c21e22108b84064e56abca54efbeb,pollster_name_normalised_from:Atlasinstel;blank_null_includes_undecided
2026-2-32feadeca9,2026,2,,AtlasIntel,,2026-06-26,2026-06-30,,4999,,Lula vs Michelle Bolsonaro,Michelle Bolsonaro,38.9,total,12.4,,,https://pt.wikipedia.org/w/index.php?title=Pesquisas_de_opini%C3%A3o_para_a_elei%C3%A7%C3%A3o_presidencial_no_Brasil_em_2026&oldid=73082572,wikipedia_revision,73082572,2026-09-29T15:02:36Z,unverified,,9ca942a568882bbd6b774a0d5553b585fd3c21e22108b84064e56abca54efbeb,pollster_name_normalised_from:Atlasinstel;blank_null_includes_undecided
2026-2-32feadeca9,2026,2,,AtlasIntel,,2026-06-26,2026-06-30,,4999,,Flávio Bolsonaro vs Geraldo Alckmin,Flávio Bolsonaro,41.7,total,10.9,,,https://pt.wikipedia.org/w/index.php?title=Pesquisas_de_opini%C3%A3o_para_a_elei%C3%A7%C3%A3o_presidencial_no_Brasil_em_2026&oldid=73082572,wikipedia_revision,73082572,2026-09-29T15:02:36Z,unverified,,9ca942a568882bbd6b774a0d5553b585fd3c21e22108b84064e56abca54efbeb,pollster_name_normalised_from:Atlasinstel;blank_null_includes_undecided
2026-2-32feadeca9,2026,2,,AtlasIntel,,2026-06-26,2026-06-30,,4999,,Flávio Bolsonaro vs Geraldo Alckmin,Geraldo Alckmin,47.4,total,10.9,,,https://pt.wikipedia.org/w/index.php?title=Pesquisas_de_opini%C3%A3o_para_a_elei%C3%A7%C3%A3o_presidencial_no_Brasil_em_2026&oldid=73082572,wikipedia_revision,73082572,2026-09-29T15:02:36Z,unverified,,9ca942a568882bbd6b774a0d5553b585fd3c21e22108b84064e56abca54efbeb,pollster_name_normalised_from:Atlasinstel;blank_null_includes_undecided
2026-2-32feadeca9,2026,2,,AtlasIntel,,2026-06-26,2026-06-30,,4999,,Fernando Haddad vs Flávio Bolsonaro,Fernando Haddad,46.4,total,10.7,,,https://pt.wikipedia.org/w/index.php?title=Pesquisas_de_opini%C3%A3o_para_a_elei%C3%A7%C3%A3o_presidencial_no_Brasil_em_2026&oldid=73082572,wikipedia_revision,73082572,2026-09-29T15:02:36Z,unverified,,9ca942a568882bbd6b774a0d5553b585fd3c21e22108b84064e56abca54efbeb,pollster_name_normalised_from:Atlasinstel;blank_null_includes_undecided
2026-2-32feadeca9,2026,2,,AtlasIntel,,2026-06-26,2026-06-30,,4999,,Fernando Haddad vs Flávio Bolsonaro,Flávio Bolsonaro,42.8,total,10.7,,,https://pt.wikipedia.org/w/index.php?title=Pesquisas_de_opini%C3%A3o_para_a_elei%C3%A7%C3%A3o_presidencial_no_Brasil_em_2026&oldid=73082572,wikipedia_revision,73082572,2026-09-29T15:02:36Z,unverified,,9ca942a568882bbd6b774a0d5553b585fd3c21e22108b84064e56abca54efbeb,pollster_name_normalised_from:Atlasinstel;blank_null_includes_undecided
2026-2-a241790f95,2026,2,,Nexus,BTG,2026-06-26,2026-06-28,,2009,,Flávio Bolsonaro vs Lula,Lula,47.0,total,9.0,,,https://pt.wikipedia.org/w/index.php?title=Pesquisas_de_opini%C3%A3o_para_a_elei%C3%A7%C3%A3o_presidencial_no_Brasil_em_2026&oldid=73082572,wikipedia_revision,73082572,2026-09-29T15:02:36Z,unverified,,9ca942a568882bbd6b774a0d5553b585fd3c21e22108b84064e56abca54efbeb,blank_null_includes_undecided
2026-2-a241790f95,2026,2,,Nexus,BTG,2026-06-26,2026-06-28,,2009,,Flávio Bolsonaro vs Lula,Flávio Bolsonaro,44.0,total,9.0,,,https://pt.wikipedia.org/w/index.php?title=Pesquisas_de_opini%C3%A3o_para_a_elei%C3%A7%C3%A3o_presidencial_no_Brasil_em_2026&oldid=73082572,wikipedia_revision,73082572,2026-09-29T15:02:36Z,unverified,,9ca942a568882bbd6b774a0d5553b585fd3c21e22108b84064e56abca54efbeb,blank_null_includes_undecided
2026-2-a241790f95,2026,2,,Nexus,BTG,2026-06-26,2026-06-28,,2009,,Lula vs Renan Santos,Lula,48.0,total,16.0,,,https://pt.wikipedia.org/w/index.php?title=Pesquisas_de_opini%C3%A3o_para_a_elei%C3%A7%C3%A3o_presidencial_no_Brasil_em_2026&oldid=73082572,wikipedia_revision,73082572,2026-09-29T15:02:36Z,unverified,,9ca942a568882bbd6b774a0d5553b585fd3c21e22108b84064e56abca54efbeb,blank_null_includes_undecided
2026-2-a241790f95,2026,2,,Nexus,BTG,2026-06-26,2026-06-28,,2009,,Lula vs Renan Santos,Renan Santos,36.0,total,16.0,,,https://pt.wikipedia.org/w/index.php?title=Pesquisas_de_opini%C3%A3o_para_a_elei%C3%A7%C3%A3o_presidencial_no_Brasil_em_2026&oldid=73082572,wikipedia_revision,73082572,2026-09-29T15:02:36Z,unverified,,9ca942a568882bbd6b774a0d5553b585fd3c21e22108b84064e56abca54efbeb,blank_null_includes_undecided
2026-2-a241790f95,2026,2,,Nexus,BTG,2026-06-26,2026-06-28,,2009,,Lula vs Ronaldo Caiado,Lula,47.0,total,14.0,,,https://pt.wikipedia.org/w/index.php?title=Pesquisas_de_opini%C3%A3o_para_a_elei%C3%A7%C3%A3o_presidencial_no_Brasil_em_2026&oldid=73082572,wikipedia_revision,73082572,2026-09-29T15:02:36Z,unverified,,9ca942a568882bbd6b774a0d5553b585fd3c21e22108b84064e56abca54efbeb,blank_null_includes_undecided
2026-2-a241790f95,2026,2,,Nexus,BTG,2026-06-26,2026-06-28,,2009,,Lula vs Ronaldo Caiado,Ronaldo Caiado,39.0,total,14.0,,,https://pt.wikipedia.org/w/index.php?title=Pesquisas_de_opini%C3%A3o_para_a_elei%C3%A7%C3%A3o_presidencial_no_Brasil_em_2026&oldid=73082572,wikipedia_revision,73082572,2026-09-29T15:02:36Z,unverified,,9ca942a568882bbd6b774a0d5553b585fd3c21e22108b84064e56abca54efbeb,blank_null_includes_undecided
2026-2-a241790f95,2026,2,,Nexus,BTG,2026-06-26,2026-06-28,,2009,,Lula vs Romeu Zema,Lula,48.0,total,14.0,,,https://pt.wikipedia.org/w/index.php?title=Pesquisas_de_opini%C3%A3o_para_a_elei%C3%A7%C3%A3o_presidencial_no_Brasil_em_2026&oldid=73082572,wikipedia_revision,73082572,2026-09-29T15:02:36Z,unverified,,9ca942a568882bbd6b774a0d5553b585fd3c21e22108b84064e56abca54efbeb,blank_null_includes_undecided
2026-2-a241790f95,2026,2,,Nexus,BTG,2026-06-26,2026-06-28,,2009,,Lula vs Romeu Zema,Romeu Zema,38.0,total,14.0,,,https://pt.wikipedia.org/w/index.php?title=Pesquisas_de_opini%C3%A3o_para_a_elei%C3%A7%C3%A3o_presidencial_no_Brasil_em_2026&oldid=73082572,wikipedia_revision,73082572,2026-09-29T15:02:36Z,unverified,,9ca942a568882bbd6b774a0d5553b585fd3c21e22108b84064e56abca54efbeb,blank_null_includes_undecided
2026-2-500343287b,2026,2,,Vox Brasil,,2026-06-23,2026-06-25,,2100,,Flávio Bolsonaro vs Lula,Lula,45.3,total,11.9,,,https://pt.wikipedia.org/w/index.php?title=Pesquisas_de_opini%C3%A3o_para_a_elei%C3%A7%C3%A3o_presidencial_no_Brasil_em_2026&oldid=73082572,wikipedia_revision,73082572,2026-09-29T15:02:36Z,unverified,,9ca942a568882bbd6b774a0d5553b585fd3c21e22108b84064e56abca54efbeb,blank_null_includes_undecided
2026-2-500343287b,2026,2,,Vox Brasil,,2026-06-23,2026-06-25,,2100,,Flávio Bolsonaro vs Lula,Flávio Bolsonaro,42.8,total,11.9,,,https://pt.wikipedia.org/w/index.php?title=Pesquisas_de_opini%C3%A3o_para_a_elei%C3%A7%C3%A3o_presidencial_no_Brasil_em_2026&oldid=73082572,wikipedia_revision,73082572,2026-09-29T15:02:36Z,unverified,,9ca942a568882bbd6b774a0d5553b585fd3c21e22108b84064e56abca54efbeb,blank_null_includes_undecided
2026-2-500343287b,2026,2,,Vox Brasil,,2026-06-23,2026-06-25,,2100,,Lula vs Ronaldo Caiado,Lula,44.6,total,14.6,,,https://pt.wikipedia.org/w/index.php?title=Pesquisas_de_opini%C3%A3o_para_a_elei%C3%A7%C3%A3o_presidencial_no_Brasil_em_2026&oldid=73082572,wikipedia_revision,73082572,2026-09-29T15:02:36Z,unverified,,9ca942a568882bbd6b774a0d5553b585fd3c21e22108b84064e56abca54efbeb,blank_null_includes_undecided
2026-2-500343287b,2026,2,,Vox Brasil,,2026-06-23,2026-06-25,,2100,,Lula vs Ronaldo Caiado,Ronaldo Caiado,40.8,total,14.6,,,https://pt.wikipedia.org/w/index.php?title=Pesquisas_de_opini%C3%A3o_para_a_elei%C3%A7%C3%A3o_presidencial_no_Brasil_em_2026&oldid=73082572,wikipedia_revision,73082572,2026-09-29T15:02:36Z,unverified,,9ca942a568882bbd6b774a0d5553b585fd3c21e22108b84064e56abca54efbeb,blank_null_includes_undecided
2026-2-500343287b,2026,2,,Vox Brasil,,2026-06-23,2026-06-25,,2100,,Lula vs Romeu Zema,Lula,45.5,total,13.2,,,https://pt.wikipedia.org/w/index.php?title=Pesquisas_de_opini%C3%A3o_para_a_elei%C3%A7%C3%A3o_presidencial_no_Brasil_em_2026&oldid=73082572,wikipedia_revision,73082572,2026-09-29T15:02:36Z,unverified,,9ca942a568882bbd6b774a0d5553b585fd3c21e22108b84064e56abca54efbeb,blank_null_includes_undecided
2026-2-500343287b,2026,2,,Vox Brasil,,2026-06-23,2026-06-25,,2100,,Lula vs Romeu Zema,Romeu Zema,41.3,total,13.2,,,https://pt.wikipedia.org/w/index.php?title=Pesquisas_de_opini%C3%A3o_para_a_elei%C3%A7%C3%A3o_presidencial_no_Brasil_em_2026&oldid=73082572,wikipedia_revision,73082572,2026-09-29T15:02:36Z,unverified,,9ca942a568882bbd6b774a0d5553b585fd3c21e22108b84064e56abca54efbeb,blank_null_includes_undecided
2026-2-500343287b,2026,2,,Vox Brasil,,2026-06-23,2026-06-25,,2100,,Aécio Neves vs Lula,Lula,49.7,total,28.2,,,https://pt.wikipedia.org/w/index.php?title=Pesquisas_de_opini%C3%A3o_para_a_elei%C3%A7%C3%A3o_presidencial_no_Brasil_em_2026&oldid=73082572,wikipedia_revision,73082572,2026-09-29T15:02:36Z,unverified,,9ca942a568882bbd6b774a0d5553b585fd3c21e22108b84064e56abca54efbeb,blank_null_includes_undecided
2026-2-500343287b,2026,2,,Vox Brasil,,2026-06-23,2026-06-25,,2100,,Aécio Neves vs Lula,Aécio Neves,22.1,total,28.2,,,https://pt.wikipedia.org/w/index.php?title=Pesquisas_de_opini%C3%A3o_para_a_elei%C3%A7%C3%A3o_presidencial_no_Brasil_em_2026&oldid=73082572,wikipedia_revision,73082572,2026-09-29T15:02:36Z,unverified,,9ca942a568882bbd6b774a0d5553b585fd3c21e22108b84064e56abca54efbeb,blank_null_includes_undecided
2026-2-ac231ee946,2026,2,,PoderData,Aya,2026-06-21,2026-06-24,,2400,,Flávio Bolsonaro vs Lula,Lula,46.0,total,11.0,,,https://pt.wikipedia.org/w/index.php?title=Pesquisas_de_opini%C3%A3o_para_a_elei%C3%A7%C3%A3o_presidencial_no_Brasil_em_2026&oldid=73082572,wikipedia_revision,73082572,2026-09-29T15:02:36Z,unverified,,9ca942a568882bbd6b774a0d5553b585fd3c21e22108b84064e56abca54efbeb,blank_null_includes_undecided
2026-2-ac231ee946,2026,2,,PoderData,Aya,2026-06-21,2026-06-24,,2400,,Flávio Bolsonaro vs Lula,Flávio Bolsonaro,43.0,total,11.0,,,https://pt.wikipedia.org/w/index.php?title=Pesquisas_de_opini%C3%A3o_para_a_elei%C3%A7%C3%A3o_presidencial_no_Brasil_em_2026&oldid=73082572,wikipedia_revision,73082572,2026-09-29T15:02:36Z,unverified,,9ca942a568882bbd6b774a0d5553b585fd3c21e22108b84064e56abca54efbeb,blank_null_includes_undecided
2026-2-ac231ee946,2026,2,,PoderData,Aya,2026-06-21,2026-06-24,,2400,,Lula vs Renan Santos,Lula,45.0,total,17.0,,,https://pt.wikipedia.org/w/index.php?title=Pesquisas_de_opini%C3%A3o_para_a_elei%C3%A7%C3%A3o_presidencial_no_Brasil_em_2026&oldid=73082572,wikipedia_revision,73082572,2026-09-29T15:02:36Z,unverified,,9ca942a568882bbd6b774a0d5553b585fd3c21e22108b84064e56abca54efbeb,blank_null_includes_undecided
2026-2-ac231ee946,2026,2,,PoderData,Aya,2026-06-21,2026-06-24,,2400,,Lula vs Renan Santos,Renan Santos,38.0,total,17.0,,,https://pt.wikipedia.org/w/index.php?title=Pesquisas_de_opini%C3%A3o_para_a_elei%C3%A7%C3%A3o_presidencial_no_Brasil_em_2026&oldid=73082572,wikipedia_revision,73082572,2026-09-29T15:02:36Z,unverified,,9ca942a568882bbd6b774a0d5553b585fd3c21e22108b84064e56abca54efbeb,blank_null_includes_undecided
2026-2-ac231ee946,2026,2,,PoderData,Aya,2026-06-21,2026-06-24,,2400,,Lula vs Ronaldo Caiado,Lula,45.0,total,13.0,,,https://pt.wikipedia.org/w/index.php?title=Pesquisas_de_opini%C3%A3o_para_a_elei%C3%A7%C3%A3o_presidencial_no_Brasil_em_2026&oldid=73082572,wikipedia_revision,73082572,2026-09-29T15:02:36Z,unverified,,9ca942a568882bbd6b774a0d5553b585fd3c21e22108b84064e56abca54efbeb,blank_null_includes_undecided
2026-2-ac231ee946,2026,2,,PoderData,Aya,2026-06-21,2026-06-24,,2400,,Lula vs Ronaldo Caiado,Ronaldo Caiado,42.0,total,13.0,,,https://pt.wikipedia.org/w/index.php?title=Pesquisas_de_opini%C3%A3o_para_a_elei%C3%A7%C3%A3o_presidencial_no_Brasil_em_2026&oldid=73082572,wikipedia_revision,73082572,2026-09-29T15:02:36Z,unverified,,9ca942a568882bbd6b774a0d5553b585fd3c21e22108b84064e56abca54efbeb,blank_null_includes_undecided
2026-2-ac231ee946,2026,2,,PoderData,Aya,2026-06-21,2026-06-24,,2400,,Lula vs Romeu Zema,Lula,45.0,total,13.0,,,https://pt.wikipedia.org/w/index.php?title=Pesquisas_de_opini%C3%A3o_para_a_elei%C3%A7%C3%A3o_presidencial_no_Brasil_em_2026&oldid=73082572,wikipedia_revision,73082572,2026-09-29T15:02:36Z,unverified,,9ca942a568882bbd6b774a0d5553b585fd3c21e22108b84064e56abca54efbeb,blank_null_includes_undecided
2026-2-ac231ee946,2026,2,,PoderData,Aya,2026-06-21,2026-06-24,,2400,,Lula vs Romeu Zema,Romeu Zema,42.0,total,13.0,,,https://pt.wikipedia.org/w/index.php?title=Pesquisas_de_opini%C3%A3o_para_a_elei%C3%A7%C3%A3o_presidencial_no_Brasil_em_2026&oldid=73082572,wikipedia_revision,73082572,2026-09-29T15:02:36Z,unverified,,9ca942a568882bbd6b774a0d5553b585fd3c21e22108b84064e56abca54efbeb,blank_null_includes_undecided
2026-2-ac231ee946,2026,2,,PoderData,Aya,2026-06-21,2026-06-24,,2400,,Joaquim Barbosa vs Lula,Lula,43.0,total,16.0,,,https://pt.wikipedia.org/w/index.php?title=Pesquisas_de_opini%C3%A3o_para_a_elei%C3%A7%C3%A3o_presidencial_no_Brasil_em_2026&oldid=73082572,wikipedia_revision,73082572,2026-09-29T15:02:36Z,unverified,,9ca942a568882bbd6b774a0d5553b585fd3c21e22108b84064e56abca54efbeb,blank_null_includes_undecided
2026-2-ac231ee946,2026,2,,PoderData,Aya,2026-06-21,2026-06-24,,2400,,Joaquim Barbosa vs Lula,Joaquim Barbosa,41.0,total,16.0,,,https://pt.wikipedia.org/w/index.php?title=Pesquisas_de_opini%C3%A3o_para_a_elei%C3%A7%C3%A3o_presidencial_no_Brasil_em_2026&oldid=73082572,wikipedia_revision,73082572,2026-09-29T15:02:36Z,unverified,,9ca942a568882bbd6b774a0d5553b585fd3c21e22108b84064e56abca54efbeb,blank_null_includes_undecided
2026-2-4c22aa6ea4,2026,2,,Gerp,,2026-06-15,2026-06-20,,2000,,Flávio Bolsonaro vs Lula,Lula,40.0,total,18.3,,,https://pt.wikipedia.org/w/index.php?title=Pesquisas_de_opini%C3%A3o_para_a_elei%C3%A7%C3%A3o_presidencial_no_Brasil_em_2026&oldid=73082572,wikipedia_revision,73082572,2026-09-29T15:02:36Z,unverified,,9ca942a568882bbd6b774a0d5553b585fd3c21e22108b84064e56abca54efbeb,blank_null_includes_undecided
2026-2-4c22aa6ea4,2026,2,,Gerp,,2026-06-15,2026-06-20,,2000,,Flávio Bolsonaro vs Lula,Flávio Bolsonaro,42.0,total,18.3,,,https://pt.wikipedia.org/w/index.php?title=Pesquisas_de_opini%C3%A3o_para_a_elei%C3%A7%C3%A3o_presidencial_no_Brasil_em_2026&oldid=73082572,wikipedia_revision,73082572,2026-09-29T15:02:36Z,unverified,,9ca942a568882bbd6b774a0d5553b585fd3c21e22108b84064e56abca54efbeb,blank_null_includes_undecided
2026-2-4c22aa6ea4,2026,2,,Gerp,,2026-06-15,2026-06-20,,2000,,Lula vs Ronaldo Caiado,Lula,39.0,total,23.1,,,https://pt.wikipedia.org/w/index.php?title=Pesquisas_de_opini%C3%A3o_para_a_elei%C3%A7%C3%A3o_presidencial_no_Brasil_em_2026&oldid=73082572,wikipedia_revision,73082572,2026-09-29T15:02:36Z,unverified,,9ca942a568882bbd6b774a0d5553b585fd3c21e22108b84064e56abca54efbeb,blank_null_includes_undecided
2026-2-4c22aa6ea4,2026,2,,Gerp,,2026-06-15,2026-06-20,,2000,,Lula vs Ronaldo Caiado,Ronaldo Caiado,38.0,total,23.1,,,https://pt.wikipedia.org/w/index.php?title=Pesquisas_de_opini%C3%A3o_para_a_elei%C3%A7%C3%A3o_presidencial_no_Brasil_em_2026&oldid=73082572,wikipedia_revision,73082572,2026-09-29T15:02:36Z,unverified,,9ca942a568882bbd6b774a0d5553b585fd3c21e22108b84064e56abca54efbeb,blank_null_includes_undecided
2026-2-4c22aa6ea4,2026,2,,Gerp,,2026-06-15,2026-06-20,,2000,,Lula vs Romeu Zema,Lula,39.0,total,25.7,,,https://pt.wikipedia.org/w/index.php?title=Pesquisas_de_opini%C3%A3o_para_a_elei%C3%A7%C3%A3o_presidencial_no_Brasil_em_2026&oldid=73082572,wikipedia_revision,73082572,2026-09-29T15:02:36Z,unverified,,9ca942a568882bbd6b774a0d5553b585fd3c21e22108b84064e56abca54efbeb,blank_null_includes_undecided
2026-2-4c22aa6ea4,2026,2,,Gerp,,2026-06-15,2026-06-20,,2000,,Lula vs Romeu Zema,Romeu Zema,36.0,total,25.7,,,https://pt.wikipedia.org/w/index.php?title=Pesquisas_de_opini%C3%A3o_para_a_elei%C3%A7%C3%A3o_presidencial_no_Brasil_em_2026&oldid=73082572,wikipedia_revision,73082572,2026-09-29T15:02:36Z,unverified,,9ca942a568882bbd6b774a0d5553b585fd3c21e22108b84064e56abca54efbeb,blank_null_includes_undecided
2026-2-796b745408,2026,2,,Indexa,,2026-06-18,2026-06-20,,2000,,Flávio Bolsonaro vs Lula,Lula,47.0,total,13.0,,,https://pt.wikipedia.org/w/index.php?title=Pesquisas_de_opini%C3%A3o_para_a_elei%C3%A7%C3%A3o_presidencial_no_Brasil_em_2026&oldid=73082572,wikipedia_revision,73082572,2026-09-29T15:02:36Z,unverified,,9ca942a568882bbd6b774a0d5553b585fd3c21e22108b84064e56abca54efbeb,blank_null_includes_undecided
2026-2-796b745408,2026,2,,Indexa,,2026-06-18,2026-06-20,,2000,,Flávio Bolsonaro vs Lula,Flávio Bolsonaro,40.0,total,13.0,,,https://pt.wikipedia.org/w/index.php?title=Pesquisas_de_opini%C3%A3o_para_a_elei%C3%A7%C3%A3o_presidencial_no_Brasil_em_2026&oldid=73082572,wikipedia_revision,73082572,2026-09-29T15:02:36Z,unverified,,9ca942a568882bbd6b774a0d5553b585fd3c21e22108b84064e56abca54efbeb,blank_null_includes_undecided
2026-2-796b745408,2026,2,,Indexa,,2026-06-18,2026-06-20,,2000,,Lula vs Ronaldo Caiado,Lula,47.0,total,14.0,,,https://en.wikipedia.org/w/index.php?title=Opinion_polling_for_the_2026_Brazilian_presidential_election&oldid=1377478949,wikipedia_revision,1377478949,2026-09-29T16:55:41Z,unverified,,a78d03ad5aeb63fc824e003bf10c344af9bfe722bf36e79b3d9db13c7cca830b,blank_null_includes_undecided;gap_fill_en_scenario
2026-2-796b745408,2026,2,,Indexa,,2026-06-18,2026-06-20,,2000,,Lula vs Ronaldo Caiado,Ronaldo Caiado,39.0,total,14.0,,,https://en.wikipedia.org/w/index.php?title=Opinion_polling_for_the_2026_Brazilian_presidential_election&oldid=1377478949,wikipedia_revision,1377478949,2026-09-29T16:55:41Z,unverified,,a78d03ad5aeb63fc824e003bf10c344af9bfe722bf36e79b3d9db13c7cca830b,blank_null_includes_undecided;gap_fill_en_scenario
2026-2-796b745408,2026,2,,Indexa,,2026-06-18,2026-06-20,,2000,,Lula vs Romeu Zema,Lula,47.0,total,18.0,,,https://en.wikipedia.org/w/index.php?title=Opinion_polling_for_the_2026_Brazilian_presidential_election&oldid=1377478949,wikipedia_revision,1377478949,2026-09-29T16:55:41Z,unverified,,a78d03ad5aeb63fc824e003bf10c344af9bfe722bf36e79b3d9db13c7cca830b,blank_null_includes_undecided;gap_fill_en_scenario
2026-2-796b745408,2026,2,,Indexa,,2026-06-18,2026-06-20,,2000,,Lula vs Romeu Zema,Romeu Zema,36.0,total,18.0,,,https://en.wikipedia.org/w/index.php?title=Opinion_polling_for_the_2026_Brazilian_presidential_election&oldid=1377478949,wikipedia_revision,1377478949,2026-09-29T16:55:41Z,unverified,,a78d03ad5aeb63fc824e003bf10c344af9bfe722bf36e79b3d9db13c7cca830b,blank_null_includes_undecided;gap_fill_en_scenario
2026-2-796b745408,2026,2,,Indexa,,2026-06-18,2026-06-20,,2000,,Lula vs Renan Santos,Lula,48.0,total,25.0,,,https://en.wikipedia.org/w/index.php?title=Opinion_polling_for_the_2026_Brazilian_presidential_election&oldid=1377478949,wikipedia_revision,1377478949,2026-09-29T16:55:41Z,unverified,,a78d03ad5aeb63fc824e003bf10c344af9bfe722bf36e79b3d9db13c7cca830b,blank_null_includes_undecided;gap_fill_en_scenario
2026-2-796b745408,2026,2,,Indexa,,2026-06-18,2026-06-20,,2000,,Lula vs Renan Santos,Renan Santos,28.0,total,25.0,,,https://en.wikipedia.org/w/index.php?title=Opinion_polling_for_the_2026_Brazilian_presidential_election&oldid=1377478949,wikipedia_revision,1377478949,2026-09-29T16:55:41Z,unverified,,a78d03ad5aeb63fc824e003bf10c344af9bfe722bf36e79b3d9db13c7cca830b,blank_null_includes_undecided;gap_fill_en_scenario
2026-2-f9abf3308c,2026,2,,Datafolha,,2026-06-17,2026-06-19,,2004,,Flávio Bolsonaro vs Lula,Lula,47.0,total,9.0,,,https://pt.wikipedia.org/w/index.php?title=Pesquisas_de_opini%C3%A3o_para_a_elei%C3%A7%C3%A3o_presidencial_no_Brasil_em_2026&oldid=73082572,wikipedia_revision,73082572,2026-09-29T15:02:36Z,unverified,,9ca942a568882bbd6b774a0d5553b585fd3c21e22108b84064e56abca54efbeb,blank_null_includes_undecided
2026-2-f9abf3308c,2026,2,,Datafolha,,2026-06-17,2026-06-19,,2004,,Flávio Bolsonaro vs Lula,Flávio Bolsonaro,43.0,total,9.0,,,https://pt.wikipedia.org/w/index.php?title=Pesquisas_de_opini%C3%A3o_para_a_elei%C3%A7%C3%A3o_presidencial_no_Brasil_em_2026&oldid=73082572,wikipedia_revision,73082572,2026-09-29T15:02:36Z,unverified,,9ca942a568882bbd6b774a0d5553b585fd3c21e22108b84064e56abca54efbeb,blank_null_includes_undecided
2026-2-f9abf3308c,2026,2,,Datafolha,,2026-06-17,2026-06-19,,2004,,Lula vs Ronaldo Caiado,Lula,47.0,total,12.0,,,https://pt.wikipedia.org/w/index.php?title=Pesquisas_de_opini%C3%A3o_para_a_elei%C3%A7%C3%A3o_presidencial_no_Brasil_em_2026&oldid=73082572,wikipedia_revision,73082572,2026-09-29T15:02:36Z,unverified,,9ca942a568882bbd6b774a0d5553b585fd3c21e22108b84064e56abca54efbeb,blank_null_includes_undecided
2026-2-f9abf3308c,2026,2,,Datafolha,,2026-06-17,2026-06-19,,2004,,Lula vs Ronaldo Caiado,Ronaldo Caiado,41.0,total,12.0,,,https://pt.wikipedia.org/w/index.php?title=Pesquisas_de_opini%C3%A3o_para_a_elei%C3%A7%C3%A3o_presidencial_no_Brasil_em_2026&oldid=73082572,wikipedia_revision,73082572,2026-09-29T15:02:36Z,unverified,,9ca942a568882bbd6b774a0d5553b585fd3c21e22108b84064e56abca54efbeb,blank_null_includes_undecided
2026-2-714886e13c,2026,2,,Datafolha,,2026-06-17,2026-06-18,,2004,,Flávio Bolsonaro vs Lula,Lula,47.0,total,9.0,,,https://en.wikipedia.org/w/index.php?title=Opinion_polling_for_the_2026_Brazilian_presidential_election&oldid=1377478949,wikipedia_revision,1377478949,2026-09-29T16:55:41Z,unverified,,a78d03ad5aeb63fc824e003bf10c344af9bfe722bf36e79b3d9db13c7cca830b,blank_null_includes_undecided;gap_fill_en;possible_duplicate_of:2026-2-f9abf3308c;possible_duplicate_of:2026-2-0fee280e17
2026-2-714886e13c,2026,2,,Datafolha,,2026-06-17,2026-06-18,,2004,,Flávio Bolsonaro vs Lula,Flávio Bolsonaro,43.0,total,9.0,,,https://en.wikipedia.org/w/index.php?title=Opinion_polling_for_the_2026_Brazilian_presidential_election&oldid=1377478949,wikipedia_revision,1377478949,2026-09-29T16:55:41Z,unverified,,a78d03ad5aeb63fc824e003bf10c344af9bfe722bf36e79b3d9db13c7cca830b,blank_null_includes_undecided;gap_fill_en;possible_duplicate_of:2026-2-f9abf3308c;possible_duplicate_of:2026-2-0fee280e17
2026-2-714886e13c,2026,2,,Datafolha,,2026-06-17,2026-06-18,,2004,,Lula vs Ronaldo Caiado,Lula,47.0,total,12.0,,,https://en.wikipedia.org/w/index.php?title=Opinion_polling_for_the_2026_Brazilian_presidential_election&oldid=1377478949,wikipedia_revision,1377478949,2026-09-29T16:55:41Z,unverified,,a78d03ad5aeb63fc824e003bf10c344af9bfe722bf36e79b3d9db13c7cca830b,blank_null_includes_undecided;gap_fill_en;possible_duplicate_of:2026-2-f9abf3308c;possible_duplicate_of:2026-2-0fee280e17
2026-2-714886e13c,2026,2,,Datafolha,,2026-06-17,2026-06-18,,2004,,Lula vs Ronaldo Caiado,Ronaldo Caiado,41.0,total,12.0,,,https://en.wikipedia.org/w/index.php?title=Opinion_polling_for_the_2026_Brazilian_presidential_election&oldid=1377478949,wikipedia_revision,1377478949,2026-09-29T16:55:41Z,unverified,,a78d03ad5aeb63fc824e003bf10c344af9bfe722bf36e79b3d9db13c7cca830b,blank_null_includes_undecided;gap_fill_en;possible_duplicate_of:2026-2-f9abf3308c;possible_duplicate_of:2026-2-0fee280e17
2026-2-714886e13c,2026,2,,Datafolha,,2026-06-17,2026-06-18,,2004,,Lula vs Romeu Zema,Lula,48.0,total,13.0,,,https://en.wikipedia.org/w/index.php?title=Opinion_polling_for_the_2026_Brazilian_presidential_election&oldid=1377478949,wikipedia_revision,1377478949,2026-09-29T16:55:41Z,unverified,,a78d03ad5aeb63fc824e003bf10c344af9bfe722bf36e79b3d9db13c7cca830b,blank_null_includes_undecided;gap_fill_en;possible_duplicate_of:2026-2-f9abf3308c;possible_duplicate_of:2026-2-0fee280e17
2026-2-714886e13c,2026,2,,Datafolha,,2026-06-17,2026-06-18,,2004,,Lula vs Romeu Zema,Romeu Zema,39.0,total,13.0,,,https://en.wikipedia.org/w/index.php?title=Opinion_polling_for_the_2026_Brazilian_presidential_election&oldid=1377478949,wikipedia_revision,1377478949,2026-09-29T16:55:41Z,unverified,,a78d03ad5aeb63fc824e003bf10c344af9bfe722bf36e79b3d9db13c7cca830b,blank_null_includes_undecided;gap_fill_en;possible_duplicate_of:2026-2-f9abf3308c;possible_duplicate_of:2026-2-0fee280e17
2026-2-0fee280e17,2026,2,,Datafolha,,2026-06-17,2026-06-17,,2004,,Lula vs Romeu Zema,Lula,48.0,total,13.0,,,https://pt.wikipedia.org/w/index.php?title=Pesquisas_de_opini%C3%A3o_para_a_elei%C3%A7%C3%A3o_presidencial_no_Brasil_em_2026&oldid=73082572,wikipedia_revision,73082572,2026-09-29T15:02:36Z,unverified,,9ca942a568882bbd6b774a0d5553b585fd3c21e22108b84064e56abca54efbeb,blank_null_includes_undecided
2026-2-0fee280e17,2026,2,,Datafolha,,2026-06-17,2026-06-17,,2004,,Lula vs Romeu Zema,Romeu Zema,39.0,total,13.0,,,https://pt.wikipedia.org/w/index.php?title=Pesquisas_de_opini%C3%A3o_para_a_elei%C3%A7%C3%A3o_presidencial_no_Brasil_em_2026&oldid=73082572,wikipedia_revision,73082572,2026-09-29T15:02:36Z,unverified,,9ca942a568882bbd6b774a0d5553b585fd3c21e22108b84064e56abca54efbeb,blank_null_includes_undecided
2026-2-5172a0512e,2026,2,,American Analytics,,2026-06-11,2026-06-15,,2000,,Flávio Bolsonaro vs Lula,Lula,45.0,total,15.0,,,https://pt.wikipedia.org/w/index.php?title=Pesquisas_de_opini%C3%A3o_para_a_elei%C3%A7%C3%A3o_presidencial_no_Brasil_em_2026&oldid=73082572,wikipedia_revision,73082572,2026-09-29T15:02:36Z,unverified,,9ca942a568882bbd6b774a0d5553b585fd3c21e22108b84064e56abca54efbeb,blank_null_includes_undecided
2026-2-5172a0512e,2026,2,,American Analytics,,2026-06-11,2026-06-15,,2000,,Flávio Bolsonaro vs Lula,Flávio Bolsonaro,40.0,total,15.0,,,https://pt.wikipedia.org/w/index.php?title=Pesquisas_de_opini%C3%A3o_para_a_elei%C3%A7%C3%A3o_presidencial_no_Brasil_em_2026&oldid=73082572,wikipedia_revision,73082572,2026-09-29T15:02:36Z,unverified,,9ca942a568882bbd6b774a0d5553b585fd3c21e22108b84064e56abca54efbeb,blank_null_includes_undecided
2026-2-28aaee3036,2026,2,,MDA,CNT,2026-06-10,2026-06-14,,2002,,Flávio Bolsonaro vs Lula,Lula,49.3,total,13.9,,,https://pt.wikipedia.org/w/index.php?title=Pesquisas_de_opini%C3%A3o_para_a_elei%C3%A7%C3%A3o_presidencial_no_Brasil_em_2026&oldid=73082572,wikipedia_revision,73082572,2026-09-29T15:02:36Z,unverified,,9ca942a568882bbd6b774a0d5553b585fd3c21e22108b84064e56abca54efbeb,blank_null_includes_undecided
2026-2-28aaee3036,2026,2,,MDA,CNT,2026-06-10,2026-06-14,,2002,,Flávio Bolsonaro vs Lula,Flávio Bolsonaro,36.8,total,13.9,,,https://pt.wikipedia.org/w/index.php?title=Pesquisas_de_opini%C3%A3o_para_a_elei%C3%A7%C3%A3o_presidencial_no_Brasil_em_2026&oldid=73082572,wikipedia_revision,73082572,2026-09-29T15:02:36Z,unverified,,9ca942a568882bbd6b774a0d5553b585fd3c21e22108b84064e56abca54efbeb,blank_null_includes_undecided
2026-2-28aaee3036,2026,2,,MDA,CNT,2026-06-10,2026-06-14,,2002,,Lula vs Ronaldo Caiado,Lula,48.4,total,19.4,,,https://en.wikipedia.org/w/index.php?title=Opinion_polling_for_the_2026_Brazilian_presidential_election&oldid=1377478949,wikipedia_revision,1377478949,2026-09-29T16:55:41Z,unverified,,a78d03ad5aeb63fc824e003bf10c344af9bfe722bf36e79b3d9db13c7cca830b,blank_null_includes_undecided;gap_fill_en_scenario;en_poll_id:2026-2-cbeb84a539
2026-2-28aaee3036,2026,2,,MDA,CNT,2026-06-10,2026-06-14,,2002,,Lula vs Ronaldo Caiado,Ronaldo Caiado,32.2,total,19.4,,,https://en.wikipedia.org/w/index.php?title=Opinion_polling_for_the_2026_Brazilian_presidential_election&oldid=1377478949,wikipedia_revision,1377478949,2026-09-29T16:55:41Z,unverified,,a78d03ad5aeb63fc824e003bf10c344af9bfe722bf36e79b3d9db13c7cca830b,blank_null_includes_undecided;gap_fill_en_scenario;en_poll_id:2026-2-cbeb84a539
2026-2-28aaee3036,2026,2,,MDA,CNT,2026-06-10,2026-06-14,,2002,,Lula vs Romeu Zema,Lula,48.8,total,19.6,,,https://en.wikipedia.org/w/index.php?title=Opinion_polling_for_the_2026_Brazilian_presidential_election&oldid=1377478949,wikipedia_revision,1377478949,2026-09-29T16:55:41Z,unverified,,a78d03ad5aeb63fc824e003bf10c344af9bfe722bf36e79b3d9db13c7cca830b,blank_null_includes_undecided;gap_fill_en_scenario;en_poll_id:2026-2-cbeb84a539
2026-2-28aaee3036,2026,2,,MDA,CNT,2026-06-10,2026-06-14,,2002,,Lula vs Romeu Zema,Romeu Zema,31.6,total,19.6,,,https://en.wikipedia.org/w/index.php?title=Opinion_polling_for_the_2026_Brazilian_presidential_election&oldid=1377478949,wikipedia_revision,1377478949,2026-09-29T16:55:41Z,unverified,,a78d03ad5aeb63fc824e003bf10c344af9bfe722bf36e79b3d9db13c7cca830b,blank_null_includes_undecided;gap_fill_en_scenario;en_poll_id:2026-2-cbeb84a539
2026-2-28aaee3036,2026,2,,MDA,CNT,2026-06-10,2026-06-14,,2002,,Lula vs Renan Santos,Lula,49.3,total,22.8,,,https://en.wikipedia.org/w/index.php?title=Opinion_polling_for_the_2026_Brazilian_presidential_election&oldid=1377478949,wikipedia_revision,1377478949,2026-09-29T16:55:41Z,unverified,,a78d03ad5aeb63fc824e003bf10c344af9bfe722bf36e79b3d9db13c7cca830b,blank_null_includes_undecided;gap_fill_en_scenario;en_poll_id:2026-2-cbeb84a539
2026-2-28aaee3036,2026,2,,MDA,CNT,2026-06-10,2026-06-14,,2002,,Lula vs Renan Santos,Renan Santos,28.0,total,22.8,,,https://en.wikipedia.org/w/index.php?title=Opinion_polling_for_the_2026_Brazilian_presidential_election&oldid=1377478949,wikipedia_revision,1377478949,2026-09-29T16:55:41Z,unverified,,a78d03ad5aeb63fc824e003bf10c344af9bfe722bf36e79b3d9db13c7cca830b,blank_null_includes_undecided;gap_fill_en_scenario;en_poll_id:2026-2-cbeb84a539
2026-2-28aaee3036,2026,2,,MDA,CNT,2026-06-10,2026-06-14,,2002,,Augusto Cury vs Lula,Lula,49.2,total,22.4,,,https://en.wikipedia.org/w/index.php?title=Opinion_polling_for_the_2026_Brazilian_presidential_election&oldid=1377478949,wikipedia_revision,1377478949,2026-09-29T16:55:41Z,unverified,,a78d03ad5aeb63fc824e003bf10c344af9bfe722bf36e79b3d9db13c7cca830b,blank_null_includes_undecided;gap_fill_en_scenario;en_poll_id:2026-2-cbeb84a539
2026-2-28aaee3036,2026,2,,MDA,CNT,2026-06-10,2026-06-14,,2002,,Augusto Cury vs Lula,Augusto Cury,28.4,total,22.4,,,https://en.wikipedia.org/w/index.php?title=Opinion_polling_for_the_2026_Brazilian_presidential_election&oldid=1377478949,wikipedia_revision,1377478949,2026-09-29T16:55:41Z,unverified,,a78d03ad5aeb63fc824e003bf10c344af9bfe722bf36e79b3d9db13c7cca830b,blank_null_includes_undecided;gap_fill_en_scenario;en_poll_id:2026-2-cbeb84a539
2026-2-bc4ad79b70,2026,2,,Nexus,BTG,2026-06-12,2026-06-14,,2017,,Flávio Bolsonaro vs Lula,Lula,49.0,total,9.0,,,https://pt.wikipedia.org/w/index.php?title=Pesquisas_de_opini%C3%A3o_para_a_elei%C3%A7%C3%A3o_presidencial_no_Brasil_em_2026&oldid=73082572,wikipedia_revision,73082572,2026-09-29T15:02:36Z,unverified,,9ca942a568882bbd6b774a0d5553b585fd3c21e22108b84064e56abca54efbeb,blank_null_includes_undecided
2026-2-bc4ad79b70,2026,2,,Nexus,BTG,2026-06-12,2026-06-14,,2017,,Flávio Bolsonaro vs Lula,Flávio Bolsonaro,43.0,total,9.0,,,https://pt.wikipedia.org/w/index.php?title=Pesquisas_de_opini%C3%A3o_para_a_elei%C3%A7%C3%A3o_presidencial_no_Brasil_em_2026&oldid=73082572,wikipedia_revision,73082572,2026-09-29T15:02:36Z,unverified,,9ca942a568882bbd6b774a0d5553b585fd3c21e22108b84064e56abca54efbeb,blank_null_includes_undecided
2026-2-bc4ad79b70,2026,2,,Nexus,BTG,2026-06-12,2026-06-14,,2017,,Lula vs Renan Santos,Lula,49.0,total,15.0,,,https://pt.wikipedia.org/w/index.php?title=Pesquisas_de_opini%C3%A3o_para_a_elei%C3%A7%C3%A3o_presidencial_no_Brasil_em_2026&oldid=73082572,wikipedia_revision,73082572,2026-09-29T15:02:36Z,unverified,,9ca942a568882bbd6b774a0d5553b585fd3c21e22108b84064e56abca54efbeb,blank_null_includes_undecided
2026-2-bc4ad79b70,2026,2,,Nexus,BTG,2026-06-12,2026-06-14,,2017,,Lula vs Renan Santos,Renan Santos,36.0,total,15.0,,,https://pt.wikipedia.org/w/index.php?title=Pesquisas_de_opini%C3%A3o_para_a_elei%C3%A7%C3%A3o_presidencial_no_Brasil_em_2026&oldid=73082572,wikipedia_revision,73082572,2026-09-29T15:02:36Z,unverified,,9ca942a568882bbd6b774a0d5553b585fd3c21e22108b84064e56abca54efbeb,blank_null_includes_undecided
2026-2-bc4ad79b70,2026,2,,Nexus,BTG,2026-06-12,2026-06-14,,2017,,Lula vs Ronaldo Caiado,Lula,48.0,total,13.0,,,https://pt.wikipedia.org/w/index.php?title=Pesquisas_de_opini%C3%A3o_para_a_elei%C3%A7%C3%A3o_presidencial_no_Brasil_em_2026&oldid=73082572,wikipedia_revision,73082572,2026-09-29T15:02:36Z,unverified,,9ca942a568882bbd6b774a0d5553b585fd3c21e22108b84064e56abca54efbeb,blank_null_includes_undecided
2026-2-bc4ad79b70,2026,2,,Nexus,BTG,2026-06-12,2026-06-14,,2017,,Lula vs Ronaldo Caiado,Ronaldo Caiado,39.0,total,13.0,,,https://pt.wikipedia.org/w/index.php?title=Pesquisas_de_opini%C3%A3o_para_a_elei%C3%A7%C3%A3o_presidencial_no_Brasil_em_2026&oldid=73082572,wikipedia_revision,73082572,2026-09-29T15:02:36Z,unverified,,9ca942a568882bbd6b774a0d5553b585fd3c21e22108b84064e56abca54efbeb,blank_null_includes_undecided
2026-2-bc4ad79b70,2026,2,,Nexus,BTG,2026-06-12,2026-06-14,,2017,,Lula vs Romeu Zema,Lula,49.0,total,12.0,,,https://pt.wikipedia.org/w/index.php?title=Pesquisas_de_opini%C3%A3o_para_a_elei%C3%A7%C3%A3o_presidencial_no_Brasil_em_2026&oldid=73082572,wikipedia_revision,73082572,2026-09-29T15:02:36Z,unverified,,9ca942a568882bbd6b774a0d5553b585fd3c21e22108b84064e56abca54efbeb,blank_null_includes_undecided
2026-2-bc4ad79b70,2026,2,,Nexus,BTG,2026-06-12,2026-06-14,,2017,,Lula vs Romeu Zema,Romeu Zema,39.0,total,12.0,,,https://pt.wikipedia.org/w/index.php?title=Pesquisas_de_opini%C3%A3o_para_a_elei%C3%A7%C3%A3o_presidencial_no_Brasil_em_2026&oldid=73082572,wikipedia_revision,73082572,2026-09-29T15:02:36Z,unverified,,9ca942a568882bbd6b774a0d5553b585fd3c21e22108b84064e56abca54efbeb,blank_null_includes_undecided
2026-2-4ae339be57,2026,2,,Futura,Apex,2026-06-08,2026-06-12,,2000,,Flávio Bolsonaro vs Lula,Lula,48.1,total,10.0,,,https://pt.wikipedia.org/w/index.php?title=Pesquisas_de_opini%C3%A3o_para_a_elei%C3%A7%C3%A3o_presidencial_no_Brasil_em_2026&oldid=73082572,wikipedia_revision,73082572,2026-09-29T15:02:36Z,unverified,,9ca942a568882bbd6b774a0d5553b585fd3c21e22108b84064e56abca54efbeb,blank_null_includes_undecided
2026-2-4ae339be57,2026,2,,Futura,Apex,2026-06-08,2026-06-12,,2000,,Flávio Bolsonaro vs Lula,Flávio Bolsonaro,42.9,total,10.0,,,https://pt.wikipedia.org/w/index.php?title=Pesquisas_de_opini%C3%A3o_para_a_elei%C3%A7%C3%A3o_presidencial_no_Brasil_em_2026&oldid=73082572,wikipedia_revision,73082572,2026-09-29T15:02:36Z,unverified,,9ca942a568882bbd6b774a0d5553b585fd3c21e22108b84064e56abca54efbeb,blank_null_includes_undecided
2026-2-4ae339be57,2026,2,,Futura,Apex,2026-06-08,2026-06-12,,2000,,Lula vs Renan Santos,Lula,48.3,total,20.9,,,https://pt.wikipedia.org/w/index.php?title=Pesquisas_de_opini%C3%A3o_para_a_elei%C3%A7%C3%A3o_presidencial_no_Brasil_em_2026&oldid=73082572,wikipedia_revision,73082572,2026-09-29T15:02:36Z,unverified,,9ca942a568882bbd6b774a0d5553b585fd3c21e22108b84064e56abca54efbeb,blank_null_includes_undecided
2026-2-4ae339be57,2026,2,,Futura,Apex,2026-06-08,2026-06-12,,2000,,Lula vs Renan Santos,Renan Santos,30.8,total,20.9,,,https://pt.wikipedia.org/w/index.php?title=Pesquisas_de_opini%C3%A3o_para_a_elei%C3%A7%C3%A3o_presidencial_no_Brasil_em_2026&oldid=73082572,wikipedia_revision,73082572,2026-09-29T15:02:36Z,unverified,,9ca942a568882bbd6b774a0d5553b585fd3c21e22108b84064e56abca54efbeb,blank_null_includes_undecided
2026-2-4ae339be57,2026,2,,Futura,Apex,2026-06-08,2026-06-12,,2000,,Lula vs Ronaldo Caiado,Lula,45.0,total,18.7,,,https://pt.wikipedia.org/w/index.php?title=Pesquisas_de_opini%C3%A3o_para_a_elei%C3%A7%C3%A3o_presidencial_no_Brasil_em_2026&oldid=73082572,wikipedia_revision,73082572,2026-09-29T15:02:36Z,unverified,,9ca942a568882bbd6b774a0d5553b585fd3c21e22108b84064e56abca54efbeb,blank_null_includes_undecided
2026-2-4ae339be57,2026,2,,Futura,Apex,2026-06-08,2026-06-12,,2000,,Lula vs Ronaldo Caiado,Ronaldo Caiado,36.3,total,18.7,,,https://pt.wikipedia.org/w/index.php?title=Pesquisas_de_opini%C3%A3o_para_a_elei%C3%A7%C3%A3o_presidencial_no_Brasil_em_2026&oldid=73082572,wikipedia_revision,73082572,2026-09-29T15:02:36Z,unverified,,9ca942a568882bbd6b774a0d5553b585fd3c21e22108b84064e56abca54efbeb,blank_null_includes_undecided
2026-2-4ae339be57,2026,2,,Futura,Apex,2026-06-08,2026-06-12,,2000,,Lula vs Romeu Zema,Lula,48.5,total,16.6,,,https://pt.wikipedia.org/w/index.php?title=Pesquisas_de_opini%C3%A3o_para_a_elei%C3%A7%C3%A3o_presidencial_no_Brasil_em_2026&oldid=73082572,wikipedia_revision,73082572,2026-09-29T15:02:36Z,unverified,,9ca942a568882bbd6b774a0d5553b585fd3c21e22108b84064e56abca54efbeb,blank_null_includes_undecided
2026-2-4ae339be57,2026,2,,Futura,Apex,2026-06-08,2026-06-12,,2000,,Lula vs Romeu Zema,Romeu Zema,34.9,total,16.6,,,https://pt.wikipedia.org/w/index.php?title=Pesquisas_de_opini%C3%A3o_para_a_elei%C3%A7%C3%A3o_presidencial_no_Brasil_em_2026&oldid=73082572,wikipedia_revision,73082572,2026-09-29T15:02:36Z,unverified,,9ca942a568882bbd6b774a0d5553b585fd3c21e22108b84064e56abca54efbeb,blank_null_includes_undecided
2026-2-4ae339be57,2026,2,,Futura,Apex,2026-06-08,2026-06-12,,2000,,Lula vs Michelle Bolsonaro,Lula,48.0,total,9.6,,,https://pt.wikipedia.org/w/index.php?title=Pesquisas_de_opini%C3%A3o_para_a_elei%C3%A7%C3%A3o_presidencial_no_Brasil_em_2026&oldid=73082572,wikipedia_revision,73082572,2026-09-29T15:02:36Z,unverified,,9ca942a568882bbd6b774a0d5553b585fd3c21e22108b84064e56abca54efbeb,blank_null_includes_undecided
2026-2-4ae339be57,2026,2,,Futura,Apex,2026-06-08,2026-06-12,,2000,,Lula vs Michelle Bolsonaro,Michelle Bolsonaro,42.4,total,9.6,,,https://pt.wikipedia.org/w/index.php?title=Pesquisas_de_opini%C3%A3o_para_a_elei%C3%A7%C3%A3o_presidencial_no_Brasil_em_2026&oldid=73082572,wikipedia_revision,73082572,2026-09-29T15:02:36Z,unverified,,9ca942a568882bbd6b774a0d5553b585fd3c21e22108b84064e56abca54efbeb,blank_null_includes_undecided
2026-2-4ae339be57,2026,2,,Futura,Apex,2026-06-08,2026-06-12,,2000,,Lula vs Tereza Cristina,Lula,48.5,total,22.2,,,https://pt.wikipedia.org/w/index.php?title=Pesquisas_de_opini%C3%A3o_para_a_elei%C3%A7%C3%A3o_presidencial_no_Brasil_em_2026&oldid=73082572,wikipedia_revision,73082572,2026-09-29T15:02:36Z,unverified,,9ca942a568882bbd6b774a0d5553b585fd3c21e22108b84064e56abca54efbeb,blank_null_includes_undecided
2026-2-4ae339be57,2026,2,,Futura,Apex,2026-06-08,2026-06-12,,2000,,Lula vs Tereza Cristina,Tereza Cristina,29.2,total,22.2,,,https://pt.wikipedia.org/w/index.php?title=Pesquisas_de_opini%C3%A3o_para_a_elei%C3%A7%C3%A3o_presidencial_no_Brasil_em_2026&oldid=73082572,wikipedia_revision,73082572,2026-09-29T15:02:36Z,unverified,,9ca942a568882bbd6b774a0d5553b585fd3c21e22108b84064e56abca54efbeb,blank_null_includes_undecided
2026-2-4ae339be57,2026,2,,Futura,Apex,2026-06-08,2026-06-12,,2000,,Fernando Haddad vs Flávio Bolsonaro,Fernando Haddad,38.9,total,17.2,,,https://pt.wikipedia.org/w/index.php?title=Pesquisas_de_opini%C3%A3o_para_a_elei%C3%A7%C3%A3o_presidencial_no_Brasil_em_2026&oldid=73082572,wikipedia_revision,73082572,2026-09-29T15:02:36Z,unverified,,9ca942a568882bbd6b774a0d5553b585fd3c21e22108b84064e56abca54efbeb,blank_null_includes_undecided
2026-2-4ae339be57,2026,2,,Futura,Apex,2026-06-08,2026-06-12,,2000,,Fernando Haddad vs Flávio Bolsonaro,Flávio Bolsonaro,43.9,total,17.2,,,https://pt.wikipedia.org/w/index.php?title=Pesquisas_de_opini%C3%A3o_para_a_elei%C3%A7%C3%A3o_presidencial_no_Brasil_em_2026&oldid=73082572,wikipedia_revision,73082572,2026-09-29T15:02:36Z,unverified,,9ca942a568882bbd6b774a0d5553b585fd3c21e22108b84064e56abca54efbeb,blank_null_includes_undecided
2026-2-348093a250,2026,2,,Alfa Inteligência,,2026-06-05,2026-06-10,,1400,,Flávio Bolsonaro vs Lula,Lula,44.0,total,15.0,,,https://pt.wikipedia.org/w/index.php?title=Pesquisas_de_opini%C3%A3o_para_a_elei%C3%A7%C3%A3o_presidencial_no_Brasil_em_2026&oldid=73082572,wikipedia_revision,73082572,2026-09-29T15:02:36Z,unverified,,9ca942a568882bbd6b774a0d5553b585fd3c21e22108b84064e56abca54efbeb,blank_null_includes_undecided
2026-2-348093a250,2026,2,,Alfa Inteligência,,2026-06-05,2026-06-10,,1400,,Flávio Bolsonaro vs Lula,Flávio Bolsonaro,41.0,total,15.0,,,https://pt.wikipedia.org/w/index.php?title=Pesquisas_de_opini%C3%A3o_para_a_elei%C3%A7%C3%A3o_presidencial_no_Brasil_em_2026&oldid=73082572,wikipedia_revision,73082572,2026-09-29T15:02:36Z,unverified,,9ca942a568882bbd6b774a0d5553b585fd3c21e22108b84064e56abca54efbeb,blank_null_includes_undecided
2026-2-348093a250,2026,2,,Alfa Inteligência,,2026-06-05,2026-06-10,,1400,,Lula vs Renan Santos,Lula,44.0,total,30.0,,,https://pt.wikipedia.org/w/index.php?title=Pesquisas_de_opini%C3%A3o_para_a_elei%C3%A7%C3%A3o_presidencial_no_Brasil_em_2026&oldid=73082572,wikipedia_revision,73082572,2026-09-29T15:02:36Z,unverified,,9ca942a568882bbd6b774a0d5553b585fd3c21e22108b84064e56abca54efbeb,blank_null_includes_undecided
2026-2-348093a250,2026,2,,Alfa Inteligência,,2026-06-05,2026-06-10,,1400,,Lula vs Renan Santos,Renan Santos,26.0,total,30.0,,,https://pt.wikipedia.org/w/index.php?title=Pesquisas_de_opini%C3%A3o_para_a_elei%C3%A7%C3%A3o_presidencial_no_Brasil_em_2026&oldid=73082572,wikipedia_revision,73082572,2026-09-29T15:02:36Z,unverified,,9ca942a568882bbd6b774a0d5553b585fd3c21e22108b84064e56abca54efbeb,blank_null_includes_undecided
2026-2-348093a250,2026,2,,Alfa Inteligência,,2026-06-05,2026-06-10,,1400,,Lula vs Ronaldo Caiado,Lula,44.0,total,17.0,,,https://pt.wikipedia.org/w/index.php?title=Pesquisas_de_opini%C3%A3o_para_a_elei%C3%A7%C3%A3o_presidencial_no_Brasil_em_2026&oldid=73082572,wikipedia_revision,73082572,2026-09-29T15:02:36Z,unverified,,9ca942a568882bbd6b774a0d5553b585fd3c21e22108b84064e56abca54efbeb,blank_null_includes_undecided
2026-2-348093a250,2026,2,,Alfa Inteligência,,2026-06-05,2026-06-10,,1400,,Lula vs Ronaldo Caiado,Ronaldo Caiado,38.0,total,17.0,,,https://pt.wikipedia.org/w/index.php?title=Pesquisas_de_opini%C3%A3o_para_a_elei%C3%A7%C3%A3o_presidencial_no_Brasil_em_2026&oldid=73082572,wikipedia_revision,73082572,2026-09-29T15:02:36Z,unverified,,9ca942a568882bbd6b774a0d5553b585fd3c21e22108b84064e56abca54efbeb,blank_null_includes_undecided
2026-2-348093a250,2026,2,,Alfa Inteligência,,2026-06-05,2026-06-10,,1400,,Joaquim Barbosa vs Lula,Lula,41.0,total,25.0,,,https://pt.wikipedia.org/w/index.php?title=Pesquisas_de_opini%C3%A3o_para_a_elei%C3%A7%C3%A3o_presidencial_no_Brasil_em_2026&oldid=73082572,wikipedia_revision,73082572,2026-09-29T15:02:36Z,unverified,,9ca942a568882bbd6b774a0d5553b585fd3c21e22108b84064e56abca54efbeb,blank_null_includes_undecided
2026-2-348093a250,2026,2,,Alfa Inteligência,,2026-06-05,2026-06-10,,1400,,Joaquim Barbosa vs Lula,Joaquim Barbosa,34.0,total,25.0,,,https://pt.wikipedia.org/w/index.php?title=Pesquisas_de_opini%C3%A3o_para_a_elei%C3%A7%C3%A3o_presidencial_no_Brasil_em_2026&oldid=73082572,wikipedia_revision,73082572,2026-09-29T15:02:36Z,unverified,,9ca942a568882bbd6b774a0d5553b585fd3c21e22108b84064e56abca54efbeb,blank_null_includes_undecided
2026-2-4b10c79abb,2026,2,,Quaest,,2026-06-05,2026-06-08,,2004,,Flávio Bolsonaro vs Lula,Lula,44.0,total,18.0,,,https://pt.wikipedia.org/w/index.php?title=Pesquisas_de_opini%C3%A3o_para_a_elei%C3%A7%C3%A3o_presidencial_no_Brasil_em_2026&oldid=73082572,wikipedia_revision,73082572,2026-09-29T15:02:36Z,unverified,,9ca942a568882bbd6b774a0d5553b585fd3c21e22108b84064e56abca54efbeb,blank_null_includes_undecided
2026-2-4b10c79abb,2026,2,,Quaest,,2026-06-05,2026-06-08,,2004,,Flávio Bolsonaro vs Lula,Flávio Bolsonaro,38.0,total,18.0,,,https://pt.wikipedia.org/w/index.php?title=Pesquisas_de_opini%C3%A3o_para_a_elei%C3%A7%C3%A3o_presidencial_no_Brasil_em_2026&oldid=73082572,wikipedia_revision,73082572,2026-09-29T15:02:36Z,unverified,,9ca942a568882bbd6b774a0d5553b585fd3c21e22108b84064e56abca54efbeb,blank_null_includes_undecided
2026-2-4b10c79abb,2026,2,,Quaest,,2026-06-05,2026-06-08,,2004,,Lula vs Renan Santos,Lula,45.0,total,24.0,,,https://pt.wikipedia.org/w/index.php?title=Pesquisas_de_opini%C3%A3o_para_a_elei%C3%A7%C3%A3o_presidencial_no_Brasil_em_2026&oldid=73082572,wikipedia_revision,73082572,2026-09-29T15:02:36Z,unverified,,9ca942a568882bbd6b774a0d5553b585fd3c21e22108b84064e56abca54efbeb,blank_null_includes_undecided
2026-2-4b10c79abb,2026,2,,Quaest,,2026-06-05,2026-06-08,,2004,,Lula vs Renan Santos,Renan Santos,31.0,total,24.0,,,https://pt.wikipedia.org/w/index.php?title=Pesquisas_de_opini%C3%A3o_para_a_elei%C3%A7%C3%A3o_presidencial_no_Brasil_em_2026&oldid=73082572,wikipedia_revision,73082572,2026-09-29T15:02:36Z,unverified,,9ca942a568882bbd6b774a0d5553b585fd3c21e22108b84064e56abca54efbeb,blank_null_includes_undecided
2026-2-4b10c79abb,2026,2,,Quaest,,2026-06-05,2026-06-08,,2004,,Lula vs Ronaldo Caiado,Lula,45.0,total,20.0,,,https://pt.wikipedia.org/w/index.php?title=Pesquisas_de_opini%C3%A3o_para_a_elei%C3%A7%C3%A3o_presidencial_no_Brasil_em_2026&oldid=73082572,wikipedia_revision,73082572,2026-09-29T15:02:36Z,unverified,,9ca942a568882bbd6b774a0d5553b585fd3c21e22108b84064e56abca54efbeb,blank_null_includes_undecided
2026-2-4b10c79abb,2026,2,,Quaest,,2026-06-05,2026-06-08,,2004,,Lula vs Ronaldo Caiado,Ronaldo Caiado,35.0,total,20.0,,,https://pt.wikipedia.org/w/index.php?title=Pesquisas_de_opini%C3%A3o_para_a_elei%C3%A7%C3%A3o_presidencial_no_Brasil_em_2026&oldid=73082572,wikipedia_revision,73082572,2026-09-29T15:02:36Z,unverified,,9ca942a568882bbd6b774a0d5553b585fd3c21e22108b84064e56abca54efbeb,blank_null_includes_undecided
2026-2-4b10c79abb,2026,2,,Quaest,,2026-06-05,2026-06-08,,2004,,Lula vs Romeu Zema,Lula,45.0,total,20.0,,,https://pt.wikipedia.org/w/index.php?title=Pesquisas_de_opini%C3%A3o_para_a_elei%C3%A7%C3%A3o_presidencial_no_Brasil_em_2026&oldid=73082572,wikipedia_revision,73082572,2026-09-29T15:02:36Z,unverified,,9ca942a568882bbd6b774a0d5553b585fd3c21e22108b84064e56abca54efbeb,blank_null_includes_undecided
2026-2-4b10c79abb,2026,2,,Quaest,,2026-06-05,2026-06-08,,2004,,Lula vs Romeu Zema,Romeu Zema,35.0,total,20.0,,,https://pt.wikipedia.org/w/index.php?title=Pesquisas_de_opini%C3%A3o_para_a_elei%C3%A7%C3%A3o_presidencial_no_Brasil_em_2026&oldid=73082572,wikipedia_revision,73082572,2026-09-29T15:02:36Z,unverified,,9ca942a568882bbd6b774a0d5553b585fd3c21e22108b84064e56abca54efbeb,blank_null_includes_undecided
2026-2-3a0ec84174,2026,2,,Vox Brasil,,2026-06-01,2026-06-06,,2100,,Flávio Bolsonaro vs Lula,Lula,47.8,total,10.9,,,https://pt.wikipedia.org/w/index.php?title=Pesquisas_de_opini%C3%A3o_para_a_elei%C3%A7%C3%A3o_presidencial_no_Brasil_em_2026&oldid=73082572,wikipedia_revision,73082572,2026-09-29T15:02:36Z,unverified,,9ca942a568882bbd6b774a0d5553b585fd3c21e22108b84064e56abca54efbeb,blank_null_includes_undecided
2026-2-3a0ec84174,2026,2,,Vox Brasil,,2026-06-01,2026-06-06,,2100,,Flávio Bolsonaro vs Lula,Flávio Bolsonaro,41.3,total,10.9,,,https://pt.wikipedia.org/w/index.php?title=Pesquisas_de_opini%C3%A3o_para_a_elei%C3%A7%C3%A3o_presidencial_no_Brasil_em_2026&oldid=73082572,wikipedia_revision,73082572,2026-09-29T15:02:36Z,unverified,,9ca942a568882bbd6b774a0d5553b585fd3c21e22108b84064e56abca54efbeb,blank_null_includes_undecided
2026-2-3a0ec84174,2026,2,,Vox Brasil,,2026-06-01,2026-06-06,,2100,,Lula vs Ronaldo Caiado,Lula,46.5,total,8.6,,,https://pt.wikipedia.org/w/index.php?title=Pesquisas_de_opini%C3%A3o_para_a_elei%C3%A7%C3%A3o_presidencial_no_Brasil_em_2026&oldid=73082572,wikipedia_revision,73082572,2026-09-29T15:02:36Z,unverified,,9ca942a568882bbd6b774a0d5553b585fd3c21e22108b84064e56abca54efbeb,blank_null_includes_undecided
2026-2-3a0ec84174,2026,2,,Vox Brasil,,2026-06-01,2026-06-06,,2100,,Lula vs Ronaldo Caiado,Ronaldo Caiado,44.9,total,8.6,,,https://pt.wikipedia.org/w/index.php?title=Pesquisas_de_opini%C3%A3o_para_a_elei%C3%A7%C3%A3o_presidencial_no_Brasil_em_2026&oldid=73082572,wikipedia_revision,73082572,2026-09-29T15:02:36Z,unverified,,9ca942a568882bbd6b774a0d5553b585fd3c21e22108b84064e56abca54efbeb,blank_null_includes_undecided
2026-2-3a0ec84174,2026,2,,Vox Brasil,,2026-06-01,2026-06-06,,2100,,Lula vs Romeu Zema,Lula,46.3,total,11.2,,,https://pt.wikipedia.org/w/index.php?title=Pesquisas_de_opini%C3%A3o_para_a_elei%C3%A7%C3%A3o_presidencial_no_Brasil_em_2026&oldid=73082572,wikipedia_revision,73082572,2026-09-29T15:02:36Z,unverified,,9ca942a568882bbd6b774a0d5553b585fd3c21e22108b84064e56abca54efbeb,blank_null_includes_undecided
2026-2-3a0ec84174,2026,2,,Vox Brasil,,2026-06-01,2026-06-06,,2100,,Lula vs Romeu Zema,Romeu Zema,42.5,total,11.2,,,https://pt.wikipedia.org/w/index.php?title=Pesquisas_de_opini%C3%A3o_para_a_elei%C3%A7%C3%A3o_presidencial_no_Brasil_em_2026&oldid=73082572,wikipedia_revision,73082572,2026-09-29T15:02:36Z,unverified,,9ca942a568882bbd6b774a0d5553b585fd3c21e22108b84064e56abca54efbeb,blank_null_includes_undecided
2026-2-8ed1ab4b0e,2026,2,,Gerp,,2026-06-02,2026-06-05,,2000,,Flávio Bolsonaro vs Lula,Lula,39.1,total,16.2,,,https://pt.wikipedia.org/w/index.php?title=Pesquisas_de_opini%C3%A3o_para_a_elei%C3%A7%C3%A3o_presidencial_no_Brasil_em_2026&oldid=73082572,wikipedia_revision,73082572,2026-09-29T15:02:36Z,unverified,,9ca942a568882bbd6b774a0d5553b585fd3c21e22108b84064e56abca54efbeb,blank_null_includes_undecided
2026-2-8ed1ab4b0e,2026,2,,Gerp,,2026-06-02,2026-06-05,,2000,,Flávio Bolsonaro vs Lula,Flávio Bolsonaro,44.7,total,16.2,,,https://pt.wikipedia.org/w/index.php?title=Pesquisas_de_opini%C3%A3o_para_a_elei%C3%A7%C3%A3o_presidencial_no_Brasil_em_2026&oldid=73082572,wikipedia_revision,73082572,2026-09-29T15:02:36Z,unverified,,9ca942a568882bbd6b774a0d5553b585fd3c21e22108b84064e56abca54efbeb,blank_null_includes_undecided
2026-2-8ed1ab4b0e,2026,2,,Gerp,,2026-06-02,2026-06-05,,2000,,Lula vs Ronaldo Caiado,Lula,38.9,total,27.3,,,https://pt.wikipedia.org/w/index.php?title=Pesquisas_de_opini%C3%A3o_para_a_elei%C3%A7%C3%A3o_presidencial_no_Brasil_em_2026&oldid=73082572,wikipedia_revision,73082572,2026-09-29T15:02:36Z,unverified,,9ca942a568882bbd6b774a0d5553b585fd3c21e22108b84064e56abca54efbeb,blank_null_includes_undecided
2026-2-8ed1ab4b0e,2026,2,,Gerp,,2026-06-02,2026-06-05,,2000,,Lula vs Ronaldo Caiado,Ronaldo Caiado,33.8,total,27.3,,,https://pt.wikipedia.org/w/index.php?title=Pesquisas_de_opini%C3%A3o_para_a_elei%C3%A7%C3%A3o_presidencial_no_Brasil_em_2026&oldid=73082572,wikipedia_revision,73082572,2026-09-29T15:02:36Z,unverified,,9ca942a568882bbd6b774a0d5553b585fd3c21e22108b84064e56abca54efbeb,blank_null_includes_undecided
2026-2-8ed1ab4b0e,2026,2,,Gerp,,2026-06-02,2026-06-05,,2000,,Lula vs Romeu Zema,Lula,39.2,total,26.3,,,https://pt.wikipedia.org/w/index.php?title=Pesquisas_de_opini%C3%A3o_para_a_elei%C3%A7%C3%A3o_presidencial_no_Brasil_em_2026&oldid=73082572,wikipedia_revision,73082572,2026-09-29T15:02:36Z,unverified,,9ca942a568882bbd6b774a0d5553b585fd3c21e22108b84064e56abca54efbeb,blank_null_includes_undecided
2026-2-8ed1ab4b0e,2026,2,,Gerp,,2026-06-02,2026-06-05,,2000,,Lula vs Romeu Zema,Romeu Zema,34.5,total,26.3,,,https://pt.wikipedia.org/w/index.php?title=Pesquisas_de_opini%C3%A3o_para_a_elei%C3%A7%C3%A3o_presidencial_no_Brasil_em_2026&oldid=73082572,wikipedia_revision,73082572,2026-09-29T15:02:36Z,unverified,,9ca942a568882bbd6b774a0d5553b585fd3c21e22108b84064e56abca54efbeb,blank_null_includes_undecided
