poll_id,election,round,tse_br_id,pollster,contractor,field_start,field_end,publication_date,sample_size,methodology,scenario,candidate,share_reported,share_basis,blank_null,undecided,valid_vote_share,source_url,source_type,source_revision,retrieval_timestamp,verification_status,verification_source,source_hash,notes
2014-1-94f6cd0f40,2014,1,,Vox Populi,,2014-02-13,2014-02-15,,2201,,main,Aécio Neves,17.0,total,35.0,,,https://en.wikipedia.org/w/index.php?title=2014_Brazilian_general_election&oldid=1369923991,wikipedia_revision,1369923991,2026-09-29T15:05:18Z,unverified,,71d0baf03c4f74da97a23c86a6c32ec18b2f55232a61083394be1f56e3fe2f22,blank_null_includes_undecided;lt1pct_omitted=Randolfe Rodrigues|Pastor Everaldo|__others__
2014-1-94f6cd0f40,2014,1,,Vox Populi,,2014-02-13,2014-02-15,,2201,,main,Dilma Rousseff,41.0,total,35.0,,,https://en.wikipedia.org/w/index.php?title=2014_Brazilian_general_election&oldid=1369923991,wikipedia_revision,1369923991,2026-09-29T15:05:18Z,unverified,,71d0baf03c4f74da97a23c86a6c32ec18b2f55232a61083394be1f56e3fe2f22,blank_null_includes_undecided;lt1pct_omitted=Randolfe Rodrigues|Pastor Everaldo|__others__
2014-1-94f6cd0f40,2014,1,,Vox Populi,,2014-02-13,2014-02-15,,2201,,main,Eduardo Campos,6.0,total,35.0,,,https://en.wikipedia.org/w/index.php?title=2014_Brazilian_general_election&oldid=1369923991,wikipedia_revision,1369923991,2026-09-29T15:05:18Z,unverified,,71d0baf03c4f74da97a23c86a6c32ec18b2f55232a61083394be1f56e3fe2f22,blank_null_includes_undecided;lt1pct_omitted=Randolfe Rodrigues|Pastor Everaldo|__others__
2014-1-cd00f6e862,2014,1,,Datafolha,,2014-02-19,2014-02-20,,2614,,Dilma Rousseff / Aécio Neves / Eduardo Campos,Aécio Neves,17.0,total,24.0,,,https://en.wikipedia.org/w/index.php?title=2014_Brazilian_general_election&oldid=1369923991,wikipedia_revision,1369923991,2026-09-29T15:05:18Z,unverified,,71d0baf03c4f74da97a23c86a6c32ec18b2f55232a61083394be1f56e3fe2f22,blank_null_includes_undecided
2014-1-cd00f6e862,2014,1,,Datafolha,,2014-02-19,2014-02-20,,2614,,Dilma Rousseff / Aécio Neves / Eduardo Campos,Dilma Rousseff,47.0,total,24.0,,,https://en.wikipedia.org/w/index.php?title=2014_Brazilian_general_election&oldid=1369923991,wikipedia_revision,1369923991,2026-09-29T15:05:18Z,unverified,,71d0baf03c4f74da97a23c86a6c32ec18b2f55232a61083394be1f56e3fe2f22,blank_null_includes_undecided
2014-1-cd00f6e862,2014,1,,Datafolha,,2014-02-19,2014-02-20,,2614,,Dilma Rousseff / Aécio Neves / Eduardo Campos,Eduardo Campos,12.0,total,24.0,,,https://en.wikipedia.org/w/index.php?title=2014_Brazilian_general_election&oldid=1369923991,wikipedia_revision,1369923991,2026-09-29T15:05:18Z,unverified,,71d0baf03c4f74da97a23c86a6c32ec18b2f55232a61083394be1f56e3fe2f22,blank_null_includes_undecided
2014-1-cd00f6e862,2014,1,,Datafolha,,2014-02-19,2014-02-20,,2614,,Dilma Rousseff / Aécio Neves / Eduardo Campos / Randolfe Rodrigues / Pastor Everaldo / Eduardo Jorge / others,Aécio Neves,16.0,total,26.0,,,https://en.wikipedia.org/w/index.php?title=2014_Brazilian_general_election&oldid=1369923991,wikipedia_revision,1369923991,2026-09-29T15:05:18Z,unverified,,71d0baf03c4f74da97a23c86a6c32ec18b2f55232a61083394be1f56e3fe2f22,blank_null_includes_undecided;lt1pct_omitted=Randolfe Rodrigues
2014-1-cd00f6e862,2014,1,,Datafolha,,2014-02-19,2014-02-20,,2614,,Dilma Rousseff / Aécio Neves / Eduardo Campos / Randolfe Rodrigues / Pastor Everaldo / Eduardo Jorge / others,Dilma Rousseff,44.0,total,26.0,,,https://en.wikipedia.org/w/index.php?title=2014_Brazilian_general_election&oldid=1369923991,wikipedia_revision,1369923991,2026-09-29T15:05:18Z,unverified,,71d0baf03c4f74da97a23c86a6c32ec18b2f55232a61083394be1f56e3fe2f22,blank_null_includes_undecided;lt1pct_omitted=Randolfe Rodrigues
2014-1-cd00f6e862,2014,1,,Datafolha,,2014-02-19,2014-02-20,,2614,,Dilma Rousseff / Aécio Neves / Eduardo Campos / Randolfe Rodrigues / Pastor Everaldo / Eduardo Jorge / others,Eduardo Campos,9.0,total,26.0,,,https://en.wikipedia.org/w/index.php?title=2014_Brazilian_general_election&oldid=1369923991,wikipedia_revision,1369923991,2026-09-29T15:05:18Z,unverified,,71d0baf03c4f74da97a23c86a6c32ec18b2f55232a61083394be1f56e3fe2f22,blank_null_includes_undecided;lt1pct_omitted=Randolfe Rodrigues
2014-1-cd00f6e862,2014,1,,Datafolha,,2014-02-19,2014-02-20,,2614,,Dilma Rousseff / Aécio Neves / Eduardo Campos / Randolfe Rodrigues / Pastor Everaldo / Eduardo Jorge / others,Eduardo Jorge,1.0,total,26.0,,,https://en.wikipedia.org/w/index.php?title=2014_Brazilian_general_election&oldid=1369923991,wikipedia_revision,1369923991,2026-09-29T15:05:18Z,unverified,,71d0baf03c4f74da97a23c86a6c32ec18b2f55232a61083394be1f56e3fe2f22,blank_null_includes_undecided;lt1pct_omitted=Randolfe Rodrigues
2014-1-cd00f6e862,2014,1,,Datafolha,,2014-02-19,2014-02-20,,2614,,Dilma Rousseff / Aécio Neves / Eduardo Campos / Randolfe Rodrigues / Pastor Everaldo / Eduardo Jorge / others,Pastor Everaldo,3.0,total,26.0,,,https://en.wikipedia.org/w/index.php?title=2014_Brazilian_general_election&oldid=1369923991,wikipedia_revision,1369923991,2026-09-29T15:05:18Z,unverified,,71d0baf03c4f74da97a23c86a6c32ec18b2f55232a61083394be1f56e3fe2f22,blank_null_includes_undecided;lt1pct_omitted=Randolfe Rodrigues
2014-1-cd00f6e862,2014,1,,Datafolha,,2014-02-19,2014-02-20,,2614,,Dilma Rousseff / Aécio Neves / Eduardo Campos / Randolfe Rodrigues / Pastor Everaldo / Eduardo Jorge / others,__others__,1.0,total,26.0,,,https://en.wikipedia.org/w/index.php?title=2014_Brazilian_general_election&oldid=1369923991,wikipedia_revision,1369923991,2026-09-29T15:05:18Z,unverified,,71d0baf03c4f74da97a23c86a6c32ec18b2f55232a61083394be1f56e3fe2f22,blank_null_includes_undecided;lt1pct_omitted=Randolfe Rodrigues
2014-1-cd00f6e862,2014,1,,Datafolha,,2014-02-19,2014-02-20,,2614,,Dilma Rousseff / Aécio Neves / Eduardo Campos / others,Aécio Neves,15.0,total,20.0,,,https://en.wikipedia.org/w/index.php?title=2014_Brazilian_general_election&oldid=1369923991,wikipedia_revision,1369923991,2026-09-29T15:05:18Z,unverified,,71d0baf03c4f74da97a23c86a6c32ec18b2f55232a61083394be1f56e3fe2f22,blank_null_includes_undecided
2014-1-cd00f6e862,2014,1,,Datafolha,,2014-02-19,2014-02-20,,2614,,Dilma Rousseff / Aécio Neves / Eduardo Campos / others,Dilma Rousseff,42.0,total,20.0,,,https://en.wikipedia.org/w/index.php?title=2014_Brazilian_general_election&oldid=1369923991,wikipedia_revision,1369923991,2026-09-29T15:05:18Z,unverified,,71d0baf03c4f74da97a23c86a6c32ec18b2f55232a61083394be1f56e3fe2f22,blank_null_includes_undecided
2014-1-cd00f6e862,2014,1,,Datafolha,,2014-02-19,2014-02-20,,2614,,Dilma Rousseff / Aécio Neves / Eduardo Campos / others,Eduardo Campos,8.0,total,20.0,,,https://en.wikipedia.org/w/index.php?title=2014_Brazilian_general_election&oldid=1369923991,wikipedia_revision,1369923991,2026-09-29T15:05:18Z,unverified,,71d0baf03c4f74da97a23c86a6c32ec18b2f55232a61083394be1f56e3fe2f22,blank_null_includes_undecided
2014-1-cd00f6e862,2014,1,,Datafolha,,2014-02-19,2014-02-20,,2614,,Dilma Rousseff / Aécio Neves / Eduardo Campos / others,__others__,16.0,total,20.0,,,https://en.wikipedia.org/w/index.php?title=2014_Brazilian_general_election&oldid=1369923991,wikipedia_revision,1369923991,2026-09-29T15:05:18Z,unverified,,71d0baf03c4f74da97a23c86a6c32ec18b2f55232a61083394be1f56e3fe2f22,blank_null_includes_undecided
2014-1-cd00f6e862,2014,1,,Datafolha,,2014-02-19,2014-02-20,,2614,,Dilma Rousseff / Aécio Neves / Marina Silva,Aécio Neves,15.0,total,24.0,,,https://en.wikipedia.org/w/index.php?title=2014_Brazilian_general_election&oldid=1369923991,wikipedia_revision,1369923991,2026-09-29T15:05:18Z,unverified,,71d0baf03c4f74da97a23c86a6c32ec18b2f55232a61083394be1f56e3fe2f22,blank_null_includes_undecided;total_sum_gt_101.5
2014-1-cd00f6e862,2014,1,,Datafolha,,2014-02-19,2014-02-20,,2614,,Dilma Rousseff / Aécio Neves / Marina Silva,Dilma Rousseff,43.0,total,24.0,,,https://en.wikipedia.org/w/index.php?title=2014_Brazilian_general_election&oldid=1369923991,wikipedia_revision,1369923991,2026-09-29T15:05:18Z,unverified,,71d0baf03c4f74da97a23c86a6c32ec18b2f55232a61083394be1f56e3fe2f22,blank_null_includes_undecided;total_sum_gt_101.5
2014-1-cd00f6e862,2014,1,,Datafolha,,2014-02-19,2014-02-20,,2614,,Dilma Rousseff / Aécio Neves / Marina Silva,Marina Silva,23.0,total,24.0,,,https://en.wikipedia.org/w/index.php?title=2014_Brazilian_general_election&oldid=1369923991,wikipedia_revision,1369923991,2026-09-29T15:05:18Z,unverified,,71d0baf03c4f74da97a23c86a6c32ec18b2f55232a61083394be1f56e3fe2f22,blank_null_includes_undecided;total_sum_gt_101.5
2014-1-cd00f6e862,2014,1,,Datafolha,,2014-02-19,2014-02-20,,2614,,Dilma Rousseff / Aécio Neves / Marina Silva / others,Aécio Neves,12.0,total,16.0,,,https://en.wikipedia.org/w/index.php?title=2014_Brazilian_general_election&oldid=1369923991,wikipedia_revision,1369923991,2026-09-29T15:05:18Z,unverified,,71d0baf03c4f74da97a23c86a6c32ec18b2f55232a61083394be1f56e3fe2f22,blank_null_includes_undecided
2014-1-cd00f6e862,2014,1,,Datafolha,,2014-02-19,2014-02-20,,2614,,Dilma Rousseff / Aécio Neves / Marina Silva / others,Dilma Rousseff,41.0,total,16.0,,,https://en.wikipedia.org/w/index.php?title=2014_Brazilian_general_election&oldid=1369923991,wikipedia_revision,1369923991,2026-09-29T15:05:18Z,unverified,,71d0baf03c4f74da97a23c86a6c32ec18b2f55232a61083394be1f56e3fe2f22,blank_null_includes_undecided
2014-1-cd00f6e862,2014,1,,Datafolha,,2014-02-19,2014-02-20,,2614,,Dilma Rousseff / Aécio Neves / Marina Silva / others,Marina Silva,17.0,total,16.0,,,https://en.wikipedia.org/w/index.php?title=2014_Brazilian_general_election&oldid=1369923991,wikipedia_revision,1369923991,2026-09-29T15:05:18Z,unverified,,71d0baf03c4f74da97a23c86a6c32ec18b2f55232a61083394be1f56e3fe2f22,blank_null_includes_undecided
2014-1-cd00f6e862,2014,1,,Datafolha,,2014-02-19,2014-02-20,,2614,,Dilma Rousseff / Aécio Neves / Marina Silva / others,__others__,14.0,total,16.0,,,https://en.wikipedia.org/w/index.php?title=2014_Brazilian_general_election&oldid=1369923991,wikipedia_revision,1369923991,2026-09-29T15:05:18Z,unverified,,71d0baf03c4f74da97a23c86a6c32ec18b2f55232a61083394be1f56e3fe2f22,blank_null_includes_undecided
2014-1-cd00f6e862,2014,1,,Datafolha,,2014-02-19,2014-02-20,,2614,,Lula / Aécio Neves / Eduardo Campos,Aécio Neves,15.0,total,21.0,,,https://en.wikipedia.org/w/index.php?title=2014_Brazilian_general_election&oldid=1369923991,wikipedia_revision,1369923991,2026-09-29T15:05:18Z,unverified,,71d0baf03c4f74da97a23c86a6c32ec18b2f55232a61083394be1f56e3fe2f22,blank_null_includes_undecided
2014-1-cd00f6e862,2014,1,,Datafolha,,2014-02-19,2014-02-20,,2614,,Lula / Aécio Neves / Eduardo Campos,Eduardo Campos,9.0,total,21.0,,,https://en.wikipedia.org/w/index.php?title=2014_Brazilian_general_election&oldid=1369923991,wikipedia_revision,1369923991,2026-09-29T15:05:18Z,unverified,,71d0baf03c4f74da97a23c86a6c32ec18b2f55232a61083394be1f56e3fe2f22,blank_null_includes_undecided
2014-1-cd00f6e862,2014,1,,Datafolha,,2014-02-19,2014-02-20,,2614,,Lula / Aécio Neves / Eduardo Campos,Lula,54.0,total,21.0,,,https://en.wikipedia.org/w/index.php?title=2014_Brazilian_general_election&oldid=1369923991,wikipedia_revision,1369923991,2026-09-29T15:05:18Z,unverified,,71d0baf03c4f74da97a23c86a6c32ec18b2f55232a61083394be1f56e3fe2f22,blank_null_includes_undecided
2014-1-cd00f6e862,2014,1,,Datafolha,,2014-02-19,2014-02-20,,2614,,Lula / Aécio Neves / Marina Silva,Aécio Neves,14.0,total,16.0,,,https://en.wikipedia.org/w/index.php?title=2014_Brazilian_general_election&oldid=1369923991,wikipedia_revision,1369923991,2026-09-29T15:05:18Z,unverified,,71d0baf03c4f74da97a23c86a6c32ec18b2f55232a61083394be1f56e3fe2f22,blank_null_includes_undecided
2014-1-cd00f6e862,2014,1,,Datafolha,,2014-02-19,2014-02-20,,2614,,Lula / Aécio Neves / Marina Silva,Lula,51.0,total,16.0,,,https://en.wikipedia.org/w/index.php?title=2014_Brazilian_general_election&oldid=1369923991,wikipedia_revision,1369923991,2026-09-29T15:05:18Z,unverified,,71d0baf03c4f74da97a23c86a6c32ec18b2f55232a61083394be1f56e3fe2f22,blank_null_includes_undecided
2014-1-cd00f6e862,2014,1,,Datafolha,,2014-02-19,2014-02-20,,2614,,Lula / Aécio Neves / Marina Silva,Marina Silva,19.0,total,16.0,,,https://en.wikipedia.org/w/index.php?title=2014_Brazilian_general_election&oldid=1369923991,wikipedia_revision,1369923991,2026-09-29T15:05:18Z,unverified,,71d0baf03c4f74da97a23c86a6c32ec18b2f55232a61083394be1f56e3fe2f22,blank_null_includes_undecided
2014-1-1ca0a9c6dd,2014,1,,Ibope,,2014-03-13,2014-03-17,,2002,,Dilma Rousseff / Aécio Neves / Eduardo Campos / Randolfe Rodrigues / Pastor Everaldo / others,Aécio Neves,13.0,total,36.0,,,https://en.wikipedia.org/w/index.php?title=2014_Brazilian_general_election&oldid=1369923991,wikipedia_revision,1369923991,2026-09-29T15:05:18Z,unverified,,71d0baf03c4f74da97a23c86a6c32ec18b2f55232a61083394be1f56e3fe2f22,blank_null_includes_undecided
2014-1-1ca0a9c6dd,2014,1,,Ibope,,2014-03-13,2014-03-17,,2002,,Dilma Rousseff / Aécio Neves / Eduardo Campos / Randolfe Rodrigues / Pastor Everaldo / others,Dilma Rousseff,40.0,total,36.0,,,https://en.wikipedia.org/w/index.php?title=2014_Brazilian_general_election&oldid=1369923991,wikipedia_revision,1369923991,2026-09-29T15:05:18Z,unverified,,71d0baf03c4f74da97a23c86a6c32ec18b2f55232a61083394be1f56e3fe2f22,blank_null_includes_undecided
2014-1-1ca0a9c6dd,2014,1,,Ibope,,2014-03-13,2014-03-17,,2002,,Dilma Rousseff / Aécio Neves / Eduardo Campos / Randolfe Rodrigues / Pastor Everaldo / others,Eduardo Campos,6.0,total,36.0,,,https://en.wikipedia.org/w/index.php?title=2014_Brazilian_general_election&oldid=1369923991,wikipedia_revision,1369923991,2026-09-29T15:05:18Z,unverified,,71d0baf03c4f74da97a23c86a6c32ec18b2f55232a61083394be1f56e3fe2f22,blank_null_includes_undecided
2014-1-1ca0a9c6dd,2014,1,,Ibope,,2014-03-13,2014-03-17,,2002,,Dilma Rousseff / Aécio Neves / Eduardo Campos / Randolfe Rodrigues / Pastor Everaldo / others,Pastor Everaldo,3.0,total,36.0,,,https://en.wikipedia.org/w/index.php?title=2014_Brazilian_general_election&oldid=1369923991,wikipedia_revision,1369923991,2026-09-29T15:05:18Z,unverified,,71d0baf03c4f74da97a23c86a6c32ec18b2f55232a61083394be1f56e3fe2f22,blank_null_includes_undecided
2014-1-1ca0a9c6dd,2014,1,,Ibope,,2014-03-13,2014-03-17,,2002,,Dilma Rousseff / Aécio Neves / Eduardo Campos / Randolfe Rodrigues / Pastor Everaldo / others,Randolfe Rodrigues,1.0,total,36.0,,,https://en.wikipedia.org/w/index.php?title=2014_Brazilian_general_election&oldid=1369923991,wikipedia_revision,1369923991,2026-09-29T15:05:18Z,unverified,,71d0baf03c4f74da97a23c86a6c32ec18b2f55232a61083394be1f56e3fe2f22,blank_null_includes_undecided
2014-1-1ca0a9c6dd,2014,1,,Ibope,,2014-03-13,2014-03-17,,2002,,Dilma Rousseff / Aécio Neves / Eduardo Campos / Randolfe Rodrigues / Pastor Everaldo / others,__others__,0.0,total,36.0,,,https://en.wikipedia.org/w/index.php?title=2014_Brazilian_general_election&oldid=1369923991,wikipedia_revision,1369923991,2026-09-29T15:05:18Z,unverified,,71d0baf03c4f74da97a23c86a6c32ec18b2f55232a61083394be1f56e3fe2f22,blank_null_includes_undecided
2014-1-1ca0a9c6dd,2014,1,,Ibope,,2014-03-13,2014-03-17,,2002,,Dilma Rousseff / Aécio Neves / Marina Silva / Randolfe Rodrigues / Pastor Everaldo / others,Aécio Neves,13.0,total,34.0,,,https://en.wikipedia.org/w/index.php?title=2014_Brazilian_general_election&oldid=1369923991,wikipedia_revision,1369923991,2026-09-29T15:05:18Z,unverified,,71d0baf03c4f74da97a23c86a6c32ec18b2f55232a61083394be1f56e3fe2f22,blank_null_includes_undecided
2014-1-1ca0a9c6dd,2014,1,,Ibope,,2014-03-13,2014-03-17,,2002,,Dilma Rousseff / Aécio Neves / Marina Silva / Randolfe Rodrigues / Pastor Everaldo / others,Dilma Rousseff,40.0,total,34.0,,,https://en.wikipedia.org/w/index.php?title=2014_Brazilian_general_election&oldid=1369923991,wikipedia_revision,1369923991,2026-09-29T15:05:18Z,unverified,,71d0baf03c4f74da97a23c86a6c32ec18b2f55232a61083394be1f56e3fe2f22,blank_null_includes_undecided
2014-1-1ca0a9c6dd,2014,1,,Ibope,,2014-03-13,2014-03-17,,2002,,Dilma Rousseff / Aécio Neves / Marina Silva / Randolfe Rodrigues / Pastor Everaldo / others,Marina Silva,9.0,total,34.0,,,https://en.wikipedia.org/w/index.php?title=2014_Brazilian_general_election&oldid=1369923991,wikipedia_revision,1369923991,2026-09-29T15:05:18Z,unverified,,71d0baf03c4f74da97a23c86a6c32ec18b2f55232a61083394be1f56e3fe2f22,blank_null_includes_undecided
2014-1-1ca0a9c6dd,2014,1,,Ibope,,2014-03-13,2014-03-17,,2002,,Dilma Rousseff / Aécio Neves / Marina Silva / Randolfe Rodrigues / Pastor Everaldo / others,Pastor Everaldo,2.0,total,34.0,,,https://en.wikipedia.org/w/index.php?title=2014_Brazilian_general_election&oldid=1369923991,wikipedia_revision,1369923991,2026-09-29T15:05:18Z,unverified,,71d0baf03c4f74da97a23c86a6c32ec18b2f55232a61083394be1f56e3fe2f22,blank_null_includes_undecided
2014-1-1ca0a9c6dd,2014,1,,Ibope,,2014-03-13,2014-03-17,,2002,,Dilma Rousseff / Aécio Neves / Marina Silva / Randolfe Rodrigues / Pastor Everaldo / others,Randolfe Rodrigues,1.0,total,34.0,,,https://en.wikipedia.org/w/index.php?title=2014_Brazilian_general_election&oldid=1369923991,wikipedia_revision,1369923991,2026-09-29T15:05:18Z,unverified,,71d0baf03c4f74da97a23c86a6c32ec18b2f55232a61083394be1f56e3fe2f22,blank_null_includes_undecided
2014-1-1ca0a9c6dd,2014,1,,Ibope,,2014-03-13,2014-03-17,,2002,,Dilma Rousseff / Aécio Neves / Marina Silva / Randolfe Rodrigues / Pastor Everaldo / others,__others__,0.0,total,34.0,,,https://en.wikipedia.org/w/index.php?title=2014_Brazilian_general_election&oldid=1369923991,wikipedia_revision,1369923991,2026-09-29T15:05:18Z,unverified,,71d0baf03c4f74da97a23c86a6c32ec18b2f55232a61083394be1f56e3fe2f22,blank_null_includes_undecided
2014-1-648f775865,2014,1,,Datafolha,,2014-04-02,2014-04-03,,2637,,Dilma Rousseff / Aécio Neves / Eduardo Campos,Aécio Neves,18.0,total,25.0,,,https://en.wikipedia.org/w/index.php?title=2014_Brazilian_general_election&oldid=1369923991,wikipedia_revision,1369923991,2026-09-29T15:05:18Z,unverified,,71d0baf03c4f74da97a23c86a6c32ec18b2f55232a61083394be1f56e3fe2f22,blank_null_includes_undecided
2014-1-648f775865,2014,1,,Datafolha,,2014-04-02,2014-04-03,,2637,,Dilma Rousseff / Aécio Neves / Eduardo Campos,Dilma Rousseff,43.0,total,25.0,,,https://en.wikipedia.org/w/index.php?title=2014_Brazilian_general_election&oldid=1369923991,wikipedia_revision,1369923991,2026-09-29T15:05:18Z,unverified,,71d0baf03c4f74da97a23c86a6c32ec18b2f55232a61083394be1f56e3fe2f22,blank_null_includes_undecided
2014-1-648f775865,2014,1,,Datafolha,,2014-04-02,2014-04-03,,2637,,Dilma Rousseff / Aécio Neves / Eduardo Campos,Eduardo Campos,14.0,total,25.0,,,https://en.wikipedia.org/w/index.php?title=2014_Brazilian_general_election&oldid=1369923991,wikipedia_revision,1369923991,2026-09-29T15:05:18Z,unverified,,71d0baf03c4f74da97a23c86a6c32ec18b2f55232a61083394be1f56e3fe2f22,blank_null_includes_undecided
2014-1-648f775865,2014,1,,Datafolha,,2014-04-02,2014-04-03,,2637,,Dilma Rousseff / Aécio Neves / Eduardo Campos / Randolfe Rodrigues / Pastor Everaldo / Eduardo Jorge / others,Aécio Neves,16.0,total,29.0,,,https://en.wikipedia.org/w/index.php?title=2014_Brazilian_general_election&oldid=1369923991,wikipedia_revision,1369923991,2026-09-29T15:05:18Z,unverified,,71d0baf03c4f74da97a23c86a6c32ec18b2f55232a61083394be1f56e3fe2f22,blank_null_includes_undecided
2014-1-648f775865,2014,1,,Datafolha,,2014-04-02,2014-04-03,,2637,,Dilma Rousseff / Aécio Neves / Eduardo Campos / Randolfe Rodrigues / Pastor Everaldo / Eduardo Jorge / others,Dilma Rousseff,38.0,total,29.0,,,https://en.wikipedia.org/w/index.php?title=2014_Brazilian_general_election&oldid=1369923991,wikipedia_revision,1369923991,2026-09-29T15:05:18Z,unverified,,71d0baf03c4f74da97a23c86a6c32ec18b2f55232a61083394be1f56e3fe2f22,blank_null_includes_undecided
2014-1-648f775865,2014,1,,Datafolha,,2014-04-02,2014-04-03,,2637,,Dilma Rousseff / Aécio Neves / Eduardo Campos / Randolfe Rodrigues / Pastor Everaldo / Eduardo Jorge / others,Eduardo Campos,10.0,total,29.0,,,https://en.wikipedia.org/w/index.php?title=2014_Brazilian_general_election&oldid=1369923991,wikipedia_revision,1369923991,2026-09-29T15:05:18Z,unverified,,71d0baf03c4f74da97a23c86a6c32ec18b2f55232a61083394be1f56e3fe2f22,blank_null_includes_undecided
2014-1-648f775865,2014,1,,Datafolha,,2014-04-02,2014-04-03,,2637,,Dilma Rousseff / Aécio Neves / Eduardo Campos / Randolfe Rodrigues / Pastor Everaldo / Eduardo Jorge / others,Eduardo Jorge,1.0,total,29.0,,,https://en.wikipedia.org/w/index.php?title=2014_Brazilian_general_election&oldid=1369923991,wikipedia_revision,1369923991,2026-09-29T15:05:18Z,unverified,,71d0baf03c4f74da97a23c86a6c32ec18b2f55232a61083394be1f56e3fe2f22,blank_null_includes_undecided
2014-1-648f775865,2014,1,,Datafolha,,2014-04-02,2014-04-03,,2637,,Dilma Rousseff / Aécio Neves / Eduardo Campos / Randolfe Rodrigues / Pastor Everaldo / Eduardo Jorge / others,Pastor Everaldo,2.0,total,29.0,,,https://en.wikipedia.org/w/index.php?title=2014_Brazilian_general_election&oldid=1369923991,wikipedia_revision,1369923991,2026-09-29T15:05:18Z,unverified,,71d0baf03c4f74da97a23c86a6c32ec18b2f55232a61083394be1f56e3fe2f22,blank_null_includes_undecided
2014-1-648f775865,2014,1,,Datafolha,,2014-04-02,2014-04-03,,2637,,Dilma Rousseff / Aécio Neves / Eduardo Campos / Randolfe Rodrigues / Pastor Everaldo / Eduardo Jorge / others,Randolfe Rodrigues,0.0,total,29.0,,,https://en.wikipedia.org/w/index.php?title=2014_Brazilian_general_election&oldid=1369923991,wikipedia_revision,1369923991,2026-09-29T15:05:18Z,unverified,,71d0baf03c4f74da97a23c86a6c32ec18b2f55232a61083394be1f56e3fe2f22,blank_null_includes_undecided
2014-1-648f775865,2014,1,,Datafolha,,2014-04-02,2014-04-03,,2637,,Dilma Rousseff / Aécio Neves / Eduardo Campos / Randolfe Rodrigues / Pastor Everaldo / Eduardo Jorge / others,__others__,3.0,total,29.0,,,https://en.wikipedia.org/w/index.php?title=2014_Brazilian_general_election&oldid=1369923991,wikipedia_revision,1369923991,2026-09-29T15:05:18Z,unverified,,71d0baf03c4f74da97a23c86a6c32ec18b2f55232a61083394be1f56e3fe2f22,blank_null_includes_undecided
2014-1-648f775865,2014,1,,Datafolha,,2014-04-02,2014-04-03,,2637,,Dilma Rousseff / Aécio Neves / Marina Silva,Aécio Neves,16.0,total,19.0,,,https://en.wikipedia.org/w/index.php?title=2014_Brazilian_general_election&oldid=1369923991,wikipedia_revision,1369923991,2026-09-29T15:05:18Z,unverified,,71d0baf03c4f74da97a23c86a6c32ec18b2f55232a61083394be1f56e3fe2f22,blank_null_includes_undecided
2014-1-648f775865,2014,1,,Datafolha,,2014-04-02,2014-04-03,,2637,,Dilma Rousseff / Aécio Neves / Marina Silva,Dilma Rousseff,39.0,total,19.0,,,https://en.wikipedia.org/w/index.php?title=2014_Brazilian_general_election&oldid=1369923991,wikipedia_revision,1369923991,2026-09-29T15:05:18Z,unverified,,71d0baf03c4f74da97a23c86a6c32ec18b2f55232a61083394be1f56e3fe2f22,blank_null_includes_undecided
2014-1-648f775865,2014,1,,Datafolha,,2014-04-02,2014-04-03,,2637,,Dilma Rousseff / Aécio Neves / Marina Silva,Marina Silva,27.0,total,19.0,,,https://en.wikipedia.org/w/index.php?title=2014_Brazilian_general_election&oldid=1369923991,wikipedia_revision,1369923991,2026-09-29T15:05:18Z,unverified,,71d0baf03c4f74da97a23c86a6c32ec18b2f55232a61083394be1f56e3fe2f22,blank_null_includes_undecided
2014-1-648f775865,2014,1,,Datafolha,,2014-04-02,2014-04-03,,2637,,Lula / Aécio Neves / Eduardo Campos,Aécio Neves,16.0,total,21.0,,,https://en.wikipedia.org/w/index.php?title=2014_Brazilian_general_election&oldid=1369923991,wikipedia_revision,1369923991,2026-09-29T15:05:18Z,unverified,,71d0baf03c4f74da97a23c86a6c32ec18b2f55232a61083394be1f56e3fe2f22,blank_null_includes_undecided
2014-1-648f775865,2014,1,,Datafolha,,2014-04-02,2014-04-03,,2637,,Lula / Aécio Neves / Eduardo Campos,Eduardo Campos,11.0,total,21.0,,,https://en.wikipedia.org/w/index.php?title=2014_Brazilian_general_election&oldid=1369923991,wikipedia_revision,1369923991,2026-09-29T15:05:18Z,unverified,,71d0baf03c4f74da97a23c86a6c32ec18b2f55232a61083394be1f56e3fe2f22,blank_null_includes_undecided
2014-1-648f775865,2014,1,,Datafolha,,2014-04-02,2014-04-03,,2637,,Lula / Aécio Neves / Eduardo Campos,Lula,52.0,total,21.0,,,https://en.wikipedia.org/w/index.php?title=2014_Brazilian_general_election&oldid=1369923991,wikipedia_revision,1369923991,2026-09-29T15:05:18Z,unverified,,71d0baf03c4f74da97a23c86a6c32ec18b2f55232a61083394be1f56e3fe2f22,blank_null_includes_undecided
2014-1-648f775865,2014,1,,Datafolha,,2014-04-02,2014-04-03,,2637,,Lula / Aécio Neves / Marina Silva,Aécio Neves,14.0,total,15.0,,,https://en.wikipedia.org/w/index.php?title=2014_Brazilian_general_election&oldid=1369923991,wikipedia_revision,1369923991,2026-09-29T15:05:18Z,unverified,,71d0baf03c4f74da97a23c86a6c32ec18b2f55232a61083394be1f56e3fe2f22,blank_null_includes_undecided
2014-1-648f775865,2014,1,,Datafolha,,2014-04-02,2014-04-03,,2637,,Lula / Aécio Neves / Marina Silva,Lula,48.0,total,15.0,,,https://en.wikipedia.org/w/index.php?title=2014_Brazilian_general_election&oldid=1369923991,wikipedia_revision,1369923991,2026-09-29T15:05:18Z,unverified,,71d0baf03c4f74da97a23c86a6c32ec18b2f55232a61083394be1f56e3fe2f22,blank_null_includes_undecided
2014-1-648f775865,2014,1,,Datafolha,,2014-04-02,2014-04-03,,2637,,Lula / Aécio Neves / Marina Silva,Marina Silva,23.0,total,15.0,,,https://en.wikipedia.org/w/index.php?title=2014_Brazilian_general_election&oldid=1369923991,wikipedia_revision,1369923991,2026-09-29T15:05:18Z,unverified,,71d0baf03c4f74da97a23c86a6c32ec18b2f55232a61083394be1f56e3fe2f22,blank_null_includes_undecided
2014-1-45de935b6e,2014,1,,Vox Populi,,2014-04-06,2014-04-08,,2200,,main,Aécio Neves,16.0,total,29.0,,,https://en.wikipedia.org/w/index.php?title=2014_Brazilian_general_election&oldid=1369923991,wikipedia_revision,1369923991,2026-09-29T15:05:18Z,unverified,,71d0baf03c4f74da97a23c86a6c32ec18b2f55232a61083394be1f56e3fe2f22,blank_null_includes_undecided
2014-1-45de935b6e,2014,1,,Vox Populi,,2014-04-06,2014-04-08,,2200,,main,Dilma Rousseff,40.0,total,29.0,,,https://en.wikipedia.org/w/index.php?title=2014_Brazilian_general_election&oldid=1369923991,wikipedia_revision,1369923991,2026-09-29T15:05:18Z,unverified,,71d0baf03c4f74da97a23c86a6c32ec18b2f55232a61083394be1f56e3fe2f22,blank_null_includes_undecided
2014-1-45de935b6e,2014,1,,Vox Populi,,2014-04-06,2014-04-08,,2200,,main,Eduardo Campos,10.0,total,29.0,,,https://en.wikipedia.org/w/index.php?title=2014_Brazilian_general_election&oldid=1369923991,wikipedia_revision,1369923991,2026-09-29T15:05:18Z,unverified,,71d0baf03c4f74da97a23c86a6c32ec18b2f55232a61083394be1f56e3fe2f22,blank_null_includes_undecided
2014-1-45de935b6e,2014,1,,Vox Populi,,2014-04-06,2014-04-08,,2200,,main,Eduardo Jorge,1.0,total,29.0,,,https://en.wikipedia.org/w/index.php?title=2014_Brazilian_general_election&oldid=1369923991,wikipedia_revision,1369923991,2026-09-29T15:05:18Z,unverified,,71d0baf03c4f74da97a23c86a6c32ec18b2f55232a61083394be1f56e3fe2f22,blank_null_includes_undecided
2014-1-45de935b6e,2014,1,,Vox Populi,,2014-04-06,2014-04-08,,2200,,main,Pastor Everaldo,2.0,total,29.0,,,https://en.wikipedia.org/w/index.php?title=2014_Brazilian_general_election&oldid=1369923991,wikipedia_revision,1369923991,2026-09-29T15:05:18Z,unverified,,71d0baf03c4f74da97a23c86a6c32ec18b2f55232a61083394be1f56e3fe2f22,blank_null_includes_undecided
2014-1-45de935b6e,2014,1,,Vox Populi,,2014-04-06,2014-04-08,,2200,,main,Randolfe Rodrigues,0.0,total,29.0,,,https://en.wikipedia.org/w/index.php?title=2014_Brazilian_general_election&oldid=1369923991,wikipedia_revision,1369923991,2026-09-29T15:05:18Z,unverified,,71d0baf03c4f74da97a23c86a6c32ec18b2f55232a61083394be1f56e3fe2f22,blank_null_includes_undecided
2014-1-45de935b6e,2014,1,,Vox Populi,,2014-04-06,2014-04-08,,2200,,main,__others__,3.0,total,29.0,,,https://en.wikipedia.org/w/index.php?title=2014_Brazilian_general_election&oldid=1369923991,wikipedia_revision,1369923991,2026-09-29T15:05:18Z,unverified,,71d0baf03c4f74da97a23c86a6c32ec18b2f55232a61083394be1f56e3fe2f22,blank_null_includes_undecided
2014-1-62d4d399a6,2014,1,,Ibope,,2014-04-10,2014-04-14,,2002,,Dilma Rousseff / Aécio Neves / Eduardo Campos / Randolfe Rodrigues / Pastor Everaldo / Eduardo Jorge / others,Aécio Neves,14.0,total,37.0,,,https://en.wikipedia.org/w/index.php?title=2014_Brazilian_general_election&oldid=1369923991,wikipedia_revision,1369923991,2026-09-29T15:05:18Z,unverified,,71d0baf03c4f74da97a23c86a6c32ec18b2f55232a61083394be1f56e3fe2f22,blank_null_includes_undecided
2014-1-62d4d399a6,2014,1,,Ibope,,2014-04-10,2014-04-14,,2002,,Dilma Rousseff / Aécio Neves / Eduardo Campos / Randolfe Rodrigues / Pastor Everaldo / Eduardo Jorge / others,Dilma Rousseff,37.0,total,37.0,,,https://en.wikipedia.org/w/index.php?title=2014_Brazilian_general_election&oldid=1369923991,wikipedia_revision,1369923991,2026-09-29T15:05:18Z,unverified,,71d0baf03c4f74da97a23c86a6c32ec18b2f55232a61083394be1f56e3fe2f22,blank_null_includes_undecided
2014-1-62d4d399a6,2014,1,,Ibope,,2014-04-10,2014-04-14,,2002,,Dilma Rousseff / Aécio Neves / Eduardo Campos / Randolfe Rodrigues / Pastor Everaldo / Eduardo Jorge / others,Eduardo Campos,6.0,total,37.0,,,https://en.wikipedia.org/w/index.php?title=2014_Brazilian_general_election&oldid=1369923991,wikipedia_revision,1369923991,2026-09-29T15:05:18Z,unverified,,71d0baf03c4f74da97a23c86a6c32ec18b2f55232a61083394be1f56e3fe2f22,blank_null_includes_undecided
2014-1-62d4d399a6,2014,1,,Ibope,,2014-04-10,2014-04-14,,2002,,Dilma Rousseff / Aécio Neves / Eduardo Campos / Randolfe Rodrigues / Pastor Everaldo / Eduardo Jorge / others,Eduardo Jorge,0.0,total,37.0,,,https://en.wikipedia.org/w/index.php?title=2014_Brazilian_general_election&oldid=1369923991,wikipedia_revision,1369923991,2026-09-29T15:05:18Z,unverified,,71d0baf03c4f74da97a23c86a6c32ec18b2f55232a61083394be1f56e3fe2f22,blank_null_includes_undecided
2014-1-62d4d399a6,2014,1,,Ibope,,2014-04-10,2014-04-14,,2002,,Dilma Rousseff / Aécio Neves / Eduardo Campos / Randolfe Rodrigues / Pastor Everaldo / Eduardo Jorge / others,Pastor Everaldo,2.0,total,37.0,,,https://en.wikipedia.org/w/index.php?title=2014_Brazilian_general_election&oldid=1369923991,wikipedia_revision,1369923991,2026-09-29T15:05:18Z,unverified,,71d0baf03c4f74da97a23c86a6c32ec18b2f55232a61083394be1f56e3fe2f22,blank_null_includes_undecided
2014-1-62d4d399a6,2014,1,,Ibope,,2014-04-10,2014-04-14,,2002,,Dilma Rousseff / Aécio Neves / Eduardo Campos / Randolfe Rodrigues / Pastor Everaldo / Eduardo Jorge / others,Randolfe Rodrigues,1.0,total,37.0,,,https://en.wikipedia.org/w/index.php?title=2014_Brazilian_general_election&oldid=1369923991,wikipedia_revision,1369923991,2026-09-29T15:05:18Z,unverified,,71d0baf03c4f74da97a23c86a6c32ec18b2f55232a61083394be1f56e3fe2f22,blank_null_includes_undecided
2014-1-62d4d399a6,2014,1,,Ibope,,2014-04-10,2014-04-14,,2002,,Dilma Rousseff / Aécio Neves / Eduardo Campos / Randolfe Rodrigues / Pastor Everaldo / Eduardo Jorge / others,__others__,1.0,total,37.0,,,https://en.wikipedia.org/w/index.php?title=2014_Brazilian_general_election&oldid=1369923991,wikipedia_revision,1369923991,2026-09-29T15:05:18Z,unverified,,71d0baf03c4f74da97a23c86a6c32ec18b2f55232a61083394be1f56e3fe2f22,blank_null_includes_undecided
2014-1-62d4d399a6,2014,1,,Ibope,,2014-04-10,2014-04-14,,2002,,Dilma Rousseff / Aécio Neves / Marina Silva / Randolfe Rodrigues / Pastor Everaldo / others,Aécio Neves,14.0,total,33.0,,,https://en.wikipedia.org/w/index.php?title=2014_Brazilian_general_election&oldid=1369923991,wikipedia_revision,1369923991,2026-09-29T15:05:18Z,unverified,,71d0baf03c4f74da97a23c86a6c32ec18b2f55232a61083394be1f56e3fe2f22,blank_null_includes_undecided
2014-1-62d4d399a6,2014,1,,Ibope,,2014-04-10,2014-04-14,,2002,,Dilma Rousseff / Aécio Neves / Marina Silva / Randolfe Rodrigues / Pastor Everaldo / others,Dilma Rousseff,37.0,total,33.0,,,https://en.wikipedia.org/w/index.php?title=2014_Brazilian_general_election&oldid=1369923991,wikipedia_revision,1369923991,2026-09-29T15:05:18Z,unverified,,71d0baf03c4f74da97a23c86a6c32ec18b2f55232a61083394be1f56e3fe2f22,blank_null_includes_undecided
2014-1-62d4d399a6,2014,1,,Ibope,,2014-04-10,2014-04-14,,2002,,Dilma Rousseff / Aécio Neves / Marina Silva / Randolfe Rodrigues / Pastor Everaldo / others,Marina Silva,10.0,total,33.0,,,https://en.wikipedia.org/w/index.php?title=2014_Brazilian_general_election&oldid=1369923991,wikipedia_revision,1369923991,2026-09-29T15:05:18Z,unverified,,71d0baf03c4f74da97a23c86a6c32ec18b2f55232a61083394be1f56e3fe2f22,blank_null_includes_undecided
2014-1-62d4d399a6,2014,1,,Ibope,,2014-04-10,2014-04-14,,2002,,Dilma Rousseff / Aécio Neves / Marina Silva / Randolfe Rodrigues / Pastor Everaldo / others,Pastor Everaldo,2.0,total,33.0,,,https://en.wikipedia.org/w/index.php?title=2014_Brazilian_general_election&oldid=1369923991,wikipedia_revision,1369923991,2026-09-29T15:05:18Z,unverified,,71d0baf03c4f74da97a23c86a6c32ec18b2f55232a61083394be1f56e3fe2f22,blank_null_includes_undecided
2014-1-62d4d399a6,2014,1,,Ibope,,2014-04-10,2014-04-14,,2002,,Dilma Rousseff / Aécio Neves / Marina Silva / Randolfe Rodrigues / Pastor Everaldo / others,Randolfe Rodrigues,1.0,total,33.0,,,https://en.wikipedia.org/w/index.php?title=2014_Brazilian_general_election&oldid=1369923991,wikipedia_revision,1369923991,2026-09-29T15:05:18Z,unverified,,71d0baf03c4f74da97a23c86a6c32ec18b2f55232a61083394be1f56e3fe2f22,blank_null_includes_undecided
2014-1-62d4d399a6,2014,1,,Ibope,,2014-04-10,2014-04-14,,2002,,Dilma Rousseff / Aécio Neves / Marina Silva / Randolfe Rodrigues / Pastor Everaldo / others,__others__,0.0,total,33.0,,,https://en.wikipedia.org/w/index.php?title=2014_Brazilian_general_election&oldid=1369923991,wikipedia_revision,1369923991,2026-09-29T15:05:18Z,unverified,,71d0baf03c4f74da97a23c86a6c32ec18b2f55232a61083394be1f56e3fe2f22,blank_null_includes_undecided
2014-1-e3f07191fd,2014,1,,Datafolha,,2014-05-07,2014-05-08,,2844,,Dilma Rousseff / Aécio Neves / Eduardo Campos,Aécio Neves,22.0,total,23.0,,,https://en.wikipedia.org/w/index.php?title=2014_Brazilian_general_election&oldid=1369923991,wikipedia_revision,1369923991,2026-09-29T15:05:18Z,unverified,,71d0baf03c4f74da97a23c86a6c32ec18b2f55232a61083394be1f56e3fe2f22,blank_null_includes_undecided
2014-1-e3f07191fd,2014,1,,Datafolha,,2014-05-07,2014-05-08,,2844,,Dilma Rousseff / Aécio Neves / Eduardo Campos,Dilma Rousseff,41.0,total,23.0,,,https://en.wikipedia.org/w/index.php?title=2014_Brazilian_general_election&oldid=1369923991,wikipedia_revision,1369923991,2026-09-29T15:05:18Z,unverified,,71d0baf03c4f74da97a23c86a6c32ec18b2f55232a61083394be1f56e3fe2f22,blank_null_includes_undecided
2014-1-e3f07191fd,2014,1,,Datafolha,,2014-05-07,2014-05-08,,2844,,Dilma Rousseff / Aécio Neves / Eduardo Campos,Eduardo Campos,14.0,total,23.0,,,https://en.wikipedia.org/w/index.php?title=2014_Brazilian_general_election&oldid=1369923991,wikipedia_revision,1369923991,2026-09-29T15:05:18Z,unverified,,71d0baf03c4f74da97a23c86a6c32ec18b2f55232a61083394be1f56e3fe2f22,blank_null_includes_undecided
2014-1-e3f07191fd,2014,1,,Datafolha,,2014-05-07,2014-05-08,,2844,,Dilma Rousseff / Aécio Neves / Eduardo Campos / Randolfe Rodrigues / Pastor Everaldo / Eduardo Jorge / others,Aécio Neves,20.0,total,24.0,,,https://en.wikipedia.org/w/index.php?title=2014_Brazilian_general_election&oldid=1369923991,wikipedia_revision,1369923991,2026-09-29T15:05:18Z,unverified,,71d0baf03c4f74da97a23c86a6c32ec18b2f55232a61083394be1f56e3fe2f22,blank_null_includes_undecided
2014-1-e3f07191fd,2014,1,,Datafolha,,2014-05-07,2014-05-08,,2844,,Dilma Rousseff / Aécio Neves / Eduardo Campos / Randolfe Rodrigues / Pastor Everaldo / Eduardo Jorge / others,Dilma Rousseff,37.0,total,24.0,,,https://en.wikipedia.org/w/index.php?title=2014_Brazilian_general_election&oldid=1369923991,wikipedia_revision,1369923991,2026-09-29T15:05:18Z,unverified,,71d0baf03c4f74da97a23c86a6c32ec18b2f55232a61083394be1f56e3fe2f22,blank_null_includes_undecided
2014-1-e3f07191fd,2014,1,,Datafolha,,2014-05-07,2014-05-08,,2844,,Dilma Rousseff / Aécio Neves / Eduardo Campos / Randolfe Rodrigues / Pastor Everaldo / Eduardo Jorge / others,Eduardo Campos,11.0,total,24.0,,,https://en.wikipedia.org/w/index.php?title=2014_Brazilian_general_election&oldid=1369923991,wikipedia_revision,1369923991,2026-09-29T15:05:18Z,unverified,,71d0baf03c4f74da97a23c86a6c32ec18b2f55232a61083394be1f56e3fe2f22,blank_null_includes_undecided
2014-1-e3f07191fd,2014,1,,Datafolha,,2014-05-07,2014-05-08,,2844,,Dilma Rousseff / Aécio Neves / Eduardo Campos / Randolfe Rodrigues / Pastor Everaldo / Eduardo Jorge / others,Eduardo Jorge,1.0,total,24.0,,,https://en.wikipedia.org/w/index.php?title=2014_Brazilian_general_election&oldid=1369923991,wikipedia_revision,1369923991,2026-09-29T15:05:18Z,unverified,,71d0baf03c4f74da97a23c86a6c32ec18b2f55232a61083394be1f56e3fe2f22,blank_null_includes_undecided
2014-1-e3f07191fd,2014,1,,Datafolha,,2014-05-07,2014-05-08,,2844,,Dilma Rousseff / Aécio Neves / Eduardo Campos / Randolfe Rodrigues / Pastor Everaldo / Eduardo Jorge / others,Pastor Everaldo,3.0,total,24.0,,,https://en.wikipedia.org/w/index.php?title=2014_Brazilian_general_election&oldid=1369923991,wikipedia_revision,1369923991,2026-09-29T15:05:18Z,unverified,,71d0baf03c4f74da97a23c86a6c32ec18b2f55232a61083394be1f56e3fe2f22,blank_null_includes_undecided
2014-1-e3f07191fd,2014,1,,Datafolha,,2014-05-07,2014-05-08,,2844,,Dilma Rousseff / Aécio Neves / Eduardo Campos / Randolfe Rodrigues / Pastor Everaldo / Eduardo Jorge / others,Randolfe Rodrigues,1.0,total,24.0,,,https://en.wikipedia.org/w/index.php?title=2014_Brazilian_general_election&oldid=1369923991,wikipedia_revision,1369923991,2026-09-29T15:05:18Z,unverified,,71d0baf03c4f74da97a23c86a6c32ec18b2f55232a61083394be1f56e3fe2f22,blank_null_includes_undecided
2014-1-e3f07191fd,2014,1,,Datafolha,,2014-05-07,2014-05-08,,2844,,Dilma Rousseff / Aécio Neves / Eduardo Campos / Randolfe Rodrigues / Pastor Everaldo / Eduardo Jorge / others,__others__,2.0,total,24.0,,,https://en.wikipedia.org/w/index.php?title=2014_Brazilian_general_election&oldid=1369923991,wikipedia_revision,1369923991,2026-09-29T15:05:18Z,unverified,,71d0baf03c4f74da97a23c86a6c32ec18b2f55232a61083394be1f56e3fe2f22,blank_null_includes_undecided
2014-1-e3f07191fd,2014,1,,Datafolha,,2014-05-07,2014-05-08,,2844,,Lula / Aécio Neves / Eduardo Campos,Aécio Neves,19.0,total,18.0,,,https://en.wikipedia.org/w/index.php?title=2014_Brazilian_general_election&oldid=1369923991,wikipedia_revision,1369923991,2026-09-29T15:05:18Z,unverified,,71d0baf03c4f74da97a23c86a6c32ec18b2f55232a61083394be1f56e3fe2f22,blank_null_includes_undecided
2014-1-e3f07191fd,2014,1,,Datafolha,,2014-05-07,2014-05-08,,2844,,Lula / Aécio Neves / Eduardo Campos,Eduardo Campos,11.0,total,18.0,,,https://en.wikipedia.org/w/index.php?title=2014_Brazilian_general_election&oldid=1369923991,wikipedia_revision,1369923991,2026-09-29T15:05:18Z,unverified,,71d0baf03c4f74da97a23c86a6c32ec18b2f55232a61083394be1f56e3fe2f22,blank_null_includes_undecided
2014-1-e3f07191fd,2014,1,,Datafolha,,2014-05-07,2014-05-08,,2844,,Lula / Aécio Neves / Eduardo Campos,Lula,52.0,total,18.0,,,https://en.wikipedia.org/w/index.php?title=2014_Brazilian_general_election&oldid=1369923991,wikipedia_revision,1369923991,2026-09-29T15:05:18Z,unverified,,71d0baf03c4f74da97a23c86a6c32ec18b2f55232a61083394be1f56e3fe2f22,blank_null_includes_undecided
2014-1-e3f07191fd,2014,1,,Datafolha,,2014-05-07,2014-05-08,,2844,,Lula / Aécio Neves / Eduardo Campos / Randolfe Rodrigues / Pastor Everaldo / Eduardo Jorge / others,Aécio Neves,17.0,total,19.0,,,https://en.wikipedia.org/w/index.php?title=2014_Brazilian_general_election&oldid=1369923991,wikipedia_revision,1369923991,2026-09-29T15:05:18Z,unverified,,71d0baf03c4f74da97a23c86a6c32ec18b2f55232a61083394be1f56e3fe2f22,blank_null_includes_undecided
2014-1-e3f07191fd,2014,1,,Datafolha,,2014-05-07,2014-05-08,,2844,,Lula / Aécio Neves / Eduardo Campos / Randolfe Rodrigues / Pastor Everaldo / Eduardo Jorge / others,Eduardo Campos,9.0,total,19.0,,,https://en.wikipedia.org/w/index.php?title=2014_Brazilian_general_election&oldid=1369923991,wikipedia_revision,1369923991,2026-09-29T15:05:18Z,unverified,,71d0baf03c4f74da97a23c86a6c32ec18b2f55232a61083394be1f56e3fe2f22,blank_null_includes_undecided
2014-1-e3f07191fd,2014,1,,Datafolha,,2014-05-07,2014-05-08,,2844,,Lula / Aécio Neves / Eduardo Campos / Randolfe Rodrigues / Pastor Everaldo / Eduardo Jorge / others,Eduardo Jorge,1.0,total,19.0,,,https://en.wikipedia.org/w/index.php?title=2014_Brazilian_general_election&oldid=1369923991,wikipedia_revision,1369923991,2026-09-29T15:05:18Z,unverified,,71d0baf03c4f74da97a23c86a6c32ec18b2f55232a61083394be1f56e3fe2f22,blank_null_includes_undecided
2014-1-e3f07191fd,2014,1,,Datafolha,,2014-05-07,2014-05-08,,2844,,Lula / Aécio Neves / Eduardo Campos / Randolfe Rodrigues / Pastor Everaldo / Eduardo Jorge / others,Lula,49.0,total,19.0,,,https://en.wikipedia.org/w/index.php?title=2014_Brazilian_general_election&oldid=1369923991,wikipedia_revision,1369923991,2026-09-29T15:05:18Z,unverified,,71d0baf03c4f74da97a23c86a6c32ec18b2f55232a61083394be1f56e3fe2f22,blank_null_includes_undecided
2014-1-e3f07191fd,2014,1,,Datafolha,,2014-05-07,2014-05-08,,2844,,Lula / Aécio Neves / Eduardo Campos / Randolfe Rodrigues / Pastor Everaldo / Eduardo Jorge / others,Pastor Everaldo,2.0,total,19.0,,,https://en.wikipedia.org/w/index.php?title=2014_Brazilian_general_election&oldid=1369923991,wikipedia_revision,1369923991,2026-09-29T15:05:18Z,unverified,,71d0baf03c4f74da97a23c86a6c32ec18b2f55232a61083394be1f56e3fe2f22,blank_null_includes_undecided
2014-1-e3f07191fd,2014,1,,Datafolha,,2014-05-07,2014-05-08,,2844,,Lula / Aécio Neves / Eduardo Campos / Randolfe Rodrigues / Pastor Everaldo / Eduardo Jorge / others,Randolfe Rodrigues,1.0,total,19.0,,,https://en.wikipedia.org/w/index.php?title=2014_Brazilian_general_election&oldid=1369923991,wikipedia_revision,1369923991,2026-09-29T15:05:18Z,unverified,,71d0baf03c4f74da97a23c86a6c32ec18b2f55232a61083394be1f56e3fe2f22,blank_null_includes_undecided
2014-1-e3f07191fd,2014,1,,Datafolha,,2014-05-07,2014-05-08,,2844,,Lula / Aécio Neves / Eduardo Campos / Randolfe Rodrigues / Pastor Everaldo / Eduardo Jorge / others,__others__,2.0,total,19.0,,,https://en.wikipedia.org/w/index.php?title=2014_Brazilian_general_election&oldid=1369923991,wikipedia_revision,1369923991,2026-09-29T15:05:18Z,unverified,,71d0baf03c4f74da97a23c86a6c32ec18b2f55232a61083394be1f56e3fe2f22,blank_null_includes_undecided
2014-1-1df1b8014c,2014,1,,Ibope,,2014-05-15,2014-05-19,,2002,,main,Aécio Neves,20.0,total,24.0,,,https://en.wikipedia.org/w/index.php?title=2014_Brazilian_general_election&oldid=1369923991,wikipedia_revision,1369923991,2026-09-29T15:05:18Z,unverified,,71d0baf03c4f74da97a23c86a6c32ec18b2f55232a61083394be1f56e3fe2f22,blank_null_includes_undecided
2014-1-1df1b8014c,2014,1,,Ibope,,2014-05-15,2014-05-19,,2002,,main,Dilma Rousseff,40.0,total,24.0,,,https://en.wikipedia.org/w/index.php?title=2014_Brazilian_general_election&oldid=1369923991,wikipedia_revision,1369923991,2026-09-29T15:05:18Z,unverified,,71d0baf03c4f74da97a23c86a6c32ec18b2f55232a61083394be1f56e3fe2f22,blank_null_includes_undecided
2014-1-1df1b8014c,2014,1,,Ibope,,2014-05-15,2014-05-19,,2002,,main,Eduardo Campos,11.0,total,24.0,,,https://en.wikipedia.org/w/index.php?title=2014_Brazilian_general_election&oldid=1369923991,wikipedia_revision,1369923991,2026-09-29T15:05:18Z,unverified,,71d0baf03c4f74da97a23c86a6c32ec18b2f55232a61083394be1f56e3fe2f22,blank_null_includes_undecided
2014-1-1df1b8014c,2014,1,,Ibope,,2014-05-15,2014-05-19,,2002,,main,Eduardo Jorge,1.0,total,24.0,,,https://en.wikipedia.org/w/index.php?title=2014_Brazilian_general_election&oldid=1369923991,wikipedia_revision,1369923991,2026-09-29T15:05:18Z,unverified,,71d0baf03c4f74da97a23c86a6c32ec18b2f55232a61083394be1f56e3fe2f22,blank_null_includes_undecided
2014-1-1df1b8014c,2014,1,,Ibope,,2014-05-15,2014-05-19,,2002,,main,Pastor Everaldo,3.0,total,24.0,,,https://en.wikipedia.org/w/index.php?title=2014_Brazilian_general_election&oldid=1369923991,wikipedia_revision,1369923991,2026-09-29T15:05:18Z,unverified,,71d0baf03c4f74da97a23c86a6c32ec18b2f55232a61083394be1f56e3fe2f22,blank_null_includes_undecided
2014-1-1df1b8014c,2014,1,,Ibope,,2014-05-15,2014-05-19,,2002,,main,__others__,1.0,total,24.0,,,https://en.wikipedia.org/w/index.php?title=2014_Brazilian_general_election&oldid=1369923991,wikipedia_revision,1369923991,2026-09-29T15:05:18Z,unverified,,71d0baf03c4f74da97a23c86a6c32ec18b2f55232a61083394be1f56e3fe2f22,blank_null_includes_undecided
2014-1-74e8d2401c,2014,1,,Vox Populi,,2014-05-31,2014-06-01,,2200,,main,Aécio Neves,21.0,total,28.0,,,https://en.wikipedia.org/w/index.php?title=2014_Brazilian_general_election&oldid=1369923991,wikipedia_revision,1369923991,2026-09-29T15:05:18Z,unverified,,71d0baf03c4f74da97a23c86a6c32ec18b2f55232a61083394be1f56e3fe2f22,blank_null_includes_undecided;lt1pct_omitted=Randolfe Rodrigues|Eduardo Jorge|__others__
2014-1-74e8d2401c,2014,1,,Vox Populi,,2014-05-31,2014-06-01,,2200,,main,Dilma Rousseff,40.0,total,28.0,,,https://en.wikipedia.org/w/index.php?title=2014_Brazilian_general_election&oldid=1369923991,wikipedia_revision,1369923991,2026-09-29T15:05:18Z,unverified,,71d0baf03c4f74da97a23c86a6c32ec18b2f55232a61083394be1f56e3fe2f22,blank_null_includes_undecided;lt1pct_omitted=Randolfe Rodrigues|Eduardo Jorge|__others__
2014-1-74e8d2401c,2014,1,,Vox Populi,,2014-05-31,2014-06-01,,2200,,main,Eduardo Campos,8.0,total,28.0,,,https://en.wikipedia.org/w/index.php?title=2014_Brazilian_general_election&oldid=1369923991,wikipedia_revision,1369923991,2026-09-29T15:05:18Z,unverified,,71d0baf03c4f74da97a23c86a6c32ec18b2f55232a61083394be1f56e3fe2f22,blank_null_includes_undecided;lt1pct_omitted=Randolfe Rodrigues|Eduardo Jorge|__others__
2014-1-74e8d2401c,2014,1,,Vox Populi,,2014-05-31,2014-06-01,,2200,,main,Pastor Everaldo,2.0,total,28.0,,,https://en.wikipedia.org/w/index.php?title=2014_Brazilian_general_election&oldid=1369923991,wikipedia_revision,1369923991,2026-09-29T15:05:18Z,unverified,,71d0baf03c4f74da97a23c86a6c32ec18b2f55232a61083394be1f56e3fe2f22,blank_null_includes_undecided;lt1pct_omitted=Randolfe Rodrigues|Eduardo Jorge|__others__
2014-1-d98ecb13e5,2014,1,,Datafolha,,2014-06-03,2014-06-05,,4337,,main,Aécio Neves,19.0,total,30.0,,,https://en.wikipedia.org/w/index.php?title=2014_Brazilian_general_election&oldid=1369923991,wikipedia_revision,1369923991,2026-09-29T15:05:18Z,unverified,,71d0baf03c4f74da97a23c86a6c32ec18b2f55232a61083394be1f56e3fe2f22,blank_null_includes_undecided
2014-1-d98ecb13e5,2014,1,,Datafolha,,2014-06-03,2014-06-05,,4337,,main,Dilma Rousseff,34.0,total,30.0,,,https://en.wikipedia.org/w/index.php?title=2014_Brazilian_general_election&oldid=1369923991,wikipedia_revision,1369923991,2026-09-29T15:05:18Z,unverified,,71d0baf03c4f74da97a23c86a6c32ec18b2f55232a61083394be1f56e3fe2f22,blank_null_includes_undecided
2014-1-d98ecb13e5,2014,1,,Datafolha,,2014-06-03,2014-06-05,,4337,,main,Eduardo Campos,7.0,total,30.0,,,https://en.wikipedia.org/w/index.php?title=2014_Brazilian_general_election&oldid=1369923991,wikipedia_revision,1369923991,2026-09-29T15:05:18Z,unverified,,71d0baf03c4f74da97a23c86a6c32ec18b2f55232a61083394be1f56e3fe2f22,blank_null_includes_undecided
2014-1-87a6f93746,2014,1,,Ibope,,2014-06-04,2014-06-07,,2002,,main,Aécio Neves,22.0,total,20.0,,,https://en.wikipedia.org/w/index.php?title=2014_Brazilian_general_election&oldid=1369923991,wikipedia_revision,1369923991,2026-09-29T15:05:18Z,unverified,,71d0baf03c4f74da97a23c86a6c32ec18b2f55232a61083394be1f56e3fe2f22,blank_null_includes_undecided
2014-1-87a6f93746,2014,1,,Ibope,,2014-06-04,2014-06-07,,2002,,main,Dilma Rousseff,38.0,total,20.0,,,https://en.wikipedia.org/w/index.php?title=2014_Brazilian_general_election&oldid=1369923991,wikipedia_revision,1369923991,2026-09-29T15:05:18Z,unverified,,71d0baf03c4f74da97a23c86a6c32ec18b2f55232a61083394be1f56e3fe2f22,blank_null_includes_undecided
2014-1-87a6f93746,2014,1,,Ibope,,2014-06-04,2014-06-07,,2002,,main,Eduardo Campos,13.0,total,20.0,,,https://en.wikipedia.org/w/index.php?title=2014_Brazilian_general_election&oldid=1369923991,wikipedia_revision,1369923991,2026-09-29T15:05:18Z,unverified,,71d0baf03c4f74da97a23c86a6c32ec18b2f55232a61083394be1f56e3fe2f22,blank_null_includes_undecided
2014-1-87a6f93746,2014,1,,Ibope,,2014-06-04,2014-06-07,,2002,,main,Eduardo Jorge,1.0,total,20.0,,,https://en.wikipedia.org/w/index.php?title=2014_Brazilian_general_election&oldid=1369923991,wikipedia_revision,1369923991,2026-09-29T15:05:18Z,unverified,,71d0baf03c4f74da97a23c86a6c32ec18b2f55232a61083394be1f56e3fe2f22,blank_null_includes_undecided
2014-1-87a6f93746,2014,1,,Ibope,,2014-06-04,2014-06-07,,2002,,main,Pastor Everaldo,3.0,total,20.0,,,https://en.wikipedia.org/w/index.php?title=2014_Brazilian_general_election&oldid=1369923991,wikipedia_revision,1369923991,2026-09-29T15:05:18Z,unverified,,71d0baf03c4f74da97a23c86a6c32ec18b2f55232a61083394be1f56e3fe2f22,blank_null_includes_undecided
2014-1-87a6f93746,2014,1,,Ibope,,2014-06-04,2014-06-07,,2002,,main,__others__,3.0,total,20.0,,,https://en.wikipedia.org/w/index.php?title=2014_Brazilian_general_election&oldid=1369923991,wikipedia_revision,1369923991,2026-09-29T15:05:18Z,unverified,,71d0baf03c4f74da97a23c86a6c32ec18b2f55232a61083394be1f56e3fe2f22,blank_null_includes_undecided
2014-1-eefb091353,2014,1,,Ibope,,2014-06-13,2014-06-15,,2002,,main,Aécio Neves,21.0,total,21.0,,,https://en.wikipedia.org/w/index.php?title=2014_Brazilian_general_election&oldid=1369923991,wikipedia_revision,1369923991,2026-09-29T15:05:18Z,unverified,,71d0baf03c4f74da97a23c86a6c32ec18b2f55232a61083394be1f56e3fe2f22,blank_null_includes_undecided
2014-1-eefb091353,2014,1,,Ibope,,2014-06-13,2014-06-15,,2002,,main,Dilma Rousseff,39.0,total,21.0,,,https://en.wikipedia.org/w/index.php?title=2014_Brazilian_general_election&oldid=1369923991,wikipedia_revision,1369923991,2026-09-29T15:05:18Z,unverified,,71d0baf03c4f74da97a23c86a6c32ec18b2f55232a61083394be1f56e3fe2f22,blank_null_includes_undecided
2014-1-eefb091353,2014,1,,Ibope,,2014-06-13,2014-06-15,,2002,,main,Eduardo Campos,10.0,total,21.0,,,https://en.wikipedia.org/w/index.php?title=2014_Brazilian_general_election&oldid=1369923991,wikipedia_revision,1369923991,2026-09-29T15:05:18Z,unverified,,71d0baf03c4f74da97a23c86a6c32ec18b2f55232a61083394be1f56e3fe2f22,blank_null_includes_undecided
2014-1-eefb091353,2014,1,,Ibope,,2014-06-13,2014-06-15,,2002,,main,Pastor Everaldo,3.0,total,21.0,,,https://en.wikipedia.org/w/index.php?title=2014_Brazilian_general_election&oldid=1369923991,wikipedia_revision,1369923991,2026-09-29T15:05:18Z,unverified,,71d0baf03c4f74da97a23c86a6c32ec18b2f55232a61083394be1f56e3fe2f22,blank_null_includes_undecided
2014-1-eefb091353,2014,1,,Ibope,,2014-06-13,2014-06-15,,2002,,main,__others__,6.0,total,21.0,,,https://en.wikipedia.org/w/index.php?title=2014_Brazilian_general_election&oldid=1369923991,wikipedia_revision,1369923991,2026-09-29T15:05:18Z,unverified,,71d0baf03c4f74da97a23c86a6c32ec18b2f55232a61083394be1f56e3fe2f22,blank_null_includes_undecided
2014-1-89e2d84527,2014,1,,Datafolha,,2014-07-01,2014-07-02,,2857,,main,Aécio Neves,20.0,total,24.0,,,https://en.wikipedia.org/w/index.php?title=2014_Brazilian_general_election&oldid=1369923991,wikipedia_revision,1369923991,2026-09-29T15:05:18Z,unverified,,71d0baf03c4f74da97a23c86a6c32ec18b2f55232a61083394be1f56e3fe2f22,blank_null_includes_undecided
2014-1-89e2d84527,2014,1,,Datafolha,,2014-07-01,2014-07-02,,2857,,main,Dilma Rousseff,38.0,total,24.0,,,https://en.wikipedia.org/w/index.php?title=2014_Brazilian_general_election&oldid=1369923991,wikipedia_revision,1369923991,2026-09-29T15:05:18Z,unverified,,71d0baf03c4f74da97a23c86a6c32ec18b2f55232a61083394be1f56e3fe2f22,blank_null_includes_undecided
2014-1-89e2d84527,2014,1,,Datafolha,,2014-07-01,2014-07-02,,2857,,main,Eduardo Campos,9.0,total,24.0,,,https://en.wikipedia.org/w/index.php?title=2014_Brazilian_general_election&oldid=1369923991,wikipedia_revision,1369923991,2026-09-29T15:05:18Z,unverified,,71d0baf03c4f74da97a23c86a6c32ec18b2f55232a61083394be1f56e3fe2f22,blank_null_includes_undecided
2014-1-89e2d84527,2014,1,,Datafolha,,2014-07-01,2014-07-02,,2857,,main,Eduardo Jorge,1.0,total,24.0,,,https://en.wikipedia.org/w/index.php?title=2014_Brazilian_general_election&oldid=1369923991,wikipedia_revision,1369923991,2026-09-29T15:05:18Z,unverified,,71d0baf03c4f74da97a23c86a6c32ec18b2f55232a61083394be1f56e3fe2f22,blank_null_includes_undecided
2014-1-89e2d84527,2014,1,,Datafolha,,2014-07-01,2014-07-02,,2857,,main,Luciana Genro,1.0,total,24.0,,,https://en.wikipedia.org/w/index.php?title=2014_Brazilian_general_election&oldid=1369923991,wikipedia_revision,1369923991,2026-09-29T15:05:18Z,unverified,,71d0baf03c4f74da97a23c86a6c32ec18b2f55232a61083394be1f56e3fe2f22,blank_null_includes_undecided
2014-1-89e2d84527,2014,1,,Datafolha,,2014-07-01,2014-07-02,,2857,,main,Pastor Everaldo,4.0,total,24.0,,,https://en.wikipedia.org/w/index.php?title=2014_Brazilian_general_election&oldid=1369923991,wikipedia_revision,1369923991,2026-09-29T15:05:18Z,unverified,,71d0baf03c4f74da97a23c86a6c32ec18b2f55232a61083394be1f56e3fe2f22,blank_null_includes_undecided
2014-1-89e2d84527,2014,1,,Datafolha,,2014-07-01,2014-07-02,,2857,,main,__others__,3.0,total,24.0,,,https://en.wikipedia.org/w/index.php?title=2014_Brazilian_general_election&oldid=1369923991,wikipedia_revision,1369923991,2026-09-29T15:05:18Z,unverified,,71d0baf03c4f74da97a23c86a6c32ec18b2f55232a61083394be1f56e3fe2f22,blank_null_includes_undecided
2014-1-79242d2d26,2014,1,,Datafolha,,2014-07-15,2014-07-16,,5377,,main,Aécio Neves,20.0,total,27.0,,,https://en.wikipedia.org/w/index.php?title=2014_Brazilian_general_election&oldid=1369923991,wikipedia_revision,1369923991,2026-09-29T15:05:18Z,unverified,,71d0baf03c4f74da97a23c86a6c32ec18b2f55232a61083394be1f56e3fe2f22,blank_null_includes_undecided
2014-1-79242d2d26,2014,1,,Datafolha,,2014-07-15,2014-07-16,,5377,,main,Dilma Rousseff,36.0,total,27.0,,,https://en.wikipedia.org/w/index.php?title=2014_Brazilian_general_election&oldid=1369923991,wikipedia_revision,1369923991,2026-09-29T15:05:18Z,unverified,,71d0baf03c4f74da97a23c86a6c32ec18b2f55232a61083394be1f56e3fe2f22,blank_null_includes_undecided
2014-1-79242d2d26,2014,1,,Datafolha,,2014-07-15,2014-07-16,,5377,,main,Eduardo Campos,8.0,total,27.0,,,https://en.wikipedia.org/w/index.php?title=2014_Brazilian_general_election&oldid=1369923991,wikipedia_revision,1369923991,2026-09-29T15:05:18Z,unverified,,71d0baf03c4f74da97a23c86a6c32ec18b2f55232a61083394be1f56e3fe2f22,blank_null_includes_undecided
2014-1-79242d2d26,2014,1,,Datafolha,,2014-07-15,2014-07-16,,5377,,main,Eduardo Jorge,1.0,total,27.0,,,https://en.wikipedia.org/w/index.php?title=2014_Brazilian_general_election&oldid=1369923991,wikipedia_revision,1369923991,2026-09-29T15:05:18Z,unverified,,71d0baf03c4f74da97a23c86a6c32ec18b2f55232a61083394be1f56e3fe2f22,blank_null_includes_undecided
2014-1-79242d2d26,2014,1,,Datafolha,,2014-07-15,2014-07-16,,5377,,main,Luciana Genro,1.0,total,27.0,,,https://en.wikipedia.org/w/index.php?title=2014_Brazilian_general_election&oldid=1369923991,wikipedia_revision,1369923991,2026-09-29T15:05:18Z,unverified,,71d0baf03c4f74da97a23c86a6c32ec18b2f55232a61083394be1f56e3fe2f22,blank_null_includes_undecided
2014-1-79242d2d26,2014,1,,Datafolha,,2014-07-15,2014-07-16,,5377,,main,Pastor Everaldo,3.0,total,27.0,,,https://en.wikipedia.org/w/index.php?title=2014_Brazilian_general_election&oldid=1369923991,wikipedia_revision,1369923991,2026-09-29T15:05:18Z,unverified,,71d0baf03c4f74da97a23c86a6c32ec18b2f55232a61083394be1f56e3fe2f22,blank_null_includes_undecided
2014-1-79242d2d26,2014,1,,Datafolha,,2014-07-15,2014-07-16,,5377,,main,__others__,3.0,total,27.0,,,https://en.wikipedia.org/w/index.php?title=2014_Brazilian_general_election&oldid=1369923991,wikipedia_revision,1369923991,2026-09-29T15:05:18Z,unverified,,71d0baf03c4f74da97a23c86a6c32ec18b2f55232a61083394be1f56e3fe2f22,blank_null_includes_undecided
2014-1-780ca87808,2014,1,,Ibope,,2014-07-18,2014-07-21,,2002,,main,Aécio Neves,22.0,total,25.0,,,https://en.wikipedia.org/w/index.php?title=2014_Brazilian_general_election&oldid=1369923991,wikipedia_revision,1369923991,2026-09-29T15:05:18Z,unverified,,71d0baf03c4f74da97a23c86a6c32ec18b2f55232a61083394be1f56e3fe2f22,blank_null_includes_undecided
2014-1-780ca87808,2014,1,,Ibope,,2014-07-18,2014-07-21,,2002,,main,Dilma Rousseff,38.0,total,25.0,,,https://en.wikipedia.org/w/index.php?title=2014_Brazilian_general_election&oldid=1369923991,wikipedia_revision,1369923991,2026-09-29T15:05:18Z,unverified,,71d0baf03c4f74da97a23c86a6c32ec18b2f55232a61083394be1f56e3fe2f22,blank_null_includes_undecided
2014-1-780ca87808,2014,1,,Ibope,,2014-07-18,2014-07-21,,2002,,main,Eduardo Campos,8.0,total,25.0,,,https://en.wikipedia.org/w/index.php?title=2014_Brazilian_general_election&oldid=1369923991,wikipedia_revision,1369923991,2026-09-29T15:05:18Z,unverified,,71d0baf03c4f74da97a23c86a6c32ec18b2f55232a61083394be1f56e3fe2f22,blank_null_includes_undecided
2014-1-780ca87808,2014,1,,Ibope,,2014-07-18,2014-07-21,,2002,,main,Eduardo Jorge,1.0,total,25.0,,,https://en.wikipedia.org/w/index.php?title=2014_Brazilian_general_election&oldid=1369923991,wikipedia_revision,1369923991,2026-09-29T15:05:18Z,unverified,,71d0baf03c4f74da97a23c86a6c32ec18b2f55232a61083394be1f56e3fe2f22,blank_null_includes_undecided
2014-1-780ca87808,2014,1,,Ibope,,2014-07-18,2014-07-21,,2002,,main,Luciana Genro,1.0,total,25.0,,,https://en.wikipedia.org/w/index.php?title=2014_Brazilian_general_election&oldid=1369923991,wikipedia_revision,1369923991,2026-09-29T15:05:18Z,unverified,,71d0baf03c4f74da97a23c86a6c32ec18b2f55232a61083394be1f56e3fe2f22,blank_null_includes_undecided
2014-1-780ca87808,2014,1,,Ibope,,2014-07-18,2014-07-21,,2002,,main,Pastor Everaldo,3.0,total,25.0,,,https://en.wikipedia.org/w/index.php?title=2014_Brazilian_general_election&oldid=1369923991,wikipedia_revision,1369923991,2026-09-29T15:05:18Z,unverified,,71d0baf03c4f74da97a23c86a6c32ec18b2f55232a61083394be1f56e3fe2f22,blank_null_includes_undecided
2014-1-780ca87808,2014,1,,Ibope,,2014-07-18,2014-07-21,,2002,,main,__others__,1.0,total,25.0,,,https://en.wikipedia.org/w/index.php?title=2014_Brazilian_general_election&oldid=1369923991,wikipedia_revision,1369923991,2026-09-29T15:05:18Z,unverified,,71d0baf03c4f74da97a23c86a6c32ec18b2f55232a61083394be1f56e3fe2f22,blank_null_includes_undecided
2014-1-95e38563cc,2014,1,,Ibope,,2014-08-03,2014-08-06,,2506,,main,Aécio Neves,23.0,total,24.0,,,https://en.wikipedia.org/w/index.php?title=2014_Brazilian_general_election&oldid=1369923991,wikipedia_revision,1369923991,2026-09-29T15:05:18Z,unverified,,71d0baf03c4f74da97a23c86a6c32ec18b2f55232a61083394be1f56e3fe2f22,blank_null_includes_undecided
2014-1-95e38563cc,2014,1,,Ibope,,2014-08-03,2014-08-06,,2506,,main,Dilma Rousseff,38.0,total,24.0,,,https://en.wikipedia.org/w/index.php?title=2014_Brazilian_general_election&oldid=1369923991,wikipedia_revision,1369923991,2026-09-29T15:05:18Z,unverified,,71d0baf03c4f74da97a23c86a6c32ec18b2f55232a61083394be1f56e3fe2f22,blank_null_includes_undecided
2014-1-95e38563cc,2014,1,,Ibope,,2014-08-03,2014-08-06,,2506,,main,Eduardo Campos,9.0,total,24.0,,,https://en.wikipedia.org/w/index.php?title=2014_Brazilian_general_election&oldid=1369923991,wikipedia_revision,1369923991,2026-09-29T15:05:18Z,unverified,,71d0baf03c4f74da97a23c86a6c32ec18b2f55232a61083394be1f56e3fe2f22,blank_null_includes_undecided
2014-1-95e38563cc,2014,1,,Ibope,,2014-08-03,2014-08-06,,2506,,main,Eduardo Jorge,1.0,total,24.0,,,https://en.wikipedia.org/w/index.php?title=2014_Brazilian_general_election&oldid=1369923991,wikipedia_revision,1369923991,2026-09-29T15:05:18Z,unverified,,71d0baf03c4f74da97a23c86a6c32ec18b2f55232a61083394be1f56e3fe2f22,blank_null_includes_undecided
2014-1-95e38563cc,2014,1,,Ibope,,2014-08-03,2014-08-06,,2506,,main,Luciana Genro,1.0,total,24.0,,,https://en.wikipedia.org/w/index.php?title=2014_Brazilian_general_election&oldid=1369923991,wikipedia_revision,1369923991,2026-09-29T15:05:18Z,unverified,,71d0baf03c4f74da97a23c86a6c32ec18b2f55232a61083394be1f56e3fe2f22,blank_null_includes_undecided
2014-1-95e38563cc,2014,1,,Ibope,,2014-08-03,2014-08-06,,2506,,main,Pastor Everaldo,3.0,total,24.0,,,https://en.wikipedia.org/w/index.php?title=2014_Brazilian_general_election&oldid=1369923991,wikipedia_revision,1369923991,2026-09-29T15:05:18Z,unverified,,71d0baf03c4f74da97a23c86a6c32ec18b2f55232a61083394be1f56e3fe2f22,blank_null_includes_undecided
2014-1-95e38563cc,2014,1,,Ibope,,2014-08-03,2014-08-06,,2506,,main,__others__,1.0,total,24.0,,,https://en.wikipedia.org/w/index.php?title=2014_Brazilian_general_election&oldid=1369923991,wikipedia_revision,1369923991,2026-09-29T15:05:18Z,unverified,,71d0baf03c4f74da97a23c86a6c32ec18b2f55232a61083394be1f56e3fe2f22,blank_null_includes_undecided
2014-1-ab7a5752bd,2014,1,,Datafolha,,2014-08-14,2014-08-15,,2843,,Dilma Rousseff / Aécio Neves / Luciana Genro / Pastor Everaldo / Eduardo Jorge / others,Aécio Neves,25.0,total,25.0,,,https://en.wikipedia.org/w/index.php?title=2014_Brazilian_general_election&oldid=1369923991,wikipedia_revision,1369923991,2026-09-29T15:05:18Z,unverified,,71d0baf03c4f74da97a23c86a6c32ec18b2f55232a61083394be1f56e3fe2f22,blank_null_includes_undecided;lt1pct_omitted=Luciana Genro
2014-1-ab7a5752bd,2014,1,,Datafolha,,2014-08-14,2014-08-15,,2843,,Dilma Rousseff / Aécio Neves / Luciana Genro / Pastor Everaldo / Eduardo Jorge / others,Dilma Rousseff,41.0,total,25.0,,,https://en.wikipedia.org/w/index.php?title=2014_Brazilian_general_election&oldid=1369923991,wikipedia_revision,1369923991,2026-09-29T15:05:18Z,unverified,,71d0baf03c4f74da97a23c86a6c32ec18b2f55232a61083394be1f56e3fe2f22,blank_null_includes_undecided;lt1pct_omitted=Luciana Genro
2014-1-ab7a5752bd,2014,1,,Datafolha,,2014-08-14,2014-08-15,,2843,,Dilma Rousseff / Aécio Neves / Luciana Genro / Pastor Everaldo / Eduardo Jorge / others,Eduardo Jorge,1.0,total,25.0,,,https://en.wikipedia.org/w/index.php?title=2014_Brazilian_general_election&oldid=1369923991,wikipedia_revision,1369923991,2026-09-29T15:05:18Z,unverified,,71d0baf03c4f74da97a23c86a6c32ec18b2f55232a61083394be1f56e3fe2f22,blank_null_includes_undecided;lt1pct_omitted=Luciana Genro
2014-1-ab7a5752bd,2014,1,,Datafolha,,2014-08-14,2014-08-15,,2843,,Dilma Rousseff / Aécio Neves / Luciana Genro / Pastor Everaldo / Eduardo Jorge / others,Pastor Everaldo,4.0,total,25.0,,,https://en.wikipedia.org/w/index.php?title=2014_Brazilian_general_election&oldid=1369923991,wikipedia_revision,1369923991,2026-09-29T15:05:18Z,unverified,,71d0baf03c4f74da97a23c86a6c32ec18b2f55232a61083394be1f56e3fe2f22,blank_null_includes_undecided;lt1pct_omitted=Luciana Genro
2014-1-ab7a5752bd,2014,1,,Datafolha,,2014-08-14,2014-08-15,,2843,,Dilma Rousseff / Aécio Neves / Luciana Genro / Pastor Everaldo / Eduardo Jorge / others,__others__,2.0,total,25.0,,,https://en.wikipedia.org/w/index.php?title=2014_Brazilian_general_election&oldid=1369923991,wikipedia_revision,1369923991,2026-09-29T15:05:18Z,unverified,,71d0baf03c4f74da97a23c86a6c32ec18b2f55232a61083394be1f56e3fe2f22,blank_null_includes_undecided;lt1pct_omitted=Luciana Genro
2014-1-ab7a5752bd,2014,1,,Datafolha,,2014-08-14,2014-08-15,,2843,,Dilma Rousseff / Aécio Neves / Marina Silva / Luciana Genro / Pastor Everaldo / Eduardo Jorge / others,Aécio Neves,20.0,total,17.0,,,https://en.wikipedia.org/w/index.php?title=2014_Brazilian_general_election&oldid=1369923991,wikipedia_revision,1369923991,2026-09-29T15:05:18Z,unverified,,71d0baf03c4f74da97a23c86a6c32ec18b2f55232a61083394be1f56e3fe2f22,blank_null_includes_undecided;lt1pct_omitted=Luciana Genro|__others__
2014-1-ab7a5752bd,2014,1,,Datafolha,,2014-08-14,2014-08-15,,2843,,Dilma Rousseff / Aécio Neves / Marina Silva / Luciana Genro / Pastor Everaldo / Eduardo Jorge / others,Dilma Rousseff,36.0,total,17.0,,,https://en.wikipedia.org/w/index.php?title=2014_Brazilian_general_election&oldid=1369923991,wikipedia_revision,1369923991,2026-09-29T15:05:18Z,unverified,,71d0baf03c4f74da97a23c86a6c32ec18b2f55232a61083394be1f56e3fe2f22,blank_null_includes_undecided;lt1pct_omitted=Luciana Genro|__others__
2014-1-ab7a5752bd,2014,1,,Datafolha,,2014-08-14,2014-08-15,,2843,,Dilma Rousseff / Aécio Neves / Marina Silva / Luciana Genro / Pastor Everaldo / Eduardo Jorge / others,Eduardo Jorge,1.0,total,17.0,,,https://en.wikipedia.org/w/index.php?title=2014_Brazilian_general_election&oldid=1369923991,wikipedia_revision,1369923991,2026-09-29T15:05:18Z,unverified,,71d0baf03c4f74da97a23c86a6c32ec18b2f55232a61083394be1f56e3fe2f22,blank_null_includes_undecided;lt1pct_omitted=Luciana Genro|__others__
2014-1-ab7a5752bd,2014,1,,Datafolha,,2014-08-14,2014-08-15,,2843,,Dilma Rousseff / Aécio Neves / Marina Silva / Luciana Genro / Pastor Everaldo / Eduardo Jorge / others,Marina Silva,21.0,total,17.0,,,https://en.wikipedia.org/w/index.php?title=2014_Brazilian_general_election&oldid=1369923991,wikipedia_revision,1369923991,2026-09-29T15:05:18Z,unverified,,71d0baf03c4f74da97a23c86a6c32ec18b2f55232a61083394be1f56e3fe2f22,blank_null_includes_undecided;lt1pct_omitted=Luciana Genro|__others__
2014-1-ab7a5752bd,2014,1,,Datafolha,,2014-08-14,2014-08-15,,2843,,Dilma Rousseff / Aécio Neves / Marina Silva / Luciana Genro / Pastor Everaldo / Eduardo Jorge / others,Pastor Everaldo,3.0,total,17.0,,,https://en.wikipedia.org/w/index.php?title=2014_Brazilian_general_election&oldid=1369923991,wikipedia_revision,1369923991,2026-09-29T15:05:18Z,unverified,,71d0baf03c4f74da97a23c86a6c32ec18b2f55232a61083394be1f56e3fe2f22,blank_null_includes_undecided;lt1pct_omitted=Luciana Genro|__others__
2014-1-b7884c09c2,2014,1,,MDA,CNT,2014-08-21,2014-08-24,,2202,,main,Aécio Neves,16.0,total,19.1,,,https://en.wikipedia.org/w/index.php?title=2014_Brazilian_general_election&oldid=1369923991,wikipedia_revision,1369923991,2026-09-29T15:05:18Z,unverified,,71d0baf03c4f74da97a23c86a6c32ec18b2f55232a61083394be1f56e3fe2f22,blank_null_includes_undecided;total_sum_gt_101.5
2014-1-b7884c09c2,2014,1,,MDA,CNT,2014-08-21,2014-08-24,,2202,,main,Dilma Rousseff,36.2,total,19.1,,,https://en.wikipedia.org/w/index.php?title=2014_Brazilian_general_election&oldid=1369923991,wikipedia_revision,1369923991,2026-09-29T15:05:18Z,unverified,,71d0baf03c4f74da97a23c86a6c32ec18b2f55232a61083394be1f56e3fe2f22,blank_null_includes_undecided;total_sum_gt_101.5
2014-1-b7884c09c2,2014,1,,MDA,CNT,2014-08-21,2014-08-24,,2202,,main,Eduardo Jorge,0.4,total,19.1,,,https://en.wikipedia.org/w/index.php?title=2014_Brazilian_general_election&oldid=1369923991,wikipedia_revision,1369923991,2026-09-29T15:05:18Z,unverified,,71d0baf03c4f74da97a23c86a6c32ec18b2f55232a61083394be1f56e3fe2f22,blank_null_includes_undecided;total_sum_gt_101.5
2014-1-b7884c09c2,2014,1,,MDA,CNT,2014-08-21,2014-08-24,,2202,,main,Luciana Genro,0.3,total,19.1,,,https://en.wikipedia.org/w/index.php?title=2014_Brazilian_general_election&oldid=1369923991,wikipedia_revision,1369923991,2026-09-29T15:05:18Z,unverified,,71d0baf03c4f74da97a23c86a6c32ec18b2f55232a61083394be1f56e3fe2f22,blank_null_includes_undecided;total_sum_gt_101.5
2014-1-b7884c09c2,2014,1,,MDA,CNT,2014-08-21,2014-08-24,,2202,,main,Marina Silva,28.2,total,19.1,,,https://en.wikipedia.org/w/index.php?title=2014_Brazilian_general_election&oldid=1369923991,wikipedia_revision,1369923991,2026-09-29T15:05:18Z,unverified,,71d0baf03c4f74da97a23c86a6c32ec18b2f55232a61083394be1f56e3fe2f22,blank_null_includes_undecided;total_sum_gt_101.5
2014-1-b7884c09c2,2014,1,,MDA,CNT,2014-08-21,2014-08-24,,2202,,main,Pastor Everaldo,1.3,total,19.1,,,https://en.wikipedia.org/w/index.php?title=2014_Brazilian_general_election&oldid=1369923991,wikipedia_revision,1369923991,2026-09-29T15:05:18Z,unverified,,71d0baf03c4f74da97a23c86a6c32ec18b2f55232a61083394be1f56e3fe2f22,blank_null_includes_undecided;total_sum_gt_101.5
2014-1-b7884c09c2,2014,1,,MDA,CNT,2014-08-21,2014-08-24,,2202,,main,__others__,0.5,total,19.1,,,https://en.wikipedia.org/w/index.php?title=2014_Brazilian_general_election&oldid=1369923991,wikipedia_revision,1369923991,2026-09-29T15:05:18Z,unverified,,71d0baf03c4f74da97a23c86a6c32ec18b2f55232a61083394be1f56e3fe2f22,blank_null_includes_undecided;total_sum_gt_101.5
2014-1-d0f3f6f476,2014,1,,Ibope,,2014-08-23,2014-08-25,,2506,,main,Aécio Neves,19.0,total,15.0,,,https://en.wikipedia.org/w/index.php?title=2014_Brazilian_general_election&oldid=1369923991,wikipedia_revision,1369923991,2026-09-29T15:05:18Z,unverified,,71d0baf03c4f74da97a23c86a6c32ec18b2f55232a61083394be1f56e3fe2f22,blank_null_includes_undecided;lt1pct_omitted=Eduardo Jorge|__others__
2014-1-d0f3f6f476,2014,1,,Ibope,,2014-08-23,2014-08-25,,2506,,main,Dilma Rousseff,34.0,total,15.0,,,https://en.wikipedia.org/w/index.php?title=2014_Brazilian_general_election&oldid=1369923991,wikipedia_revision,1369923991,2026-09-29T15:05:18Z,unverified,,71d0baf03c4f74da97a23c86a6c32ec18b2f55232a61083394be1f56e3fe2f22,blank_null_includes_undecided;lt1pct_omitted=Eduardo Jorge|__others__
2014-1-d0f3f6f476,2014,1,,Ibope,,2014-08-23,2014-08-25,,2506,,main,Luciana Genro,1.0,total,15.0,,,https://en.wikipedia.org/w/index.php?title=2014_Brazilian_general_election&oldid=1369923991,wikipedia_revision,1369923991,2026-09-29T15:05:18Z,unverified,,71d0baf03c4f74da97a23c86a6c32ec18b2f55232a61083394be1f56e3fe2f22,blank_null_includes_undecided;lt1pct_omitted=Eduardo Jorge|__others__
2014-1-d0f3f6f476,2014,1,,Ibope,,2014-08-23,2014-08-25,,2506,,main,Marina Silva,29.0,total,15.0,,,https://en.wikipedia.org/w/index.php?title=2014_Brazilian_general_election&oldid=1369923991,wikipedia_revision,1369923991,2026-09-29T15:05:18Z,unverified,,71d0baf03c4f74da97a23c86a6c32ec18b2f55232a61083394be1f56e3fe2f22,blank_null_includes_undecided;lt1pct_omitted=Eduardo Jorge|__others__
2014-1-d0f3f6f476,2014,1,,Ibope,,2014-08-23,2014-08-25,,2506,,main,Pastor Everaldo,1.0,total,15.0,,,https://en.wikipedia.org/w/index.php?title=2014_Brazilian_general_election&oldid=1369923991,wikipedia_revision,1369923991,2026-09-29T15:05:18Z,unverified,,71d0baf03c4f74da97a23c86a6c32ec18b2f55232a61083394be1f56e3fe2f22,blank_null_includes_undecided;lt1pct_omitted=Eduardo Jorge|__others__
2014-1-b45eee4d99,2014,1,,Datafolha,,2014-08-28,2014-08-29,,2874,,main,Aécio Neves,15.0,total,14.0,,,https://en.wikipedia.org/w/index.php?title=2014_Brazilian_general_election&oldid=1369923991,wikipedia_revision,1369923991,2026-09-29T15:05:18Z,unverified,,71d0baf03c4f74da97a23c86a6c32ec18b2f55232a61083394be1f56e3fe2f22,blank_null_includes_undecided;lt1pct_omitted=Luciana Genro|Eduardo Jorge|__others__
2014-1-b45eee4d99,2014,1,,Datafolha,,2014-08-28,2014-08-29,,2874,,main,Dilma Rousseff,34.0,total,14.0,,,https://en.wikipedia.org/w/index.php?title=2014_Brazilian_general_election&oldid=1369923991,wikipedia_revision,1369923991,2026-09-29T15:05:18Z,unverified,,71d0baf03c4f74da97a23c86a6c32ec18b2f55232a61083394be1f56e3fe2f22,blank_null_includes_undecided;lt1pct_omitted=Luciana Genro|Eduardo Jorge|__others__
2014-1-b45eee4d99,2014,1,,Datafolha,,2014-08-28,2014-08-29,,2874,,main,Marina Silva,34.0,total,14.0,,,https://en.wikipedia.org/w/index.php?title=2014_Brazilian_general_election&oldid=1369923991,wikipedia_revision,1369923991,2026-09-29T15:05:18Z,unverified,,71d0baf03c4f74da97a23c86a6c32ec18b2f55232a61083394be1f56e3fe2f22,blank_null_includes_undecided;lt1pct_omitted=Luciana Genro|Eduardo Jorge|__others__
2014-1-b45eee4d99,2014,1,,Datafolha,,2014-08-28,2014-08-29,,2874,,main,Pastor Everaldo,2.0,total,14.0,,,https://en.wikipedia.org/w/index.php?title=2014_Brazilian_general_election&oldid=1369923991,wikipedia_revision,1369923991,2026-09-29T15:05:18Z,unverified,,71d0baf03c4f74da97a23c86a6c32ec18b2f55232a61083394be1f56e3fe2f22,blank_null_includes_undecided;lt1pct_omitted=Luciana Genro|Eduardo Jorge|__others__
2014-1-bbc8566367,2014,1,,Ibope,,2014-08-31,2014-09-02,,2506,,main,Aécio Neves,15.0,total,12.0,,,https://en.wikipedia.org/w/index.php?title=2014_Brazilian_general_election&oldid=1369923991,wikipedia_revision,1369923991,2026-09-29T15:05:18Z,unverified,,71d0baf03c4f74da97a23c86a6c32ec18b2f55232a61083394be1f56e3fe2f22,blank_null_includes_undecided;lt1pct_omitted=Luciana Genro|Eduardo Jorge|__others__
2014-1-bbc8566367,2014,1,,Ibope,,2014-08-31,2014-09-02,,2506,,main,Dilma Rousseff,37.0,total,12.0,,,https://en.wikipedia.org/w/index.php?title=2014_Brazilian_general_election&oldid=1369923991,wikipedia_revision,1369923991,2026-09-29T15:05:18Z,unverified,,71d0baf03c4f74da97a23c86a6c32ec18b2f55232a61083394be1f56e3fe2f22,blank_null_includes_undecided;lt1pct_omitted=Luciana Genro|Eduardo Jorge|__others__
2014-1-bbc8566367,2014,1,,Ibope,,2014-08-31,2014-09-02,,2506,,main,Marina Silva,33.0,total,12.0,,,https://en.wikipedia.org/w/index.php?title=2014_Brazilian_general_election&oldid=1369923991,wikipedia_revision,1369923991,2026-09-29T15:05:18Z,unverified,,71d0baf03c4f74da97a23c86a6c32ec18b2f55232a61083394be1f56e3fe2f22,blank_null_includes_undecided;lt1pct_omitted=Luciana Genro|Eduardo Jorge|__others__
2014-1-bbc8566367,2014,1,,Ibope,,2014-08-31,2014-09-02,,2506,,main,Pastor Everaldo,1.0,total,12.0,,,https://en.wikipedia.org/w/index.php?title=2014_Brazilian_general_election&oldid=1369923991,wikipedia_revision,1369923991,2026-09-29T15:05:18Z,unverified,,71d0baf03c4f74da97a23c86a6c32ec18b2f55232a61083394be1f56e3fe2f22,blank_null_includes_undecided;lt1pct_omitted=Luciana Genro|Eduardo Jorge|__others__
2014-1-9114ac8091,2014,1,,Datafolha,,2014-09-01,2014-09-03,,10054,,main,Aécio Neves,14.0,total,13.0,,,https://en.wikipedia.org/w/index.php?title=2014_Brazilian_general_election&oldid=1369923991,wikipedia_revision,1369923991,2026-09-29T15:05:18Z,unverified,,71d0baf03c4f74da97a23c86a6c32ec18b2f55232a61083394be1f56e3fe2f22,blank_null_includes_undecided
2014-1-9114ac8091,2014,1,,Datafolha,,2014-09-01,2014-09-03,,10054,,main,Dilma Rousseff,35.0,total,13.0,,,https://en.wikipedia.org/w/index.php?title=2014_Brazilian_general_election&oldid=1369923991,wikipedia_revision,1369923991,2026-09-29T15:05:18Z,unverified,,71d0baf03c4f74da97a23c86a6c32ec18b2f55232a61083394be1f56e3fe2f22,blank_null_includes_undecided
2014-1-9114ac8091,2014,1,,Datafolha,,2014-09-01,2014-09-03,,10054,,main,Eduardo Jorge,1.0,total,13.0,,,https://en.wikipedia.org/w/index.php?title=2014_Brazilian_general_election&oldid=1369923991,wikipedia_revision,1369923991,2026-09-29T15:05:18Z,unverified,,71d0baf03c4f74da97a23c86a6c32ec18b2f55232a61083394be1f56e3fe2f22,blank_null_includes_undecided
2014-1-9114ac8091,2014,1,,Datafolha,,2014-09-01,2014-09-03,,10054,,main,Luciana Genro,1.0,total,13.0,,,https://en.wikipedia.org/w/index.php?title=2014_Brazilian_general_election&oldid=1369923991,wikipedia_revision,1369923991,2026-09-29T15:05:18Z,unverified,,71d0baf03c4f74da97a23c86a6c32ec18b2f55232a61083394be1f56e3fe2f22,blank_null_includes_undecided
2014-1-9114ac8091,2014,1,,Datafolha,,2014-09-01,2014-09-03,,10054,,main,Marina Silva,34.0,total,13.0,,,https://en.wikipedia.org/w/index.php?title=2014_Brazilian_general_election&oldid=1369923991,wikipedia_revision,1369923991,2026-09-29T15:05:18Z,unverified,,71d0baf03c4f74da97a23c86a6c32ec18b2f55232a61083394be1f56e3fe2f22,blank_null_includes_undecided
2014-1-9114ac8091,2014,1,,Datafolha,,2014-09-01,2014-09-03,,10054,,main,Pastor Everaldo,1.0,total,13.0,,,https://en.wikipedia.org/w/index.php?title=2014_Brazilian_general_election&oldid=1369923991,wikipedia_revision,1369923991,2026-09-29T15:05:18Z,unverified,,71d0baf03c4f74da97a23c86a6c32ec18b2f55232a61083394be1f56e3fe2f22,blank_null_includes_undecided
2014-1-9114ac8091,2014,1,,Datafolha,,2014-09-01,2014-09-03,,10054,,main,__others__,1.0,total,13.0,,,https://en.wikipedia.org/w/index.php?title=2014_Brazilian_general_election&oldid=1369923991,wikipedia_revision,1369923991,2026-09-29T15:05:18Z,unverified,,71d0baf03c4f74da97a23c86a6c32ec18b2f55232a61083394be1f56e3fe2f22,blank_null_includes_undecided
2014-1-cd84978c85,2014,1,,Ibope,CNI,2014-09-05,2014-09-08,,2002,,main,Aécio Neves,15.0,total,13.0,,,https://en.wikipedia.org/w/index.php?title=2014_Brazilian_general_election&oldid=1369923991,wikipedia_revision,1369923991,2026-09-29T15:05:18Z,unverified,,71d0baf03c4f74da97a23c86a6c32ec18b2f55232a61083394be1f56e3fe2f22,blank_null_includes_undecided;lt1pct_omitted=Luciana Genro|Eduardo Jorge|__others__
2014-1-cd84978c85,2014,1,,Ibope,CNI,2014-09-05,2014-09-08,,2002,,main,Dilma Rousseff,39.0,total,13.0,,,https://en.wikipedia.org/w/index.php?title=2014_Brazilian_general_election&oldid=1369923991,wikipedia_revision,1369923991,2026-09-29T15:05:18Z,unverified,,71d0baf03c4f74da97a23c86a6c32ec18b2f55232a61083394be1f56e3fe2f22,blank_null_includes_undecided;lt1pct_omitted=Luciana Genro|Eduardo Jorge|__others__
2014-1-cd84978c85,2014,1,,Ibope,CNI,2014-09-05,2014-09-08,,2002,,main,Marina Silva,31.0,total,13.0,,,https://en.wikipedia.org/w/index.php?title=2014_Brazilian_general_election&oldid=1369923991,wikipedia_revision,1369923991,2026-09-29T15:05:18Z,unverified,,71d0baf03c4f74da97a23c86a6c32ec18b2f55232a61083394be1f56e3fe2f22,blank_null_includes_undecided;lt1pct_omitted=Luciana Genro|Eduardo Jorge|__others__
2014-1-cd84978c85,2014,1,,Ibope,CNI,2014-09-05,2014-09-08,,2002,,main,Pastor Everaldo,1.0,total,13.0,,,https://en.wikipedia.org/w/index.php?title=2014_Brazilian_general_election&oldid=1369923991,wikipedia_revision,1369923991,2026-09-29T15:05:18Z,unverified,,71d0baf03c4f74da97a23c86a6c32ec18b2f55232a61083394be1f56e3fe2f22,blank_null_includes_undecided;lt1pct_omitted=Luciana Genro|Eduardo Jorge|__others__
2014-1-7153056ccd,2014,1,,Datafolha,,2014-09-08,2014-09-09,,10568,,main,Aécio Neves,15.0,total,13.0,,,https://en.wikipedia.org/w/index.php?title=2014_Brazilian_general_election&oldid=1369923991,wikipedia_revision,1369923991,2026-09-29T15:05:18Z,unverified,,71d0baf03c4f74da97a23c86a6c32ec18b2f55232a61083394be1f56e3fe2f22,blank_null_includes_undecided;lt1pct_omitted=__others__
2014-1-7153056ccd,2014,1,,Datafolha,,2014-09-08,2014-09-09,,10568,,main,Dilma Rousseff,36.0,total,13.0,,,https://en.wikipedia.org/w/index.php?title=2014_Brazilian_general_election&oldid=1369923991,wikipedia_revision,1369923991,2026-09-29T15:05:18Z,unverified,,71d0baf03c4f74da97a23c86a6c32ec18b2f55232a61083394be1f56e3fe2f22,blank_null_includes_undecided;lt1pct_omitted=__others__
2014-1-7153056ccd,2014,1,,Datafolha,,2014-09-08,2014-09-09,,10568,,main,Eduardo Jorge,1.0,total,13.0,,,https://en.wikipedia.org/w/index.php?title=2014_Brazilian_general_election&oldid=1369923991,wikipedia_revision,1369923991,2026-09-29T15:05:18Z,unverified,,71d0baf03c4f74da97a23c86a6c32ec18b2f55232a61083394be1f56e3fe2f22,blank_null_includes_undecided;lt1pct_omitted=__others__
2014-1-7153056ccd,2014,1,,Datafolha,,2014-09-08,2014-09-09,,10568,,main,Luciana Genro,1.0,total,13.0,,,https://en.wikipedia.org/w/index.php?title=2014_Brazilian_general_election&oldid=1369923991,wikipedia_revision,1369923991,2026-09-29T15:05:18Z,unverified,,71d0baf03c4f74da97a23c86a6c32ec18b2f55232a61083394be1f56e3fe2f22,blank_null_includes_undecided;lt1pct_omitted=__others__
2014-1-7153056ccd,2014,1,,Datafolha,,2014-09-08,2014-09-09,,10568,,main,Marina Silva,33.0,total,13.0,,,https://en.wikipedia.org/w/index.php?title=2014_Brazilian_general_election&oldid=1369923991,wikipedia_revision,1369923991,2026-09-29T15:05:18Z,unverified,,71d0baf03c4f74da97a23c86a6c32ec18b2f55232a61083394be1f56e3fe2f22,blank_null_includes_undecided;lt1pct_omitted=__others__
2014-1-7153056ccd,2014,1,,Datafolha,,2014-09-08,2014-09-09,,10568,,main,Pastor Everaldo,1.0,total,13.0,,,https://en.wikipedia.org/w/index.php?title=2014_Brazilian_general_election&oldid=1369923991,wikipedia_revision,1369923991,2026-09-29T15:05:18Z,unverified,,71d0baf03c4f74da97a23c86a6c32ec18b2f55232a61083394be1f56e3fe2f22,blank_null_includes_undecided;lt1pct_omitted=__others__
2014-1-c0d9c089ee,2014,1,,Vox Populi,,2014-09-13,2014-09-14,,2000,,main,Aécio Neves,15.0,total,20.0,,,https://en.wikipedia.org/w/index.php?title=2014_Brazilian_general_election&oldid=1369923991,wikipedia_revision,1369923991,2026-09-29T15:05:18Z,unverified,,71d0baf03c4f74da97a23c86a6c32ec18b2f55232a61083394be1f56e3fe2f22,blank_null_includes_undecided;lt1pct_omitted=__others__
2014-1-c0d9c089ee,2014,1,,Vox Populi,,2014-09-13,2014-09-14,,2000,,main,Dilma Rousseff,36.0,total,20.0,,,https://en.wikipedia.org/w/index.php?title=2014_Brazilian_general_election&oldid=1369923991,wikipedia_revision,1369923991,2026-09-29T15:05:18Z,unverified,,71d0baf03c4f74da97a23c86a6c32ec18b2f55232a61083394be1f56e3fe2f22,blank_null_includes_undecided;lt1pct_omitted=__others__
2014-1-c0d9c089ee,2014,1,,Vox Populi,,2014-09-13,2014-09-14,,2000,,main,Eduardo Jorge,1.0,total,20.0,,,https://en.wikipedia.org/w/index.php?title=2014_Brazilian_general_election&oldid=1369923991,wikipedia_revision,1369923991,2026-09-29T15:05:18Z,unverified,,71d0baf03c4f74da97a23c86a6c32ec18b2f55232a61083394be1f56e3fe2f22,blank_null_includes_undecided;lt1pct_omitted=__others__
2014-1-c0d9c089ee,2014,1,,Vox Populi,,2014-09-13,2014-09-14,,2000,,main,Luciana Genro,1.0,total,20.0,,,https://en.wikipedia.org/w/index.php?title=2014_Brazilian_general_election&oldid=1369923991,wikipedia_revision,1369923991,2026-09-29T15:05:18Z,unverified,,71d0baf03c4f74da97a23c86a6c32ec18b2f55232a61083394be1f56e3fe2f22,blank_null_includes_undecided;lt1pct_omitted=__others__
2014-1-c0d9c089ee,2014,1,,Vox Populi,,2014-09-13,2014-09-14,,2000,,main,Marina Silva,27.0,total,20.0,,,https://en.wikipedia.org/w/index.php?title=2014_Brazilian_general_election&oldid=1369923991,wikipedia_revision,1369923991,2026-09-29T15:05:18Z,unverified,,71d0baf03c4f74da97a23c86a6c32ec18b2f55232a61083394be1f56e3fe2f22,blank_null_includes_undecided;lt1pct_omitted=__others__
2014-1-c0d9c089ee,2014,1,,Vox Populi,,2014-09-13,2014-09-14,,2000,,main,Pastor Everaldo,1.0,total,20.0,,,https://en.wikipedia.org/w/index.php?title=2014_Brazilian_general_election&oldid=1369923991,wikipedia_revision,1369923991,2026-09-29T15:05:18Z,unverified,,71d0baf03c4f74da97a23c86a6c32ec18b2f55232a61083394be1f56e3fe2f22,blank_null_includes_undecided;lt1pct_omitted=__others__
2014-1-2a28fb5e6f,2014,1,,Ibope,,2014-09-13,2014-09-15,,3010,,main,Aécio Neves,19.0,total,13.0,,,https://en.wikipedia.org/w/index.php?title=2014_Brazilian_general_election&oldid=1369923991,wikipedia_revision,1369923991,2026-09-29T15:05:18Z,unverified,,71d0baf03c4f74da97a23c86a6c32ec18b2f55232a61083394be1f56e3fe2f22,blank_null_includes_undecided;lt1pct_omitted=Luciana Genro|Eduardo Jorge|__others__
2014-1-2a28fb5e6f,2014,1,,Ibope,,2014-09-13,2014-09-15,,3010,,main,Dilma Rousseff,36.0,total,13.0,,,https://en.wikipedia.org/w/index.php?title=2014_Brazilian_general_election&oldid=1369923991,wikipedia_revision,1369923991,2026-09-29T15:05:18Z,unverified,,71d0baf03c4f74da97a23c86a6c32ec18b2f55232a61083394be1f56e3fe2f22,blank_null_includes_undecided;lt1pct_omitted=Luciana Genro|Eduardo Jorge|__others__
2014-1-2a28fb5e6f,2014,1,,Ibope,,2014-09-13,2014-09-15,,3010,,main,Marina Silva,30.0,total,13.0,,,https://en.wikipedia.org/w/index.php?title=2014_Brazilian_general_election&oldid=1369923991,wikipedia_revision,1369923991,2026-09-29T15:05:18Z,unverified,,71d0baf03c4f74da97a23c86a6c32ec18b2f55232a61083394be1f56e3fe2f22,blank_null_includes_undecided;lt1pct_omitted=Luciana Genro|Eduardo Jorge|__others__
2014-1-2a28fb5e6f,2014,1,,Ibope,,2014-09-13,2014-09-15,,3010,,main,Pastor Everaldo,1.0,total,13.0,,,https://en.wikipedia.org/w/index.php?title=2014_Brazilian_general_election&oldid=1369923991,wikipedia_revision,1369923991,2026-09-29T15:05:18Z,unverified,,71d0baf03c4f74da97a23c86a6c32ec18b2f55232a61083394be1f56e3fe2f22,blank_null_includes_undecided;lt1pct_omitted=Luciana Genro|Eduardo Jorge|__others__
2014-1-475cb22fbd,2014,1,,Datafolha,,2014-09-17,2014-09-18,,5340,,main,Aécio Neves,17.0,total,13.0,,,https://en.wikipedia.org/w/index.php?title=2014_Brazilian_general_election&oldid=1369923991,wikipedia_revision,1369923991,2026-09-29T15:05:18Z,unverified,,71d0baf03c4f74da97a23c86a6c32ec18b2f55232a61083394be1f56e3fe2f22,blank_null_includes_undecided;lt1pct_omitted=Eduardo Jorge|__others__
2014-1-475cb22fbd,2014,1,,Datafolha,,2014-09-17,2014-09-18,,5340,,main,Dilma Rousseff,37.0,total,13.0,,,https://en.wikipedia.org/w/index.php?title=2014_Brazilian_general_election&oldid=1369923991,wikipedia_revision,1369923991,2026-09-29T15:05:18Z,unverified,,71d0baf03c4f74da97a23c86a6c32ec18b2f55232a61083394be1f56e3fe2f22,blank_null_includes_undecided;lt1pct_omitted=Eduardo Jorge|__others__
2014-1-475cb22fbd,2014,1,,Datafolha,,2014-09-17,2014-09-18,,5340,,main,Luciana Genro,1.0,total,13.0,,,https://en.wikipedia.org/w/index.php?title=2014_Brazilian_general_election&oldid=1369923991,wikipedia_revision,1369923991,2026-09-29T15:05:18Z,unverified,,71d0baf03c4f74da97a23c86a6c32ec18b2f55232a61083394be1f56e3fe2f22,blank_null_includes_undecided;lt1pct_omitted=Eduardo Jorge|__others__
2014-1-475cb22fbd,2014,1,,Datafolha,,2014-09-17,2014-09-18,,5340,,main,Marina Silva,30.0,total,13.0,,,https://en.wikipedia.org/w/index.php?title=2014_Brazilian_general_election&oldid=1369923991,wikipedia_revision,1369923991,2026-09-29T15:05:18Z,unverified,,71d0baf03c4f74da97a23c86a6c32ec18b2f55232a61083394be1f56e3fe2f22,blank_null_includes_undecided;lt1pct_omitted=Eduardo Jorge|__others__
2014-1-475cb22fbd,2014,1,,Datafolha,,2014-09-17,2014-09-18,,5340,,main,Pastor Everaldo,1.0,total,13.0,,,https://en.wikipedia.org/w/index.php?title=2014_Brazilian_general_election&oldid=1369923991,wikipedia_revision,1369923991,2026-09-29T15:05:18Z,unverified,,71d0baf03c4f74da97a23c86a6c32ec18b2f55232a61083394be1f56e3fe2f22,blank_null_includes_undecided;lt1pct_omitted=Eduardo Jorge|__others__
2014-1-c799718626,2014,1,,Vox Populi,,2014-09-20,2014-09-21,,2000,,main,Aécio Neves,17.0,total,18.0,,,https://en.wikipedia.org/w/index.php?title=2014_Brazilian_general_election&oldid=1369923991,wikipedia_revision,1369923991,2026-09-29T15:05:18Z,unverified,,71d0baf03c4f74da97a23c86a6c32ec18b2f55232a61083394be1f56e3fe2f22,blank_null_includes_undecided
2014-1-c799718626,2014,1,,Vox Populi,,2014-09-20,2014-09-21,,2000,,main,Dilma Rousseff,40.0,total,18.0,,,https://en.wikipedia.org/w/index.php?title=2014_Brazilian_general_election&oldid=1369923991,wikipedia_revision,1369923991,2026-09-29T15:05:18Z,unverified,,71d0baf03c4f74da97a23c86a6c32ec18b2f55232a61083394be1f56e3fe2f22,blank_null_includes_undecided
2014-1-c799718626,2014,1,,Vox Populi,,2014-09-20,2014-09-21,,2000,,main,Eduardo Jorge,0.0,total,18.0,,,https://en.wikipedia.org/w/index.php?title=2014_Brazilian_general_election&oldid=1369923991,wikipedia_revision,1369923991,2026-09-29T15:05:18Z,unverified,,71d0baf03c4f74da97a23c86a6c32ec18b2f55232a61083394be1f56e3fe2f22,blank_null_includes_undecided
2014-1-c799718626,2014,1,,Vox Populi,,2014-09-20,2014-09-21,,2000,,main,Luciana Genro,1.0,total,18.0,,,https://en.wikipedia.org/w/index.php?title=2014_Brazilian_general_election&oldid=1369923991,wikipedia_revision,1369923991,2026-09-29T15:05:18Z,unverified,,71d0baf03c4f74da97a23c86a6c32ec18b2f55232a61083394be1f56e3fe2f22,blank_null_includes_undecided
2014-1-c799718626,2014,1,,Vox Populi,,2014-09-20,2014-09-21,,2000,,main,Marina Silva,22.0,total,18.0,,,https://en.wikipedia.org/w/index.php?title=2014_Brazilian_general_election&oldid=1369923991,wikipedia_revision,1369923991,2026-09-29T15:05:18Z,unverified,,71d0baf03c4f74da97a23c86a6c32ec18b2f55232a61083394be1f56e3fe2f22,blank_null_includes_undecided
2014-1-c799718626,2014,1,,Vox Populi,,2014-09-20,2014-09-21,,2000,,main,Pastor Everaldo,1.0,total,18.0,,,https://en.wikipedia.org/w/index.php?title=2014_Brazilian_general_election&oldid=1369923991,wikipedia_revision,1369923991,2026-09-29T15:05:18Z,unverified,,71d0baf03c4f74da97a23c86a6c32ec18b2f55232a61083394be1f56e3fe2f22,blank_null_includes_undecided
2014-1-c799718626,2014,1,,Vox Populi,,2014-09-20,2014-09-21,,2000,,main,__others__,0.0,total,18.0,,,https://en.wikipedia.org/w/index.php?title=2014_Brazilian_general_election&oldid=1369923991,wikipedia_revision,1369923991,2026-09-29T15:05:18Z,unverified,,71d0baf03c4f74da97a23c86a6c32ec18b2f55232a61083394be1f56e3fe2f22,blank_null_includes_undecided
2014-1-3d4612918e,2014,1,,Ibope,,2014-09-20,2014-09-22,,3010,,main,Aécio Neves,19.0,total,12.0,,,https://en.wikipedia.org/w/index.php?title=2014_Brazilian_general_election&oldid=1369923991,wikipedia_revision,1369923991,2026-09-29T15:05:18Z,unverified,,71d0baf03c4f74da97a23c86a6c32ec18b2f55232a61083394be1f56e3fe2f22,blank_null_includes_undecided;lt1pct_omitted=Luciana Genro|Eduardo Jorge|__others__
2014-1-3d4612918e,2014,1,,Ibope,,2014-09-20,2014-09-22,,3010,,main,Dilma Rousseff,38.0,total,12.0,,,https://en.wikipedia.org/w/index.php?title=2014_Brazilian_general_election&oldid=1369923991,wikipedia_revision,1369923991,2026-09-29T15:05:18Z,unverified,,71d0baf03c4f74da97a23c86a6c32ec18b2f55232a61083394be1f56e3fe2f22,blank_null_includes_undecided;lt1pct_omitted=Luciana Genro|Eduardo Jorge|__others__
2014-1-3d4612918e,2014,1,,Ibope,,2014-09-20,2014-09-22,,3010,,main,Marina Silva,29.0,total,12.0,,,https://en.wikipedia.org/w/index.php?title=2014_Brazilian_general_election&oldid=1369923991,wikipedia_revision,1369923991,2026-09-29T15:05:18Z,unverified,,71d0baf03c4f74da97a23c86a6c32ec18b2f55232a61083394be1f56e3fe2f22,blank_null_includes_undecided;lt1pct_omitted=Luciana Genro|Eduardo Jorge|__others__
2014-1-3d4612918e,2014,1,,Ibope,,2014-09-20,2014-09-22,,3010,,main,Pastor Everaldo,1.0,total,12.0,,,https://en.wikipedia.org/w/index.php?title=2014_Brazilian_general_election&oldid=1369923991,wikipedia_revision,1369923991,2026-09-29T15:05:18Z,unverified,,71d0baf03c4f74da97a23c86a6c32ec18b2f55232a61083394be1f56e3fe2f22,blank_null_includes_undecided;lt1pct_omitted=Luciana Genro|Eduardo Jorge|__others__
2014-1-8a5c9e8d5e,2014,1,,Ibope,,2014-09-27,2014-09-29,,3010,,main,Aécio Neves,19.0,total,14.0,,,https://en.wikipedia.org/w/index.php?title=2014_Brazilian_general_election&oldid=1369923991,wikipedia_revision,1369923991,2026-09-29T15:05:18Z,unverified,,71d0baf03c4f74da97a23c86a6c32ec18b2f55232a61083394be1f56e3fe2f22,blank_null_includes_undecided;lt1pct_omitted=Eduardo Jorge|__others__
2014-1-8a5c9e8d5e,2014,1,,Ibope,,2014-09-27,2014-09-29,,3010,,main,Dilma Rousseff,39.0,total,14.0,,,https://en.wikipedia.org/w/index.php?title=2014_Brazilian_general_election&oldid=1369923991,wikipedia_revision,1369923991,2026-09-29T15:05:18Z,unverified,,71d0baf03c4f74da97a23c86a6c32ec18b2f55232a61083394be1f56e3fe2f22,blank_null_includes_undecided;lt1pct_omitted=Eduardo Jorge|__others__
2014-1-8a5c9e8d5e,2014,1,,Ibope,,2014-09-27,2014-09-29,,3010,,main,Luciana Genro,1.0,total,14.0,,,https://en.wikipedia.org/w/index.php?title=2014_Brazilian_general_election&oldid=1369923991,wikipedia_revision,1369923991,2026-09-29T15:05:18Z,unverified,,71d0baf03c4f74da97a23c86a6c32ec18b2f55232a61083394be1f56e3fe2f22,blank_null_includes_undecided;lt1pct_omitted=Eduardo Jorge|__others__
2014-1-8a5c9e8d5e,2014,1,,Ibope,,2014-09-27,2014-09-29,,3010,,main,Marina Silva,25.0,total,14.0,,,https://en.wikipedia.org/w/index.php?title=2014_Brazilian_general_election&oldid=1369923991,wikipedia_revision,1369923991,2026-09-29T15:05:18Z,unverified,,71d0baf03c4f74da97a23c86a6c32ec18b2f55232a61083394be1f56e3fe2f22,blank_null_includes_undecided;lt1pct_omitted=Eduardo Jorge|__others__
2014-1-8a5c9e8d5e,2014,1,,Ibope,,2014-09-27,2014-09-29,,3010,,main,Pastor Everaldo,1.0,total,14.0,,,https://en.wikipedia.org/w/index.php?title=2014_Brazilian_general_election&oldid=1369923991,wikipedia_revision,1369923991,2026-09-29T15:05:18Z,unverified,,71d0baf03c4f74da97a23c86a6c32ec18b2f55232a61083394be1f56e3fe2f22,blank_null_includes_undecided;lt1pct_omitted=Eduardo Jorge|__others__
2014-1-b26c6aafc6,2014,1,,Datafolha,,2014-09-29,2014-09-30,,7520,,main,Aécio Neves,20.0,total,10.0,,,https://en.wikipedia.org/w/index.php?title=2014_Brazilian_general_election&oldid=1369923991,wikipedia_revision,1369923991,2026-09-29T15:05:18Z,unverified,,71d0baf03c4f74da97a23c86a6c32ec18b2f55232a61083394be1f56e3fe2f22,blank_null_includes_undecided;lt1pct_omitted=Eduardo Jorge|__others__
2014-1-b26c6aafc6,2014,1,,Datafolha,,2014-09-29,2014-09-30,,7520,,main,Dilma Rousseff,40.0,total,10.0,,,https://en.wikipedia.org/w/index.php?title=2014_Brazilian_general_election&oldid=1369923991,wikipedia_revision,1369923991,2026-09-29T15:05:18Z,unverified,,71d0baf03c4f74da97a23c86a6c32ec18b2f55232a61083394be1f56e3fe2f22,blank_null_includes_undecided;lt1pct_omitted=Eduardo Jorge|__others__
2014-1-b26c6aafc6,2014,1,,Datafolha,,2014-09-29,2014-09-30,,7520,,main,Luciana Genro,1.0,total,10.0,,,https://en.wikipedia.org/w/index.php?title=2014_Brazilian_general_election&oldid=1369923991,wikipedia_revision,1369923991,2026-09-29T15:05:18Z,unverified,,71d0baf03c4f74da97a23c86a6c32ec18b2f55232a61083394be1f56e3fe2f22,blank_null_includes_undecided;lt1pct_omitted=Eduardo Jorge|__others__
2014-1-b26c6aafc6,2014,1,,Datafolha,,2014-09-29,2014-09-30,,7520,,main,Marina Silva,25.0,total,10.0,,,https://en.wikipedia.org/w/index.php?title=2014_Brazilian_general_election&oldid=1369923991,wikipedia_revision,1369923991,2026-09-29T15:05:18Z,unverified,,71d0baf03c4f74da97a23c86a6c32ec18b2f55232a61083394be1f56e3fe2f22,blank_null_includes_undecided;lt1pct_omitted=Eduardo Jorge|__others__
2014-1-b26c6aafc6,2014,1,,Datafolha,,2014-09-29,2014-09-30,,7520,,main,Pastor Everaldo,1.0,total,10.0,,,https://en.wikipedia.org/w/index.php?title=2014_Brazilian_general_election&oldid=1369923991,wikipedia_revision,1369923991,2026-09-29T15:05:18Z,unverified,,71d0baf03c4f74da97a23c86a6c32ec18b2f55232a61083394be1f56e3fe2f22,blank_null_includes_undecided;lt1pct_omitted=Eduardo Jorge|__others__
2014-1-f35288908a,2014,1,,Datafolha,,2014-10-03,2014-10-04,,18116,,main,Aécio Neves,24.0,total,10.0,,,https://en.wikipedia.org/w/index.php?title=2014_Brazilian_general_election&oldid=1369923991,wikipedia_revision,1369923991,2026-09-29T15:05:18Z,unverified,,71d0baf03c4f74da97a23c86a6c32ec18b2f55232a61083394be1f56e3fe2f22,blank_null_includes_undecided;lt1pct_omitted=__others__
2014-1-f35288908a,2014,1,,Datafolha,,2014-10-03,2014-10-04,,18116,,main,Dilma Rousseff,40.0,total,10.0,,,https://en.wikipedia.org/w/index.php?title=2014_Brazilian_general_election&oldid=1369923991,wikipedia_revision,1369923991,2026-09-29T15:05:18Z,unverified,,71d0baf03c4f74da97a23c86a6c32ec18b2f55232a61083394be1f56e3fe2f22,blank_null_includes_undecided;lt1pct_omitted=__others__
2014-1-f35288908a,2014,1,,Datafolha,,2014-10-03,2014-10-04,,18116,,main,Eduardo Jorge,1.0,total,10.0,,,https://en.wikipedia.org/w/index.php?title=2014_Brazilian_general_election&oldid=1369923991,wikipedia_revision,1369923991,2026-09-29T15:05:18Z,unverified,,71d0baf03c4f74da97a23c86a6c32ec18b2f55232a61083394be1f56e3fe2f22,blank_null_includes_undecided;lt1pct_omitted=__others__
2014-1-f35288908a,2014,1,,Datafolha,,2014-10-03,2014-10-04,,18116,,main,Luciana Genro,1.0,total,10.0,,,https://en.wikipedia.org/w/index.php?title=2014_Brazilian_general_election&oldid=1369923991,wikipedia_revision,1369923991,2026-09-29T15:05:18Z,unverified,,71d0baf03c4f74da97a23c86a6c32ec18b2f55232a61083394be1f56e3fe2f22,blank_null_includes_undecided;lt1pct_omitted=__others__
2014-1-f35288908a,2014,1,,Datafolha,,2014-10-03,2014-10-04,,18116,,main,Marina Silva,22.0,total,10.0,,,https://en.wikipedia.org/w/index.php?title=2014_Brazilian_general_election&oldid=1369923991,wikipedia_revision,1369923991,2026-09-29T15:05:18Z,unverified,,71d0baf03c4f74da97a23c86a6c32ec18b2f55232a61083394be1f56e3fe2f22,blank_null_includes_undecided;lt1pct_omitted=__others__
2014-1-f35288908a,2014,1,,Datafolha,,2014-10-03,2014-10-04,,18116,,main,Pastor Everaldo,1.0,total,10.0,,,https://en.wikipedia.org/w/index.php?title=2014_Brazilian_general_election&oldid=1369923991,wikipedia_revision,1369923991,2026-09-29T15:05:18Z,unverified,,71d0baf03c4f74da97a23c86a6c32ec18b2f55232a61083394be1f56e3fe2f22,blank_null_includes_undecided;lt1pct_omitted=__others__
2014-2-281d508adb,2014,2,,Ibope,,2014-10-07,2014-10-08,,3010,,Dilma Rousseff vs Aécio Neves,Aécio Neves,46.0,total,10.0,,,https://en.wikipedia.org/w/index.php?title=2014_Brazilian_general_election&oldid=1369923991,wikipedia_revision,1369923991,2026-09-29T15:05:18Z,unverified,,71d0baf03c4f74da97a23c86a6c32ec18b2f55232a61083394be1f56e3fe2f22,blank_null_includes_undecided
2014-2-281d508adb,2014,2,,Ibope,,2014-10-07,2014-10-08,,3010,,Dilma Rousseff vs Aécio Neves,Dilma Rousseff,44.0,total,10.0,,,https://en.wikipedia.org/w/index.php?title=2014_Brazilian_general_election&oldid=1369923991,wikipedia_revision,1369923991,2026-09-29T15:05:18Z,unverified,,71d0baf03c4f74da97a23c86a6c32ec18b2f55232a61083394be1f56e3fe2f22,blank_null_includes_undecided
2014-2-281d508adb,2014,2,,Ibope,,2014-10-07,2014-10-08,,3010,,Dilma Rousseff vs Aécio Neves [valid],Aécio Neves,51.0,valid,,,,https://en.wikipedia.org/w/index.php?title=2014_Brazilian_general_election&oldid=1369923991,wikipedia_revision,1369923991,2026-09-29T15:05:18Z,unverified,,71d0baf03c4f74da97a23c86a6c32ec18b2f55232a61083394be1f56e3fe2f22,
2014-2-281d508adb,2014,2,,Ibope,,2014-10-07,2014-10-08,,3010,,Dilma Rousseff vs Aécio Neves [valid],Dilma Rousseff,49.0,valid,,,,https://en.wikipedia.org/w/index.php?title=2014_Brazilian_general_election&oldid=1369923991,wikipedia_revision,1369923991,2026-09-29T15:05:18Z,unverified,,71d0baf03c4f74da97a23c86a6c32ec18b2f55232a61083394be1f56e3fe2f22,
2014-2-97952b0165,2014,2,,Datafolha,,2014-10-08,2014-10-09,,2879,,Dilma Rousseff vs Aécio Neves,Aécio Neves,46.0,total,10.0,,,https://en.wikipedia.org/w/index.php?title=2014_Brazilian_general_election&oldid=1369923991,wikipedia_revision,1369923991,2026-09-29T15:05:18Z,unverified,,71d0baf03c4f74da97a23c86a6c32ec18b2f55232a61083394be1f56e3fe2f22,blank_null_includes_undecided
2014-2-97952b0165,2014,2,,Datafolha,,2014-10-08,2014-10-09,,2879,,Dilma Rousseff vs Aécio Neves,Dilma Rousseff,44.0,total,10.0,,,https://en.wikipedia.org/w/index.php?title=2014_Brazilian_general_election&oldid=1369923991,wikipedia_revision,1369923991,2026-09-29T15:05:18Z,unverified,,71d0baf03c4f74da97a23c86a6c32ec18b2f55232a61083394be1f56e3fe2f22,blank_null_includes_undecided
2014-2-97952b0165,2014,2,,Datafolha,,2014-10-08,2014-10-09,,2879,,Dilma Rousseff vs Aécio Neves [valid],Aécio Neves,51.0,valid,,,,https://en.wikipedia.org/w/index.php?title=2014_Brazilian_general_election&oldid=1369923991,wikipedia_revision,1369923991,2026-09-29T15:05:18Z,unverified,,71d0baf03c4f74da97a23c86a6c32ec18b2f55232a61083394be1f56e3fe2f22,
2014-2-97952b0165,2014,2,,Datafolha,,2014-10-08,2014-10-09,,2879,,Dilma Rousseff vs Aécio Neves [valid],Dilma Rousseff,49.0,valid,,,,https://en.wikipedia.org/w/index.php?title=2014_Brazilian_general_election&oldid=1369923991,wikipedia_revision,1369923991,2026-09-29T15:05:18Z,unverified,,71d0baf03c4f74da97a23c86a6c32ec18b2f55232a61083394be1f56e3fe2f22,
2014-2-5ebeb2ca73,2014,2,,Vox Populi,,2014-10-11,2014-10-12,,2000,,Dilma Rousseff vs Aécio Neves,Aécio Neves,44.0,total,11.0,,,https://en.wikipedia.org/w/index.php?title=2014_Brazilian_general_election&oldid=1369923991,wikipedia_revision,1369923991,2026-09-29T15:05:18Z,unverified,,71d0baf03c4f74da97a23c86a6c32ec18b2f55232a61083394be1f56e3fe2f22,blank_null_includes_undecided
2014-2-5ebeb2ca73,2014,2,,Vox Populi,,2014-10-11,2014-10-12,,2000,,Dilma Rousseff vs Aécio Neves,Dilma Rousseff,45.0,total,11.0,,,https://en.wikipedia.org/w/index.php?title=2014_Brazilian_general_election&oldid=1369923991,wikipedia_revision,1369923991,2026-09-29T15:05:18Z,unverified,,71d0baf03c4f74da97a23c86a6c32ec18b2f55232a61083394be1f56e3fe2f22,blank_null_includes_undecided
2014-2-5ebeb2ca73,2014,2,,Vox Populi,,2014-10-11,2014-10-12,,2000,,Dilma Rousseff vs Aécio Neves [valid],Aécio Neves,49.0,valid,,,,https://en.wikipedia.org/w/index.php?title=2014_Brazilian_general_election&oldid=1369923991,wikipedia_revision,1369923991,2026-09-29T15:05:18Z,unverified,,71d0baf03c4f74da97a23c86a6c32ec18b2f55232a61083394be1f56e3fe2f22,
2014-2-5ebeb2ca73,2014,2,,Vox Populi,,2014-10-11,2014-10-12,,2000,,Dilma Rousseff vs Aécio Neves [valid],Dilma Rousseff,51.0,valid,,,,https://en.wikipedia.org/w/index.php?title=2014_Brazilian_general_election&oldid=1369923991,wikipedia_revision,1369923991,2026-09-29T15:05:18Z,unverified,,71d0baf03c4f74da97a23c86a6c32ec18b2f55232a61083394be1f56e3fe2f22,
2014-2-45767e557c,2014,2,,Ibope,,2014-10-12,2014-10-14,,3010,,Dilma Rousseff vs Aécio Neves,Aécio Neves,45.0,total,12.0,,,https://en.wikipedia.org/w/index.php?title=2014_Brazilian_general_election&oldid=1369923991,wikipedia_revision,1369923991,2026-09-29T15:05:18Z,unverified,,71d0baf03c4f74da97a23c86a6c32ec18b2f55232a61083394be1f56e3fe2f22,blank_null_includes_undecided
2014-2-45767e557c,2014,2,,Ibope,,2014-10-12,2014-10-14,,3010,,Dilma Rousseff vs Aécio Neves,Dilma Rousseff,43.0,total,12.0,,,https://en.wikipedia.org/w/index.php?title=2014_Brazilian_general_election&oldid=1369923991,wikipedia_revision,1369923991,2026-09-29T15:05:18Z,unverified,,71d0baf03c4f74da97a23c86a6c32ec18b2f55232a61083394be1f56e3fe2f22,blank_null_includes_undecided
2014-2-45767e557c,2014,2,,Ibope,,2014-10-12,2014-10-14,,3010,,Dilma Rousseff vs Aécio Neves [valid],Aécio Neves,51.0,valid,,,,https://en.wikipedia.org/w/index.php?title=2014_Brazilian_general_election&oldid=1369923991,wikipedia_revision,1369923991,2026-09-29T15:05:18Z,unverified,,71d0baf03c4f74da97a23c86a6c32ec18b2f55232a61083394be1f56e3fe2f22,
2014-2-45767e557c,2014,2,,Ibope,,2014-10-12,2014-10-14,,3010,,Dilma Rousseff vs Aécio Neves [valid],Dilma Rousseff,49.0,valid,,,,https://en.wikipedia.org/w/index.php?title=2014_Brazilian_general_election&oldid=1369923991,wikipedia_revision,1369923991,2026-09-29T15:05:18Z,unverified,,71d0baf03c4f74da97a23c86a6c32ec18b2f55232a61083394be1f56e3fe2f22,
2014-2-5af1feb380,2014,2,,Datafolha,,2014-10-14,2014-10-15,,9081,,Dilma Rousseff vs Aécio Neves,Aécio Neves,45.0,total,12.0,,,https://en.wikipedia.org/w/index.php?title=2014_Brazilian_general_election&oldid=1369923991,wikipedia_revision,1369923991,2026-09-29T15:05:18Z,unverified,,71d0baf03c4f74da97a23c86a6c32ec18b2f55232a61083394be1f56e3fe2f22,blank_null_includes_undecided
2014-2-5af1feb380,2014,2,,Datafolha,,2014-10-14,2014-10-15,,9081,,Dilma Rousseff vs Aécio Neves,Dilma Rousseff,43.0,total,12.0,,,https://en.wikipedia.org/w/index.php?title=2014_Brazilian_general_election&oldid=1369923991,wikipedia_revision,1369923991,2026-09-29T15:05:18Z,unverified,,71d0baf03c4f74da97a23c86a6c32ec18b2f55232a61083394be1f56e3fe2f22,blank_null_includes_undecided
2014-2-5af1feb380,2014,2,,Datafolha,,2014-10-14,2014-10-15,,9081,,Dilma Rousseff vs Aécio Neves [valid],Aécio Neves,51.0,valid,,,,https://en.wikipedia.org/w/index.php?title=2014_Brazilian_general_election&oldid=1369923991,wikipedia_revision,1369923991,2026-09-29T15:05:18Z,unverified,,71d0baf03c4f74da97a23c86a6c32ec18b2f55232a61083394be1f56e3fe2f22,
2014-2-5af1feb380,2014,2,,Datafolha,,2014-10-14,2014-10-15,,9081,,Dilma Rousseff vs Aécio Neves [valid],Dilma Rousseff,49.0,valid,,,,https://en.wikipedia.org/w/index.php?title=2014_Brazilian_general_election&oldid=1369923991,wikipedia_revision,1369923991,2026-09-29T15:05:18Z,unverified,,71d0baf03c4f74da97a23c86a6c32ec18b2f55232a61083394be1f56e3fe2f22,
2014-2-74531de647,2014,2,,MDA,CNT,2014-10-18,2014-10-19,,2002,,Dilma Rousseff vs Aécio Neves,Aécio Neves,44.5,total,10.0,,,https://en.wikipedia.org/w/index.php?title=2014_Brazilian_general_election&oldid=1369923991,wikipedia_revision,1369923991,2026-09-29T15:05:18Z,unverified,,71d0baf03c4f74da97a23c86a6c32ec18b2f55232a61083394be1f56e3fe2f22,blank_null_includes_undecided
2014-2-74531de647,2014,2,,MDA,CNT,2014-10-18,2014-10-19,,2002,,Dilma Rousseff vs Aécio Neves,Dilma Rousseff,45.5,total,10.0,,,https://en.wikipedia.org/w/index.php?title=2014_Brazilian_general_election&oldid=1369923991,wikipedia_revision,1369923991,2026-09-29T15:05:18Z,unverified,,71d0baf03c4f74da97a23c86a6c32ec18b2f55232a61083394be1f56e3fe2f22,blank_null_includes_undecided
2014-2-74531de647,2014,2,,MDA,CNT,2014-10-18,2014-10-19,,2002,,Dilma Rousseff vs Aécio Neves [valid],Aécio Neves,49.5,valid,,,,https://en.wikipedia.org/w/index.php?title=2014_Brazilian_general_election&oldid=1369923991,wikipedia_revision,1369923991,2026-09-29T15:05:18Z,unverified,,71d0baf03c4f74da97a23c86a6c32ec18b2f55232a61083394be1f56e3fe2f22,
2014-2-74531de647,2014,2,,MDA,CNT,2014-10-18,2014-10-19,,2002,,Dilma Rousseff vs Aécio Neves [valid],Dilma Rousseff,50.5,valid,,,,https://en.wikipedia.org/w/index.php?title=2014_Brazilian_general_election&oldid=1369923991,wikipedia_revision,1369923991,2026-09-29T15:05:18Z,unverified,,71d0baf03c4f74da97a23c86a6c32ec18b2f55232a61083394be1f56e3fe2f22,
2014-2-84ca83cdfa,2014,2,,Vox Populi,,2014-10-18,2014-10-19,,2000,,Dilma Rousseff vs Aécio Neves,Aécio Neves,43.0,total,11.0,,,https://en.wikipedia.org/w/index.php?title=2014_Brazilian_general_election&oldid=1369923991,wikipedia_revision,1369923991,2026-09-29T15:05:18Z,unverified,,71d0baf03c4f74da97a23c86a6c32ec18b2f55232a61083394be1f56e3fe2f22,blank_null_includes_undecided
2014-2-84ca83cdfa,2014,2,,Vox Populi,,2014-10-18,2014-10-19,,2000,,Dilma Rousseff vs Aécio Neves,Dilma Rousseff,46.0,total,11.0,,,https://en.wikipedia.org/w/index.php?title=2014_Brazilian_general_election&oldid=1369923991,wikipedia_revision,1369923991,2026-09-29T15:05:18Z,unverified,,71d0baf03c4f74da97a23c86a6c32ec18b2f55232a61083394be1f56e3fe2f22,blank_null_includes_undecided
2014-2-84ca83cdfa,2014,2,,Vox Populi,,2014-10-18,2014-10-19,,2000,,Dilma Rousseff vs Aécio Neves [valid],Aécio Neves,48.0,valid,,,,https://en.wikipedia.org/w/index.php?title=2014_Brazilian_general_election&oldid=1369923991,wikipedia_revision,1369923991,2026-09-29T15:05:18Z,unverified,,71d0baf03c4f74da97a23c86a6c32ec18b2f55232a61083394be1f56e3fe2f22,
2014-2-84ca83cdfa,2014,2,,Vox Populi,,2014-10-18,2014-10-19,,2000,,Dilma Rousseff vs Aécio Neves [valid],Dilma Rousseff,52.0,valid,,,,https://en.wikipedia.org/w/index.php?title=2014_Brazilian_general_election&oldid=1369923991,wikipedia_revision,1369923991,2026-09-29T15:05:18Z,unverified,,71d0baf03c4f74da97a23c86a6c32ec18b2f55232a61083394be1f56e3fe2f22,
2014-2-1475c049f4,2014,2,,Datafolha,,2014-10-20,2014-10-20,,4389,,Dilma Rousseff vs Aécio Neves,Aécio Neves,43.0,total,11.0,,,https://en.wikipedia.org/w/index.php?title=2014_Brazilian_general_election&oldid=1369923991,wikipedia_revision,1369923991,2026-09-29T15:05:18Z,unverified,,71d0baf03c4f74da97a23c86a6c32ec18b2f55232a61083394be1f56e3fe2f22,blank_null_includes_undecided
2014-2-1475c049f4,2014,2,,Datafolha,,2014-10-20,2014-10-20,,4389,,Dilma Rousseff vs Aécio Neves,Dilma Rousseff,46.0,total,11.0,,,https://en.wikipedia.org/w/index.php?title=2014_Brazilian_general_election&oldid=1369923991,wikipedia_revision,1369923991,2026-09-29T15:05:18Z,unverified,,71d0baf03c4f74da97a23c86a6c32ec18b2f55232a61083394be1f56e3fe2f22,blank_null_includes_undecided
2014-2-1475c049f4,2014,2,,Datafolha,,2014-10-20,2014-10-20,,4389,,Dilma Rousseff vs Aécio Neves [valid],Aécio Neves,48.0,valid,,,,https://en.wikipedia.org/w/index.php?title=2014_Brazilian_general_election&oldid=1369923991,wikipedia_revision,1369923991,2026-09-29T15:05:18Z,unverified,,71d0baf03c4f74da97a23c86a6c32ec18b2f55232a61083394be1f56e3fe2f22,
2014-2-1475c049f4,2014,2,,Datafolha,,2014-10-20,2014-10-20,,4389,,Dilma Rousseff vs Aécio Neves [valid],Dilma Rousseff,52.0,valid,,,,https://en.wikipedia.org/w/index.php?title=2014_Brazilian_general_election&oldid=1369923991,wikipedia_revision,1369923991,2026-09-29T15:05:18Z,unverified,,71d0baf03c4f74da97a23c86a6c32ec18b2f55232a61083394be1f56e3fe2f22,
2014-2-74a4e84908,2014,2,,Datafolha,,2014-10-21,2014-10-21,,4355,,Dilma Rousseff vs Aécio Neves,Aécio Neves,43.0,total,10.0,,,https://en.wikipedia.org/w/index.php?title=2014_Brazilian_general_election&oldid=1369923991,wikipedia_revision,1369923991,2026-09-29T15:05:18Z,unverified,,71d0baf03c4f74da97a23c86a6c32ec18b2f55232a61083394be1f56e3fe2f22,blank_null_includes_undecided
2014-2-74a4e84908,2014,2,,Datafolha,,2014-10-21,2014-10-21,,4355,,Dilma Rousseff vs Aécio Neves,Dilma Rousseff,47.0,total,10.0,,,https://en.wikipedia.org/w/index.php?title=2014_Brazilian_general_election&oldid=1369923991,wikipedia_revision,1369923991,2026-09-29T15:05:18Z,unverified,,71d0baf03c4f74da97a23c86a6c32ec18b2f55232a61083394be1f56e3fe2f22,blank_null_includes_undecided
2014-2-74a4e84908,2014,2,,Datafolha,,2014-10-21,2014-10-21,,4355,,Dilma Rousseff vs Aécio Neves [valid],Aécio Neves,48.0,valid,,,,https://en.wikipedia.org/w/index.php?title=2014_Brazilian_general_election&oldid=1369923991,wikipedia_revision,1369923991,2026-09-29T15:05:18Z,unverified,,71d0baf03c4f74da97a23c86a6c32ec18b2f55232a61083394be1f56e3fe2f22,
2014-2-74a4e84908,2014,2,,Datafolha,,2014-10-21,2014-10-21,,4355,,Dilma Rousseff vs Aécio Neves [valid],Dilma Rousseff,52.0,valid,,,,https://en.wikipedia.org/w/index.php?title=2014_Brazilian_general_election&oldid=1369923991,wikipedia_revision,1369923991,2026-09-29T15:05:18Z,unverified,,71d0baf03c4f74da97a23c86a6c32ec18b2f55232a61083394be1f56e3fe2f22,
2014-2-88d70b409b,2014,2,,Ibope,,2014-10-20,2014-10-22,,3010,,Dilma Rousseff vs Aécio Neves,Aécio Neves,41.0,total,10.0,,,https://en.wikipedia.org/w/index.php?title=2014_Brazilian_general_election&oldid=1369923991,wikipedia_revision,1369923991,2026-09-29T15:05:18Z,unverified,,71d0baf03c4f74da97a23c86a6c32ec18b2f55232a61083394be1f56e3fe2f22,blank_null_includes_undecided
2014-2-88d70b409b,2014,2,,Ibope,,2014-10-20,2014-10-22,,3010,,Dilma Rousseff vs Aécio Neves,Dilma Rousseff,49.0,total,10.0,,,https://en.wikipedia.org/w/index.php?title=2014_Brazilian_general_election&oldid=1369923991,wikipedia_revision,1369923991,2026-09-29T15:05:18Z,unverified,,71d0baf03c4f74da97a23c86a6c32ec18b2f55232a61083394be1f56e3fe2f22,blank_null_includes_undecided
2014-2-88d70b409b,2014,2,,Ibope,,2014-10-20,2014-10-22,,3010,,Dilma Rousseff vs Aécio Neves [valid],Aécio Neves,46.0,valid,,,,https://en.wikipedia.org/w/index.php?title=2014_Brazilian_general_election&oldid=1369923991,wikipedia_revision,1369923991,2026-09-29T15:05:18Z,unverified,,71d0baf03c4f74da97a23c86a6c32ec18b2f55232a61083394be1f56e3fe2f22,
2014-2-88d70b409b,2014,2,,Ibope,,2014-10-20,2014-10-22,,3010,,Dilma Rousseff vs Aécio Neves [valid],Dilma Rousseff,54.0,valid,,,,https://en.wikipedia.org/w/index.php?title=2014_Brazilian_general_election&oldid=1369923991,wikipedia_revision,1369923991,2026-09-29T15:05:18Z,unverified,,71d0baf03c4f74da97a23c86a6c32ec18b2f55232a61083394be1f56e3fe2f22,
2014-2-066e18091b,2014,2,,Datafolha,,2014-10-22,2014-10-23,,9910,,Dilma Rousseff vs Aécio Neves,Aécio Neves,42.0,total,10.0,,,https://en.wikipedia.org/w/index.php?title=2014_Brazilian_general_election&oldid=1369923991,wikipedia_revision,1369923991,2026-09-29T15:05:18Z,unverified,,71d0baf03c4f74da97a23c86a6c32ec18b2f55232a61083394be1f56e3fe2f22,blank_null_includes_undecided
2014-2-066e18091b,2014,2,,Datafolha,,2014-10-22,2014-10-23,,9910,,Dilma Rousseff vs Aécio Neves,Dilma Rousseff,48.0,total,10.0,,,https://en.wikipedia.org/w/index.php?title=2014_Brazilian_general_election&oldid=1369923991,wikipedia_revision,1369923991,2026-09-29T15:05:18Z,unverified,,71d0baf03c4f74da97a23c86a6c32ec18b2f55232a61083394be1f56e3fe2f22,blank_null_includes_undecided
2014-2-066e18091b,2014,2,,Datafolha,,2014-10-22,2014-10-23,,9910,,Dilma Rousseff vs Aécio Neves [valid],Aécio Neves,47.0,valid,,,,https://en.wikipedia.org/w/index.php?title=2014_Brazilian_general_election&oldid=1369923991,wikipedia_revision,1369923991,2026-09-29T15:05:18Z,unverified,,71d0baf03c4f74da97a23c86a6c32ec18b2f55232a61083394be1f56e3fe2f22,
2014-2-066e18091b,2014,2,,Datafolha,,2014-10-22,2014-10-23,,9910,,Dilma Rousseff vs Aécio Neves [valid],Dilma Rousseff,53.0,valid,,,,https://en.wikipedia.org/w/index.php?title=2014_Brazilian_general_election&oldid=1369923991,wikipedia_revision,1369923991,2026-09-29T15:05:18Z,unverified,,71d0baf03c4f74da97a23c86a6c32ec18b2f55232a61083394be1f56e3fe2f22,
2014-2-39b26f2cee,2014,2,,MDA,CNT,2014-10-23,2014-10-24,,2002,,Dilma Rousseff vs Aécio Neves,Aécio Neves,45.3,total,10.1,,,https://en.wikipedia.org/w/index.php?title=2014_Brazilian_general_election&oldid=1369923991,wikipedia_revision,1369923991,2026-09-29T15:05:18Z,unverified,,71d0baf03c4f74da97a23c86a6c32ec18b2f55232a61083394be1f56e3fe2f22,blank_null_includes_undecided
2014-2-39b26f2cee,2014,2,,MDA,CNT,2014-10-23,2014-10-24,,2002,,Dilma Rousseff vs Aécio Neves,Dilma Rousseff,44.7,total,10.1,,,https://en.wikipedia.org/w/index.php?title=2014_Brazilian_general_election&oldid=1369923991,wikipedia_revision,1369923991,2026-09-29T15:05:18Z,unverified,,71d0baf03c4f74da97a23c86a6c32ec18b2f55232a61083394be1f56e3fe2f22,blank_null_includes_undecided
2014-2-39b26f2cee,2014,2,,MDA,CNT,2014-10-23,2014-10-24,,2002,,Dilma Rousseff vs Aécio Neves [valid],Aécio Neves,50.3,valid,,,,https://en.wikipedia.org/w/index.php?title=2014_Brazilian_general_election&oldid=1369923991,wikipedia_revision,1369923991,2026-09-29T15:05:18Z,unverified,,71d0baf03c4f74da97a23c86a6c32ec18b2f55232a61083394be1f56e3fe2f22,
2014-2-39b26f2cee,2014,2,,MDA,CNT,2014-10-23,2014-10-24,,2002,,Dilma Rousseff vs Aécio Neves [valid],Dilma Rousseff,49.7,valid,,,,https://en.wikipedia.org/w/index.php?title=2014_Brazilian_general_election&oldid=1369923991,wikipedia_revision,1369923991,2026-09-29T15:05:18Z,unverified,,71d0baf03c4f74da97a23c86a6c32ec18b2f55232a61083394be1f56e3fe2f22,
2014-2-9dbddd8e64,2014,2,,Datafolha,,2014-10-24,2014-10-25,,19318,,Dilma Rousseff vs Aécio Neves,Aécio Neves,43.0,total,10.0,,,https://en.wikipedia.org/w/index.php?title=2014_Brazilian_general_election&oldid=1369923991,wikipedia_revision,1369923991,2026-09-29T15:05:18Z,unverified,,71d0baf03c4f74da97a23c86a6c32ec18b2f55232a61083394be1f56e3fe2f22,blank_null_includes_undecided
2014-2-9dbddd8e64,2014,2,,Datafolha,,2014-10-24,2014-10-25,,19318,,Dilma Rousseff vs Aécio Neves,Dilma Rousseff,47.0,total,10.0,,,https://en.wikipedia.org/w/index.php?title=2014_Brazilian_general_election&oldid=1369923991,wikipedia_revision,1369923991,2026-09-29T15:05:18Z,unverified,,71d0baf03c4f74da97a23c86a6c32ec18b2f55232a61083394be1f56e3fe2f22,blank_null_includes_undecided
2014-2-9dbddd8e64,2014,2,,Datafolha,,2014-10-24,2014-10-25,,19318,,Dilma Rousseff vs Aécio Neves [valid],Aécio Neves,48.0,valid,,,,https://en.wikipedia.org/w/index.php?title=2014_Brazilian_general_election&oldid=1369923991,wikipedia_revision,1369923991,2026-09-29T15:05:18Z,unverified,,71d0baf03c4f74da97a23c86a6c32ec18b2f55232a61083394be1f56e3fe2f22,
2014-2-9dbddd8e64,2014,2,,Datafolha,,2014-10-24,2014-10-25,,19318,,Dilma Rousseff vs Aécio Neves [valid],Dilma Rousseff,52.0,valid,,,,https://en.wikipedia.org/w/index.php?title=2014_Brazilian_general_election&oldid=1369923991,wikipedia_revision,1369923991,2026-09-29T15:05:18Z,unverified,,71d0baf03c4f74da97a23c86a6c32ec18b2f55232a61083394be1f56e3fe2f22,
2014-2-5256484555,2014,2,,Ibope,,2014-10-24,2014-10-25,,3010,,Dilma Rousseff vs Aécio Neves,Aécio Neves,43.0,total,8.0,,,https://en.wikipedia.org/w/index.php?title=2014_Brazilian_general_election&oldid=1369923991,wikipedia_revision,1369923991,2026-09-29T15:05:18Z,unverified,,71d0baf03c4f74da97a23c86a6c32ec18b2f55232a61083394be1f56e3fe2f22,blank_null_includes_undecided
2014-2-5256484555,2014,2,,Ibope,,2014-10-24,2014-10-25,,3010,,Dilma Rousseff vs Aécio Neves,Dilma Rousseff,49.0,total,8.0,,,https://en.wikipedia.org/w/index.php?title=2014_Brazilian_general_election&oldid=1369923991,wikipedia_revision,1369923991,2026-09-29T15:05:18Z,unverified,,71d0baf03c4f74da97a23c86a6c32ec18b2f55232a61083394be1f56e3fe2f22,blank_null_includes_undecided
2014-2-5256484555,2014,2,,Ibope,,2014-10-24,2014-10-25,,3010,,Dilma Rousseff vs Aécio Neves [valid],Aécio Neves,47.0,valid,,,,https://en.wikipedia.org/w/index.php?title=2014_Brazilian_general_election&oldid=1369923991,wikipedia_revision,1369923991,2026-09-29T15:05:18Z,unverified,,71d0baf03c4f74da97a23c86a6c32ec18b2f55232a61083394be1f56e3fe2f22,
2014-2-5256484555,2014,2,,Ibope,,2014-10-24,2014-10-25,,3010,,Dilma Rousseff vs Aécio Neves [valid],Dilma Rousseff,53.0,valid,,,,https://en.wikipedia.org/w/index.php?title=2014_Brazilian_general_election&oldid=1369923991,wikipedia_revision,1369923991,2026-09-29T15:05:18Z,unverified,,71d0baf03c4f74da97a23c86a6c32ec18b2f55232a61083394be1f56e3fe2f22,
2014-2-829fe4226b,2014,2,,Vox Populi,,2014-10-25,2014-10-25,,2000,,Dilma Rousseff vs Aécio Neves,Aécio Neves,41.0,total,10.0,,,https://en.wikipedia.org/w/index.php?title=2014_Brazilian_general_election&oldid=1369923991,wikipedia_revision,1369923991,2026-09-29T15:05:18Z,unverified,,71d0baf03c4f74da97a23c86a6c32ec18b2f55232a61083394be1f56e3fe2f22,blank_null_includes_undecided
2014-2-829fe4226b,2014,2,,Vox Populi,,2014-10-25,2014-10-25,,2000,,Dilma Rousseff vs Aécio Neves,Dilma Rousseff,48.0,total,10.0,,,https://en.wikipedia.org/w/index.php?title=2014_Brazilian_general_election&oldid=1369923991,wikipedia_revision,1369923991,2026-09-29T15:05:18Z,unverified,,71d0baf03c4f74da97a23c86a6c32ec18b2f55232a61083394be1f56e3fe2f22,blank_null_includes_undecided
2014-2-829fe4226b,2014,2,,Vox Populi,,2014-10-25,2014-10-25,,2000,,Dilma Rousseff vs Aécio Neves [valid],Aécio Neves,46.0,valid,,,,https://en.wikipedia.org/w/index.php?title=2014_Brazilian_general_election&oldid=1369923991,wikipedia_revision,1369923991,2026-09-29T15:05:18Z,unverified,,71d0baf03c4f74da97a23c86a6c32ec18b2f55232a61083394be1f56e3fe2f22,
2014-2-829fe4226b,2014,2,,Vox Populi,,2014-10-25,2014-10-25,,2000,,Dilma Rousseff vs Aécio Neves [valid],Dilma Rousseff,54.0,valid,,,,https://en.wikipedia.org/w/index.php?title=2014_Brazilian_general_election&oldid=1369923991,wikipedia_revision,1369923991,2026-09-29T15:05:18Z,unverified,,71d0baf03c4f74da97a23c86a6c32ec18b2f55232a61083394be1f56e3fe2f22,
