poll_id,election,round,tse_br_id,pollster,contractor,field_start,field_end,publication_date,sample_size,methodology,scenario,candidate,share_reported,share_basis,blank_null,undecided,valid_vote_share,source_url,source_type,source_revision,retrieval_timestamp,verification_status,verification_source,source_hash,notes
2014-2-479ca4a4af,2014,2,BR-00438/2014,Datafolha,TV Globo; Folha de S.Paulo,2014-08-28,2014-08-29,2014-08-29,2874,,Aécio Neves vs Dilma Rousseff,Aécio Neves,40.0,total,9.0,4.0,,http://media.folha.uol.com.br/datafolha/2014/09/01/intencao-de-voto-presidente.pdf,pollster_release,,2026-09-29T17:07:33Z,verified_match,data/manual/research_2014/verification.csv,9143de117b681f994362e77996c614d9b0fb909505944b429812a3c376bc9a92,"pre_first_round_h2h; Pre-first-round stimulated national runoff simulation (""Se o segundo turno da eleicao para presidente fosse hoje...""), base total sample, read from Datafolha PDF chart p.57; blank_null_pct = ""Em branco/nulo/nenhum"", undecided_pct = ""Nao sabe""; values cross-checked against PDF narrative text. Valid-vote shares not printed for this scenario in this wave. Contractor per G1 article (http://g1.globo.com/politica/eleicoes/2014/noticia/2014/08/datafolha-mostra-dilma-e-marina-empatadas-com-34-aecio-tem-15.html, retrieved 2026-09-29T17:16:50Z): ""encomendada pela TV Globo e pelo jornal Folha de S.Paulo"". Datafolha project PO813757; 2,874 interviews in 178 municipalities (PDF methodology page). publication_date from PDF line ""Sao Paulo, 29 de agosto de 2014"" (G1 article 29/08/2014 20h26); Datafolha site page for this release posted 1 Sep 2014 (datafolha.folha.uol.com.br/eleicoes/2014/09/1509005-...)."
2014-2-479ca4a4af,2014,2,BR-00438/2014,Datafolha,TV Globo; Folha de S.Paulo,2014-08-28,2014-08-29,2014-08-29,2874,,Aécio Neves vs Dilma Rousseff,Dilma Rousseff,48.0,total,9.0,4.0,,http://media.folha.uol.com.br/datafolha/2014/09/01/intencao-de-voto-presidente.pdf,pollster_release,,2026-09-29T17:07:33Z,verified_match,data/manual/research_2014/verification.csv,9143de117b681f994362e77996c614d9b0fb909505944b429812a3c376bc9a92,"pre_first_round_h2h; Pre-first-round stimulated national runoff simulation (""Se o segundo turno da eleicao para presidente fosse hoje...""), base total sample, read from Datafolha PDF chart p.57; blank_null_pct = ""Em branco/nulo/nenhum"", undecided_pct = ""Nao sabe""; values cross-checked against PDF narrative text. Valid-vote shares not printed for this scenario in this wave. Contractor per G1 article (http://g1.globo.com/politica/eleicoes/2014/noticia/2014/08/datafolha-mostra-dilma-e-marina-empatadas-com-34-aecio-tem-15.html, retrieved 2026-09-29T17:16:50Z): ""encomendada pela TV Globo e pelo jornal Folha de S.Paulo"". Datafolha project PO813757; 2,874 interviews in 178 municipalities (PDF methodology page). publication_date from PDF line ""Sao Paulo, 29 de agosto de 2014"" (G1 article 29/08/2014 20h26); Datafolha site page for this release posted 1 Sep 2014 (datafolha.folha.uol.com.br/eleicoes/2014/09/1509005-...)."
2014-2-479ca4a4af,2014,2,BR-00438/2014,Datafolha,TV Globo; Folha de S.Paulo,2014-08-28,2014-08-29,2014-08-29,2874,,Dilma Rousseff vs Marina Silva,Dilma Rousseff,40.0,total,7.0,3.0,,http://media.folha.uol.com.br/datafolha/2014/09/01/intencao-de-voto-presidente.pdf,pollster_release,,2026-09-29T17:07:33Z,verified_match,data/manual/research_2014/verification.csv,9143de117b681f994362e77996c614d9b0fb909505944b429812a3c376bc9a92,"pre_first_round_h2h; Pre-first-round stimulated national runoff simulation (""Se o segundo turno da eleicao para presidente fosse hoje...""), base total sample, read from Datafolha PDF chart p.65; blank_null_pct = ""Em branco/nulo/nenhum"", undecided_pct = ""Nao sabe""; values cross-checked against PDF narrative text. G1 article states Datafolha did not run a Marina x Aécio simulation in this wave. Valid-vote shares not printed for this scenario in this wave. Contractor per G1 article (http://g1.globo.com/politica/eleicoes/2014/noticia/2014/08/datafolha-mostra-dilma-e-marina-empatadas-com-34-aecio-tem-15.html, retrieved 2026-09-29T17:16:50Z): ""encomendada pela TV Globo e pelo jornal Folha de S.Paulo"". Datafolha project PO813757; 2,874 interviews in 178 municipalities (PDF methodology page). publication_date from PDF line ""Sao Paulo, 29 de agosto de 2014"" (G1 article 29/08/2014 20h26); Datafolha site page for this release posted 1 Sep 2014 (datafolha.folha.uol.com.br/eleicoes/2014/09/1509005-...)."
2014-2-479ca4a4af,2014,2,BR-00438/2014,Datafolha,TV Globo; Folha de S.Paulo,2014-08-28,2014-08-29,2014-08-29,2874,,Dilma Rousseff vs Marina Silva,Marina Silva,50.0,total,7.0,3.0,,http://media.folha.uol.com.br/datafolha/2014/09/01/intencao-de-voto-presidente.pdf,pollster_release,,2026-09-29T17:07:33Z,verified_match,data/manual/research_2014/verification.csv,9143de117b681f994362e77996c614d9b0fb909505944b429812a3c376bc9a92,"pre_first_round_h2h; Pre-first-round stimulated national runoff simulation (""Se o segundo turno da eleicao para presidente fosse hoje...""), base total sample, read from Datafolha PDF chart p.65; blank_null_pct = ""Em branco/nulo/nenhum"", undecided_pct = ""Nao sabe""; values cross-checked against PDF narrative text. G1 article states Datafolha did not run a Marina x Aécio simulation in this wave. Valid-vote shares not printed for this scenario in this wave. Contractor per G1 article (http://g1.globo.com/politica/eleicoes/2014/noticia/2014/08/datafolha-mostra-dilma-e-marina-empatadas-com-34-aecio-tem-15.html, retrieved 2026-09-29T17:16:50Z): ""encomendada pela TV Globo e pelo jornal Folha de S.Paulo"". Datafolha project PO813757; 2,874 interviews in 178 municipalities (PDF methodology page). publication_date from PDF line ""Sao Paulo, 29 de agosto de 2014"" (G1 article 29/08/2014 20h26); Datafolha site page for this release posted 1 Sep 2014 (datafolha.folha.uol.com.br/eleicoes/2014/09/1509005-...)."
2014-2-45ead5cf94,2014,2,BR-00517/2014,Datafolha,TV Globo; Folha de S.Paulo,2014-09-01,2014-09-03,2014-09-03,10054,,Aécio Neves vs Dilma Rousseff,Aécio Neves,38.0,total,10.0,4.0,,http://media.folha.uol.com.br/datafolha/2014/09/04/intencao-de-voto-para-presidente.pdf,pollster_release,,2026-09-29T17:07:33Z,verified_match,data/manual/research_2014/verification.csv,9143de117b681f994362e77996c614d9b0fb909505944b429812a3c376bc9a92,"pre_first_round_h2h; Pre-first-round stimulated national runoff simulation (""Se o segundo turno da eleicao para presidente fosse hoje...""), base total sample, read from Datafolha PDF chart p.79; blank_null_pct = ""Em branco/nulo/nenhum"", undecided_pct = ""Nao sabe""; values cross-checked against PDF narrative text. Valid-vote shares not printed for this scenario in this wave. Contractor per G1 article (http://g1.globo.com/politica/eleicoes/2014/noticia/2014/09/dilma-tem-35-marina-34-e-aecio-14-diz-pesquisa-datafolha.html, retrieved 2026-09-29T17:16:50Z): ""encomendada pela TV Globo e pelo jornal Folha de S.Paulo"". Datafolha project PO813759; 10,054 interviews in 361 municipalities. Field dates per PDF header ""01 a 03/09/2014"" and methodology page (G1 also says 1 a 3); the PDF narrative text alone says ""entre os dias 2 e 3 de setembro"". publication_date from PDF line ""Sao Paulo, 3 de setembro de 2014"" (G1 03/09/2014 19h10); Datafolha site page posted 4 Sep 2014."
2014-2-45ead5cf94,2014,2,BR-00517/2014,Datafolha,TV Globo; Folha de S.Paulo,2014-09-01,2014-09-03,2014-09-03,10054,,Aécio Neves vs Dilma Rousseff,Dilma Rousseff,49.0,total,10.0,4.0,,http://media.folha.uol.com.br/datafolha/2014/09/04/intencao-de-voto-para-presidente.pdf,pollster_release,,2026-09-29T17:07:33Z,verified_match,data/manual/research_2014/verification.csv,9143de117b681f994362e77996c614d9b0fb909505944b429812a3c376bc9a92,"pre_first_round_h2h; Pre-first-round stimulated national runoff simulation (""Se o segundo turno da eleicao para presidente fosse hoje...""), base total sample, read from Datafolha PDF chart p.79; blank_null_pct = ""Em branco/nulo/nenhum"", undecided_pct = ""Nao sabe""; values cross-checked against PDF narrative text. Valid-vote shares not printed for this scenario in this wave. Contractor per G1 article (http://g1.globo.com/politica/eleicoes/2014/noticia/2014/09/dilma-tem-35-marina-34-e-aecio-14-diz-pesquisa-datafolha.html, retrieved 2026-09-29T17:16:50Z): ""encomendada pela TV Globo e pelo jornal Folha de S.Paulo"". Datafolha project PO813759; 10,054 interviews in 361 municipalities. Field dates per PDF header ""01 a 03/09/2014"" and methodology page (G1 also says 1 a 3); the PDF narrative text alone says ""entre os dias 2 e 3 de setembro"". publication_date from PDF line ""Sao Paulo, 3 de setembro de 2014"" (G1 03/09/2014 19h10); Datafolha site page posted 4 Sep 2014."
2014-2-45ead5cf94,2014,2,BR-00517/2014,Datafolha,TV Globo; Folha de S.Paulo,2014-09-01,2014-09-03,2014-09-03,10054,,Dilma Rousseff vs Marina Silva,Dilma Rousseff,41.0,total,6.0,5.0,,http://media.folha.uol.com.br/datafolha/2014/09/04/intencao-de-voto-para-presidente.pdf,pollster_release,,2026-09-29T17:07:33Z,verified_match,data/manual/research_2014/verification.csv,9143de117b681f994362e77996c614d9b0fb909505944b429812a3c376bc9a92,"pre_first_round_h2h; Pre-first-round stimulated national runoff simulation (""Se o segundo turno da eleicao para presidente fosse hoje...""), base total sample, read from Datafolha PDF chart p.69; blank_null_pct = ""Em branco/nulo/nenhum"", undecided_pct = ""Nao sabe""; values cross-checked against PDF narrative text. Valid-vote shares not printed for this scenario in this wave. Contractor per G1 article (http://g1.globo.com/politica/eleicoes/2014/noticia/2014/09/dilma-tem-35-marina-34-e-aecio-14-diz-pesquisa-datafolha.html, retrieved 2026-09-29T17:16:50Z): ""encomendada pela TV Globo e pelo jornal Folha de S.Paulo"". Datafolha project PO813759; 10,054 interviews in 361 municipalities. Field dates per PDF header ""01 a 03/09/2014"" and methodology page (G1 also says 1 a 3); the PDF narrative text alone says ""entre os dias 2 e 3 de setembro"". publication_date from PDF line ""Sao Paulo, 3 de setembro de 2014"" (G1 03/09/2014 19h10); Datafolha site page posted 4 Sep 2014."
2014-2-45ead5cf94,2014,2,BR-00517/2014,Datafolha,TV Globo; Folha de S.Paulo,2014-09-01,2014-09-03,2014-09-03,10054,,Dilma Rousseff vs Marina Silva,Marina Silva,48.0,total,6.0,5.0,,http://media.folha.uol.com.br/datafolha/2014/09/04/intencao-de-voto-para-presidente.pdf,pollster_release,,2026-09-29T17:07:33Z,verified_match,data/manual/research_2014/verification.csv,9143de117b681f994362e77996c614d9b0fb909505944b429812a3c376bc9a92,"pre_first_round_h2h; Pre-first-round stimulated national runoff simulation (""Se o segundo turno da eleicao para presidente fosse hoje...""), base total sample, read from Datafolha PDF chart p.69; blank_null_pct = ""Em branco/nulo/nenhum"", undecided_pct = ""Nao sabe""; values cross-checked against PDF narrative text. Valid-vote shares not printed for this scenario in this wave. Contractor per G1 article (http://g1.globo.com/politica/eleicoes/2014/noticia/2014/09/dilma-tem-35-marina-34-e-aecio-14-diz-pesquisa-datafolha.html, retrieved 2026-09-29T17:16:50Z): ""encomendada pela TV Globo e pelo jornal Folha de S.Paulo"". Datafolha project PO813759; 10,054 interviews in 361 municipalities. Field dates per PDF header ""01 a 03/09/2014"" and methodology page (G1 also says 1 a 3); the PDF narrative text alone says ""entre os dias 2 e 3 de setembro"". publication_date from PDF line ""Sao Paulo, 3 de setembro de 2014"" (G1 03/09/2014 19h10); Datafolha site page posted 4 Sep 2014."
2014-2-45ead5cf94,2014,2,BR-00517/2014,Datafolha,TV Globo; Folha de S.Paulo,2014-09-01,2014-09-03,2014-09-03,10054,,Aécio Neves vs Marina Silva,Aécio Neves,28.0,total,10.0,6.0,,http://media.folha.uol.com.br/datafolha/2014/09/04/intencao-de-voto-para-presidente.pdf,pollster_release,,2026-09-29T17:07:33Z,verified_match,data/manual/research_2014/verification.csv,9143de117b681f994362e77996c614d9b0fb909505944b429812a3c376bc9a92,"pre_first_round_h2h; Pre-first-round stimulated national runoff simulation (""Se o segundo turno da eleicao para presidente fosse hoje...""), base total sample, read from Datafolha PDF chart p.88; blank_null_pct = ""Em branco/nulo/nenhum"", undecided_pct = ""Nao sabe""; values cross-checked against PDF narrative text. First Datafolha Marina x Aécio simulation (per PDF narrative). Valid-vote shares not printed for this scenario in this wave. Contractor per G1 article (http://g1.globo.com/politica/eleicoes/2014/noticia/2014/09/dilma-tem-35-marina-34-e-aecio-14-diz-pesquisa-datafolha.html, retrieved 2026-09-29T17:16:50Z): ""encomendada pela TV Globo e pelo jornal Folha de S.Paulo"". Datafolha project PO813759; 10,054 interviews in 361 municipalities. Field dates per PDF header ""01 a 03/09/2014"" and methodology page (G1 also says 1 a 3); the PDF narrative text alone says ""entre os dias 2 e 3 de setembro"". publication_date from PDF line ""Sao Paulo, 3 de setembro de 2014"" (G1 03/09/2014 19h10); Datafolha site page posted 4 Sep 2014."
2014-2-45ead5cf94,2014,2,BR-00517/2014,Datafolha,TV Globo; Folha de S.Paulo,2014-09-01,2014-09-03,2014-09-03,10054,,Aécio Neves vs Marina Silva,Marina Silva,56.0,total,10.0,6.0,,http://media.folha.uol.com.br/datafolha/2014/09/04/intencao-de-voto-para-presidente.pdf,pollster_release,,2026-09-29T17:07:33Z,verified_match,data/manual/research_2014/verification.csv,9143de117b681f994362e77996c614d9b0fb909505944b429812a3c376bc9a92,"pre_first_round_h2h; Pre-first-round stimulated national runoff simulation (""Se o segundo turno da eleicao para presidente fosse hoje...""), base total sample, read from Datafolha PDF chart p.88; blank_null_pct = ""Em branco/nulo/nenhum"", undecided_pct = ""Nao sabe""; values cross-checked against PDF narrative text. First Datafolha Marina x Aécio simulation (per PDF narrative). Valid-vote shares not printed for this scenario in this wave. Contractor per G1 article (http://g1.globo.com/politica/eleicoes/2014/noticia/2014/09/dilma-tem-35-marina-34-e-aecio-14-diz-pesquisa-datafolha.html, retrieved 2026-09-29T17:16:50Z): ""encomendada pela TV Globo e pelo jornal Folha de S.Paulo"". Datafolha project PO813759; 10,054 interviews in 361 municipalities. Field dates per PDF header ""01 a 03/09/2014"" and methodology page (G1 also says 1 a 3); the PDF narrative text alone says ""entre os dias 2 e 3 de setembro"". publication_date from PDF line ""Sao Paulo, 3 de setembro de 2014"" (G1 03/09/2014 19h10); Datafolha site page posted 4 Sep 2014."
2014-2-2272573f5e,2014,2,BR-00584/2014,Datafolha,TV Globo; Folha de S.Paulo,2014-09-08,2014-09-09,2014-09-10,10568,,Aécio Neves vs Dilma Rousseff,Aécio Neves,38.0,total,9.0,4.0,,http://media.folha.uol.com.br/datafolha/2014/09/11/intencao_de_voto_e_avaliacao_presidente.pdf,pollster_release,,2026-09-29T17:07:33Z,verified_match,data/manual/research_2014/verification.csv,9143de117b681f994362e77996c614d9b0fb909505944b429812a3c376bc9a92,"pre_first_round_h2h; Pre-first-round stimulated national runoff simulation (""Se o segundo turno da eleicao para presidente fosse hoje...""), base total sample, read from Datafolha PDF chart p.81; blank_null_pct = ""Em branco/nulo/nenhum"", undecided_pct = ""Nao sabe""; values cross-checked against PDF narrative text. Valid-vote shares not printed for this scenario in this wave. Contractor per G1 article (http://g1.globo.com/politica/eleicoes/2014/noticia/2014/09/dilma-tem-36-marina-33-e-aecio-15-diz-pesquisa-datafolha.html, retrieved 2026-09-29T17:16:50Z): ""encomendada pela TV Globo e pelo jornal Folha de S.Paulo"". Datafolha project PO813760; 10,568 interviews in 373 municipalities. PDF carries no release date; publication_date 2014-09-10 from G1 article timestamp (10/09/2014 20h18); Datafolha site page posted 11 Sep 2014 (second value)."
2014-2-2272573f5e,2014,2,BR-00584/2014,Datafolha,TV Globo; Folha de S.Paulo,2014-09-08,2014-09-09,2014-09-10,10568,,Aécio Neves vs Dilma Rousseff,Dilma Rousseff,49.0,total,9.0,4.0,,http://media.folha.uol.com.br/datafolha/2014/09/11/intencao_de_voto_e_avaliacao_presidente.pdf,pollster_release,,2026-09-29T17:07:33Z,verified_match,data/manual/research_2014/verification.csv,9143de117b681f994362e77996c614d9b0fb909505944b429812a3c376bc9a92,"pre_first_round_h2h; Pre-first-round stimulated national runoff simulation (""Se o segundo turno da eleicao para presidente fosse hoje...""), base total sample, read from Datafolha PDF chart p.81; blank_null_pct = ""Em branco/nulo/nenhum"", undecided_pct = ""Nao sabe""; values cross-checked against PDF narrative text. Valid-vote shares not printed for this scenario in this wave. Contractor per G1 article (http://g1.globo.com/politica/eleicoes/2014/noticia/2014/09/dilma-tem-36-marina-33-e-aecio-15-diz-pesquisa-datafolha.html, retrieved 2026-09-29T17:16:50Z): ""encomendada pela TV Globo e pelo jornal Folha de S.Paulo"". Datafolha project PO813760; 10,568 interviews in 373 municipalities. PDF carries no release date; publication_date 2014-09-10 from G1 article timestamp (10/09/2014 20h18); Datafolha site page posted 11 Sep 2014 (second value)."
2014-2-2272573f5e,2014,2,BR-00584/2014,Datafolha,TV Globo; Folha de S.Paulo,2014-09-08,2014-09-09,2014-09-10,10568,,Dilma Rousseff vs Marina Silva,Dilma Rousseff,43.0,total,6.0,4.0,,http://media.folha.uol.com.br/datafolha/2014/09/11/intencao_de_voto_e_avaliacao_presidente.pdf,pollster_release,,2026-09-29T17:07:33Z,verified_match,data/manual/research_2014/verification.csv,9143de117b681f994362e77996c614d9b0fb909505944b429812a3c376bc9a92,"pre_first_round_h2h; Pre-first-round stimulated national runoff simulation (""Se o segundo turno da eleicao para presidente fosse hoje...""), base total sample, read from Datafolha PDF chart p.71; blank_null_pct = ""Em branco/nulo/nenhum"", undecided_pct = ""Nao sabe""; values cross-checked against PDF narrative text. Valid-vote shares not printed for this scenario in this wave. Contractor per G1 article (http://g1.globo.com/politica/eleicoes/2014/noticia/2014/09/dilma-tem-36-marina-33-e-aecio-15-diz-pesquisa-datafolha.html, retrieved 2026-09-29T17:16:50Z): ""encomendada pela TV Globo e pelo jornal Folha de S.Paulo"". Datafolha project PO813760; 10,568 interviews in 373 municipalities. PDF carries no release date; publication_date 2014-09-10 from G1 article timestamp (10/09/2014 20h18); Datafolha site page posted 11 Sep 2014 (second value)."
2014-2-2272573f5e,2014,2,BR-00584/2014,Datafolha,TV Globo; Folha de S.Paulo,2014-09-08,2014-09-09,2014-09-10,10568,,Dilma Rousseff vs Marina Silva,Marina Silva,47.0,total,6.0,4.0,,http://media.folha.uol.com.br/datafolha/2014/09/11/intencao_de_voto_e_avaliacao_presidente.pdf,pollster_release,,2026-09-29T17:07:33Z,verified_match,data/manual/research_2014/verification.csv,9143de117b681f994362e77996c614d9b0fb909505944b429812a3c376bc9a92,"pre_first_round_h2h; Pre-first-round stimulated national runoff simulation (""Se o segundo turno da eleicao para presidente fosse hoje...""), base total sample, read from Datafolha PDF chart p.71; blank_null_pct = ""Em branco/nulo/nenhum"", undecided_pct = ""Nao sabe""; values cross-checked against PDF narrative text. Valid-vote shares not printed for this scenario in this wave. Contractor per G1 article (http://g1.globo.com/politica/eleicoes/2014/noticia/2014/09/dilma-tem-36-marina-33-e-aecio-15-diz-pesquisa-datafolha.html, retrieved 2026-09-29T17:16:50Z): ""encomendada pela TV Globo e pelo jornal Folha de S.Paulo"". Datafolha project PO813760; 10,568 interviews in 373 municipalities. PDF carries no release date; publication_date 2014-09-10 from G1 article timestamp (10/09/2014 20h18); Datafolha site page posted 11 Sep 2014 (second value)."
2014-2-2272573f5e,2014,2,BR-00584/2014,Datafolha,TV Globo; Folha de S.Paulo,2014-09-08,2014-09-09,2014-09-10,10568,,Aécio Neves vs Marina Silva,Aécio Neves,30.0,total,10.0,5.0,,http://media.folha.uol.com.br/datafolha/2014/09/11/intencao_de_voto_e_avaliacao_presidente.pdf,pollster_release,,2026-09-29T17:07:33Z,verified_match,data/manual/research_2014/verification.csv,9143de117b681f994362e77996c614d9b0fb909505944b429812a3c376bc9a92,"pre_first_round_h2h; Pre-first-round stimulated national runoff simulation (""Se o segundo turno da eleicao para presidente fosse hoje...""), base total sample, read from Datafolha PDF chart p.82; blank_null_pct = ""Em branco/nulo/nenhum"", undecided_pct = ""Nao sabe""; values cross-checked against PDF narrative text. Valid-vote shares not printed for this scenario in this wave. Contractor per G1 article (http://g1.globo.com/politica/eleicoes/2014/noticia/2014/09/dilma-tem-36-marina-33-e-aecio-15-diz-pesquisa-datafolha.html, retrieved 2026-09-29T17:16:50Z): ""encomendada pela TV Globo e pelo jornal Folha de S.Paulo"". Datafolha project PO813760; 10,568 interviews in 373 municipalities. PDF carries no release date; publication_date 2014-09-10 from G1 article timestamp (10/09/2014 20h18); Datafolha site page posted 11 Sep 2014 (second value)."
2014-2-2272573f5e,2014,2,BR-00584/2014,Datafolha,TV Globo; Folha de S.Paulo,2014-09-08,2014-09-09,2014-09-10,10568,,Aécio Neves vs Marina Silva,Marina Silva,54.0,total,10.0,5.0,,http://media.folha.uol.com.br/datafolha/2014/09/11/intencao_de_voto_e_avaliacao_presidente.pdf,pollster_release,,2026-09-29T17:07:33Z,verified_match,data/manual/research_2014/verification.csv,9143de117b681f994362e77996c614d9b0fb909505944b429812a3c376bc9a92,"pre_first_round_h2h; Pre-first-round stimulated national runoff simulation (""Se o segundo turno da eleicao para presidente fosse hoje...""), base total sample, read from Datafolha PDF chart p.82; blank_null_pct = ""Em branco/nulo/nenhum"", undecided_pct = ""Nao sabe""; values cross-checked against PDF narrative text. Valid-vote shares not printed for this scenario in this wave. Contractor per G1 article (http://g1.globo.com/politica/eleicoes/2014/noticia/2014/09/dilma-tem-36-marina-33-e-aecio-15-diz-pesquisa-datafolha.html, retrieved 2026-09-29T17:16:50Z): ""encomendada pela TV Globo e pelo jornal Folha de S.Paulo"". Datafolha project PO813760; 10,568 interviews in 373 municipalities. PDF carries no release date; publication_date 2014-09-10 from G1 article timestamp (10/09/2014 20h18); Datafolha site page posted 11 Sep 2014 (second value)."
2014-2-cfbe76c9c7,2014,2,BR-00665/2014,Datafolha,TV Globo; Folha de S.Paulo,2014-09-17,2014-09-18,2014-09-19,5340,,Aécio Neves vs Dilma Rousseff,Aécio Neves,39.0,total,8.0,4.0,,http://media.folha.uol.com.br/datafolha/2014/09/19/intencao_de_voto_presidente.pdf,pollster_release,,2026-09-29T17:07:33Z,verified_match,data/manual/research_2014/verification.csv,9143de117b681f994362e77996c614d9b0fb909505944b429812a3c376bc9a92,"pre_first_round_h2h; Pre-first-round stimulated national runoff simulation (""Se o segundo turno da eleicao para presidente fosse hoje...""), base total sample, read from Datafolha PDF chart p.97; blank_null_pct = ""Em branco/nulo/nenhum"", undecided_pct = ""Nao sabe""; values cross-checked against PDF narrative text. share_valid_pct not printed in this wave's own release; taken from the Datafolha 25-26/09 release PDF p.99 (valid-vote series, column 17 e 18/9/14). Contractor per G1 article (http://g1.globo.com/politica/eleicoes/2014/noticia/2014/09/dilma-tem-37-marina-30-e-aecio-17-diz-pesquisa-datafolha.html, retrieved 2026-09-29T17:16:50Z): ""encomendada pela TV Globo e pelo jornal Folha de S.Paulo"". Datafolha project PO813761; 5,340 interviews in 265 municipalities. PDF carries no release date; publication_date 2014-09-19 from Datafolha site page (19.set.2014 12h01) and G1 (19/09/2014 03h29)."
2014-2-cfbe76c9c7,2014,2,BR-00665/2014,Datafolha,TV Globo; Folha de S.Paulo,2014-09-17,2014-09-18,2014-09-19,5340,,Aécio Neves vs Dilma Rousseff,Dilma Rousseff,49.0,total,8.0,4.0,,http://media.folha.uol.com.br/datafolha/2014/09/19/intencao_de_voto_presidente.pdf,pollster_release,,2026-09-29T17:07:33Z,verified_match,data/manual/research_2014/verification.csv,9143de117b681f994362e77996c614d9b0fb909505944b429812a3c376bc9a92,"pre_first_round_h2h; Pre-first-round stimulated national runoff simulation (""Se o segundo turno da eleicao para presidente fosse hoje...""), base total sample, read from Datafolha PDF chart p.97; blank_null_pct = ""Em branco/nulo/nenhum"", undecided_pct = ""Nao sabe""; values cross-checked against PDF narrative text. share_valid_pct not printed in this wave's own release; taken from the Datafolha 25-26/09 release PDF p.99 (valid-vote series, column 17 e 18/9/14). Contractor per G1 article (http://g1.globo.com/politica/eleicoes/2014/noticia/2014/09/dilma-tem-37-marina-30-e-aecio-17-diz-pesquisa-datafolha.html, retrieved 2026-09-29T17:16:50Z): ""encomendada pela TV Globo e pelo jornal Folha de S.Paulo"". Datafolha project PO813761; 5,340 interviews in 265 municipalities. PDF carries no release date; publication_date 2014-09-19 from Datafolha site page (19.set.2014 12h01) and G1 (19/09/2014 03h29)."
2014-2-cfbe76c9c7,2014,2,BR-00665/2014,Datafolha,TV Globo; Folha de S.Paulo,2014-09-17,2014-09-18,2014-09-19,5340,,Dilma Rousseff vs Marina Silva,Dilma Rousseff,44.0,total,7.0,3.0,,http://media.folha.uol.com.br/datafolha/2014/09/19/intencao_de_voto_presidente.pdf,pollster_release,,2026-09-29T17:07:33Z,verified_match,data/manual/research_2014/verification.csv,9143de117b681f994362e77996c614d9b0fb909505944b429812a3c376bc9a92,"pre_first_round_h2h; Pre-first-round stimulated national runoff simulation (""Se o segundo turno da eleicao para presidente fosse hoje...""), base total sample, read from Datafolha PDF chart p.87; blank_null_pct = ""Em branco/nulo/nenhum"", undecided_pct = ""Nao sabe""; values cross-checked against PDF narrative text. share_valid_pct not printed in this wave's own release; taken from the Datafolha 25-26/09 release PDF p.98 (valid-vote series, column 17 e 18/9/14). Contractor per G1 article (http://g1.globo.com/politica/eleicoes/2014/noticia/2014/09/dilma-tem-37-marina-30-e-aecio-17-diz-pesquisa-datafolha.html, retrieved 2026-09-29T17:16:50Z): ""encomendada pela TV Globo e pelo jornal Folha de S.Paulo"". Datafolha project PO813761; 5,340 interviews in 265 municipalities. PDF carries no release date; publication_date 2014-09-19 from Datafolha site page (19.set.2014 12h01) and G1 (19/09/2014 03h29)."
2014-2-cfbe76c9c7,2014,2,BR-00665/2014,Datafolha,TV Globo; Folha de S.Paulo,2014-09-17,2014-09-18,2014-09-19,5340,,Dilma Rousseff vs Marina Silva,Marina Silva,46.0,total,7.0,3.0,,http://media.folha.uol.com.br/datafolha/2014/09/19/intencao_de_voto_presidente.pdf,pollster_release,,2026-09-29T17:07:33Z,verified_match,data/manual/research_2014/verification.csv,9143de117b681f994362e77996c614d9b0fb909505944b429812a3c376bc9a92,"pre_first_round_h2h; Pre-first-round stimulated national runoff simulation (""Se o segundo turno da eleicao para presidente fosse hoje...""), base total sample, read from Datafolha PDF chart p.87; blank_null_pct = ""Em branco/nulo/nenhum"", undecided_pct = ""Nao sabe""; values cross-checked against PDF narrative text. share_valid_pct not printed in this wave's own release; taken from the Datafolha 25-26/09 release PDF p.98 (valid-vote series, column 17 e 18/9/14). Contractor per G1 article (http://g1.globo.com/politica/eleicoes/2014/noticia/2014/09/dilma-tem-37-marina-30-e-aecio-17-diz-pesquisa-datafolha.html, retrieved 2026-09-29T17:16:50Z): ""encomendada pela TV Globo e pelo jornal Folha de S.Paulo"". Datafolha project PO813761; 5,340 interviews in 265 municipalities. PDF carries no release date; publication_date 2014-09-19 from Datafolha site page (19.set.2014 12h01) and G1 (19/09/2014 03h29)."
2014-2-cfbe76c9c7,2014,2,BR-00665/2014,Datafolha,TV Globo; Folha de S.Paulo,2014-09-17,2014-09-18,2014-09-19,5340,,Aécio Neves vs Marina Silva,Aécio Neves,35.0,total,11.0,5.0,,http://media.folha.uol.com.br/datafolha/2014/09/19/intencao_de_voto_presidente.pdf,pollster_release,,2026-09-29T17:07:33Z,verified_match,data/manual/research_2014/verification.csv,9143de117b681f994362e77996c614d9b0fb909505944b429812a3c376bc9a92,"pre_first_round_h2h; Pre-first-round stimulated national runoff simulation (""Se o segundo turno da eleicao para presidente fosse hoje...""), base total sample, read from Datafolha PDF chart p.98; blank_null_pct = ""Em branco/nulo/nenhum"", undecided_pct = ""Nao sabe""; values cross-checked against PDF narrative text. Last Datafolha Marina x Aécio simulation found; releases for 25-26/09, 29-30/09, 01-02/10 and 03-04/10 print no Marina x Aécio scenario. Valid-vote shares not printed for this scenario in this wave. Contractor per G1 article (http://g1.globo.com/politica/eleicoes/2014/noticia/2014/09/dilma-tem-37-marina-30-e-aecio-17-diz-pesquisa-datafolha.html, retrieved 2026-09-29T17:16:50Z): ""encomendada pela TV Globo e pelo jornal Folha de S.Paulo"". Datafolha project PO813761; 5,340 interviews in 265 municipalities. PDF carries no release date; publication_date 2014-09-19 from Datafolha site page (19.set.2014 12h01) and G1 (19/09/2014 03h29)."
2014-2-cfbe76c9c7,2014,2,BR-00665/2014,Datafolha,TV Globo; Folha de S.Paulo,2014-09-17,2014-09-18,2014-09-19,5340,,Aécio Neves vs Marina Silva,Marina Silva,49.0,total,11.0,5.0,,http://media.folha.uol.com.br/datafolha/2014/09/19/intencao_de_voto_presidente.pdf,pollster_release,,2026-09-29T17:07:33Z,verified_match,data/manual/research_2014/verification.csv,9143de117b681f994362e77996c614d9b0fb909505944b429812a3c376bc9a92,"pre_first_round_h2h; Pre-first-round stimulated national runoff simulation (""Se o segundo turno da eleicao para presidente fosse hoje...""), base total sample, read from Datafolha PDF chart p.98; blank_null_pct = ""Em branco/nulo/nenhum"", undecided_pct = ""Nao sabe""; values cross-checked against PDF narrative text. Last Datafolha Marina x Aécio simulation found; releases for 25-26/09, 29-30/09, 01-02/10 and 03-04/10 print no Marina x Aécio scenario. Valid-vote shares not printed for this scenario in this wave. Contractor per G1 article (http://g1.globo.com/politica/eleicoes/2014/noticia/2014/09/dilma-tem-37-marina-30-e-aecio-17-diz-pesquisa-datafolha.html, retrieved 2026-09-29T17:16:50Z): ""encomendada pela TV Globo e pelo jornal Folha de S.Paulo"". Datafolha project PO813761; 5,340 interviews in 265 municipalities. PDF carries no release date; publication_date 2014-09-19 from Datafolha site page (19.set.2014 12h01) and G1 (19/09/2014 03h29)."
2014-2-7e6a1b6dd7,2014,2,BR-00782/2014,Datafolha,TV Globo; Folha de S.Paulo,2014-09-25,2014-09-26,2014-09-26,11474,,Aécio Neves vs Dilma Rousseff,Aécio Neves,39.0,total,8.0,4.0,,http://media.folha.uol.com.br/datafolha/2014/09/27/intencaodevotoeavaliacaopresidente.pdf,pollster_release,,2026-09-29T17:07:33Z,verified_match,data/manual/research_2014/verification.csv,9143de117b681f994362e77996c614d9b0fb909505944b429812a3c376bc9a92,"pre_first_round_h2h; Pre-first-round stimulated national runoff simulation (""Se o segundo turno da eleicao para presidente fosse hoje...""), base total sample, read from Datafolha PDF chart p.90 (valid-vote chart p.99); blank_null_pct = ""Em branco/nulo/nenhum"", undecided_pct = ""Nao sabe""; values cross-checked against PDF narrative text. Contractor per G1 article (http://g1.globo.com/politica/eleicoes/2014/noticia/2014/09/dilma-tem-40-marina-27-e-aecio-18-aponta-pesquisa-datafolha.html, retrieved 2026-09-29T17:16:50Z): ""encomendada pela TV Globo e pelo jornal Folha de S.Paulo"". Datafolha project PO813763; 11,474 interviews in 402 municipalities. publication_date from PDF line ""Sao Paulo, 26 de setembro de 2014"" (G1 26/09/2014 19h24; Datafolha site 26.set.2014 20h43)."
2014-2-7e6a1b6dd7,2014,2,BR-00782/2014,Datafolha,TV Globo; Folha de S.Paulo,2014-09-25,2014-09-26,2014-09-26,11474,,Aécio Neves vs Dilma Rousseff,Dilma Rousseff,50.0,total,8.0,4.0,,http://media.folha.uol.com.br/datafolha/2014/09/27/intencaodevotoeavaliacaopresidente.pdf,pollster_release,,2026-09-29T17:07:33Z,verified_match,data/manual/research_2014/verification.csv,9143de117b681f994362e77996c614d9b0fb909505944b429812a3c376bc9a92,"pre_first_round_h2h; Pre-first-round stimulated national runoff simulation (""Se o segundo turno da eleicao para presidente fosse hoje...""), base total sample, read from Datafolha PDF chart p.90 (valid-vote chart p.99); blank_null_pct = ""Em branco/nulo/nenhum"", undecided_pct = ""Nao sabe""; values cross-checked against PDF narrative text. Contractor per G1 article (http://g1.globo.com/politica/eleicoes/2014/noticia/2014/09/dilma-tem-40-marina-27-e-aecio-18-aponta-pesquisa-datafolha.html, retrieved 2026-09-29T17:16:50Z): ""encomendada pela TV Globo e pelo jornal Folha de S.Paulo"". Datafolha project PO813763; 11,474 interviews in 402 municipalities. publication_date from PDF line ""Sao Paulo, 26 de setembro de 2014"" (G1 26/09/2014 19h24; Datafolha site 26.set.2014 20h43)."
2014-2-7e6a1b6dd7,2014,2,BR-00782/2014,Datafolha,TV Globo; Folha de S.Paulo,2014-09-25,2014-09-26,2014-09-26,11474,,Dilma Rousseff vs Marina Silva,Dilma Rousseff,47.0,total,7.0,4.0,,http://media.folha.uol.com.br/datafolha/2014/09/27/intencaodevotoeavaliacaopresidente.pdf,pollster_release,,2026-09-29T17:07:33Z,verified_match,data/manual/research_2014/verification.csv,9143de117b681f994362e77996c614d9b0fb909505944b429812a3c376bc9a92,"pre_first_round_h2h; Pre-first-round stimulated national runoff simulation (""Se o segundo turno da eleicao para presidente fosse hoje...""), base total sample, read from Datafolha PDF chart p.81 (valid-vote chart p.98); blank_null_pct = ""Em branco/nulo/nenhum"", undecided_pct = ""Nao sabe""; values cross-checked against PDF narrative text. Contractor per G1 article (http://g1.globo.com/politica/eleicoes/2014/noticia/2014/09/dilma-tem-40-marina-27-e-aecio-18-aponta-pesquisa-datafolha.html, retrieved 2026-09-29T17:16:50Z): ""encomendada pela TV Globo e pelo jornal Folha de S.Paulo"". Datafolha project PO813763; 11,474 interviews in 402 municipalities. publication_date from PDF line ""Sao Paulo, 26 de setembro de 2014"" (G1 26/09/2014 19h24; Datafolha site 26.set.2014 20h43)."
2014-2-7e6a1b6dd7,2014,2,BR-00782/2014,Datafolha,TV Globo; Folha de S.Paulo,2014-09-25,2014-09-26,2014-09-26,11474,,Dilma Rousseff vs Marina Silva,Marina Silva,43.0,total,7.0,4.0,,http://media.folha.uol.com.br/datafolha/2014/09/27/intencaodevotoeavaliacaopresidente.pdf,pollster_release,,2026-09-29T17:07:33Z,verified_match,data/manual/research_2014/verification.csv,9143de117b681f994362e77996c614d9b0fb909505944b429812a3c376bc9a92,"pre_first_round_h2h; Pre-first-round stimulated national runoff simulation (""Se o segundo turno da eleicao para presidente fosse hoje...""), base total sample, read from Datafolha PDF chart p.81 (valid-vote chart p.98); blank_null_pct = ""Em branco/nulo/nenhum"", undecided_pct = ""Nao sabe""; values cross-checked against PDF narrative text. Contractor per G1 article (http://g1.globo.com/politica/eleicoes/2014/noticia/2014/09/dilma-tem-40-marina-27-e-aecio-18-aponta-pesquisa-datafolha.html, retrieved 2026-09-29T17:16:50Z): ""encomendada pela TV Globo e pelo jornal Folha de S.Paulo"". Datafolha project PO813763; 11,474 interviews in 402 municipalities. publication_date from PDF line ""Sao Paulo, 26 de setembro de 2014"" (G1 26/09/2014 19h24; Datafolha site 26.set.2014 20h43)."
2014-2-e6964a036d,2014,2,BR-00905/2014,Datafolha,TV Globo; Folha de S.Paulo,2014-09-29,2014-09-30,2014-09-30,7520,,Aécio Neves vs Dilma Rousseff,Aécio Neves,41.0,total,7.0,3.0,,http://media.folha.uol.com.br/datafolha/2014/10/01/intencao_de_voto_e_avaliacao_presidente.pdf,pollster_release,,2026-09-29T17:07:33Z,verified_match,data/manual/research_2014/verification.csv,9143de117b681f994362e77996c614d9b0fb909505944b429812a3c376bc9a92,"pre_first_round_h2h; Pre-first-round stimulated national runoff simulation (""Se o segundo turno da eleicao para presidente fosse hoje...""), base total sample, read from Datafolha PDF chart p.76 (valid-vote chart p.83); blank_null_pct = ""Em branco/nulo/nenhum"", undecided_pct = ""Nao sabe""; values cross-checked against PDF narrative text. Contractor per G1 article (http://g1.globo.com/politica/eleicoes/2014/noticia/2014/09/dilma-tem-40-marina-25-e-aecio-20-aponta-pesquisa-datafolha.html, retrieved 2026-09-29T17:16:50Z): ""encomendada pela TV Globo e pelo jornal Folha de S.Paulo"". Datafolha project PO813765; 7,520 interviews in 311 municipalities. PDF carries no release date; publication_date 2014-09-30 from G1 (30/09/2014 18h59); Datafolha site page posted 1 Oct 2014 (second value)."
2014-2-e6964a036d,2014,2,BR-00905/2014,Datafolha,TV Globo; Folha de S.Paulo,2014-09-29,2014-09-30,2014-09-30,7520,,Aécio Neves vs Dilma Rousseff,Dilma Rousseff,50.0,total,7.0,3.0,,http://media.folha.uol.com.br/datafolha/2014/10/01/intencao_de_voto_e_avaliacao_presidente.pdf,pollster_release,,2026-09-29T17:07:33Z,verified_match,data/manual/research_2014/verification.csv,9143de117b681f994362e77996c614d9b0fb909505944b429812a3c376bc9a92,"pre_first_round_h2h; Pre-first-round stimulated national runoff simulation (""Se o segundo turno da eleicao para presidente fosse hoje...""), base total sample, read from Datafolha PDF chart p.76 (valid-vote chart p.83); blank_null_pct = ""Em branco/nulo/nenhum"", undecided_pct = ""Nao sabe""; values cross-checked against PDF narrative text. Contractor per G1 article (http://g1.globo.com/politica/eleicoes/2014/noticia/2014/09/dilma-tem-40-marina-25-e-aecio-20-aponta-pesquisa-datafolha.html, retrieved 2026-09-29T17:16:50Z): ""encomendada pela TV Globo e pelo jornal Folha de S.Paulo"". Datafolha project PO813765; 7,520 interviews in 311 municipalities. PDF carries no release date; publication_date 2014-09-30 from G1 (30/09/2014 18h59); Datafolha site page posted 1 Oct 2014 (second value)."
2014-2-e6964a036d,2014,2,BR-00905/2014,Datafolha,TV Globo; Folha de S.Paulo,2014-09-29,2014-09-30,2014-09-30,7520,,Dilma Rousseff vs Marina Silva,Dilma Rousseff,49.0,total,7.0,3.0,,http://media.folha.uol.com.br/datafolha/2014/10/01/intencao_de_voto_e_avaliacao_presidente.pdf,pollster_release,,2026-09-29T17:07:33Z,verified_match,data/manual/research_2014/verification.csv,9143de117b681f994362e77996c614d9b0fb909505944b429812a3c376bc9a92,"pre_first_round_h2h; Pre-first-round stimulated national runoff simulation (""Se o segundo turno da eleicao para presidente fosse hoje...""), base total sample, read from Datafolha PDF chart p.66 (valid-vote chart p.82); blank_null_pct = ""Em branco/nulo/nenhum"", undecided_pct = ""Nao sabe""; values cross-checked against PDF narrative text. Contractor per G1 article (http://g1.globo.com/politica/eleicoes/2014/noticia/2014/09/dilma-tem-40-marina-25-e-aecio-20-aponta-pesquisa-datafolha.html, retrieved 2026-09-29T17:16:50Z): ""encomendada pela TV Globo e pelo jornal Folha de S.Paulo"". Datafolha project PO813765; 7,520 interviews in 311 municipalities. PDF carries no release date; publication_date 2014-09-30 from G1 (30/09/2014 18h59); Datafolha site page posted 1 Oct 2014 (second value)."
2014-2-e6964a036d,2014,2,BR-00905/2014,Datafolha,TV Globo; Folha de S.Paulo,2014-09-29,2014-09-30,2014-09-30,7520,,Dilma Rousseff vs Marina Silva,Marina Silva,41.0,total,7.0,3.0,,http://media.folha.uol.com.br/datafolha/2014/10/01/intencao_de_voto_e_avaliacao_presidente.pdf,pollster_release,,2026-09-29T17:07:33Z,verified_match,data/manual/research_2014/verification.csv,9143de117b681f994362e77996c614d9b0fb909505944b429812a3c376bc9a92,"pre_first_round_h2h; Pre-first-round stimulated national runoff simulation (""Se o segundo turno da eleicao para presidente fosse hoje...""), base total sample, read from Datafolha PDF chart p.66 (valid-vote chart p.82); blank_null_pct = ""Em branco/nulo/nenhum"", undecided_pct = ""Nao sabe""; values cross-checked against PDF narrative text. Contractor per G1 article (http://g1.globo.com/politica/eleicoes/2014/noticia/2014/09/dilma-tem-40-marina-25-e-aecio-20-aponta-pesquisa-datafolha.html, retrieved 2026-09-29T17:16:50Z): ""encomendada pela TV Globo e pelo jornal Folha de S.Paulo"". Datafolha project PO813765; 7,520 interviews in 311 municipalities. PDF carries no release date; publication_date 2014-09-30 from G1 (30/09/2014 18h59); Datafolha site page posted 1 Oct 2014 (second value)."
2014-2-d71571d4c4,2014,2,BR-00933/2014,Datafolha,TV Globo; Folha de S.Paulo,2014-10-01,2014-10-02,2014-10-02,12022,,Aécio Neves vs Dilma Rousseff,Aécio Neves,41.0,total,7.0,3.0,,http://media.folha.uol.com.br/datafolha/2014/10/03/intencao_de_voto_presidente_2.pdf,pollster_release,,2026-09-29T17:12:59Z,verified_match,data/manual/research_2014/verification.csv,9143de117b681f994362e77996c614d9b0fb909505944b429812a3c376bc9a92,"pre_first_round_h2h; Pre-first-round stimulated national runoff simulation (""Se o segundo turno da eleicao para presidente fosse hoje...""), base total sample, read from Datafolha PDF chart p.86 (valid-vote chart p.95); blank_null_pct = ""Em branco/nulo/nenhum"", undecided_pct = ""Nao sabe""; values cross-checked against PDF narrative text. Same values also printed in the 03-04/10 release PDF evolution charts (p.67 total, p.82 valid) and in the G1 article. Contractor per G1 article (http://g1.globo.com/politica/eleicoes/2014/noticia/2014/10/dilma-tem-40-marina-24-e-aecio-21-aponta-pesquisa-datafolha.html, retrieved 2026-09-29T17:16:50Z): ""encomendada pela TV Globo e pelo jornal Folha de S.Paulo"". Datafolha project PO813766; 12,022 interviews in 433 municipalities (PDF methodology p.6). publication_date from PDF line ""Sao Paulo, 02 de outubro de 2014"" (G1 02/10/2014 18h51). The Datafolha site HTML page for this wave (eleicoes/2014/10/1526493-aecio-esta-tecnicamente-empatado-...) now redirects to a broken URL; PDF located via Wayback CDX index and fetched live from media.folha.uol.com.br."
2014-2-d71571d4c4,2014,2,BR-00933/2014,Datafolha,TV Globo; Folha de S.Paulo,2014-10-01,2014-10-02,2014-10-02,12022,,Aécio Neves vs Dilma Rousseff,Dilma Rousseff,48.0,total,7.0,3.0,,http://media.folha.uol.com.br/datafolha/2014/10/03/intencao_de_voto_presidente_2.pdf,pollster_release,,2026-09-29T17:12:59Z,verified_match,data/manual/research_2014/verification.csv,9143de117b681f994362e77996c614d9b0fb909505944b429812a3c376bc9a92,"pre_first_round_h2h; Pre-first-round stimulated national runoff simulation (""Se o segundo turno da eleicao para presidente fosse hoje...""), base total sample, read from Datafolha PDF chart p.86 (valid-vote chart p.95); blank_null_pct = ""Em branco/nulo/nenhum"", undecided_pct = ""Nao sabe""; values cross-checked against PDF narrative text. Same values also printed in the 03-04/10 release PDF evolution charts (p.67 total, p.82 valid) and in the G1 article. Contractor per G1 article (http://g1.globo.com/politica/eleicoes/2014/noticia/2014/10/dilma-tem-40-marina-24-e-aecio-21-aponta-pesquisa-datafolha.html, retrieved 2026-09-29T17:16:50Z): ""encomendada pela TV Globo e pelo jornal Folha de S.Paulo"". Datafolha project PO813766; 12,022 interviews in 433 municipalities (PDF methodology p.6). publication_date from PDF line ""Sao Paulo, 02 de outubro de 2014"" (G1 02/10/2014 18h51). The Datafolha site HTML page for this wave (eleicoes/2014/10/1526493-aecio-esta-tecnicamente-empatado-...) now redirects to a broken URL; PDF located via Wayback CDX index and fetched live from media.folha.uol.com.br."
2014-2-d71571d4c4,2014,2,BR-00933/2014,Datafolha,TV Globo; Folha de S.Paulo,2014-10-01,2014-10-02,2014-10-02,12022,,Dilma Rousseff vs Marina Silva,Dilma Rousseff,48.0,total,8.0,3.0,,http://media.folha.uol.com.br/datafolha/2014/10/03/intencao_de_voto_presidente_2.pdf,pollster_release,,2026-09-29T17:12:59Z,verified_match,data/manual/research_2014/verification.csv,9143de117b681f994362e77996c614d9b0fb909505944b429812a3c376bc9a92,"pre_first_round_h2h; Pre-first-round stimulated national runoff simulation (""Se o segundo turno da eleicao para presidente fosse hoje...""), base total sample, read from Datafolha PDF chart p.85 (valid-vote chart p.94); blank_null_pct = ""Em branco/nulo/nenhum"", undecided_pct = ""Nao sabe""; values cross-checked against PDF narrative text. Same values also printed in the 03-04/10 release PDF evolution charts (p.58 total, p.81 valid) and in the G1 article. Contractor per G1 article (http://g1.globo.com/politica/eleicoes/2014/noticia/2014/10/dilma-tem-40-marina-24-e-aecio-21-aponta-pesquisa-datafolha.html, retrieved 2026-09-29T17:16:50Z): ""encomendada pela TV Globo e pelo jornal Folha de S.Paulo"". Datafolha project PO813766; 12,022 interviews in 433 municipalities (PDF methodology p.6). publication_date from PDF line ""Sao Paulo, 02 de outubro de 2014"" (G1 02/10/2014 18h51). The Datafolha site HTML page for this wave (eleicoes/2014/10/1526493-aecio-esta-tecnicamente-empatado-...) now redirects to a broken URL; PDF located via Wayback CDX index and fetched live from media.folha.uol.com.br."
2014-2-d71571d4c4,2014,2,BR-00933/2014,Datafolha,TV Globo; Folha de S.Paulo,2014-10-01,2014-10-02,2014-10-02,12022,,Dilma Rousseff vs Marina Silva,Marina Silva,41.0,total,8.0,3.0,,http://media.folha.uol.com.br/datafolha/2014/10/03/intencao_de_voto_presidente_2.pdf,pollster_release,,2026-09-29T17:12:59Z,verified_match,data/manual/research_2014/verification.csv,9143de117b681f994362e77996c614d9b0fb909505944b429812a3c376bc9a92,"pre_first_round_h2h; Pre-first-round stimulated national runoff simulation (""Se o segundo turno da eleicao para presidente fosse hoje...""), base total sample, read from Datafolha PDF chart p.85 (valid-vote chart p.94); blank_null_pct = ""Em branco/nulo/nenhum"", undecided_pct = ""Nao sabe""; values cross-checked against PDF narrative text. Same values also printed in the 03-04/10 release PDF evolution charts (p.58 total, p.81 valid) and in the G1 article. Contractor per G1 article (http://g1.globo.com/politica/eleicoes/2014/noticia/2014/10/dilma-tem-40-marina-24-e-aecio-21-aponta-pesquisa-datafolha.html, retrieved 2026-09-29T17:16:50Z): ""encomendada pela TV Globo e pelo jornal Folha de S.Paulo"". Datafolha project PO813766; 12,022 interviews in 433 municipalities (PDF methodology p.6). publication_date from PDF line ""Sao Paulo, 02 de outubro de 2014"" (G1 02/10/2014 18h51). The Datafolha site HTML page for this wave (eleicoes/2014/10/1526493-aecio-esta-tecnicamente-empatado-...) now redirects to a broken URL; PDF located via Wayback CDX index and fetched live from media.folha.uol.com.br."
2014-2-564a916fa7,2014,2,BR-01037/2014,Datafolha,TV Globo; Folha de S.Paulo,2014-10-03,2014-10-04,2014-10-04,18116,,Aécio Neves vs Dilma Rousseff,Aécio Neves,42.0,total,7.0,3.0,,http://media.folha.uol.com.br/datafolha/2014/10/04/intencao_de_voto_presidente.pdf,pollster_release,,2026-09-29T17:07:33Z,verified_match,data/manual/research_2014/verification.csv,9143de117b681f994362e77996c614d9b0fb909505944b429812a3c376bc9a92,"pre_first_round_h2h; Pre-first-round stimulated national runoff simulation (""Se o segundo turno da eleicao para presidente fosse hoje...""), base total sample, read from Datafolha PDF chart p.67 (valid-vote chart p.82); blank_null_pct = ""Em branco/nulo/nenhum"", undecided_pct = ""Nao sabe""; values cross-checked against PDF narrative text. Contractor per G1 article (http://g1.globo.com/politica/eleicoes/2014/noticia/2014/10/datafolha-votos-validos-dilma-tem-44-aecio-26-e-marina-24.html, retrieved 2026-09-29T17:16:50Z): ""encomendada pela TV Globo e pelo jornal Folha de S.Paulo"". Datafolha project PO813767 (vespera); 18,116 interviews in 468 municipalities. publication_date from PDF line ""Sao Paulo, 04 de outubro de 2014"" (G1 04/10/2014 16h15)."
2014-2-564a916fa7,2014,2,BR-01037/2014,Datafolha,TV Globo; Folha de S.Paulo,2014-10-03,2014-10-04,2014-10-04,18116,,Aécio Neves vs Dilma Rousseff,Dilma Rousseff,48.0,total,7.0,3.0,,http://media.folha.uol.com.br/datafolha/2014/10/04/intencao_de_voto_presidente.pdf,pollster_release,,2026-09-29T17:07:33Z,verified_match,data/manual/research_2014/verification.csv,9143de117b681f994362e77996c614d9b0fb909505944b429812a3c376bc9a92,"pre_first_round_h2h; Pre-first-round stimulated national runoff simulation (""Se o segundo turno da eleicao para presidente fosse hoje...""), base total sample, read from Datafolha PDF chart p.67 (valid-vote chart p.82); blank_null_pct = ""Em branco/nulo/nenhum"", undecided_pct = ""Nao sabe""; values cross-checked against PDF narrative text. Contractor per G1 article (http://g1.globo.com/politica/eleicoes/2014/noticia/2014/10/datafolha-votos-validos-dilma-tem-44-aecio-26-e-marina-24.html, retrieved 2026-09-29T17:16:50Z): ""encomendada pela TV Globo e pelo jornal Folha de S.Paulo"". Datafolha project PO813767 (vespera); 18,116 interviews in 468 municipalities. publication_date from PDF line ""Sao Paulo, 04 de outubro de 2014"" (G1 04/10/2014 16h15)."
2014-2-564a916fa7,2014,2,BR-01037/2014,Datafolha,TV Globo; Folha de S.Paulo,2014-10-03,2014-10-04,2014-10-04,18116,,Dilma Rousseff vs Marina Silva,Dilma Rousseff,49.0,total,9.0,3.0,,http://media.folha.uol.com.br/datafolha/2014/10/04/intencao_de_voto_presidente.pdf,pollster_release,,2026-09-29T17:07:33Z,verified_match,data/manual/research_2014/verification.csv,9143de117b681f994362e77996c614d9b0fb909505944b429812a3c376bc9a92,"pre_first_round_h2h; Pre-first-round stimulated national runoff simulation (""Se o segundo turno da eleicao para presidente fosse hoje...""), base total sample, read from Datafolha PDF chart p.58 (valid-vote chart p.81); blank_null_pct = ""Em branco/nulo/nenhum"", undecided_pct = ""Nao sabe""; values cross-checked against PDF narrative text. Contractor per G1 article (http://g1.globo.com/politica/eleicoes/2014/noticia/2014/10/datafolha-votos-validos-dilma-tem-44-aecio-26-e-marina-24.html, retrieved 2026-09-29T17:16:50Z): ""encomendada pela TV Globo e pelo jornal Folha de S.Paulo"". Datafolha project PO813767 (vespera); 18,116 interviews in 468 municipalities. publication_date from PDF line ""Sao Paulo, 04 de outubro de 2014"" (G1 04/10/2014 16h15)."
2014-2-564a916fa7,2014,2,BR-01037/2014,Datafolha,TV Globo; Folha de S.Paulo,2014-10-03,2014-10-04,2014-10-04,18116,,Dilma Rousseff vs Marina Silva,Marina Silva,39.0,total,9.0,3.0,,http://media.folha.uol.com.br/datafolha/2014/10/04/intencao_de_voto_presidente.pdf,pollster_release,,2026-09-29T17:07:33Z,verified_match,data/manual/research_2014/verification.csv,9143de117b681f994362e77996c614d9b0fb909505944b429812a3c376bc9a92,"pre_first_round_h2h; Pre-first-round stimulated national runoff simulation (""Se o segundo turno da eleicao para presidente fosse hoje...""), base total sample, read from Datafolha PDF chart p.58 (valid-vote chart p.81); blank_null_pct = ""Em branco/nulo/nenhum"", undecided_pct = ""Nao sabe""; values cross-checked against PDF narrative text. Contractor per G1 article (http://g1.globo.com/politica/eleicoes/2014/noticia/2014/10/datafolha-votos-validos-dilma-tem-44-aecio-26-e-marina-24.html, retrieved 2026-09-29T17:16:50Z): ""encomendada pela TV Globo e pelo jornal Folha de S.Paulo"". Datafolha project PO813767 (vespera); 18,116 interviews in 468 municipalities. publication_date from PDF line ""Sao Paulo, 04 de outubro de 2014"" (G1 04/10/2014 16h15)."
2014-1-1062102ae3,2014,1,BR-00782/2014,Datafolha,TV Globo; Folha de S.Paulo,2014-09-25,2014-09-26,2014-09-26,11474,,main,Dilma Rousseff,40.0,total,5.0,6.0,,http://media.folha.uol.com.br/datafolha/2014/09/27/intencaodevotoeavaliacaopresidente.pdf,pollster_release,,2026-09-29T17:07:33Z,verified_match,data/manual/research_2014/verification.csv,9143de117b681f994362e77996c614d9b0fb909505944b429812a3c376bc9a92,"revision_2014_r1; Stimulated first-round vote intention (all 11 candidates listed), base total sample, read from Datafolha PDF p.36 (evolution chart) and p.48 (P.2 crosstab TOTAL column); valid votes chart p.55 (chart also prints ""Total de candidatos que nao atingiram 1%"" = 1); blank_null_pct = ""Em branco/nulo/nenhum"", undecided_pct = ""Nao sabe"". Contractor per G1 article (http://g1.globo.com/politica/eleicoes/2014/noticia/2014/09/dilma-tem-40-marina-27-e-aecio-18-aponta-pesquisa-datafolha.html, retrieved 2026-09-29T17:16:50Z). Datafolha project PO813763; 11,474 interviews in 402 municipalities. publication_date from PDF line ""Sao Paulo, 26 de setembro de 2014"" (G1 26/09/2014 19h24; Datafolha site 26.set.2014 20h43)."
2014-1-1062102ae3,2014,1,BR-00782/2014,Datafolha,TV Globo; Folha de S.Paulo,2014-09-25,2014-09-26,2014-09-26,11474,,main,Marina Silva,27.0,total,5.0,6.0,,http://media.folha.uol.com.br/datafolha/2014/09/27/intencaodevotoeavaliacaopresidente.pdf,pollster_release,,2026-09-29T17:07:33Z,verified_match,data/manual/research_2014/verification.csv,9143de117b681f994362e77996c614d9b0fb909505944b429812a3c376bc9a92,"revision_2014_r1; Stimulated first-round vote intention (all 11 candidates listed), base total sample, read from Datafolha PDF p.36 (evolution chart) and p.48 (P.2 crosstab TOTAL column); valid votes chart p.55 (chart also prints ""Total de candidatos que nao atingiram 1%"" = 1); blank_null_pct = ""Em branco/nulo/nenhum"", undecided_pct = ""Nao sabe"". Contractor per G1 article (http://g1.globo.com/politica/eleicoes/2014/noticia/2014/09/dilma-tem-40-marina-27-e-aecio-18-aponta-pesquisa-datafolha.html, retrieved 2026-09-29T17:16:50Z). Datafolha project PO813763; 11,474 interviews in 402 municipalities. publication_date from PDF line ""Sao Paulo, 26 de setembro de 2014"" (G1 26/09/2014 19h24; Datafolha site 26.set.2014 20h43)."
2014-1-1062102ae3,2014,1,BR-00782/2014,Datafolha,TV Globo; Folha de S.Paulo,2014-09-25,2014-09-26,2014-09-26,11474,,main,Aécio Neves,18.0,total,5.0,6.0,,http://media.folha.uol.com.br/datafolha/2014/09/27/intencaodevotoeavaliacaopresidente.pdf,pollster_release,,2026-09-29T17:07:33Z,verified_match,data/manual/research_2014/verification.csv,9143de117b681f994362e77996c614d9b0fb909505944b429812a3c376bc9a92,"revision_2014_r1; Stimulated first-round vote intention (all 11 candidates listed), base total sample, read from Datafolha PDF p.36 (evolution chart) and p.48 (P.2 crosstab TOTAL column); valid votes chart p.55 (chart also prints ""Total de candidatos que nao atingiram 1%"" = 1); blank_null_pct = ""Em branco/nulo/nenhum"", undecided_pct = ""Nao sabe"". Contractor per G1 article (http://g1.globo.com/politica/eleicoes/2014/noticia/2014/09/dilma-tem-40-marina-27-e-aecio-18-aponta-pesquisa-datafolha.html, retrieved 2026-09-29T17:16:50Z). Datafolha project PO813763; 11,474 interviews in 402 municipalities. publication_date from PDF line ""Sao Paulo, 26 de setembro de 2014"" (G1 26/09/2014 19h24; Datafolha site 26.set.2014 20h43)."
2014-1-1062102ae3,2014,1,BR-00782/2014,Datafolha,TV Globo; Folha de S.Paulo,2014-09-25,2014-09-26,2014-09-26,11474,,main,Eduardo Jorge,1.0,total,5.0,6.0,,http://media.folha.uol.com.br/datafolha/2014/09/27/intencaodevotoeavaliacaopresidente.pdf,pollster_release,,2026-09-29T17:07:33Z,verified_match,data/manual/research_2014/verification.csv,9143de117b681f994362e77996c614d9b0fb909505944b429812a3c376bc9a92,"revision_2014_r1; Stimulated first-round vote intention (all 11 candidates listed), base total sample, read from Datafolha PDF p.36 (evolution chart) and p.48 (P.2 crosstab TOTAL column); valid votes chart p.55 (chart also prints ""Total de candidatos que nao atingiram 1%"" = 1); blank_null_pct = ""Em branco/nulo/nenhum"", undecided_pct = ""Nao sabe"". Contractor per G1 article (http://g1.globo.com/politica/eleicoes/2014/noticia/2014/09/dilma-tem-40-marina-27-e-aecio-18-aponta-pesquisa-datafolha.html, retrieved 2026-09-29T17:16:50Z). Datafolha project PO813763; 11,474 interviews in 402 municipalities. publication_date from PDF line ""Sao Paulo, 26 de setembro de 2014"" (G1 26/09/2014 19h24; Datafolha site 26.set.2014 20h43)."
2014-1-1062102ae3,2014,1,BR-00782/2014,Datafolha,TV Globo; Folha de S.Paulo,2014-09-25,2014-09-26,2014-09-26,11474,,main,Luciana Genro,1.0,total,5.0,6.0,,http://media.folha.uol.com.br/datafolha/2014/09/27/intencaodevotoeavaliacaopresidente.pdf,pollster_release,,2026-09-29T17:07:33Z,verified_match,data/manual/research_2014/verification.csv,9143de117b681f994362e77996c614d9b0fb909505944b429812a3c376bc9a92,"revision_2014_r1; Stimulated first-round vote intention (all 11 candidates listed), base total sample, read from Datafolha PDF p.36 (evolution chart) and p.48 (P.2 crosstab TOTAL column); valid votes chart p.55 (chart also prints ""Total de candidatos que nao atingiram 1%"" = 1); blank_null_pct = ""Em branco/nulo/nenhum"", undecided_pct = ""Nao sabe"". Contractor per G1 article (http://g1.globo.com/politica/eleicoes/2014/noticia/2014/09/dilma-tem-40-marina-27-e-aecio-18-aponta-pesquisa-datafolha.html, retrieved 2026-09-29T17:16:50Z). Datafolha project PO813763; 11,474 interviews in 402 municipalities. publication_date from PDF line ""Sao Paulo, 26 de setembro de 2014"" (G1 26/09/2014 19h24; Datafolha site 26.set.2014 20h43)."
2014-1-1062102ae3,2014,1,BR-00782/2014,Datafolha,TV Globo; Folha de S.Paulo,2014-09-25,2014-09-26,2014-09-26,11474,,main,Pastor Everaldo,1.0,total,5.0,6.0,,http://media.folha.uol.com.br/datafolha/2014/09/27/intencaodevotoeavaliacaopresidente.pdf,pollster_release,,2026-09-29T17:07:33Z,verified_match,data/manual/research_2014/verification.csv,9143de117b681f994362e77996c614d9b0fb909505944b429812a3c376bc9a92,"revision_2014_r1; Stimulated first-round vote intention (all 11 candidates listed), base total sample, read from Datafolha PDF p.36 (evolution chart) and p.48 (P.2 crosstab TOTAL column); valid votes chart p.55 (chart also prints ""Total de candidatos que nao atingiram 1%"" = 1); blank_null_pct = ""Em branco/nulo/nenhum"", undecided_pct = ""Nao sabe"". Contractor per G1 article (http://g1.globo.com/politica/eleicoes/2014/noticia/2014/09/dilma-tem-40-marina-27-e-aecio-18-aponta-pesquisa-datafolha.html, retrieved 2026-09-29T17:16:50Z). Datafolha project PO813763; 11,474 interviews in 402 municipalities. publication_date from PDF line ""Sao Paulo, 26 de setembro de 2014"" (G1 26/09/2014 19h24; Datafolha site 26.set.2014 20h43)."
2014-1-fcb3623791,2014,1,BR-00933/2014,Datafolha,TV Globo; Folha de S.Paulo,2014-10-01,2014-10-02,2014-10-02,12022,,main,Dilma Rousseff,40.0,total,5.0,5.0,,http://media.folha.uol.com.br/datafolha/2014/10/03/intencao_de_voto_presidente_2.pdf,pollster_release,,2026-09-29T17:12:59Z,verified_match,data/manual/research_2014/verification.csv,9143de117b681f994362e77996c614d9b0fb909505944b429812a3c376bc9a92,"revision_2014_r1; Stimulated first-round vote intention (all 11 candidates listed), base total sample, read from Datafolha PDF p.36 (evolution chart) and p.48 (P.2 crosstab TOTAL column); valid votes chart p.55 (chart also prints ""Total de candidatos que nao atingiram 1%"" = 1); blank_null_pct = ""Em branco/nulo/nenhum"", undecided_pct = ""Nao sabe"". Contractor per G1 article (http://g1.globo.com/politica/eleicoes/2014/noticia/2014/10/dilma-tem-40-marina-24-e-aecio-21-aponta-pesquisa-datafolha.html, retrieved 2026-09-29T17:16:50Z). Datafolha project PO813766; 12,022 interviews in 433 municipalities (PDF methodology p.6). publication_date from PDF line ""Sao Paulo, 02 de outubro de 2014"" (G1 02/10/2014 18h51). The Datafolha site HTML page for this wave (eleicoes/2014/10/1526493-aecio-esta-tecnicamente-empatado-...) now redirects to a broken URL; PDF located via Wayback CDX index and fetched live from media.folha.uol.com.br."
2014-1-fcb3623791,2014,1,BR-00933/2014,Datafolha,TV Globo; Folha de S.Paulo,2014-10-01,2014-10-02,2014-10-02,12022,,main,Marina Silva,24.0,total,5.0,5.0,,http://media.folha.uol.com.br/datafolha/2014/10/03/intencao_de_voto_presidente_2.pdf,pollster_release,,2026-09-29T17:12:59Z,verified_match,data/manual/research_2014/verification.csv,9143de117b681f994362e77996c614d9b0fb909505944b429812a3c376bc9a92,"revision_2014_r1; Stimulated first-round vote intention (all 11 candidates listed), base total sample, read from Datafolha PDF p.36 (evolution chart) and p.48 (P.2 crosstab TOTAL column); valid votes chart p.55 (chart also prints ""Total de candidatos que nao atingiram 1%"" = 1); blank_null_pct = ""Em branco/nulo/nenhum"", undecided_pct = ""Nao sabe"". Contractor per G1 article (http://g1.globo.com/politica/eleicoes/2014/noticia/2014/10/dilma-tem-40-marina-24-e-aecio-21-aponta-pesquisa-datafolha.html, retrieved 2026-09-29T17:16:50Z). Datafolha project PO813766; 12,022 interviews in 433 municipalities (PDF methodology p.6). publication_date from PDF line ""Sao Paulo, 02 de outubro de 2014"" (G1 02/10/2014 18h51). The Datafolha site HTML page for this wave (eleicoes/2014/10/1526493-aecio-esta-tecnicamente-empatado-...) now redirects to a broken URL; PDF located via Wayback CDX index and fetched live from media.folha.uol.com.br."
2014-1-fcb3623791,2014,1,BR-00933/2014,Datafolha,TV Globo; Folha de S.Paulo,2014-10-01,2014-10-02,2014-10-02,12022,,main,Aécio Neves,21.0,total,5.0,5.0,,http://media.folha.uol.com.br/datafolha/2014/10/03/intencao_de_voto_presidente_2.pdf,pollster_release,,2026-09-29T17:12:59Z,verified_match,data/manual/research_2014/verification.csv,9143de117b681f994362e77996c614d9b0fb909505944b429812a3c376bc9a92,"revision_2014_r1; Stimulated first-round vote intention (all 11 candidates listed), base total sample, read from Datafolha PDF p.36 (evolution chart) and p.48 (P.2 crosstab TOTAL column); valid votes chart p.55 (chart also prints ""Total de candidatos que nao atingiram 1%"" = 1); blank_null_pct = ""Em branco/nulo/nenhum"", undecided_pct = ""Nao sabe"". Contractor per G1 article (http://g1.globo.com/politica/eleicoes/2014/noticia/2014/10/dilma-tem-40-marina-24-e-aecio-21-aponta-pesquisa-datafolha.html, retrieved 2026-09-29T17:16:50Z). Datafolha project PO813766; 12,022 interviews in 433 municipalities (PDF methodology p.6). publication_date from PDF line ""Sao Paulo, 02 de outubro de 2014"" (G1 02/10/2014 18h51). The Datafolha site HTML page for this wave (eleicoes/2014/10/1526493-aecio-esta-tecnicamente-empatado-...) now redirects to a broken URL; PDF located via Wayback CDX index and fetched live from media.folha.uol.com.br."
2014-1-fcb3623791,2014,1,BR-00933/2014,Datafolha,TV Globo; Folha de S.Paulo,2014-10-01,2014-10-02,2014-10-02,12022,,main,Luciana Genro,1.0,total,5.0,5.0,,http://media.folha.uol.com.br/datafolha/2014/10/03/intencao_de_voto_presidente_2.pdf,pollster_release,,2026-09-29T17:12:59Z,verified_match,data/manual/research_2014/verification.csv,9143de117b681f994362e77996c614d9b0fb909505944b429812a3c376bc9a92,"revision_2014_r1; Stimulated first-round vote intention (all 11 candidates listed), base total sample, read from Datafolha PDF p.36 (evolution chart) and p.48 (P.2 crosstab TOTAL column); valid votes chart p.55 (chart also prints ""Total de candidatos que nao atingiram 1%"" = 1); blank_null_pct = ""Em branco/nulo/nenhum"", undecided_pct = ""Nao sabe"". Contractor per G1 article (http://g1.globo.com/politica/eleicoes/2014/noticia/2014/10/dilma-tem-40-marina-24-e-aecio-21-aponta-pesquisa-datafolha.html, retrieved 2026-09-29T17:16:50Z). Datafolha project PO813766; 12,022 interviews in 433 municipalities (PDF methodology p.6). publication_date from PDF line ""Sao Paulo, 02 de outubro de 2014"" (G1 02/10/2014 18h51). The Datafolha site HTML page for this wave (eleicoes/2014/10/1526493-aecio-esta-tecnicamente-empatado-...) now redirects to a broken URL; PDF located via Wayback CDX index and fetched live from media.folha.uol.com.br."
2014-1-fcb3623791,2014,1,BR-00933/2014,Datafolha,TV Globo; Folha de S.Paulo,2014-10-01,2014-10-02,2014-10-02,12022,,main,Pastor Everaldo,1.0,total,5.0,5.0,,http://media.folha.uol.com.br/datafolha/2014/10/03/intencao_de_voto_presidente_2.pdf,pollster_release,,2026-09-29T17:12:59Z,verified_match,data/manual/research_2014/verification.csv,9143de117b681f994362e77996c614d9b0fb909505944b429812a3c376bc9a92,"revision_2014_r1; Stimulated first-round vote intention (all 11 candidates listed), base total sample, read from Datafolha PDF p.36 (evolution chart) and p.48 (P.2 crosstab TOTAL column); valid votes chart p.55 (chart also prints ""Total de candidatos que nao atingiram 1%"" = 1); blank_null_pct = ""Em branco/nulo/nenhum"", undecided_pct = ""Nao sabe"". Contractor per G1 article (http://g1.globo.com/politica/eleicoes/2014/noticia/2014/10/dilma-tem-40-marina-24-e-aecio-21-aponta-pesquisa-datafolha.html, retrieved 2026-09-29T17:16:50Z). Datafolha project PO813766; 12,022 interviews in 433 municipalities (PDF methodology p.6). publication_date from PDF line ""Sao Paulo, 02 de outubro de 2014"" (G1 02/10/2014 18h51). The Datafolha site HTML page for this wave (eleicoes/2014/10/1526493-aecio-esta-tecnicamente-empatado-...) now redirects to a broken URL; PDF located via Wayback CDX index and fetched live from media.folha.uol.com.br."
2014-1-fcb3623791,2014,1,BR-00933/2014,Datafolha,TV Globo; Folha de S.Paulo,2014-10-01,2014-10-02,2014-10-02,12022,,main,Eduardo Jorge,1.0,total,5.0,5.0,,http://media.folha.uol.com.br/datafolha/2014/10/03/intencao_de_voto_presidente_2.pdf,pollster_release,,2026-09-29T17:12:59Z,verified_match,data/manual/research_2014/verification.csv,9143de117b681f994362e77996c614d9b0fb909505944b429812a3c376bc9a92,"revision_2014_r1; Stimulated first-round vote intention (all 11 candidates listed), base total sample, read from Datafolha PDF p.36 (evolution chart) and p.48 (P.2 crosstab TOTAL column); valid votes chart p.55 (chart also prints ""Total de candidatos que nao atingiram 1%"" = 1); blank_null_pct = ""Em branco/nulo/nenhum"", undecided_pct = ""Nao sabe"". Contractor per G1 article (http://g1.globo.com/politica/eleicoes/2014/noticia/2014/10/dilma-tem-40-marina-24-e-aecio-21-aponta-pesquisa-datafolha.html, retrieved 2026-09-29T17:16:50Z). Datafolha project PO813766; 12,022 interviews in 433 municipalities (PDF methodology p.6). publication_date from PDF line ""Sao Paulo, 02 de outubro de 2014"" (G1 02/10/2014 18h51). The Datafolha site HTML page for this wave (eleicoes/2014/10/1526493-aecio-esta-tecnicamente-empatado-...) now redirects to a broken URL; PDF located via Wayback CDX index and fetched live from media.folha.uol.com.br."
2014-2-e7715d4f0d,2014,2,BR-00428/2014,Ibope,TV Globo; O Estado de S. Paulo,2014-08-23,2014-08-25,2014-08-27,2506,,Aécio Neves vs Dilma Rousseff,Aécio Neves,35.0,total,12.0,12.0,,https://web.archive.org/web/20140917233506id_/http://eleicoes.ibopeinteligencia.com/Documents/Nacional%20-%20Relat%C3%B3rios/JOB_0462-3_BRASIL%20-%20Relat%C3%B3rio%20de%20tabelas.pdf,wayback,,2026-09-29T17:21:45Z,verified_match,data/manual/research_2014/verification.csv,87894364c70aade15228d58a752a433b73707e6302a05e6fb8109a9984991865,"pre_first_round_h2h; pollster_release (Ibope Inteligencia report of tables JOB0462-3) via Wayback; total-respondent basis (base 2506); blank_null=Branco/Nulo, undecided=Nao sabe/Nao respondeu; valid-vote runoff shares not printed; publication_date = pollster release page 'Data de Publicacao' (https://web.archive.org/web/20140905061628/http://eleicoes.ibopeinteligencia.com:80/Paginas/Com-o-novo-cenario-eleitoral-Dilma-e-Marina-disputariam-hoje-o-segundo-turno.aspx, retrieved 2026-09-29T17:19:37Z; page header date 2014-08-27); G1 article published 2014-08-26 (https://g1.globo.com/politica/eleicoes/2014/noticia/2014/08/pesquisa-ibope-mostra-dilma-com-34-e-marina-silva-com-29.html) with identical runoff figures; Marina Silva vs Aecio Neves not simulated in this wave (pollster release: two runoff scenarios; G1 states Ibope did not simulate it); Estadao Conteudo reprint (meon.com.br) prints registration as BR-428/2014"
2014-2-e7715d4f0d,2014,2,BR-00428/2014,Ibope,TV Globo; O Estado de S. Paulo,2014-08-23,2014-08-25,2014-08-27,2506,,Aécio Neves vs Dilma Rousseff,Dilma Rousseff,41.0,total,12.0,12.0,,https://web.archive.org/web/20140917233506id_/http://eleicoes.ibopeinteligencia.com/Documents/Nacional%20-%20Relat%C3%B3rios/JOB_0462-3_BRASIL%20-%20Relat%C3%B3rio%20de%20tabelas.pdf,wayback,,2026-09-29T17:21:45Z,verified_match,data/manual/research_2014/verification.csv,87894364c70aade15228d58a752a433b73707e6302a05e6fb8109a9984991865,"pre_first_round_h2h; pollster_release (Ibope Inteligencia report of tables JOB0462-3) via Wayback; total-respondent basis (base 2506); blank_null=Branco/Nulo, undecided=Nao sabe/Nao respondeu; valid-vote runoff shares not printed; publication_date = pollster release page 'Data de Publicacao' (https://web.archive.org/web/20140905061628/http://eleicoes.ibopeinteligencia.com:80/Paginas/Com-o-novo-cenario-eleitoral-Dilma-e-Marina-disputariam-hoje-o-segundo-turno.aspx, retrieved 2026-09-29T17:19:37Z; page header date 2014-08-27); G1 article published 2014-08-26 (https://g1.globo.com/politica/eleicoes/2014/noticia/2014/08/pesquisa-ibope-mostra-dilma-com-34-e-marina-silva-com-29.html) with identical runoff figures; Marina Silva vs Aecio Neves not simulated in this wave (pollster release: two runoff scenarios; G1 states Ibope did not simulate it); Estadao Conteudo reprint (meon.com.br) prints registration as BR-428/2014"
2014-2-e7715d4f0d,2014,2,BR-00428/2014,Ibope,TV Globo; O Estado de S. Paulo,2014-08-23,2014-08-25,2014-08-27,2506,,Dilma Rousseff vs Marina Silva,Dilma Rousseff,36.0,total,9.0,11.0,,https://web.archive.org/web/20140917233506id_/http://eleicoes.ibopeinteligencia.com/Documents/Nacional%20-%20Relat%C3%B3rios/JOB_0462-3_BRASIL%20-%20Relat%C3%B3rio%20de%20tabelas.pdf,wayback,,2026-09-29T17:21:45Z,verified_match,data/manual/research_2014/verification.csv,87894364c70aade15228d58a752a433b73707e6302a05e6fb8109a9984991865,"pre_first_round_h2h; pollster_release (Ibope Inteligencia report of tables JOB0462-3) via Wayback; total-respondent basis (base 2506); blank_null=Branco/Nulo, undecided=Nao sabe/Nao respondeu; valid-vote runoff shares not printed; publication_date = pollster release page 'Data de Publicacao' (https://web.archive.org/web/20140905061628/http://eleicoes.ibopeinteligencia.com:80/Paginas/Com-o-novo-cenario-eleitoral-Dilma-e-Marina-disputariam-hoje-o-segundo-turno.aspx, retrieved 2026-09-29T17:19:37Z; page header date 2014-08-27); G1 article published 2014-08-26 (https://g1.globo.com/politica/eleicoes/2014/noticia/2014/08/pesquisa-ibope-mostra-dilma-com-34-e-marina-silva-com-29.html) with identical runoff figures; Marina Silva vs Aecio Neves not simulated in this wave (pollster release: two runoff scenarios; G1 states Ibope did not simulate it); Estadao Conteudo reprint (meon.com.br) prints registration as BR-428/2014"
2014-2-e7715d4f0d,2014,2,BR-00428/2014,Ibope,TV Globo; O Estado de S. Paulo,2014-08-23,2014-08-25,2014-08-27,2506,,Dilma Rousseff vs Marina Silva,Marina Silva,45.0,total,9.0,11.0,,https://web.archive.org/web/20140917233506id_/http://eleicoes.ibopeinteligencia.com/Documents/Nacional%20-%20Relat%C3%B3rios/JOB_0462-3_BRASIL%20-%20Relat%C3%B3rio%20de%20tabelas.pdf,wayback,,2026-09-29T17:21:45Z,verified_match,data/manual/research_2014/verification.csv,87894364c70aade15228d58a752a433b73707e6302a05e6fb8109a9984991865,"pre_first_round_h2h; pollster_release (Ibope Inteligencia report of tables JOB0462-3) via Wayback; total-respondent basis (base 2506); blank_null=Branco/Nulo, undecided=Nao sabe/Nao respondeu; valid-vote runoff shares not printed; publication_date = pollster release page 'Data de Publicacao' (https://web.archive.org/web/20140905061628/http://eleicoes.ibopeinteligencia.com:80/Paginas/Com-o-novo-cenario-eleitoral-Dilma-e-Marina-disputariam-hoje-o-segundo-turno.aspx, retrieved 2026-09-29T17:19:37Z; page header date 2014-08-27); G1 article published 2014-08-26 (https://g1.globo.com/politica/eleicoes/2014/noticia/2014/08/pesquisa-ibope-mostra-dilma-com-34-e-marina-silva-com-29.html) with identical runoff figures; Marina Silva vs Aecio Neves not simulated in this wave (pollster release: two runoff scenarios; G1 states Ibope did not simulate it); Estadao Conteudo reprint (meon.com.br) prints registration as BR-428/2014"
2014-2-130dec5c5f,2014,2,BR-00514/2014,Ibope,TV Globo; O Estado de S. Paulo,2014-08-31,2014-09-02,2014-09-04,2506,,Aécio Neves vs Dilma Rousseff,Aécio Neves,34.0,total,11.0,8.0,,https://web.archive.org/web/20150421063619id_/http://eleicoes.ibopeinteligencia.com/Documents/Nacional%20-%20Relat%C3%B3rios/JOB_0462-4_BRASIL%20-%20Relat%C3%B3rio%20de%20tabelas.pdf,wayback,,2026-09-29T17:21:51Z,verified_match,data/manual/research_2014/verification.csv,87894364c70aade15228d58a752a433b73707e6302a05e6fb8109a9984991865,"pre_first_round_h2h; pollster_release (Ibope Inteligencia report of tables JOB0462-4) via Wayback; total-respondent basis (base 2506); blank_null=Branco/Nulo, undecided=Nao sabe/Nao respondeu; valid-vote runoff shares not printed; publication_date = pollster release page 'Data de Publicacao' (https://web.archive.org/web/20141008025758/http://www.eleicoes.ibopeinteligencia.com:80/Paginas/Marina-cresce,-mas-Dilma-recuper.aspx, retrieved 2026-09-29T17:19:43Z; page header date 2014-09-03); G1 article published 2014-09-03 (https://g1.globo.com/politica/eleicoes/2014/noticia/2014/09/dilma-tem-37-marina-33-e-aecio-15-aponta-pesquisa-ibope.html) with identical runoff figures; Marina Silva vs Aecio Neves not simulated in this wave (report has only P.06A/P.06B; G1 states Ibope did not simulate it)"
2014-2-130dec5c5f,2014,2,BR-00514/2014,Ibope,TV Globo; O Estado de S. Paulo,2014-08-31,2014-09-02,2014-09-04,2506,,Aécio Neves vs Dilma Rousseff,Dilma Rousseff,47.0,total,11.0,8.0,,https://web.archive.org/web/20150421063619id_/http://eleicoes.ibopeinteligencia.com/Documents/Nacional%20-%20Relat%C3%B3rios/JOB_0462-4_BRASIL%20-%20Relat%C3%B3rio%20de%20tabelas.pdf,wayback,,2026-09-29T17:21:51Z,verified_match,data/manual/research_2014/verification.csv,87894364c70aade15228d58a752a433b73707e6302a05e6fb8109a9984991865,"pre_first_round_h2h; pollster_release (Ibope Inteligencia report of tables JOB0462-4) via Wayback; total-respondent basis (base 2506); blank_null=Branco/Nulo, undecided=Nao sabe/Nao respondeu; valid-vote runoff shares not printed; publication_date = pollster release page 'Data de Publicacao' (https://web.archive.org/web/20141008025758/http://www.eleicoes.ibopeinteligencia.com:80/Paginas/Marina-cresce,-mas-Dilma-recuper.aspx, retrieved 2026-09-29T17:19:43Z; page header date 2014-09-03); G1 article published 2014-09-03 (https://g1.globo.com/politica/eleicoes/2014/noticia/2014/09/dilma-tem-37-marina-33-e-aecio-15-aponta-pesquisa-ibope.html) with identical runoff figures; Marina Silva vs Aecio Neves not simulated in this wave (report has only P.06A/P.06B; G1 states Ibope did not simulate it)"
2014-2-130dec5c5f,2014,2,BR-00514/2014,Ibope,TV Globo; O Estado de S. Paulo,2014-08-31,2014-09-02,2014-09-04,2506,,Dilma Rousseff vs Marina Silva,Dilma Rousseff,39.0,total,8.0,6.0,,https://web.archive.org/web/20150421063619id_/http://eleicoes.ibopeinteligencia.com/Documents/Nacional%20-%20Relat%C3%B3rios/JOB_0462-4_BRASIL%20-%20Relat%C3%B3rio%20de%20tabelas.pdf,wayback,,2026-09-29T17:21:51Z,verified_match,data/manual/research_2014/verification.csv,87894364c70aade15228d58a752a433b73707e6302a05e6fb8109a9984991865,"pre_first_round_h2h; pollster_release (Ibope Inteligencia report of tables JOB0462-4) via Wayback; total-respondent basis (base 2506); blank_null=Branco/Nulo, undecided=Nao sabe/Nao respondeu; valid-vote runoff shares not printed; publication_date = pollster release page 'Data de Publicacao' (https://web.archive.org/web/20141008025758/http://www.eleicoes.ibopeinteligencia.com:80/Paginas/Marina-cresce,-mas-Dilma-recuper.aspx, retrieved 2026-09-29T17:19:43Z; page header date 2014-09-03); G1 article published 2014-09-03 (https://g1.globo.com/politica/eleicoes/2014/noticia/2014/09/dilma-tem-37-marina-33-e-aecio-15-aponta-pesquisa-ibope.html) with identical runoff figures; Marina Silva vs Aecio Neves not simulated in this wave (report has only P.06A/P.06B; G1 states Ibope did not simulate it)"
2014-2-130dec5c5f,2014,2,BR-00514/2014,Ibope,TV Globo; O Estado de S. Paulo,2014-08-31,2014-09-02,2014-09-04,2506,,Dilma Rousseff vs Marina Silva,Marina Silva,46.0,total,8.0,6.0,,https://web.archive.org/web/20150421063619id_/http://eleicoes.ibopeinteligencia.com/Documents/Nacional%20-%20Relat%C3%B3rios/JOB_0462-4_BRASIL%20-%20Relat%C3%B3rio%20de%20tabelas.pdf,wayback,,2026-09-29T17:21:51Z,verified_match,data/manual/research_2014/verification.csv,87894364c70aade15228d58a752a433b73707e6302a05e6fb8109a9984991865,"pre_first_round_h2h; pollster_release (Ibope Inteligencia report of tables JOB0462-4) via Wayback; total-respondent basis (base 2506); blank_null=Branco/Nulo, undecided=Nao sabe/Nao respondeu; valid-vote runoff shares not printed; publication_date = pollster release page 'Data de Publicacao' (https://web.archive.org/web/20141008025758/http://www.eleicoes.ibopeinteligencia.com:80/Paginas/Marina-cresce,-mas-Dilma-recuper.aspx, retrieved 2026-09-29T17:19:43Z; page header date 2014-09-03); G1 article published 2014-09-03 (https://g1.globo.com/politica/eleicoes/2014/noticia/2014/09/dilma-tem-37-marina-33-e-aecio-15-aponta-pesquisa-ibope.html) with identical runoff figures; Marina Silva vs Aecio Neves not simulated in this wave (report has only P.06A/P.06B; G1 states Ibope did not simulate it)"
2014-2-c5b71ec6f1,2014,2,BR-00593/2014,Ibope,CNI,2014-09-05,2014-09-08,2014-09-12,2002,,Aécio Neves vs Dilma Rousseff,Aécio Neves,33.0,total,13.0,6.0,,https://web.archive.org/web/20150421055629id_/http://eleicoes.ibopeinteligencia.com/Documents/Nacional%20-%20Relat%C3%B3rios/JOB_2084-9_BRASIL%20-%20Relat%C3%B3rio%20de%20tabelas%20%28imprensa%29.pdf,wayback,,2026-09-29T17:22:29Z,verified_match,data/manual/research_2014/verification.csv,87894364c70aade15228d58a752a433b73707e6302a05e6fb8109a9984991865,"pre_first_round_h2h; pollster_release (Ibope Inteligencia report of tables JOB2084-9) via Wayback; total-respondent basis (base 2002); blank_null=Branco/Nulo, undecided=Nao sabe/Nao respondeu; valid-vote runoff shares not printed; publication_date = pollster release page 'Data de Publicacao' (https://web.archive.org/web/20141008025750/http://www.eleicoes.ibopeinteligencia.com:80/Paginas/Dilma-lidera-disputa-no-primeiro-turno,-mas-empata-com-Marina-no-segundo.aspx, retrieved 2026-09-29T17:19:49Z; page header date 2014-09-12); G1 article published 2014-09-12 (https://g1.globo.com/politica/eleicoes/2014/noticia/2014/09/ibope-mostra-dilma-com-39-marina-com-31-e-aecio-com-15.html) with identical runoff figures; CNI-Ibope poll; report JOB2084-9 says registered at Tribunal Regional Eleitoral (G1: TRE-SP) while pollster release page says TSE, same number; 144 municipalities (Agencia Brasil prints 142); CNI bulletin (SlideShare re-upload, slide 6) shows identical runoff figures"
2014-2-c5b71ec6f1,2014,2,BR-00593/2014,Ibope,CNI,2014-09-05,2014-09-08,2014-09-12,2002,,Aécio Neves vs Dilma Rousseff,Dilma Rousseff,48.0,total,13.0,6.0,,https://web.archive.org/web/20150421055629id_/http://eleicoes.ibopeinteligencia.com/Documents/Nacional%20-%20Relat%C3%B3rios/JOB_2084-9_BRASIL%20-%20Relat%C3%B3rio%20de%20tabelas%20%28imprensa%29.pdf,wayback,,2026-09-29T17:22:29Z,verified_match,data/manual/research_2014/verification.csv,87894364c70aade15228d58a752a433b73707e6302a05e6fb8109a9984991865,"pre_first_round_h2h; pollster_release (Ibope Inteligencia report of tables JOB2084-9) via Wayback; total-respondent basis (base 2002); blank_null=Branco/Nulo, undecided=Nao sabe/Nao respondeu; valid-vote runoff shares not printed; publication_date = pollster release page 'Data de Publicacao' (https://web.archive.org/web/20141008025750/http://www.eleicoes.ibopeinteligencia.com:80/Paginas/Dilma-lidera-disputa-no-primeiro-turno,-mas-empata-com-Marina-no-segundo.aspx, retrieved 2026-09-29T17:19:49Z; page header date 2014-09-12); G1 article published 2014-09-12 (https://g1.globo.com/politica/eleicoes/2014/noticia/2014/09/ibope-mostra-dilma-com-39-marina-com-31-e-aecio-com-15.html) with identical runoff figures; CNI-Ibope poll; report JOB2084-9 says registered at Tribunal Regional Eleitoral (G1: TRE-SP) while pollster release page says TSE, same number; 144 municipalities (Agencia Brasil prints 142); CNI bulletin (SlideShare re-upload, slide 6) shows identical runoff figures"
2014-2-c5b71ec6f1,2014,2,BR-00593/2014,Ibope,CNI,2014-09-05,2014-09-08,2014-09-12,2002,,Dilma Rousseff vs Marina Silva,Dilma Rousseff,42.0,total,10.0,5.0,,https://web.archive.org/web/20150421055629id_/http://eleicoes.ibopeinteligencia.com/Documents/Nacional%20-%20Relat%C3%B3rios/JOB_2084-9_BRASIL%20-%20Relat%C3%B3rio%20de%20tabelas%20%28imprensa%29.pdf,wayback,,2026-09-29T17:22:29Z,verified_match,data/manual/research_2014/verification.csv,87894364c70aade15228d58a752a433b73707e6302a05e6fb8109a9984991865,"pre_first_round_h2h; pollster_release (Ibope Inteligencia report of tables JOB2084-9) via Wayback; total-respondent basis (base 2002); blank_null=Branco/Nulo, undecided=Nao sabe/Nao respondeu; valid-vote runoff shares not printed; publication_date = pollster release page 'Data de Publicacao' (https://web.archive.org/web/20141008025750/http://www.eleicoes.ibopeinteligencia.com:80/Paginas/Dilma-lidera-disputa-no-primeiro-turno,-mas-empata-com-Marina-no-segundo.aspx, retrieved 2026-09-29T17:19:49Z; page header date 2014-09-12); G1 article published 2014-09-12 (https://g1.globo.com/politica/eleicoes/2014/noticia/2014/09/ibope-mostra-dilma-com-39-marina-com-31-e-aecio-com-15.html) with identical runoff figures; CNI-Ibope poll; report JOB2084-9 says registered at Tribunal Regional Eleitoral (G1: TRE-SP) while pollster release page says TSE, same number; 144 municipalities (Agencia Brasil prints 142); CNI bulletin (SlideShare re-upload, slide 6) shows identical runoff figures"
2014-2-c5b71ec6f1,2014,2,BR-00593/2014,Ibope,CNI,2014-09-05,2014-09-08,2014-09-12,2002,,Dilma Rousseff vs Marina Silva,Marina Silva,43.0,total,10.0,5.0,,https://web.archive.org/web/20150421055629id_/http://eleicoes.ibopeinteligencia.com/Documents/Nacional%20-%20Relat%C3%B3rios/JOB_2084-9_BRASIL%20-%20Relat%C3%B3rio%20de%20tabelas%20%28imprensa%29.pdf,wayback,,2026-09-29T17:22:29Z,verified_match,data/manual/research_2014/verification.csv,87894364c70aade15228d58a752a433b73707e6302a05e6fb8109a9984991865,"pre_first_round_h2h; pollster_release (Ibope Inteligencia report of tables JOB2084-9) via Wayback; total-respondent basis (base 2002); blank_null=Branco/Nulo, undecided=Nao sabe/Nao respondeu; valid-vote runoff shares not printed; publication_date = pollster release page 'Data de Publicacao' (https://web.archive.org/web/20141008025750/http://www.eleicoes.ibopeinteligencia.com:80/Paginas/Dilma-lidera-disputa-no-primeiro-turno,-mas-empata-com-Marina-no-segundo.aspx, retrieved 2026-09-29T17:19:49Z; page header date 2014-09-12); G1 article published 2014-09-12 (https://g1.globo.com/politica/eleicoes/2014/noticia/2014/09/ibope-mostra-dilma-com-39-marina-com-31-e-aecio-com-15.html) with identical runoff figures; CNI-Ibope poll; report JOB2084-9 says registered at Tribunal Regional Eleitoral (G1: TRE-SP) while pollster release page says TSE, same number; 144 municipalities (Agencia Brasil prints 142); CNI bulletin (SlideShare re-upload, slide 6) shows identical runoff figures"
2014-2-c5b71ec6f1,2014,2,BR-00593/2014,Ibope,CNI,2014-09-05,2014-09-08,2014-09-12,2002,,Aécio Neves vs Marina Silva,Aécio Neves,27.0,total,14.0,8.0,,https://web.archive.org/web/20150421055629id_/http://eleicoes.ibopeinteligencia.com/Documents/Nacional%20-%20Relat%C3%B3rios/JOB_2084-9_BRASIL%20-%20Relat%C3%B3rio%20de%20tabelas%20%28imprensa%29.pdf,wayback,,2026-09-29T17:22:29Z,verified_match,data/manual/research_2014/verification.csv,87894364c70aade15228d58a752a433b73707e6302a05e6fb8109a9984991865,"pre_first_round_h2h; pollster_release (Ibope Inteligencia report of tables JOB2084-9) via Wayback; total-respondent basis (base 2002); blank_null=Branco/Nulo, undecided=Nao sabe/Nao respondeu; valid-vote runoff shares not printed; publication_date = pollster release page 'Data de Publicacao' (https://web.archive.org/web/20141008025750/http://www.eleicoes.ibopeinteligencia.com:80/Paginas/Dilma-lidera-disputa-no-primeiro-turno,-mas-empata-com-Marina-no-segundo.aspx, retrieved 2026-09-29T17:19:49Z; page header date 2014-09-12); G1 article published 2014-09-12 (https://g1.globo.com/politica/eleicoes/2014/noticia/2014/09/ibope-mostra-dilma-com-39-marina-com-31-e-aecio-com-15.html) with identical runoff figures; CNI-Ibope poll; report JOB2084-9 says registered at Tribunal Regional Eleitoral (G1: TRE-SP) while pollster release page says TSE, same number; 144 municipalities (Agencia Brasil prints 142); CNI bulletin (SlideShare re-upload, slide 6) shows identical runoff figures"
2014-2-c5b71ec6f1,2014,2,BR-00593/2014,Ibope,CNI,2014-09-05,2014-09-08,2014-09-12,2002,,Aécio Neves vs Marina Silva,Marina Silva,51.0,total,14.0,8.0,,https://web.archive.org/web/20150421055629id_/http://eleicoes.ibopeinteligencia.com/Documents/Nacional%20-%20Relat%C3%B3rios/JOB_2084-9_BRASIL%20-%20Relat%C3%B3rio%20de%20tabelas%20%28imprensa%29.pdf,wayback,,2026-09-29T17:22:29Z,verified_match,data/manual/research_2014/verification.csv,87894364c70aade15228d58a752a433b73707e6302a05e6fb8109a9984991865,"pre_first_round_h2h; pollster_release (Ibope Inteligencia report of tables JOB2084-9) via Wayback; total-respondent basis (base 2002); blank_null=Branco/Nulo, undecided=Nao sabe/Nao respondeu; valid-vote runoff shares not printed; publication_date = pollster release page 'Data de Publicacao' (https://web.archive.org/web/20141008025750/http://www.eleicoes.ibopeinteligencia.com:80/Paginas/Dilma-lidera-disputa-no-primeiro-turno,-mas-empata-com-Marina-no-segundo.aspx, retrieved 2026-09-29T17:19:49Z; page header date 2014-09-12); G1 article published 2014-09-12 (https://g1.globo.com/politica/eleicoes/2014/noticia/2014/09/ibope-mostra-dilma-com-39-marina-com-31-e-aecio-com-15.html) with identical runoff figures; CNI-Ibope poll; report JOB2084-9 says registered at Tribunal Regional Eleitoral (G1: TRE-SP) while pollster release page says TSE, same number; 144 municipalities (Agencia Brasil prints 142); CNI bulletin (SlideShare re-upload, slide 6) shows identical runoff figures"
2014-2-a9706b7255,2014,2,BR-00657/2014,Ibope,TV Globo; O Estado de S. Paulo,2014-09-13,2014-09-15,2014-09-17,3010,,Aécio Neves vs Dilma Rousseff,Aécio Neves,37.0,total,12.0,6.0,,https://web.archive.org/web/20150421062043id_/http://eleicoes.ibopeinteligencia.com/Documents/Nacional%20-%20Relat%C3%B3rios/JOB_0462-5_BRASIL%20-%20Relat%C3%B3rio%20de%20tabelas.pdf,wayback,,2026-09-29T17:21:57Z,verified_match,data/manual/research_2014/verification.csv,87894364c70aade15228d58a752a433b73707e6302a05e6fb8109a9984991865,"pre_first_round_h2h; pollster_release (Ibope Inteligencia report of tables JOB0462-5) via Wayback; total-respondent basis (base 3010); blank_null=Branco/Nulo, undecided=Nao sabe/Nao respondeu; valid-vote runoff shares not printed; publication_date = pollster release page 'Data de Publicacao' (https://web.archive.org/web/20140921002146/http://eleicoes.ibopeinteligencia.com:80/Paginas/Dilma-permanece-na-lideranca-no-primeiro-turno-e-empatada-tecnicamente-com-Marina-no-segundo.aspx, retrieved 2026-09-29T17:19:55Z; page header date 2014-09-16); G1 article published 2014-09-16 (https://g1.globo.com/politica/eleicoes/2014/noticia/2014/09/dilma-tem-36-marina-30-e-aecio-19-aponta-pesquisa-ibope.html) with identical runoff figures; Agencia Brasil (2014-09-16) prints identical runoff figures"
2014-2-a9706b7255,2014,2,BR-00657/2014,Ibope,TV Globo; O Estado de S. Paulo,2014-09-13,2014-09-15,2014-09-17,3010,,Aécio Neves vs Dilma Rousseff,Dilma Rousseff,44.0,total,12.0,6.0,,https://web.archive.org/web/20150421062043id_/http://eleicoes.ibopeinteligencia.com/Documents/Nacional%20-%20Relat%C3%B3rios/JOB_0462-5_BRASIL%20-%20Relat%C3%B3rio%20de%20tabelas.pdf,wayback,,2026-09-29T17:21:57Z,verified_match,data/manual/research_2014/verification.csv,87894364c70aade15228d58a752a433b73707e6302a05e6fb8109a9984991865,"pre_first_round_h2h; pollster_release (Ibope Inteligencia report of tables JOB0462-5) via Wayback; total-respondent basis (base 3010); blank_null=Branco/Nulo, undecided=Nao sabe/Nao respondeu; valid-vote runoff shares not printed; publication_date = pollster release page 'Data de Publicacao' (https://web.archive.org/web/20140921002146/http://eleicoes.ibopeinteligencia.com:80/Paginas/Dilma-permanece-na-lideranca-no-primeiro-turno-e-empatada-tecnicamente-com-Marina-no-segundo.aspx, retrieved 2026-09-29T17:19:55Z; page header date 2014-09-16); G1 article published 2014-09-16 (https://g1.globo.com/politica/eleicoes/2014/noticia/2014/09/dilma-tem-36-marina-30-e-aecio-19-aponta-pesquisa-ibope.html) with identical runoff figures; Agencia Brasil (2014-09-16) prints identical runoff figures"
2014-2-a9706b7255,2014,2,BR-00657/2014,Ibope,TV Globo; O Estado de S. Paulo,2014-09-13,2014-09-15,2014-09-17,3010,,Dilma Rousseff vs Marina Silva,Dilma Rousseff,40.0,total,11.0,6.0,,https://web.archive.org/web/20150421062043id_/http://eleicoes.ibopeinteligencia.com/Documents/Nacional%20-%20Relat%C3%B3rios/JOB_0462-5_BRASIL%20-%20Relat%C3%B3rio%20de%20tabelas.pdf,wayback,,2026-09-29T17:21:57Z,verified_match,data/manual/research_2014/verification.csv,87894364c70aade15228d58a752a433b73707e6302a05e6fb8109a9984991865,"pre_first_round_h2h; pollster_release (Ibope Inteligencia report of tables JOB0462-5) via Wayback; total-respondent basis (base 3010); blank_null=Branco/Nulo, undecided=Nao sabe/Nao respondeu; valid-vote runoff shares not printed; publication_date = pollster release page 'Data de Publicacao' (https://web.archive.org/web/20140921002146/http://eleicoes.ibopeinteligencia.com:80/Paginas/Dilma-permanece-na-lideranca-no-primeiro-turno-e-empatada-tecnicamente-com-Marina-no-segundo.aspx, retrieved 2026-09-29T17:19:55Z; page header date 2014-09-16); G1 article published 2014-09-16 (https://g1.globo.com/politica/eleicoes/2014/noticia/2014/09/dilma-tem-36-marina-30-e-aecio-19-aponta-pesquisa-ibope.html) with identical runoff figures; Agencia Brasil (2014-09-16) prints identical runoff figures"
2014-2-a9706b7255,2014,2,BR-00657/2014,Ibope,TV Globo; O Estado de S. Paulo,2014-09-13,2014-09-15,2014-09-17,3010,,Dilma Rousseff vs Marina Silva,Marina Silva,43.0,total,11.0,6.0,,https://web.archive.org/web/20150421062043id_/http://eleicoes.ibopeinteligencia.com/Documents/Nacional%20-%20Relat%C3%B3rios/JOB_0462-5_BRASIL%20-%20Relat%C3%B3rio%20de%20tabelas.pdf,wayback,,2026-09-29T17:21:57Z,verified_match,data/manual/research_2014/verification.csv,87894364c70aade15228d58a752a433b73707e6302a05e6fb8109a9984991865,"pre_first_round_h2h; pollster_release (Ibope Inteligencia report of tables JOB0462-5) via Wayback; total-respondent basis (base 3010); blank_null=Branco/Nulo, undecided=Nao sabe/Nao respondeu; valid-vote runoff shares not printed; publication_date = pollster release page 'Data de Publicacao' (https://web.archive.org/web/20140921002146/http://eleicoes.ibopeinteligencia.com:80/Paginas/Dilma-permanece-na-lideranca-no-primeiro-turno-e-empatada-tecnicamente-com-Marina-no-segundo.aspx, retrieved 2026-09-29T17:19:55Z; page header date 2014-09-16); G1 article published 2014-09-16 (https://g1.globo.com/politica/eleicoes/2014/noticia/2014/09/dilma-tem-36-marina-30-e-aecio-19-aponta-pesquisa-ibope.html) with identical runoff figures; Agencia Brasil (2014-09-16) prints identical runoff figures"
2014-2-a9706b7255,2014,2,BR-00657/2014,Ibope,TV Globo; O Estado de S. Paulo,2014-09-13,2014-09-15,2014-09-17,3010,,Aécio Neves vs Marina Silva,Aécio Neves,30.0,total,15.0,8.0,,https://web.archive.org/web/20150421062043id_/http://eleicoes.ibopeinteligencia.com/Documents/Nacional%20-%20Relat%C3%B3rios/JOB_0462-5_BRASIL%20-%20Relat%C3%B3rio%20de%20tabelas.pdf,wayback,,2026-09-29T17:21:57Z,verified_match,data/manual/research_2014/verification.csv,87894364c70aade15228d58a752a433b73707e6302a05e6fb8109a9984991865,"pre_first_round_h2h; pollster_release (Ibope Inteligencia report of tables JOB0462-5) via Wayback; total-respondent basis (base 3010); blank_null=Branco/Nulo, undecided=Nao sabe/Nao respondeu; valid-vote runoff shares not printed; publication_date = pollster release page 'Data de Publicacao' (https://web.archive.org/web/20140921002146/http://eleicoes.ibopeinteligencia.com:80/Paginas/Dilma-permanece-na-lideranca-no-primeiro-turno-e-empatada-tecnicamente-com-Marina-no-segundo.aspx, retrieved 2026-09-29T17:19:55Z; page header date 2014-09-16); G1 article published 2014-09-16 (https://g1.globo.com/politica/eleicoes/2014/noticia/2014/09/dilma-tem-36-marina-30-e-aecio-19-aponta-pesquisa-ibope.html) with identical runoff figures; Agencia Brasil (2014-09-16) prints identical runoff figures"
2014-2-a9706b7255,2014,2,BR-00657/2014,Ibope,TV Globo; O Estado de S. Paulo,2014-09-13,2014-09-15,2014-09-17,3010,,Aécio Neves vs Marina Silva,Marina Silva,48.0,total,15.0,8.0,,https://web.archive.org/web/20150421062043id_/http://eleicoes.ibopeinteligencia.com/Documents/Nacional%20-%20Relat%C3%B3rios/JOB_0462-5_BRASIL%20-%20Relat%C3%B3rio%20de%20tabelas.pdf,wayback,,2026-09-29T17:21:57Z,verified_match,data/manual/research_2014/verification.csv,87894364c70aade15228d58a752a433b73707e6302a05e6fb8109a9984991865,"pre_first_round_h2h; pollster_release (Ibope Inteligencia report of tables JOB0462-5) via Wayback; total-respondent basis (base 3010); blank_null=Branco/Nulo, undecided=Nao sabe/Nao respondeu; valid-vote runoff shares not printed; publication_date = pollster release page 'Data de Publicacao' (https://web.archive.org/web/20140921002146/http://eleicoes.ibopeinteligencia.com:80/Paginas/Dilma-permanece-na-lideranca-no-primeiro-turno-e-empatada-tecnicamente-com-Marina-no-segundo.aspx, retrieved 2026-09-29T17:19:55Z; page header date 2014-09-16); G1 article published 2014-09-16 (https://g1.globo.com/politica/eleicoes/2014/noticia/2014/09/dilma-tem-36-marina-30-e-aecio-19-aponta-pesquisa-ibope.html) with identical runoff figures; Agencia Brasil (2014-09-16) prints identical runoff figures"
2014-2-976576923d,2014,2,BR-00755/2014,Ibope,TV Globo; O Estado de S. Paulo,2014-09-20,2014-09-22,2014-09-24,3010,,Aécio Neves vs Dilma Rousseff,Aécio Neves,35.0,total,13.0,7.0,,https://web.archive.org/web/20150501082410id_/http://eleicoes.ibopeinteligencia.com/Documents/Nacional%20-%20Relat%C3%B3rios/JOB_0462-6_BRASIL%20-%20Relat%C3%B3rio%20de%20tabelas.pdf,wayback,,2026-09-29T17:22:03Z,verified_match,data/manual/research_2014/verification.csv,87894364c70aade15228d58a752a433b73707e6302a05e6fb8109a9984991865,"pre_first_round_h2h; pollster_release (Ibope Inteligencia report of tables JOB0462-6) via Wayback; total-respondent basis (base 3010); blank_null=Branco/Nulo, undecided=Nao sabe/Nao respondeu; valid-vote runoff shares not printed; publication_date = pollster release page 'Data de Publicacao' (https://web.archive.org/web/20140929033500/http://eleicoes.ibopeinteligencia.com:80/Paginas/Dilma-mantem-lideranca-no-primeiro-turno--No-segundo,-a-petista-e-Marina-encontram-se-rigorosamente-empatadas.aspx, retrieved 2026-09-29T17:20:01Z; page header date 2014-09-23); G1 article published 2014-09-23 (https://g1.globo.com/politica/eleicoes/2014/noticia/2014/09/dilma-tem-38-marina-29-e-aecio-19-aponta-pesquisa-ibope.html) with identical runoff figures; report: 206 municipalities (Agencia Brasil prints 296); Estadao Conteudo reprint (meon.com.br) prints identical runoff figures"
2014-2-976576923d,2014,2,BR-00755/2014,Ibope,TV Globo; O Estado de S. Paulo,2014-09-20,2014-09-22,2014-09-24,3010,,Aécio Neves vs Dilma Rousseff,Dilma Rousseff,46.0,total,13.0,7.0,,https://web.archive.org/web/20150501082410id_/http://eleicoes.ibopeinteligencia.com/Documents/Nacional%20-%20Relat%C3%B3rios/JOB_0462-6_BRASIL%20-%20Relat%C3%B3rio%20de%20tabelas.pdf,wayback,,2026-09-29T17:22:03Z,verified_match,data/manual/research_2014/verification.csv,87894364c70aade15228d58a752a433b73707e6302a05e6fb8109a9984991865,"pre_first_round_h2h; pollster_release (Ibope Inteligencia report of tables JOB0462-6) via Wayback; total-respondent basis (base 3010); blank_null=Branco/Nulo, undecided=Nao sabe/Nao respondeu; valid-vote runoff shares not printed; publication_date = pollster release page 'Data de Publicacao' (https://web.archive.org/web/20140929033500/http://eleicoes.ibopeinteligencia.com:80/Paginas/Dilma-mantem-lideranca-no-primeiro-turno--No-segundo,-a-petista-e-Marina-encontram-se-rigorosamente-empatadas.aspx, retrieved 2026-09-29T17:20:01Z; page header date 2014-09-23); G1 article published 2014-09-23 (https://g1.globo.com/politica/eleicoes/2014/noticia/2014/09/dilma-tem-38-marina-29-e-aecio-19-aponta-pesquisa-ibope.html) with identical runoff figures; report: 206 municipalities (Agencia Brasil prints 296); Estadao Conteudo reprint (meon.com.br) prints identical runoff figures"
2014-2-976576923d,2014,2,BR-00755/2014,Ibope,TV Globo; O Estado de S. Paulo,2014-09-20,2014-09-22,2014-09-24,3010,,Dilma Rousseff vs Marina Silva,Dilma Rousseff,41.0,total,12.0,6.0,,https://web.archive.org/web/20150501082410id_/http://eleicoes.ibopeinteligencia.com/Documents/Nacional%20-%20Relat%C3%B3rios/JOB_0462-6_BRASIL%20-%20Relat%C3%B3rio%20de%20tabelas.pdf,wayback,,2026-09-29T17:22:03Z,verified_match,data/manual/research_2014/verification.csv,87894364c70aade15228d58a752a433b73707e6302a05e6fb8109a9984991865,"pre_first_round_h2h; pollster_release (Ibope Inteligencia report of tables JOB0462-6) via Wayback; total-respondent basis (base 3010); blank_null=Branco/Nulo, undecided=Nao sabe/Nao respondeu; valid-vote runoff shares not printed; publication_date = pollster release page 'Data de Publicacao' (https://web.archive.org/web/20140929033500/http://eleicoes.ibopeinteligencia.com:80/Paginas/Dilma-mantem-lideranca-no-primeiro-turno--No-segundo,-a-petista-e-Marina-encontram-se-rigorosamente-empatadas.aspx, retrieved 2026-09-29T17:20:01Z; page header date 2014-09-23); G1 article published 2014-09-23 (https://g1.globo.com/politica/eleicoes/2014/noticia/2014/09/dilma-tem-38-marina-29-e-aecio-19-aponta-pesquisa-ibope.html) with identical runoff figures; report: 206 municipalities (Agencia Brasil prints 296); Estadao Conteudo reprint (meon.com.br) prints identical runoff figures"
2014-2-976576923d,2014,2,BR-00755/2014,Ibope,TV Globo; O Estado de S. Paulo,2014-09-20,2014-09-22,2014-09-24,3010,,Dilma Rousseff vs Marina Silva,Marina Silva,41.0,total,12.0,6.0,,https://web.archive.org/web/20150501082410id_/http://eleicoes.ibopeinteligencia.com/Documents/Nacional%20-%20Relat%C3%B3rios/JOB_0462-6_BRASIL%20-%20Relat%C3%B3rio%20de%20tabelas.pdf,wayback,,2026-09-29T17:22:03Z,verified_match,data/manual/research_2014/verification.csv,87894364c70aade15228d58a752a433b73707e6302a05e6fb8109a9984991865,"pre_first_round_h2h; pollster_release (Ibope Inteligencia report of tables JOB0462-6) via Wayback; total-respondent basis (base 3010); blank_null=Branco/Nulo, undecided=Nao sabe/Nao respondeu; valid-vote runoff shares not printed; publication_date = pollster release page 'Data de Publicacao' (https://web.archive.org/web/20140929033500/http://eleicoes.ibopeinteligencia.com:80/Paginas/Dilma-mantem-lideranca-no-primeiro-turno--No-segundo,-a-petista-e-Marina-encontram-se-rigorosamente-empatadas.aspx, retrieved 2026-09-29T17:20:01Z; page header date 2014-09-23); G1 article published 2014-09-23 (https://g1.globo.com/politica/eleicoes/2014/noticia/2014/09/dilma-tem-38-marina-29-e-aecio-19-aponta-pesquisa-ibope.html) with identical runoff figures; report: 206 municipalities (Agencia Brasil prints 296); Estadao Conteudo reprint (meon.com.br) prints identical runoff figures"
2014-2-976576923d,2014,2,BR-00755/2014,Ibope,TV Globo; O Estado de S. Paulo,2014-09-20,2014-09-22,2014-09-24,3010,,Aécio Neves vs Marina Silva,Aécio Neves,31.0,total,16.0,9.0,,https://web.archive.org/web/20150501082410id_/http://eleicoes.ibopeinteligencia.com/Documents/Nacional%20-%20Relat%C3%B3rios/JOB_0462-6_BRASIL%20-%20Relat%C3%B3rio%20de%20tabelas.pdf,wayback,,2026-09-29T17:22:03Z,verified_match,data/manual/research_2014/verification.csv,87894364c70aade15228d58a752a433b73707e6302a05e6fb8109a9984991865,"pre_first_round_h2h; pollster_release (Ibope Inteligencia report of tables JOB0462-6) via Wayback; total-respondent basis (base 3010); blank_null=Branco/Nulo, undecided=Nao sabe/Nao respondeu; valid-vote runoff shares not printed; publication_date = pollster release page 'Data de Publicacao' (https://web.archive.org/web/20140929033500/http://eleicoes.ibopeinteligencia.com:80/Paginas/Dilma-mantem-lideranca-no-primeiro-turno--No-segundo,-a-petista-e-Marina-encontram-se-rigorosamente-empatadas.aspx, retrieved 2026-09-29T17:20:01Z; page header date 2014-09-23); G1 article published 2014-09-23 (https://g1.globo.com/politica/eleicoes/2014/noticia/2014/09/dilma-tem-38-marina-29-e-aecio-19-aponta-pesquisa-ibope.html) with identical runoff figures; report: 206 municipalities (Agencia Brasil prints 296); Estadao Conteudo reprint (meon.com.br) prints identical runoff figures"
2014-2-976576923d,2014,2,BR-00755/2014,Ibope,TV Globo; O Estado de S. Paulo,2014-09-20,2014-09-22,2014-09-24,3010,,Aécio Neves vs Marina Silva,Marina Silva,44.0,total,16.0,9.0,,https://web.archive.org/web/20150501082410id_/http://eleicoes.ibopeinteligencia.com/Documents/Nacional%20-%20Relat%C3%B3rios/JOB_0462-6_BRASIL%20-%20Relat%C3%B3rio%20de%20tabelas.pdf,wayback,,2026-09-29T17:22:03Z,verified_match,data/manual/research_2014/verification.csv,87894364c70aade15228d58a752a433b73707e6302a05e6fb8109a9984991865,"pre_first_round_h2h; pollster_release (Ibope Inteligencia report of tables JOB0462-6) via Wayback; total-respondent basis (base 3010); blank_null=Branco/Nulo, undecided=Nao sabe/Nao respondeu; valid-vote runoff shares not printed; publication_date = pollster release page 'Data de Publicacao' (https://web.archive.org/web/20140929033500/http://eleicoes.ibopeinteligencia.com:80/Paginas/Dilma-mantem-lideranca-no-primeiro-turno--No-segundo,-a-petista-e-Marina-encontram-se-rigorosamente-empatadas.aspx, retrieved 2026-09-29T17:20:01Z; page header date 2014-09-23); G1 article published 2014-09-23 (https://g1.globo.com/politica/eleicoes/2014/noticia/2014/09/dilma-tem-38-marina-29-e-aecio-19-aponta-pesquisa-ibope.html) with identical runoff figures; report: 206 municipalities (Agencia Brasil prints 296); Estadao Conteudo reprint (meon.com.br) prints identical runoff figures"
2014-2-b214621a2f,2014,2,BR-00909/2014,Ibope,TV Globo; O Estado de S. Paulo,2014-09-27,2014-09-29,2014-10-01,3010,,Aécio Neves vs Dilma Rousseff,Aécio Neves,35.0,total,12.0,8.0,,https://web.archive.org/web/20160305113420id_/http://www.eleicoes.ibopeinteligencia.com/Documents/Nacional%20-%20Relat%C3%B3rios/JOB_0462-7_BRASIL%20-%20Relat%C3%B3rio%20de%20tabelas.pdf,wayback,,2026-09-29T17:22:09Z,verified_match,data/manual/research_2014/verification.csv,87894364c70aade15228d58a752a433b73707e6302a05e6fb8109a9984991865,"pre_first_round_h2h; pollster_release (Ibope Inteligencia report of tables JOB0462-7) via Wayback; total-respondent basis (base 3010); blank_null=Branco/Nulo, undecided=Nao sabe/Nao respondeu; valid-vote runoff shares not printed; publication_date = pollster release page 'Data de Publicacao' (https://web.archive.org/web/20141006032337/http://www.eleicoes.ibopeinteligencia.com:80/Paginas/Dilma-abre-vantagem-no-primeiro-turno.aspx, retrieved 2026-09-29T17:20:07Z; page header date 2014-10-01); G1 article published 2014-09-30 (https://g1.globo.com/politica/eleicoes/2014/noticia/2014/09/dilma-tem-39-marina-25-e-aecio-19-aponta-pesquisa-ibope.html) with identical runoff figures; Agencia Brasil (2014-09-30) prints identical runoff figures"
2014-2-b214621a2f,2014,2,BR-00909/2014,Ibope,TV Globo; O Estado de S. Paulo,2014-09-27,2014-09-29,2014-10-01,3010,,Aécio Neves vs Dilma Rousseff,Dilma Rousseff,45.0,total,12.0,8.0,,https://web.archive.org/web/20160305113420id_/http://www.eleicoes.ibopeinteligencia.com/Documents/Nacional%20-%20Relat%C3%B3rios/JOB_0462-7_BRASIL%20-%20Relat%C3%B3rio%20de%20tabelas.pdf,wayback,,2026-09-29T17:22:09Z,verified_match,data/manual/research_2014/verification.csv,87894364c70aade15228d58a752a433b73707e6302a05e6fb8109a9984991865,"pre_first_round_h2h; pollster_release (Ibope Inteligencia report of tables JOB0462-7) via Wayback; total-respondent basis (base 3010); blank_null=Branco/Nulo, undecided=Nao sabe/Nao respondeu; valid-vote runoff shares not printed; publication_date = pollster release page 'Data de Publicacao' (https://web.archive.org/web/20141006032337/http://www.eleicoes.ibopeinteligencia.com:80/Paginas/Dilma-abre-vantagem-no-primeiro-turno.aspx, retrieved 2026-09-29T17:20:07Z; page header date 2014-10-01); G1 article published 2014-09-30 (https://g1.globo.com/politica/eleicoes/2014/noticia/2014/09/dilma-tem-39-marina-25-e-aecio-19-aponta-pesquisa-ibope.html) with identical runoff figures; Agencia Brasil (2014-09-30) prints identical runoff figures"
2014-2-b214621a2f,2014,2,BR-00909/2014,Ibope,TV Globo; O Estado de S. Paulo,2014-09-27,2014-09-29,2014-10-01,3010,,Dilma Rousseff vs Marina Silva,Dilma Rousseff,42.0,total,12.0,8.0,,https://web.archive.org/web/20160305113420id_/http://www.eleicoes.ibopeinteligencia.com/Documents/Nacional%20-%20Relat%C3%B3rios/JOB_0462-7_BRASIL%20-%20Relat%C3%B3rio%20de%20tabelas.pdf,wayback,,2026-09-29T17:22:09Z,verified_match,data/manual/research_2014/verification.csv,87894364c70aade15228d58a752a433b73707e6302a05e6fb8109a9984991865,"pre_first_round_h2h; pollster_release (Ibope Inteligencia report of tables JOB0462-7) via Wayback; total-respondent basis (base 3010); blank_null=Branco/Nulo, undecided=Nao sabe/Nao respondeu; valid-vote runoff shares not printed; publication_date = pollster release page 'Data de Publicacao' (https://web.archive.org/web/20141006032337/http://www.eleicoes.ibopeinteligencia.com:80/Paginas/Dilma-abre-vantagem-no-primeiro-turno.aspx, retrieved 2026-09-29T17:20:07Z; page header date 2014-10-01); G1 article published 2014-09-30 (https://g1.globo.com/politica/eleicoes/2014/noticia/2014/09/dilma-tem-39-marina-25-e-aecio-19-aponta-pesquisa-ibope.html) with identical runoff figures; Agencia Brasil (2014-09-30) prints identical runoff figures"
2014-2-b214621a2f,2014,2,BR-00909/2014,Ibope,TV Globo; O Estado de S. Paulo,2014-09-27,2014-09-29,2014-10-01,3010,,Dilma Rousseff vs Marina Silva,Marina Silva,38.0,total,12.0,8.0,,https://web.archive.org/web/20160305113420id_/http://www.eleicoes.ibopeinteligencia.com/Documents/Nacional%20-%20Relat%C3%B3rios/JOB_0462-7_BRASIL%20-%20Relat%C3%B3rio%20de%20tabelas.pdf,wayback,,2026-09-29T17:22:09Z,verified_match,data/manual/research_2014/verification.csv,87894364c70aade15228d58a752a433b73707e6302a05e6fb8109a9984991865,"pre_first_round_h2h; pollster_release (Ibope Inteligencia report of tables JOB0462-7) via Wayback; total-respondent basis (base 3010); blank_null=Branco/Nulo, undecided=Nao sabe/Nao respondeu; valid-vote runoff shares not printed; publication_date = pollster release page 'Data de Publicacao' (https://web.archive.org/web/20141006032337/http://www.eleicoes.ibopeinteligencia.com:80/Paginas/Dilma-abre-vantagem-no-primeiro-turno.aspx, retrieved 2026-09-29T17:20:07Z; page header date 2014-10-01); G1 article published 2014-09-30 (https://g1.globo.com/politica/eleicoes/2014/noticia/2014/09/dilma-tem-39-marina-25-e-aecio-19-aponta-pesquisa-ibope.html) with identical runoff figures; Agencia Brasil (2014-09-30) prints identical runoff figures"
2014-2-b214621a2f,2014,2,BR-00909/2014,Ibope,TV Globo; O Estado de S. Paulo,2014-09-27,2014-09-29,2014-10-01,3010,,Aécio Neves vs Marina Silva,Aécio Neves,34.0,total,16.0,12.0,,https://web.archive.org/web/20160305113420id_/http://www.eleicoes.ibopeinteligencia.com/Documents/Nacional%20-%20Relat%C3%B3rios/JOB_0462-7_BRASIL%20-%20Relat%C3%B3rio%20de%20tabelas.pdf,wayback,,2026-09-29T17:22:09Z,verified_match,data/manual/research_2014/verification.csv,87894364c70aade15228d58a752a433b73707e6302a05e6fb8109a9984991865,"pre_first_round_h2h; pollster_release (Ibope Inteligencia report of tables JOB0462-7) via Wayback; total-respondent basis (base 3010); blank_null=Branco/Nulo, undecided=Nao sabe/Nao respondeu; valid-vote runoff shares not printed; publication_date = pollster release page 'Data de Publicacao' (https://web.archive.org/web/20141006032337/http://www.eleicoes.ibopeinteligencia.com:80/Paginas/Dilma-abre-vantagem-no-primeiro-turno.aspx, retrieved 2026-09-29T17:20:07Z; page header date 2014-10-01); G1 article published 2014-09-30 (https://g1.globo.com/politica/eleicoes/2014/noticia/2014/09/dilma-tem-39-marina-25-e-aecio-19-aponta-pesquisa-ibope.html) with identical runoff figures; Agencia Brasil (2014-09-30) prints identical runoff figures"
2014-2-b214621a2f,2014,2,BR-00909/2014,Ibope,TV Globo; O Estado de S. Paulo,2014-09-27,2014-09-29,2014-10-01,3010,,Aécio Neves vs Marina Silva,Marina Silva,38.0,total,16.0,12.0,,https://web.archive.org/web/20160305113420id_/http://www.eleicoes.ibopeinteligencia.com/Documents/Nacional%20-%20Relat%C3%B3rios/JOB_0462-7_BRASIL%20-%20Relat%C3%B3rio%20de%20tabelas.pdf,wayback,,2026-09-29T17:22:09Z,verified_match,data/manual/research_2014/verification.csv,87894364c70aade15228d58a752a433b73707e6302a05e6fb8109a9984991865,"pre_first_round_h2h; pollster_release (Ibope Inteligencia report of tables JOB0462-7) via Wayback; total-respondent basis (base 3010); blank_null=Branco/Nulo, undecided=Nao sabe/Nao respondeu; valid-vote runoff shares not printed; publication_date = pollster release page 'Data de Publicacao' (https://web.archive.org/web/20141006032337/http://www.eleicoes.ibopeinteligencia.com:80/Paginas/Dilma-abre-vantagem-no-primeiro-turno.aspx, retrieved 2026-09-29T17:20:07Z; page header date 2014-10-01); G1 article published 2014-09-30 (https://g1.globo.com/politica/eleicoes/2014/noticia/2014/09/dilma-tem-39-marina-25-e-aecio-19-aponta-pesquisa-ibope.html) with identical runoff figures; Agencia Brasil (2014-09-30) prints identical runoff figures"
2014-2-cd21d5bdcf,2014,2,BR-00942/2014,Ibope,Ibope Inteligência,2014-09-29,2014-10-01,2014-10-03,3010,,Aécio Neves vs Dilma Rousseff,Aécio Neves,33.0,total,12.0,9.0,,https://web.archive.org/web/20141108005631id_/http://eleicoes.ibopeinteligencia.com:80/Documents/Nacional%20-%20Relat%C3%B3rios/JOB_0462-8_BRASIL%20-%20Relat%C3%B3rio%20de%20tabelas.pdf,wayback,,2026-09-29T17:22:15Z,verified_match,data/manual/research_2014/verification.csv,87894364c70aade15228d58a752a433b73707e6302a05e6fb8109a9984991865,"pre_first_round_h2h; pollster_release (Ibope Inteligencia report of tables JOB0462-8) via Wayback; total-respondent basis (base 3010); blank_null=Branco/Nulo, undecided=Nao sabe/Nao respondeu; valid-vote runoff shares not printed; publication_date = pollster release page 'Data de Publicacao' (https://web.archive.org/web/20141006050636/http://www.eleicoes.ibopeinteligencia.com:80/Paginas/Antes-do-ultimo-debate-disputa-presidencial-permanece-inalterada.aspx, retrieved 2026-09-29T17:20:13Z; page header date 2014-10-02); G1 article published 2014-10-02 (https://g1.globo.com/politica/eleicoes/2014/noticia/2014/10/dilma-tem-40-marina-24-e-aecio-19-aponta-pesquisa-ibope.html) with identical runoff figures; contractor per pollster report and release page: IBOPE Inteligencia Pesquisa e Consultoria LTDA (self-funded; G1 agrees); Agencia Brasil (2014-10-02) instead says commissioned by Rede Globo and O Estado de S. Paulo; Agencia Brasil prints identical runoff figures"
2014-2-cd21d5bdcf,2014,2,BR-00942/2014,Ibope,Ibope Inteligência,2014-09-29,2014-10-01,2014-10-03,3010,,Aécio Neves vs Dilma Rousseff,Dilma Rousseff,46.0,total,12.0,9.0,,https://web.archive.org/web/20141108005631id_/http://eleicoes.ibopeinteligencia.com:80/Documents/Nacional%20-%20Relat%C3%B3rios/JOB_0462-8_BRASIL%20-%20Relat%C3%B3rio%20de%20tabelas.pdf,wayback,,2026-09-29T17:22:15Z,verified_match,data/manual/research_2014/verification.csv,87894364c70aade15228d58a752a433b73707e6302a05e6fb8109a9984991865,"pre_first_round_h2h; pollster_release (Ibope Inteligencia report of tables JOB0462-8) via Wayback; total-respondent basis (base 3010); blank_null=Branco/Nulo, undecided=Nao sabe/Nao respondeu; valid-vote runoff shares not printed; publication_date = pollster release page 'Data de Publicacao' (https://web.archive.org/web/20141006050636/http://www.eleicoes.ibopeinteligencia.com:80/Paginas/Antes-do-ultimo-debate-disputa-presidencial-permanece-inalterada.aspx, retrieved 2026-09-29T17:20:13Z; page header date 2014-10-02); G1 article published 2014-10-02 (https://g1.globo.com/politica/eleicoes/2014/noticia/2014/10/dilma-tem-40-marina-24-e-aecio-19-aponta-pesquisa-ibope.html) with identical runoff figures; contractor per pollster report and release page: IBOPE Inteligencia Pesquisa e Consultoria LTDA (self-funded; G1 agrees); Agencia Brasil (2014-10-02) instead says commissioned by Rede Globo and O Estado de S. Paulo; Agencia Brasil prints identical runoff figures"
2014-2-cd21d5bdcf,2014,2,BR-00942/2014,Ibope,Ibope Inteligência,2014-09-29,2014-10-01,2014-10-03,3010,,Dilma Rousseff vs Marina Silva,Dilma Rousseff,43.0,total,12.0,8.0,,https://web.archive.org/web/20141108005631id_/http://eleicoes.ibopeinteligencia.com:80/Documents/Nacional%20-%20Relat%C3%B3rios/JOB_0462-8_BRASIL%20-%20Relat%C3%B3rio%20de%20tabelas.pdf,wayback,,2026-09-29T17:22:15Z,verified_match,data/manual/research_2014/verification.csv,87894364c70aade15228d58a752a433b73707e6302a05e6fb8109a9984991865,"pre_first_round_h2h; pollster_release (Ibope Inteligencia report of tables JOB0462-8) via Wayback; total-respondent basis (base 3010); blank_null=Branco/Nulo, undecided=Nao sabe/Nao respondeu; valid-vote runoff shares not printed; publication_date = pollster release page 'Data de Publicacao' (https://web.archive.org/web/20141006050636/http://www.eleicoes.ibopeinteligencia.com:80/Paginas/Antes-do-ultimo-debate-disputa-presidencial-permanece-inalterada.aspx, retrieved 2026-09-29T17:20:13Z; page header date 2014-10-02); G1 article published 2014-10-02 (https://g1.globo.com/politica/eleicoes/2014/noticia/2014/10/dilma-tem-40-marina-24-e-aecio-19-aponta-pesquisa-ibope.html) with identical runoff figures; contractor per pollster report and release page: IBOPE Inteligencia Pesquisa e Consultoria LTDA (self-funded; G1 agrees); Agencia Brasil (2014-10-02) instead says commissioned by Rede Globo and O Estado de S. Paulo; Agencia Brasil prints identical runoff figures"
2014-2-cd21d5bdcf,2014,2,BR-00942/2014,Ibope,Ibope Inteligência,2014-09-29,2014-10-01,2014-10-03,3010,,Dilma Rousseff vs Marina Silva,Marina Silva,36.0,total,12.0,8.0,,https://web.archive.org/web/20141108005631id_/http://eleicoes.ibopeinteligencia.com:80/Documents/Nacional%20-%20Relat%C3%B3rios/JOB_0462-8_BRASIL%20-%20Relat%C3%B3rio%20de%20tabelas.pdf,wayback,,2026-09-29T17:22:15Z,verified_match,data/manual/research_2014/verification.csv,87894364c70aade15228d58a752a433b73707e6302a05e6fb8109a9984991865,"pre_first_round_h2h; pollster_release (Ibope Inteligencia report of tables JOB0462-8) via Wayback; total-respondent basis (base 3010); blank_null=Branco/Nulo, undecided=Nao sabe/Nao respondeu; valid-vote runoff shares not printed; publication_date = pollster release page 'Data de Publicacao' (https://web.archive.org/web/20141006050636/http://www.eleicoes.ibopeinteligencia.com:80/Paginas/Antes-do-ultimo-debate-disputa-presidencial-permanece-inalterada.aspx, retrieved 2026-09-29T17:20:13Z; page header date 2014-10-02); G1 article published 2014-10-02 (https://g1.globo.com/politica/eleicoes/2014/noticia/2014/10/dilma-tem-40-marina-24-e-aecio-19-aponta-pesquisa-ibope.html) with identical runoff figures; contractor per pollster report and release page: IBOPE Inteligencia Pesquisa e Consultoria LTDA (self-funded; G1 agrees); Agencia Brasil (2014-10-02) instead says commissioned by Rede Globo and O Estado de S. Paulo; Agencia Brasil prints identical runoff figures"
2014-2-cd21d5bdcf,2014,2,BR-00942/2014,Ibope,Ibope Inteligência,2014-09-29,2014-10-01,2014-10-03,3010,,Aécio Neves vs Marina Silva,Aécio Neves,33.0,total,18.0,11.0,,https://web.archive.org/web/20141108005631id_/http://eleicoes.ibopeinteligencia.com:80/Documents/Nacional%20-%20Relat%C3%B3rios/JOB_0462-8_BRASIL%20-%20Relat%C3%B3rio%20de%20tabelas.pdf,wayback,,2026-09-29T17:22:15Z,verified_match,data/manual/research_2014/verification.csv,87894364c70aade15228d58a752a433b73707e6302a05e6fb8109a9984991865,"pre_first_round_h2h; pollster_release (Ibope Inteligencia report of tables JOB0462-8) via Wayback; total-respondent basis (base 3010); blank_null=Branco/Nulo, undecided=Nao sabe/Nao respondeu; valid-vote runoff shares not printed; publication_date = pollster release page 'Data de Publicacao' (https://web.archive.org/web/20141006050636/http://www.eleicoes.ibopeinteligencia.com:80/Paginas/Antes-do-ultimo-debate-disputa-presidencial-permanece-inalterada.aspx, retrieved 2026-09-29T17:20:13Z; page header date 2014-10-02); G1 article published 2014-10-02 (https://g1.globo.com/politica/eleicoes/2014/noticia/2014/10/dilma-tem-40-marina-24-e-aecio-19-aponta-pesquisa-ibope.html) with identical runoff figures; contractor per pollster report and release page: IBOPE Inteligencia Pesquisa e Consultoria LTDA (self-funded; G1 agrees); Agencia Brasil (2014-10-02) instead says commissioned by Rede Globo and O Estado de S. Paulo; Agencia Brasil prints identical runoff figures"
2014-2-cd21d5bdcf,2014,2,BR-00942/2014,Ibope,Ibope Inteligência,2014-09-29,2014-10-01,2014-10-03,3010,,Aécio Neves vs Marina Silva,Marina Silva,38.0,total,18.0,11.0,,https://web.archive.org/web/20141108005631id_/http://eleicoes.ibopeinteligencia.com:80/Documents/Nacional%20-%20Relat%C3%B3rios/JOB_0462-8_BRASIL%20-%20Relat%C3%B3rio%20de%20tabelas.pdf,wayback,,2026-09-29T17:22:15Z,verified_match,data/manual/research_2014/verification.csv,87894364c70aade15228d58a752a433b73707e6302a05e6fb8109a9984991865,"pre_first_round_h2h; pollster_release (Ibope Inteligencia report of tables JOB0462-8) via Wayback; total-respondent basis (base 3010); blank_null=Branco/Nulo, undecided=Nao sabe/Nao respondeu; valid-vote runoff shares not printed; publication_date = pollster release page 'Data de Publicacao' (https://web.archive.org/web/20141006050636/http://www.eleicoes.ibopeinteligencia.com:80/Paginas/Antes-do-ultimo-debate-disputa-presidencial-permanece-inalterada.aspx, retrieved 2026-09-29T17:20:13Z; page header date 2014-10-02); G1 article published 2014-10-02 (https://g1.globo.com/politica/eleicoes/2014/noticia/2014/10/dilma-tem-40-marina-24-e-aecio-19-aponta-pesquisa-ibope.html) with identical runoff figures; contractor per pollster report and release page: IBOPE Inteligencia Pesquisa e Consultoria LTDA (self-funded; G1 agrees); Agencia Brasil (2014-10-02) instead says commissioned by Rede Globo and O Estado de S. Paulo; Agencia Brasil prints identical runoff figures"
2014-2-1d91df0780,2014,2,BR-01021/2014,Ibope,TV Globo; O Estado de S. Paulo,2014-10-02,2014-10-04,2014-10-04,3010,,Aécio Neves vs Dilma Rousseff,Aécio Neves,37.0,total,11.0,7.0,,https://web.archive.org/web/20150501154218id_/http://eleicoes.ibopeinteligencia.com/Documents/Nacional%20-%20Relat%C3%B3rios/JOB_0462-9_BRASIL%20-%20Relat%C3%B3rio%20de%20tabelas%20%28final%29.pdf,wayback,,2026-09-29T17:22:23Z,verified_match,data/manual/research_2014/verification.csv,87894364c70aade15228d58a752a433b73707e6302a05e6fb8109a9984991865,"pre_first_round_h2h; pollster_release (Ibope Inteligencia report of tables JOB0462-9) via Wayback; total-respondent basis (base 3010); blank_null=Branco/Nulo, undecided=Nao sabe/Nao respondeu; valid-vote runoff shares not printed; publication_date = pollster release page 'Data de Publicacao' (https://web.archive.org/web/20141008011054/http://www.eleicoes.ibopeinteligencia.com:80/Paginas/Apos-debate,-Dilma-segue-na-lideranca--Aecio-cresce-e-fica-numericamente-a-frente-de-Marina,-porem,-em-situacao-de-empate-t.aspx, retrieved 2026-09-29T17:20:19Z; page header date 2014-10-04); G1 article published 2014-10-04 (https://g1.globo.com/politica/eleicoes/2014/noticia/2014/10/ibope-votos-validos-dilma-tem-46-aecio-27-e-marina-24.html) with identical runoff figures; final pre-election wave; report runoff questions numbered P.05A-C"
2014-2-1d91df0780,2014,2,BR-01021/2014,Ibope,TV Globo; O Estado de S. Paulo,2014-10-02,2014-10-04,2014-10-04,3010,,Aécio Neves vs Dilma Rousseff,Dilma Rousseff,45.0,total,11.0,7.0,,https://web.archive.org/web/20150501154218id_/http://eleicoes.ibopeinteligencia.com/Documents/Nacional%20-%20Relat%C3%B3rios/JOB_0462-9_BRASIL%20-%20Relat%C3%B3rio%20de%20tabelas%20%28final%29.pdf,wayback,,2026-09-29T17:22:23Z,verified_match,data/manual/research_2014/verification.csv,87894364c70aade15228d58a752a433b73707e6302a05e6fb8109a9984991865,"pre_first_round_h2h; pollster_release (Ibope Inteligencia report of tables JOB0462-9) via Wayback; total-respondent basis (base 3010); blank_null=Branco/Nulo, undecided=Nao sabe/Nao respondeu; valid-vote runoff shares not printed; publication_date = pollster release page 'Data de Publicacao' (https://web.archive.org/web/20141008011054/http://www.eleicoes.ibopeinteligencia.com:80/Paginas/Apos-debate,-Dilma-segue-na-lideranca--Aecio-cresce-e-fica-numericamente-a-frente-de-Marina,-porem,-em-situacao-de-empate-t.aspx, retrieved 2026-09-29T17:20:19Z; page header date 2014-10-04); G1 article published 2014-10-04 (https://g1.globo.com/politica/eleicoes/2014/noticia/2014/10/ibope-votos-validos-dilma-tem-46-aecio-27-e-marina-24.html) with identical runoff figures; final pre-election wave; report runoff questions numbered P.05A-C"
2014-2-1d91df0780,2014,2,BR-01021/2014,Ibope,TV Globo; O Estado de S. Paulo,2014-10-02,2014-10-04,2014-10-04,3010,,Dilma Rousseff vs Marina Silva,Dilma Rousseff,45.0,total,12.0,7.0,,https://web.archive.org/web/20150501154218id_/http://eleicoes.ibopeinteligencia.com/Documents/Nacional%20-%20Relat%C3%B3rios/JOB_0462-9_BRASIL%20-%20Relat%C3%B3rio%20de%20tabelas%20%28final%29.pdf,wayback,,2026-09-29T17:22:23Z,verified_match,data/manual/research_2014/verification.csv,87894364c70aade15228d58a752a433b73707e6302a05e6fb8109a9984991865,"pre_first_round_h2h; pollster_release (Ibope Inteligencia report of tables JOB0462-9) via Wayback; total-respondent basis (base 3010); blank_null=Branco/Nulo, undecided=Nao sabe/Nao respondeu; valid-vote runoff shares not printed; publication_date = pollster release page 'Data de Publicacao' (https://web.archive.org/web/20141008011054/http://www.eleicoes.ibopeinteligencia.com:80/Paginas/Apos-debate,-Dilma-segue-na-lideranca--Aecio-cresce-e-fica-numericamente-a-frente-de-Marina,-porem,-em-situacao-de-empate-t.aspx, retrieved 2026-09-29T17:20:19Z; page header date 2014-10-04); G1 article published 2014-10-04 (https://g1.globo.com/politica/eleicoes/2014/noticia/2014/10/ibope-votos-validos-dilma-tem-46-aecio-27-e-marina-24.html) with identical runoff figures; final pre-election wave; report runoff questions numbered P.05A-C"
2014-2-1d91df0780,2014,2,BR-01021/2014,Ibope,TV Globo; O Estado de S. Paulo,2014-10-02,2014-10-04,2014-10-04,3010,,Dilma Rousseff vs Marina Silva,Marina Silva,37.0,total,12.0,7.0,,https://web.archive.org/web/20150501154218id_/http://eleicoes.ibopeinteligencia.com/Documents/Nacional%20-%20Relat%C3%B3rios/JOB_0462-9_BRASIL%20-%20Relat%C3%B3rio%20de%20tabelas%20%28final%29.pdf,wayback,,2026-09-29T17:22:23Z,verified_match,data/manual/research_2014/verification.csv,87894364c70aade15228d58a752a433b73707e6302a05e6fb8109a9984991865,"pre_first_round_h2h; pollster_release (Ibope Inteligencia report of tables JOB0462-9) via Wayback; total-respondent basis (base 3010); blank_null=Branco/Nulo, undecided=Nao sabe/Nao respondeu; valid-vote runoff shares not printed; publication_date = pollster release page 'Data de Publicacao' (https://web.archive.org/web/20141008011054/http://www.eleicoes.ibopeinteligencia.com:80/Paginas/Apos-debate,-Dilma-segue-na-lideranca--Aecio-cresce-e-fica-numericamente-a-frente-de-Marina,-porem,-em-situacao-de-empate-t.aspx, retrieved 2026-09-29T17:20:19Z; page header date 2014-10-04); G1 article published 2014-10-04 (https://g1.globo.com/politica/eleicoes/2014/noticia/2014/10/ibope-votos-validos-dilma-tem-46-aecio-27-e-marina-24.html) with identical runoff figures; final pre-election wave; report runoff questions numbered P.05A-C"
2014-2-1d91df0780,2014,2,BR-01021/2014,Ibope,TV Globo; O Estado de S. Paulo,2014-10-02,2014-10-04,2014-10-04,3010,,Aécio Neves vs Marina Silva,Aécio Neves,39.0,total,15.0,11.0,,https://web.archive.org/web/20150501154218id_/http://eleicoes.ibopeinteligencia.com/Documents/Nacional%20-%20Relat%C3%B3rios/JOB_0462-9_BRASIL%20-%20Relat%C3%B3rio%20de%20tabelas%20%28final%29.pdf,wayback,,2026-09-29T17:22:23Z,verified_match,data/manual/research_2014/verification.csv,87894364c70aade15228d58a752a433b73707e6302a05e6fb8109a9984991865,"pre_first_round_h2h; pollster_release (Ibope Inteligencia report of tables JOB0462-9) via Wayback; total-respondent basis (base 3010); blank_null=Branco/Nulo, undecided=Nao sabe/Nao respondeu; valid-vote runoff shares not printed; publication_date = pollster release page 'Data de Publicacao' (https://web.archive.org/web/20141008011054/http://www.eleicoes.ibopeinteligencia.com:80/Paginas/Apos-debate,-Dilma-segue-na-lideranca--Aecio-cresce-e-fica-numericamente-a-frente-de-Marina,-porem,-em-situacao-de-empate-t.aspx, retrieved 2026-09-29T17:20:19Z; page header date 2014-10-04); G1 article published 2014-10-04 (https://g1.globo.com/politica/eleicoes/2014/noticia/2014/10/ibope-votos-validos-dilma-tem-46-aecio-27-e-marina-24.html) with identical runoff figures; final pre-election wave; report runoff questions numbered P.05A-C"
2014-2-1d91df0780,2014,2,BR-01021/2014,Ibope,TV Globo; O Estado de S. Paulo,2014-10-02,2014-10-04,2014-10-04,3010,,Aécio Neves vs Marina Silva,Marina Silva,36.0,total,15.0,11.0,,https://web.archive.org/web/20150501154218id_/http://eleicoes.ibopeinteligencia.com/Documents/Nacional%20-%20Relat%C3%B3rios/JOB_0462-9_BRASIL%20-%20Relat%C3%B3rio%20de%20tabelas%20%28final%29.pdf,wayback,,2026-09-29T17:22:23Z,verified_match,data/manual/research_2014/verification.csv,87894364c70aade15228d58a752a433b73707e6302a05e6fb8109a9984991865,"pre_first_round_h2h; pollster_release (Ibope Inteligencia report of tables JOB0462-9) via Wayback; total-respondent basis (base 3010); blank_null=Branco/Nulo, undecided=Nao sabe/Nao respondeu; valid-vote runoff shares not printed; publication_date = pollster release page 'Data de Publicacao' (https://web.archive.org/web/20141008011054/http://www.eleicoes.ibopeinteligencia.com:80/Paginas/Apos-debate,-Dilma-segue-na-lideranca--Aecio-cresce-e-fica-numericamente-a-frente-de-Marina,-porem,-em-situacao-de-empate-t.aspx, retrieved 2026-09-29T17:20:19Z; page header date 2014-10-04); G1 article published 2014-10-04 (https://g1.globo.com/politica/eleicoes/2014/noticia/2014/10/ibope-votos-validos-dilma-tem-46-aecio-27-e-marina-24.html) with identical runoff figures; final pre-election wave; report runoff questions numbered P.05A-C"
2014-1-4d7bd23f77,2014,1,BR-00942/2014,Ibope,Ibope Inteligência,2014-09-29,2014-10-01,2014-10-03,3010,,main,Dilma Rousseff,40.0,total,8.0,7.0,,https://web.archive.org/web/20141108005631id_/http://eleicoes.ibopeinteligencia.com:80/Documents/Nacional%20-%20Relat%C3%B3rios/JOB_0462-8_BRASIL%20-%20Relat%C3%B3rio%20de%20tabelas.pdf,wayback,,2026-09-29T17:22:15Z,verified_match,data/manual/research_2014/verification.csv,87894364c70aade15228d58a752a433b73707e6302a05e6fb8109a9984991865,"revision_2014_r1; pollster_release (Ibope Inteligencia report of tables JOB0462-8, P.04A total / P.04B valid votes, valid base 2545) via Wayback; publication_date = pollster release page 'Data de Publicacao' (https://web.archive.org/web/20141006050636/http://www.eleicoes.ibopeinteligencia.com:80/Paginas/Antes-do-ultimo-debate-disputa-presidencial-permanece-inalterada.aspx, retrieved 2026-09-29T17:20:13Z; page header date 2014-10-02); G1 (https://g1.globo.com/politica/eleicoes/2014/noticia/2014/10/dilma-tem-40-marina-24-e-aecio-19-aponta-pesquisa-ibope.html) and Agencia Brasil both published 2014-10-02 with identical figures; contractor per pollster: IBOPE Inteligencia (self-funded; G1 agrees); Agencia Brasil says Rede Globo and O Estado de S. Paulo; 'Outros com menos de 1%' = 1% total and 1% valid (Eymael, Levy Fidelix, Mauro Iasi, Rui Costa Pimenta, Ze Maria, Eduardo Jorge)"
2014-1-4d7bd23f77,2014,1,BR-00942/2014,Ibope,Ibope Inteligência,2014-09-29,2014-10-01,2014-10-03,3010,,main,Aécio Neves,19.0,total,8.0,7.0,,https://web.archive.org/web/20141108005631id_/http://eleicoes.ibopeinteligencia.com:80/Documents/Nacional%20-%20Relat%C3%B3rios/JOB_0462-8_BRASIL%20-%20Relat%C3%B3rio%20de%20tabelas.pdf,wayback,,2026-09-29T17:22:15Z,verified_match,data/manual/research_2014/verification.csv,87894364c70aade15228d58a752a433b73707e6302a05e6fb8109a9984991865,"revision_2014_r1; pollster_release (Ibope Inteligencia report of tables JOB0462-8, P.04A total / P.04B valid votes, valid base 2545) via Wayback; publication_date = pollster release page 'Data de Publicacao' (https://web.archive.org/web/20141006050636/http://www.eleicoes.ibopeinteligencia.com:80/Paginas/Antes-do-ultimo-debate-disputa-presidencial-permanece-inalterada.aspx, retrieved 2026-09-29T17:20:13Z; page header date 2014-10-02); G1 (https://g1.globo.com/politica/eleicoes/2014/noticia/2014/10/dilma-tem-40-marina-24-e-aecio-19-aponta-pesquisa-ibope.html) and Agencia Brasil both published 2014-10-02 with identical figures; contractor per pollster: IBOPE Inteligencia (self-funded; G1 agrees); Agencia Brasil says Rede Globo and O Estado de S. Paulo; 'Outros com menos de 1%' = 1% total and 1% valid (Eymael, Levy Fidelix, Mauro Iasi, Rui Costa Pimenta, Ze Maria, Eduardo Jorge)"
2014-1-4d7bd23f77,2014,1,BR-00942/2014,Ibope,Ibope Inteligência,2014-09-29,2014-10-01,2014-10-03,3010,,main,Marina Silva,24.0,total,8.0,7.0,,https://web.archive.org/web/20141108005631id_/http://eleicoes.ibopeinteligencia.com:80/Documents/Nacional%20-%20Relat%C3%B3rios/JOB_0462-8_BRASIL%20-%20Relat%C3%B3rio%20de%20tabelas.pdf,wayback,,2026-09-29T17:22:15Z,verified_match,data/manual/research_2014/verification.csv,87894364c70aade15228d58a752a433b73707e6302a05e6fb8109a9984991865,"revision_2014_r1; pollster_release (Ibope Inteligencia report of tables JOB0462-8, P.04A total / P.04B valid votes, valid base 2545) via Wayback; publication_date = pollster release page 'Data de Publicacao' (https://web.archive.org/web/20141006050636/http://www.eleicoes.ibopeinteligencia.com:80/Paginas/Antes-do-ultimo-debate-disputa-presidencial-permanece-inalterada.aspx, retrieved 2026-09-29T17:20:13Z; page header date 2014-10-02); G1 (https://g1.globo.com/politica/eleicoes/2014/noticia/2014/10/dilma-tem-40-marina-24-e-aecio-19-aponta-pesquisa-ibope.html) and Agencia Brasil both published 2014-10-02 with identical figures; contractor per pollster: IBOPE Inteligencia (self-funded; G1 agrees); Agencia Brasil says Rede Globo and O Estado de S. Paulo; 'Outros com menos de 1%' = 1% total and 1% valid (Eymael, Levy Fidelix, Mauro Iasi, Rui Costa Pimenta, Ze Maria, Eduardo Jorge)"
2014-1-4d7bd23f77,2014,1,BR-00942/2014,Ibope,Ibope Inteligência,2014-09-29,2014-10-01,2014-10-03,3010,,main,Luciana Genro,1.0,total,8.0,7.0,,https://web.archive.org/web/20141108005631id_/http://eleicoes.ibopeinteligencia.com:80/Documents/Nacional%20-%20Relat%C3%B3rios/JOB_0462-8_BRASIL%20-%20Relat%C3%B3rio%20de%20tabelas.pdf,wayback,,2026-09-29T17:22:15Z,verified_match,data/manual/research_2014/verification.csv,87894364c70aade15228d58a752a433b73707e6302a05e6fb8109a9984991865,"revision_2014_r1; pollster_release (Ibope Inteligencia report of tables JOB0462-8, P.04A total / P.04B valid votes, valid base 2545) via Wayback; publication_date = pollster release page 'Data de Publicacao' (https://web.archive.org/web/20141006050636/http://www.eleicoes.ibopeinteligencia.com:80/Paginas/Antes-do-ultimo-debate-disputa-presidencial-permanece-inalterada.aspx, retrieved 2026-09-29T17:20:13Z; page header date 2014-10-02); G1 (https://g1.globo.com/politica/eleicoes/2014/noticia/2014/10/dilma-tem-40-marina-24-e-aecio-19-aponta-pesquisa-ibope.html) and Agencia Brasil both published 2014-10-02 with identical figures; contractor per pollster: IBOPE Inteligencia (self-funded; G1 agrees); Agencia Brasil says Rede Globo and O Estado de S. Paulo; 'Outros com menos de 1%' = 1% total and 1% valid (Eymael, Levy Fidelix, Mauro Iasi, Rui Costa Pimenta, Ze Maria, Eduardo Jorge)"
2014-1-4d7bd23f77,2014,1,BR-00942/2014,Ibope,Ibope Inteligência,2014-09-29,2014-10-01,2014-10-03,3010,,main,Pastor Everaldo,1.0,total,8.0,7.0,,https://web.archive.org/web/20141108005631id_/http://eleicoes.ibopeinteligencia.com:80/Documents/Nacional%20-%20Relat%C3%B3rios/JOB_0462-8_BRASIL%20-%20Relat%C3%B3rio%20de%20tabelas.pdf,wayback,,2026-09-29T17:22:15Z,verified_match,data/manual/research_2014/verification.csv,87894364c70aade15228d58a752a433b73707e6302a05e6fb8109a9984991865,"revision_2014_r1; pollster_release (Ibope Inteligencia report of tables JOB0462-8, P.04A total / P.04B valid votes, valid base 2545) via Wayback; publication_date = pollster release page 'Data de Publicacao' (https://web.archive.org/web/20141006050636/http://www.eleicoes.ibopeinteligencia.com:80/Paginas/Antes-do-ultimo-debate-disputa-presidencial-permanece-inalterada.aspx, retrieved 2026-09-29T17:20:13Z; page header date 2014-10-02); G1 (https://g1.globo.com/politica/eleicoes/2014/noticia/2014/10/dilma-tem-40-marina-24-e-aecio-19-aponta-pesquisa-ibope.html) and Agencia Brasil both published 2014-10-02 with identical figures; contractor per pollster: IBOPE Inteligencia (self-funded; G1 agrees); Agencia Brasil says Rede Globo and O Estado de S. Paulo; 'Outros com menos de 1%' = 1% total and 1% valid (Eymael, Levy Fidelix, Mauro Iasi, Rui Costa Pimenta, Ze Maria, Eduardo Jorge)"
2014-2-e35b55d651,2014,2,BR-00400/2014,MDA,CNT,2014-08-21,2014-08-24,2014-08-27,2002,,Aécio Neves vs Dilma Rousseff,Dilma Rousseff,43.0,total,16.7,7.0,,https://data.cnt.org.br/wp-content/uploads/2025/07/%C2%AA%20Pesquisa%20CNT%20+%20MDA%20%E2%80%93%20S%C3%ADntese.pdf_9.pdf,pollster_release,,2026-09-29T17:26:12Z,verified_match,data/manual/research_2014/verification.csv,a65dc8b3a0c68ee754b6e4a85cb4dc05b882a0bae186cbda7144ceace197a177,"pre_first_round_h2h; CNT/MDA Rodada 120 Relatorio Sintese (CNT Data repository); 2.002 entrevistas, 137 municipios, 24 UFs, MoE 2.2pp. publication_date 2014-08-27 read on CNT news page (Wayback): https://web.archive.org/web/20141011100819/http://www.cnt.org.br/Paginas/Agencia_Noticia.aspx?noticia=120-pesquisa-candidatos-presidencia-republica-votos-eduardo-campos-27082014. Runoff simulation (Tabela 6, cenario 1); stimulated; national; blank_null=Branco/Nulo, undecided=NS/NR."
2014-2-e35b55d651,2014,2,BR-00400/2014,MDA,CNT,2014-08-21,2014-08-24,2014-08-27,2002,,Aécio Neves vs Dilma Rousseff,Aécio Neves,33.3,total,16.7,7.0,,https://data.cnt.org.br/wp-content/uploads/2025/07/%C2%AA%20Pesquisa%20CNT%20+%20MDA%20%E2%80%93%20S%C3%ADntese.pdf_9.pdf,pollster_release,,2026-09-29T17:26:12Z,verified_match,data/manual/research_2014/verification.csv,a65dc8b3a0c68ee754b6e4a85cb4dc05b882a0bae186cbda7144ceace197a177,"pre_first_round_h2h; CNT/MDA Rodada 120 Relatorio Sintese (CNT Data repository); 2.002 entrevistas, 137 municipios, 24 UFs, MoE 2.2pp. publication_date 2014-08-27 read on CNT news page (Wayback): https://web.archive.org/web/20141011100819/http://www.cnt.org.br/Paginas/Agencia_Noticia.aspx?noticia=120-pesquisa-candidatos-presidencia-republica-votos-eduardo-campos-27082014. Runoff simulation (Tabela 6, cenario 1); stimulated; national; blank_null=Branco/Nulo, undecided=NS/NR."
2014-2-e35b55d651,2014,2,BR-00400/2014,MDA,CNT,2014-08-21,2014-08-24,2014-08-27,2002,,Dilma Rousseff vs Marina Silva,Marina Silva,43.7,total,12.4,6.1,,https://data.cnt.org.br/wp-content/uploads/2025/07/%C2%AA%20Pesquisa%20CNT%20+%20MDA%20%E2%80%93%20S%C3%ADntese.pdf_9.pdf,pollster_release,,2026-09-29T17:26:12Z,verified_match,data/manual/research_2014/verification.csv,a65dc8b3a0c68ee754b6e4a85cb4dc05b882a0bae186cbda7144ceace197a177,"pre_first_round_h2h; CNT/MDA Rodada 120 Relatorio Sintese (CNT Data repository); 2.002 entrevistas, 137 municipios, 24 UFs, MoE 2.2pp. publication_date 2014-08-27 read on CNT news page (Wayback): https://web.archive.org/web/20141011100819/http://www.cnt.org.br/Paginas/Agencia_Noticia.aspx?noticia=120-pesquisa-candidatos-presidencia-republica-votos-eduardo-campos-27082014. Runoff simulation (Tabela 7, cenario 2); stimulated; national; blank_null=Branco/Nulo, undecided=NS/NR."
2014-2-e35b55d651,2014,2,BR-00400/2014,MDA,CNT,2014-08-21,2014-08-24,2014-08-27,2002,,Dilma Rousseff vs Marina Silva,Dilma Rousseff,37.8,total,12.4,6.1,,https://data.cnt.org.br/wp-content/uploads/2025/07/%C2%AA%20Pesquisa%20CNT%20+%20MDA%20%E2%80%93%20S%C3%ADntese.pdf_9.pdf,pollster_release,,2026-09-29T17:26:12Z,verified_match,data/manual/research_2014/verification.csv,a65dc8b3a0c68ee754b6e4a85cb4dc05b882a0bae186cbda7144ceace197a177,"pre_first_round_h2h; CNT/MDA Rodada 120 Relatorio Sintese (CNT Data repository); 2.002 entrevistas, 137 municipios, 24 UFs, MoE 2.2pp. publication_date 2014-08-27 read on CNT news page (Wayback): https://web.archive.org/web/20141011100819/http://www.cnt.org.br/Paginas/Agencia_Noticia.aspx?noticia=120-pesquisa-candidatos-presidencia-republica-votos-eduardo-campos-27082014. Runoff simulation (Tabela 7, cenario 2); stimulated; national; blank_null=Branco/Nulo, undecided=NS/NR."
2014-2-e35b55d651,2014,2,BR-00400/2014,MDA,CNT,2014-08-21,2014-08-24,2014-08-27,2002,,Aécio Neves vs Marina Silva,Marina Silva,48.9,total,17.2,8.7,,https://data.cnt.org.br/wp-content/uploads/2025/07/%C2%AA%20Pesquisa%20CNT%20+%20MDA%20%E2%80%93%20S%C3%ADntese.pdf_9.pdf,pollster_release,,2026-09-29T17:26:12Z,verified_match,data/manual/research_2014/verification.csv,a65dc8b3a0c68ee754b6e4a85cb4dc05b882a0bae186cbda7144ceace197a177,"pre_first_round_h2h; CNT/MDA Rodada 120 Relatorio Sintese (CNT Data repository); 2.002 entrevistas, 137 municipios, 24 UFs, MoE 2.2pp. publication_date 2014-08-27 read on CNT news page (Wayback): https://web.archive.org/web/20141011100819/http://www.cnt.org.br/Paginas/Agencia_Noticia.aspx?noticia=120-pesquisa-candidatos-presidencia-republica-votos-eduardo-campos-27082014. Runoff simulation (Tabela 8, cenario 3); stimulated; national; blank_null=Branco/Nulo, undecided=NS/NR."
2014-2-e35b55d651,2014,2,BR-00400/2014,MDA,CNT,2014-08-21,2014-08-24,2014-08-27,2002,,Aécio Neves vs Marina Silva,Aécio Neves,25.2,total,17.2,8.7,,https://data.cnt.org.br/wp-content/uploads/2025/07/%C2%AA%20Pesquisa%20CNT%20+%20MDA%20%E2%80%93%20S%C3%ADntese.pdf_9.pdf,pollster_release,,2026-09-29T17:26:12Z,verified_match,data/manual/research_2014/verification.csv,a65dc8b3a0c68ee754b6e4a85cb4dc05b882a0bae186cbda7144ceace197a177,"pre_first_round_h2h; CNT/MDA Rodada 120 Relatorio Sintese (CNT Data repository); 2.002 entrevistas, 137 municipios, 24 UFs, MoE 2.2pp. publication_date 2014-08-27 read on CNT news page (Wayback): https://web.archive.org/web/20141011100819/http://www.cnt.org.br/Paginas/Agencia_Noticia.aspx?noticia=120-pesquisa-candidatos-presidencia-republica-votos-eduardo-campos-27082014. Runoff simulation (Tabela 8, cenario 3); stimulated; national; blank_null=Branco/Nulo, undecided=NS/NR."
2014-2-b0687f483c,2014,2,BR-00574/2014,MDA,CNT,2014-09-05,2014-09-07,,2002,,Aécio Neves vs Dilma Rousseff,Dilma Rousseff,47.5,total,15.1,3.7,,https://data.cnt.org.br/wp-content/uploads/2025/07/%C2%AA%20Pesquisa%20CNT%20+%20MDA%20%E2%80%93%20S%C3%ADntese.pdf_10.pdf,pollster_release,,2026-09-29T17:26:14Z,verified_match,data/manual/research_2014/verification.csv,a65dc8b3a0c68ee754b6e4a85cb4dc05b882a0bae186cbda7144ceace197a177,"pre_first_round_h2h; CNT/MDA Rodada 121 Relatorio Sintese (CNT Data repository); 2.002 entrevistas, 137 municipios, 25 UFs, MoE 2.2pp. Release date not printed in report; a media report dated 2014-09-09 (https://www.meon.com.br/noticias/correcao-dilma-tem-38-1-e-marina-33-5-diz-cnt-mda) carries these results, so publication_date left empty. Runoff simulation (Tabela 3, cenario 1); stimulated; national; blank_null=Branco/Nulo, undecided=NS/NR."
2014-2-b0687f483c,2014,2,BR-00574/2014,MDA,CNT,2014-09-05,2014-09-07,,2002,,Aécio Neves vs Dilma Rousseff,Aécio Neves,33.7,total,15.1,3.7,,https://data.cnt.org.br/wp-content/uploads/2025/07/%C2%AA%20Pesquisa%20CNT%20+%20MDA%20%E2%80%93%20S%C3%ADntese.pdf_10.pdf,pollster_release,,2026-09-29T17:26:14Z,verified_match,data/manual/research_2014/verification.csv,a65dc8b3a0c68ee754b6e4a85cb4dc05b882a0bae186cbda7144ceace197a177,"pre_first_round_h2h; CNT/MDA Rodada 121 Relatorio Sintese (CNT Data repository); 2.002 entrevistas, 137 municipios, 25 UFs, MoE 2.2pp. Release date not printed in report; a media report dated 2014-09-09 (https://www.meon.com.br/noticias/correcao-dilma-tem-38-1-e-marina-33-5-diz-cnt-mda) carries these results, so publication_date left empty. Runoff simulation (Tabela 3, cenario 1); stimulated; national; blank_null=Branco/Nulo, undecided=NS/NR."
2014-2-b0687f483c,2014,2,BR-00574/2014,MDA,CNT,2014-09-05,2014-09-07,,2002,,Dilma Rousseff vs Marina Silva,Marina Silva,45.5,total,8.4,3.4,,https://data.cnt.org.br/wp-content/uploads/2025/07/%C2%AA%20Pesquisa%20CNT%20+%20MDA%20%E2%80%93%20S%C3%ADntese.pdf_10.pdf,pollster_release,,2026-09-29T17:26:14Z,verified_match,data/manual/research_2014/verification.csv,a65dc8b3a0c68ee754b6e4a85cb4dc05b882a0bae186cbda7144ceace197a177,"pre_first_round_h2h; CNT/MDA Rodada 121 Relatorio Sintese (CNT Data repository); 2.002 entrevistas, 137 municipios, 25 UFs, MoE 2.2pp. Release date not printed in report; a media report dated 2014-09-09 (https://www.meon.com.br/noticias/correcao-dilma-tem-38-1-e-marina-33-5-diz-cnt-mda) carries these results, so publication_date left empty. Runoff simulation (Tabela 4, cenario 2); stimulated; national; blank_null=Branco/Nulo, undecided=NS/NR."
2014-2-b0687f483c,2014,2,BR-00574/2014,MDA,CNT,2014-09-05,2014-09-07,,2002,,Dilma Rousseff vs Marina Silva,Dilma Rousseff,42.7,total,8.4,3.4,,https://data.cnt.org.br/wp-content/uploads/2025/07/%C2%AA%20Pesquisa%20CNT%20+%20MDA%20%E2%80%93%20S%C3%ADntese.pdf_10.pdf,pollster_release,,2026-09-29T17:26:14Z,verified_match,data/manual/research_2014/verification.csv,a65dc8b3a0c68ee754b6e4a85cb4dc05b882a0bae186cbda7144ceace197a177,"pre_first_round_h2h; CNT/MDA Rodada 121 Relatorio Sintese (CNT Data repository); 2.002 entrevistas, 137 municipios, 25 UFs, MoE 2.2pp. Release date not printed in report; a media report dated 2014-09-09 (https://www.meon.com.br/noticias/correcao-dilma-tem-38-1-e-marina-33-5-diz-cnt-mda) carries these results, so publication_date left empty. Runoff simulation (Tabela 4, cenario 2); stimulated; national; blank_null=Branco/Nulo, undecided=NS/NR."
2014-2-b0687f483c,2014,2,BR-00574/2014,MDA,CNT,2014-09-05,2014-09-07,,2002,,Aécio Neves vs Marina Silva,Marina Silva,52.2,total,15.6,5.5,,https://data.cnt.org.br/wp-content/uploads/2025/07/%C2%AA%20Pesquisa%20CNT%20+%20MDA%20%E2%80%93%20S%C3%ADntese.pdf_10.pdf,pollster_release,,2026-09-29T17:26:14Z,verified_match,data/manual/research_2014/verification.csv,a65dc8b3a0c68ee754b6e4a85cb4dc05b882a0bae186cbda7144ceace197a177,"pre_first_round_h2h; CNT/MDA Rodada 121 Relatorio Sintese (CNT Data repository); 2.002 entrevistas, 137 municipios, 25 UFs, MoE 2.2pp. Release date not printed in report; a media report dated 2014-09-09 (https://www.meon.com.br/noticias/correcao-dilma-tem-38-1-e-marina-33-5-diz-cnt-mda) carries these results, so publication_date left empty. Runoff simulation (Tabela 5, cenario 3); stimulated; national; blank_null=Branco/Nulo, undecided=NS/NR."
2014-2-b0687f483c,2014,2,BR-00574/2014,MDA,CNT,2014-09-05,2014-09-07,,2002,,Aécio Neves vs Marina Silva,Aécio Neves,26.7,total,15.6,5.5,,https://data.cnt.org.br/wp-content/uploads/2025/07/%C2%AA%20Pesquisa%20CNT%20+%20MDA%20%E2%80%93%20S%C3%ADntese.pdf_10.pdf,pollster_release,,2026-09-29T17:26:14Z,verified_match,data/manual/research_2014/verification.csv,a65dc8b3a0c68ee754b6e4a85cb4dc05b882a0bae186cbda7144ceace197a177,"pre_first_round_h2h; CNT/MDA Rodada 121 Relatorio Sintese (CNT Data repository); 2.002 entrevistas, 137 municipios, 25 UFs, MoE 2.2pp. Release date not printed in report; a media report dated 2014-09-09 (https://www.meon.com.br/noticias/correcao-dilma-tem-38-1-e-marina-33-5-diz-cnt-mda) carries these results, so publication_date left empty. Runoff simulation (Tabela 5, cenario 3); stimulated; national; blank_null=Branco/Nulo, undecided=NS/NR."
2014-1-27990adffd,2014,1,BR-00574/2014,MDA,CNT,2014-09-05,2014-09-07,,2002,,main,Dilma Rousseff,38.1,total,5.9,5.7,,https://data.cnt.org.br/wp-content/uploads/2025/07/%C2%AA%20Pesquisa%20CNT%20+%20MDA%20%E2%80%93%20S%C3%ADntese.pdf_10.pdf,pollster_release,,2026-09-29T17:26:14Z,verified_match,data/manual/research_2014/verification.csv,a65dc8b3a0c68ee754b6e4a85cb4dc05b882a0bae186cbda7144ceace197a177,"revision_2014_r1; CNT/MDA Rodada 121 Relatorio Sintese (CNT Data repository); 2.002 entrevistas, 137 municipios, 25 UFs, MoE 2.2pp. Release date not printed in report; a media report dated 2014-09-09 (https://www.meon.com.br/noticias/correcao-dilma-tem-38-1-e-marina-33-5-diz-cnt-mda) carries these results, so publication_date left empty. First round, stimulated (Tabela 2). 'Outros' (other candidates combined) = 1.1% total; candidates not listed individually were not printed separately."
2014-1-27990adffd,2014,1,BR-00574/2014,MDA,CNT,2014-09-05,2014-09-07,,2002,,main,Marina Silva,33.5,total,5.9,5.7,,https://data.cnt.org.br/wp-content/uploads/2025/07/%C2%AA%20Pesquisa%20CNT%20+%20MDA%20%E2%80%93%20S%C3%ADntese.pdf_10.pdf,pollster_release,,2026-09-29T17:26:14Z,verified_match,data/manual/research_2014/verification.csv,a65dc8b3a0c68ee754b6e4a85cb4dc05b882a0bae186cbda7144ceace197a177,"revision_2014_r1; CNT/MDA Rodada 121 Relatorio Sintese (CNT Data repository); 2.002 entrevistas, 137 municipios, 25 UFs, MoE 2.2pp. Release date not printed in report; a media report dated 2014-09-09 (https://www.meon.com.br/noticias/correcao-dilma-tem-38-1-e-marina-33-5-diz-cnt-mda) carries these results, so publication_date left empty. First round, stimulated (Tabela 2). 'Outros' (other candidates combined) = 1.1% total; candidates not listed individually were not printed separately."
2014-1-27990adffd,2014,1,BR-00574/2014,MDA,CNT,2014-09-05,2014-09-07,,2002,,main,Aécio Neves,14.7,total,5.9,5.7,,https://data.cnt.org.br/wp-content/uploads/2025/07/%C2%AA%20Pesquisa%20CNT%20+%20MDA%20%E2%80%93%20S%C3%ADntese.pdf_10.pdf,pollster_release,,2026-09-29T17:26:14Z,verified_match,data/manual/research_2014/verification.csv,a65dc8b3a0c68ee754b6e4a85cb4dc05b882a0bae186cbda7144ceace197a177,"revision_2014_r1; CNT/MDA Rodada 121 Relatorio Sintese (CNT Data repository); 2.002 entrevistas, 137 municipios, 25 UFs, MoE 2.2pp. Release date not printed in report; a media report dated 2014-09-09 (https://www.meon.com.br/noticias/correcao-dilma-tem-38-1-e-marina-33-5-diz-cnt-mda) carries these results, so publication_date left empty. First round, stimulated (Tabela 2). 'Outros' (other candidates combined) = 1.1% total; candidates not listed individually were not printed separately."
2014-1-27990adffd,2014,1,BR-00574/2014,MDA,CNT,2014-09-05,2014-09-07,,2002,,main,Pastor Everaldo,1.0,total,5.9,5.7,,https://data.cnt.org.br/wp-content/uploads/2025/07/%C2%AA%20Pesquisa%20CNT%20+%20MDA%20%E2%80%93%20S%C3%ADntese.pdf_10.pdf,pollster_release,,2026-09-29T17:26:14Z,verified_match,data/manual/research_2014/verification.csv,a65dc8b3a0c68ee754b6e4a85cb4dc05b882a0bae186cbda7144ceace197a177,"revision_2014_r1; CNT/MDA Rodada 121 Relatorio Sintese (CNT Data repository); 2.002 entrevistas, 137 municipios, 25 UFs, MoE 2.2pp. Release date not printed in report; a media report dated 2014-09-09 (https://www.meon.com.br/noticias/correcao-dilma-tem-38-1-e-marina-33-5-diz-cnt-mda) carries these results, so publication_date left empty. First round, stimulated (Tabela 2). 'Outros' (other candidates combined) = 1.1% total; candidates not listed individually were not printed separately."
2014-2-6a5811f28d,2014,2,BR-00753/2014,MDA,CNT,2014-09-20,2014-09-21,2014-09-23,2002,,Aécio Neves vs Dilma Rousseff,Dilma Rousseff,45.5,total,13.4,4.6,,https://web.archive.org/web/20150408124553/http://www.cnt.org.br/Imagens%20CNT/PDFs%20CNT/Pesquisa%20CNT%20MDA/Relatorio%20SINTESE%20-%20CNT%20SETEMBRO2014%20-%20R122%20-%20FINAL.pdf,wayback,,2026-09-29T17:11:29Z,verified_match,data/manual/research_2014/verification.csv,a65dc8b3a0c68ee754b6e4a85cb4dc05b882a0bae186cbda7144ceace197a177,"pre_first_round_h2h; CNT/MDA Rodada 122 Relatorio Sintese, Wayback snapshot of cnt.org.br PDF (not present in current CNT Data repository); 2.002 entrevistas, 137 municipios, 25 UFs, MoE 2.2pp. publication_date 2014-09-23 read on CNT news page (Wayback): https://web.archive.org/web/20140929073302/http://www.cnt.org.br:80/Paginas/Agencia_Noticia.aspx?noticia=122-rodada-pesquisa-cnt-mda-eleicoes-23092014 (which also states 2.002 eleitores, 20 e 21 de setembro, BR-00753/2014). Runoff simulation (Tabela 6, cenario 1); stimulated; national; blank_null=Branco/Nulo, undecided=NS/NR."
2014-2-6a5811f28d,2014,2,BR-00753/2014,MDA,CNT,2014-09-20,2014-09-21,2014-09-23,2002,,Aécio Neves vs Dilma Rousseff,Aécio Neves,36.5,total,13.4,4.6,,https://web.archive.org/web/20150408124553/http://www.cnt.org.br/Imagens%20CNT/PDFs%20CNT/Pesquisa%20CNT%20MDA/Relatorio%20SINTESE%20-%20CNT%20SETEMBRO2014%20-%20R122%20-%20FINAL.pdf,wayback,,2026-09-29T17:11:29Z,verified_match,data/manual/research_2014/verification.csv,a65dc8b3a0c68ee754b6e4a85cb4dc05b882a0bae186cbda7144ceace197a177,"pre_first_round_h2h; CNT/MDA Rodada 122 Relatorio Sintese, Wayback snapshot of cnt.org.br PDF (not present in current CNT Data repository); 2.002 entrevistas, 137 municipios, 25 UFs, MoE 2.2pp. publication_date 2014-09-23 read on CNT news page (Wayback): https://web.archive.org/web/20140929073302/http://www.cnt.org.br:80/Paginas/Agencia_Noticia.aspx?noticia=122-rodada-pesquisa-cnt-mda-eleicoes-23092014 (which also states 2.002 eleitores, 20 e 21 de setembro, BR-00753/2014). Runoff simulation (Tabela 6, cenario 1); stimulated; national; blank_null=Branco/Nulo, undecided=NS/NR."
2014-2-6a5811f28d,2014,2,BR-00753/2014,MDA,CNT,2014-09-20,2014-09-21,2014-09-23,2002,,Dilma Rousseff vs Marina Silva,Dilma Rousseff,42.0,total,11.8,5.2,,https://web.archive.org/web/20150408124553/http://www.cnt.org.br/Imagens%20CNT/PDFs%20CNT/Pesquisa%20CNT%20MDA/Relatorio%20SINTESE%20-%20CNT%20SETEMBRO2014%20-%20R122%20-%20FINAL.pdf,wayback,,2026-09-29T17:11:29Z,verified_match,data/manual/research_2014/verification.csv,a65dc8b3a0c68ee754b6e4a85cb4dc05b882a0bae186cbda7144ceace197a177,"pre_first_round_h2h; CNT/MDA Rodada 122 Relatorio Sintese, Wayback snapshot of cnt.org.br PDF (not present in current CNT Data repository); 2.002 entrevistas, 137 municipios, 25 UFs, MoE 2.2pp. publication_date 2014-09-23 read on CNT news page (Wayback): https://web.archive.org/web/20140929073302/http://www.cnt.org.br:80/Paginas/Agencia_Noticia.aspx?noticia=122-rodada-pesquisa-cnt-mda-eleicoes-23092014 (which also states 2.002 eleitores, 20 e 21 de setembro, BR-00753/2014). Runoff simulation (Tabela 7, cenario 2); stimulated; national; blank_null=Branco/Nulo, undecided=NS/NR."
2014-2-6a5811f28d,2014,2,BR-00753/2014,MDA,CNT,2014-09-20,2014-09-21,2014-09-23,2002,,Dilma Rousseff vs Marina Silva,Marina Silva,41.0,total,11.8,5.2,,https://web.archive.org/web/20150408124553/http://www.cnt.org.br/Imagens%20CNT/PDFs%20CNT/Pesquisa%20CNT%20MDA/Relatorio%20SINTESE%20-%20CNT%20SETEMBRO2014%20-%20R122%20-%20FINAL.pdf,wayback,,2026-09-29T17:11:29Z,verified_match,data/manual/research_2014/verification.csv,a65dc8b3a0c68ee754b6e4a85cb4dc05b882a0bae186cbda7144ceace197a177,"pre_first_round_h2h; CNT/MDA Rodada 122 Relatorio Sintese, Wayback snapshot of cnt.org.br PDF (not present in current CNT Data repository); 2.002 entrevistas, 137 municipios, 25 UFs, MoE 2.2pp. publication_date 2014-09-23 read on CNT news page (Wayback): https://web.archive.org/web/20140929073302/http://www.cnt.org.br:80/Paginas/Agencia_Noticia.aspx?noticia=122-rodada-pesquisa-cnt-mda-eleicoes-23092014 (which also states 2.002 eleitores, 20 e 21 de setembro, BR-00753/2014). Runoff simulation (Tabela 7, cenario 2); stimulated; national; blank_null=Branco/Nulo, undecided=NS/NR."
2014-2-6a5811f28d,2014,2,BR-00753/2014,MDA,CNT,2014-09-20,2014-09-21,2014-09-23,2002,,Aécio Neves vs Marina Silva,Marina Silva,43.1,total,17.4,6.6,,https://web.archive.org/web/20150408124553/http://www.cnt.org.br/Imagens%20CNT/PDFs%20CNT/Pesquisa%20CNT%20MDA/Relatorio%20SINTESE%20-%20CNT%20SETEMBRO2014%20-%20R122%20-%20FINAL.pdf,wayback,,2026-09-29T17:11:29Z,verified_match,data/manual/research_2014/verification.csv,a65dc8b3a0c68ee754b6e4a85cb4dc05b882a0bae186cbda7144ceace197a177,"pre_first_round_h2h; CNT/MDA Rodada 122 Relatorio Sintese, Wayback snapshot of cnt.org.br PDF (not present in current CNT Data repository); 2.002 entrevistas, 137 municipios, 25 UFs, MoE 2.2pp. publication_date 2014-09-23 read on CNT news page (Wayback): https://web.archive.org/web/20140929073302/http://www.cnt.org.br:80/Paginas/Agencia_Noticia.aspx?noticia=122-rodada-pesquisa-cnt-mda-eleicoes-23092014 (which also states 2.002 eleitores, 20 e 21 de setembro, BR-00753/2014). Runoff simulation (Tabela 8, cenario 3); stimulated; national; blank_null=Branco/Nulo, undecided=NS/NR."
2014-2-6a5811f28d,2014,2,BR-00753/2014,MDA,CNT,2014-09-20,2014-09-21,2014-09-23,2002,,Aécio Neves vs Marina Silva,Aécio Neves,32.9,total,17.4,6.6,,https://web.archive.org/web/20150408124553/http://www.cnt.org.br/Imagens%20CNT/PDFs%20CNT/Pesquisa%20CNT%20MDA/Relatorio%20SINTESE%20-%20CNT%20SETEMBRO2014%20-%20R122%20-%20FINAL.pdf,wayback,,2026-09-29T17:11:29Z,verified_match,data/manual/research_2014/verification.csv,a65dc8b3a0c68ee754b6e4a85cb4dc05b882a0bae186cbda7144ceace197a177,"pre_first_round_h2h; CNT/MDA Rodada 122 Relatorio Sintese, Wayback snapshot of cnt.org.br PDF (not present in current CNT Data repository); 2.002 entrevistas, 137 municipios, 25 UFs, MoE 2.2pp. publication_date 2014-09-23 read on CNT news page (Wayback): https://web.archive.org/web/20140929073302/http://www.cnt.org.br:80/Paginas/Agencia_Noticia.aspx?noticia=122-rodada-pesquisa-cnt-mda-eleicoes-23092014 (which also states 2.002 eleitores, 20 e 21 de setembro, BR-00753/2014). Runoff simulation (Tabela 8, cenario 3); stimulated; national; blank_null=Branco/Nulo, undecided=NS/NR."
2014-1-a4d289b071,2014,1,BR-00753/2014,MDA,CNT,2014-09-20,2014-09-21,2014-09-23,2002,,main,Dilma Rousseff,36.0,total,7.2,9.3,,https://web.archive.org/web/20150408124553/http://www.cnt.org.br/Imagens%20CNT/PDFs%20CNT/Pesquisa%20CNT%20MDA/Relatorio%20SINTESE%20-%20CNT%20SETEMBRO2014%20-%20R122%20-%20FINAL.pdf,wayback,,2026-09-29T17:11:29Z,verified_match,data/manual/research_2014/verification.csv,a65dc8b3a0c68ee754b6e4a85cb4dc05b882a0bae186cbda7144ceace197a177,"revision_2014_r1; CNT/MDA Rodada 122 Relatorio Sintese, Wayback snapshot of cnt.org.br PDF (not present in current CNT Data repository); 2.002 entrevistas, 137 municipios, 25 UFs, MoE 2.2pp. publication_date 2014-09-23 read on CNT news page (Wayback): https://web.archive.org/web/20140929073302/http://www.cnt.org.br:80/Paginas/Agencia_Noticia.aspx?noticia=122-rodada-pesquisa-cnt-mda-eleicoes-23092014 (which also states 2.002 eleitores, 20 e 21 de setembro, BR-00753/2014). First round, stimulated (Tabela 2). 'Outros' (other candidates combined) = 0.8% total; candidates not listed individually were not printed separately."
2014-1-a4d289b071,2014,1,BR-00753/2014,MDA,CNT,2014-09-20,2014-09-21,2014-09-23,2002,,main,Marina Silva,27.4,total,7.2,9.3,,https://web.archive.org/web/20150408124553/http://www.cnt.org.br/Imagens%20CNT/PDFs%20CNT/Pesquisa%20CNT%20MDA/Relatorio%20SINTESE%20-%20CNT%20SETEMBRO2014%20-%20R122%20-%20FINAL.pdf,wayback,,2026-09-29T17:11:29Z,verified_match,data/manual/research_2014/verification.csv,a65dc8b3a0c68ee754b6e4a85cb4dc05b882a0bae186cbda7144ceace197a177,"revision_2014_r1; CNT/MDA Rodada 122 Relatorio Sintese, Wayback snapshot of cnt.org.br PDF (not present in current CNT Data repository); 2.002 entrevistas, 137 municipios, 25 UFs, MoE 2.2pp. publication_date 2014-09-23 read on CNT news page (Wayback): https://web.archive.org/web/20140929073302/http://www.cnt.org.br:80/Paginas/Agencia_Noticia.aspx?noticia=122-rodada-pesquisa-cnt-mda-eleicoes-23092014 (which also states 2.002 eleitores, 20 e 21 de setembro, BR-00753/2014). First round, stimulated (Tabela 2). 'Outros' (other candidates combined) = 0.8% total; candidates not listed individually were not printed separately."
2014-1-a4d289b071,2014,1,BR-00753/2014,MDA,CNT,2014-09-20,2014-09-21,2014-09-23,2002,,main,Aécio Neves,17.6,total,7.2,9.3,,https://web.archive.org/web/20150408124553/http://www.cnt.org.br/Imagens%20CNT/PDFs%20CNT/Pesquisa%20CNT%20MDA/Relatorio%20SINTESE%20-%20CNT%20SETEMBRO2014%20-%20R122%20-%20FINAL.pdf,wayback,,2026-09-29T17:11:29Z,verified_match,data/manual/research_2014/verification.csv,a65dc8b3a0c68ee754b6e4a85cb4dc05b882a0bae186cbda7144ceace197a177,"revision_2014_r1; CNT/MDA Rodada 122 Relatorio Sintese, Wayback snapshot of cnt.org.br PDF (not present in current CNT Data repository); 2.002 entrevistas, 137 municipios, 25 UFs, MoE 2.2pp. publication_date 2014-09-23 read on CNT news page (Wayback): https://web.archive.org/web/20140929073302/http://www.cnt.org.br:80/Paginas/Agencia_Noticia.aspx?noticia=122-rodada-pesquisa-cnt-mda-eleicoes-23092014 (which also states 2.002 eleitores, 20 e 21 de setembro, BR-00753/2014). First round, stimulated (Tabela 2). 'Outros' (other candidates combined) = 0.8% total; candidates not listed individually were not printed separately."
2014-1-a4d289b071,2014,1,BR-00753/2014,MDA,CNT,2014-09-20,2014-09-21,2014-09-23,2002,,main,Luciana Genro,0.9,total,7.2,9.3,,https://web.archive.org/web/20150408124553/http://www.cnt.org.br/Imagens%20CNT/PDFs%20CNT/Pesquisa%20CNT%20MDA/Relatorio%20SINTESE%20-%20CNT%20SETEMBRO2014%20-%20R122%20-%20FINAL.pdf,wayback,,2026-09-29T17:11:29Z,verified_match,data/manual/research_2014/verification.csv,a65dc8b3a0c68ee754b6e4a85cb4dc05b882a0bae186cbda7144ceace197a177,"revision_2014_r1; CNT/MDA Rodada 122 Relatorio Sintese, Wayback snapshot of cnt.org.br PDF (not present in current CNT Data repository); 2.002 entrevistas, 137 municipios, 25 UFs, MoE 2.2pp. publication_date 2014-09-23 read on CNT news page (Wayback): https://web.archive.org/web/20140929073302/http://www.cnt.org.br:80/Paginas/Agencia_Noticia.aspx?noticia=122-rodada-pesquisa-cnt-mda-eleicoes-23092014 (which also states 2.002 eleitores, 20 e 21 de setembro, BR-00753/2014). First round, stimulated (Tabela 2). 'Outros' (other candidates combined) = 0.8% total; candidates not listed individually were not printed separately."
2014-1-a4d289b071,2014,1,BR-00753/2014,MDA,CNT,2014-09-20,2014-09-21,2014-09-23,2002,,main,Pastor Everaldo,0.8,total,7.2,9.3,,https://web.archive.org/web/20150408124553/http://www.cnt.org.br/Imagens%20CNT/PDFs%20CNT/Pesquisa%20CNT%20MDA/Relatorio%20SINTESE%20-%20CNT%20SETEMBRO2014%20-%20R122%20-%20FINAL.pdf,wayback,,2026-09-29T17:11:29Z,verified_match,data/manual/research_2014/verification.csv,a65dc8b3a0c68ee754b6e4a85cb4dc05b882a0bae186cbda7144ceace197a177,"revision_2014_r1; CNT/MDA Rodada 122 Relatorio Sintese, Wayback snapshot of cnt.org.br PDF (not present in current CNT Data repository); 2.002 entrevistas, 137 municipios, 25 UFs, MoE 2.2pp. publication_date 2014-09-23 read on CNT news page (Wayback): https://web.archive.org/web/20140929073302/http://www.cnt.org.br:80/Paginas/Agencia_Noticia.aspx?noticia=122-rodada-pesquisa-cnt-mda-eleicoes-23092014 (which also states 2.002 eleitores, 20 e 21 de setembro, BR-00753/2014). First round, stimulated (Tabela 2). 'Outros' (other candidates combined) = 0.8% total; candidates not listed individually were not printed separately."
2014-2-255e46e43d,2014,2,BR-00892/2014,MDA,CNT,2014-09-27,2014-09-28,2014-09-29,2002,,Aécio Neves vs Dilma Rousseff,Dilma Rousseff,49.1,total,11.5,2.6,,https://data.cnt.org.br/wp-content/uploads/2025/07/%C2%AA%20Pesquisa%20CNT%20+%20MDA%20%E2%80%93%20S%C3%ADntese.pdf_11.pdf,pollster_release,,2026-09-29T17:26:16Z,verified_match,data/manual/research_2014/verification.csv,a65dc8b3a0c68ee754b6e4a85cb4dc05b882a0bae186cbda7144ceace197a177,"pre_first_round_h2h; CNT/MDA Rodada 123 Relatorio Sintese (CNT Data repository); 2.002 entrevistas, 137 municipios, 25 UFs, MoE 2.2pp; cover says '27 e 28 de setembro', methods page says '27 a 28 de setembro'. publication_date 2014-09-29 read on CNT news page (Wayback): https://web.archive.org/web/20141003050414/http://www.cnt.org.br:80/Paginas/Agencia_Noticia.aspx?noticia=123-rodada-pesquisa-cnt-mda-eleicao-2014-dilma-rousseff-marina-silva-aecio-neves-pastor-everaldo-luciana-genro-eymael-eduardo-jorge-tse-levantamento-29092014. Runoff simulation (Tabela 6, cenario 1); stimulated; national; blank_null=Branco/Nulo, undecided=NS/NR."
2014-2-255e46e43d,2014,2,BR-00892/2014,MDA,CNT,2014-09-27,2014-09-28,2014-09-29,2002,,Aécio Neves vs Dilma Rousseff,Aécio Neves,36.8,total,11.5,2.6,,https://data.cnt.org.br/wp-content/uploads/2025/07/%C2%AA%20Pesquisa%20CNT%20+%20MDA%20%E2%80%93%20S%C3%ADntese.pdf_11.pdf,pollster_release,,2026-09-29T17:26:16Z,verified_match,data/manual/research_2014/verification.csv,a65dc8b3a0c68ee754b6e4a85cb4dc05b882a0bae186cbda7144ceace197a177,"pre_first_round_h2h; CNT/MDA Rodada 123 Relatorio Sintese (CNT Data repository); 2.002 entrevistas, 137 municipios, 25 UFs, MoE 2.2pp; cover says '27 e 28 de setembro', methods page says '27 a 28 de setembro'. publication_date 2014-09-29 read on CNT news page (Wayback): https://web.archive.org/web/20141003050414/http://www.cnt.org.br:80/Paginas/Agencia_Noticia.aspx?noticia=123-rodada-pesquisa-cnt-mda-eleicao-2014-dilma-rousseff-marina-silva-aecio-neves-pastor-everaldo-luciana-genro-eymael-eduardo-jorge-tse-levantamento-29092014. Runoff simulation (Tabela 6, cenario 1); stimulated; national; blank_null=Branco/Nulo, undecided=NS/NR."
2014-2-255e46e43d,2014,2,BR-00892/2014,MDA,CNT,2014-09-27,2014-09-28,2014-09-29,2002,,Dilma Rousseff vs Marina Silva,Dilma Rousseff,47.7,total,10.9,2.7,,https://data.cnt.org.br/wp-content/uploads/2025/07/%C2%AA%20Pesquisa%20CNT%20+%20MDA%20%E2%80%93%20S%C3%ADntese.pdf_11.pdf,pollster_release,,2026-09-29T17:26:16Z,verified_match,data/manual/research_2014/verification.csv,a65dc8b3a0c68ee754b6e4a85cb4dc05b882a0bae186cbda7144ceace197a177,"pre_first_round_h2h; CNT/MDA Rodada 123 Relatorio Sintese (CNT Data repository); 2.002 entrevistas, 137 municipios, 25 UFs, MoE 2.2pp; cover says '27 e 28 de setembro', methods page says '27 a 28 de setembro'. publication_date 2014-09-29 read on CNT news page (Wayback): https://web.archive.org/web/20141003050414/http://www.cnt.org.br:80/Paginas/Agencia_Noticia.aspx?noticia=123-rodada-pesquisa-cnt-mda-eleicao-2014-dilma-rousseff-marina-silva-aecio-neves-pastor-everaldo-luciana-genro-eymael-eduardo-jorge-tse-levantamento-29092014. Runoff simulation (Tabela 7, cenario 2); stimulated; national; blank_null=Branco/Nulo, undecided=NS/NR."
2014-2-255e46e43d,2014,2,BR-00892/2014,MDA,CNT,2014-09-27,2014-09-28,2014-09-29,2002,,Dilma Rousseff vs Marina Silva,Marina Silva,38.7,total,10.9,2.7,,https://data.cnt.org.br/wp-content/uploads/2025/07/%C2%AA%20Pesquisa%20CNT%20+%20MDA%20%E2%80%93%20S%C3%ADntese.pdf_11.pdf,pollster_release,,2026-09-29T17:26:16Z,verified_match,data/manual/research_2014/verification.csv,a65dc8b3a0c68ee754b6e4a85cb4dc05b882a0bae186cbda7144ceace197a177,"pre_first_round_h2h; CNT/MDA Rodada 123 Relatorio Sintese (CNT Data repository); 2.002 entrevistas, 137 municipios, 25 UFs, MoE 2.2pp; cover says '27 e 28 de setembro', methods page says '27 a 28 de setembro'. publication_date 2014-09-29 read on CNT news page (Wayback): https://web.archive.org/web/20141003050414/http://www.cnt.org.br:80/Paginas/Agencia_Noticia.aspx?noticia=123-rodada-pesquisa-cnt-mda-eleicao-2014-dilma-rousseff-marina-silva-aecio-neves-pastor-everaldo-luciana-genro-eymael-eduardo-jorge-tse-levantamento-29092014. Runoff simulation (Tabela 7, cenario 2); stimulated; national; blank_null=Branco/Nulo, undecided=NS/NR."
2014-2-255e46e43d,2014,2,BR-00892/2014,MDA,CNT,2014-09-27,2014-09-28,2014-09-29,2002,,Aécio Neves vs Marina Silva,Marina Silva,41.1,total,18.9,4.0,,https://data.cnt.org.br/wp-content/uploads/2025/07/%C2%AA%20Pesquisa%20CNT%20+%20MDA%20%E2%80%93%20S%C3%ADntese.pdf_11.pdf,pollster_release,,2026-09-29T17:26:16Z,verified_match,data/manual/research_2014/verification.csv,a65dc8b3a0c68ee754b6e4a85cb4dc05b882a0bae186cbda7144ceace197a177,"pre_first_round_h2h; CNT/MDA Rodada 123 Relatorio Sintese (CNT Data repository); 2.002 entrevistas, 137 municipios, 25 UFs, MoE 2.2pp; cover says '27 e 28 de setembro', methods page says '27 a 28 de setembro'. publication_date 2014-09-29 read on CNT news page (Wayback): https://web.archive.org/web/20141003050414/http://www.cnt.org.br:80/Paginas/Agencia_Noticia.aspx?noticia=123-rodada-pesquisa-cnt-mda-eleicao-2014-dilma-rousseff-marina-silva-aecio-neves-pastor-everaldo-luciana-genro-eymael-eduardo-jorge-tse-levantamento-29092014. Runoff simulation (Tabela 8, cenario 3); stimulated; national; blank_null=Branco/Nulo, undecided=NS/NR."
2014-2-255e46e43d,2014,2,BR-00892/2014,MDA,CNT,2014-09-27,2014-09-28,2014-09-29,2002,,Aécio Neves vs Marina Silva,Aécio Neves,36.0,total,18.9,4.0,,https://data.cnt.org.br/wp-content/uploads/2025/07/%C2%AA%20Pesquisa%20CNT%20+%20MDA%20%E2%80%93%20S%C3%ADntese.pdf_11.pdf,pollster_release,,2026-09-29T17:26:16Z,verified_match,data/manual/research_2014/verification.csv,a65dc8b3a0c68ee754b6e4a85cb4dc05b882a0bae186cbda7144ceace197a177,"pre_first_round_h2h; CNT/MDA Rodada 123 Relatorio Sintese (CNT Data repository); 2.002 entrevistas, 137 municipios, 25 UFs, MoE 2.2pp; cover says '27 e 28 de setembro', methods page says '27 a 28 de setembro'. publication_date 2014-09-29 read on CNT news page (Wayback): https://web.archive.org/web/20141003050414/http://www.cnt.org.br:80/Paginas/Agencia_Noticia.aspx?noticia=123-rodada-pesquisa-cnt-mda-eleicao-2014-dilma-rousseff-marina-silva-aecio-neves-pastor-everaldo-luciana-genro-eymael-eduardo-jorge-tse-levantamento-29092014. Runoff simulation (Tabela 8, cenario 3); stimulated; national; blank_null=Branco/Nulo, undecided=NS/NR."
2014-1-69751be165,2014,1,BR-00892/2014,MDA,CNT,2014-09-27,2014-09-28,2014-09-29,2002,,main,Dilma Rousseff,40.4,total,5.9,6.4,,https://data.cnt.org.br/wp-content/uploads/2025/07/%C2%AA%20Pesquisa%20CNT%20+%20MDA%20%E2%80%93%20S%C3%ADntese.pdf_11.pdf,pollster_release,,2026-09-29T17:26:16Z,verified_match,data/manual/research_2014/verification.csv,a65dc8b3a0c68ee754b6e4a85cb4dc05b882a0bae186cbda7144ceace197a177,"revision_2014_r1; CNT/MDA Rodada 123 Relatorio Sintese (CNT Data repository); 2.002 entrevistas, 137 municipios, 25 UFs, MoE 2.2pp; cover says '27 e 28 de setembro', methods page says '27 a 28 de setembro'. publication_date 2014-09-29 read on CNT news page (Wayback): https://web.archive.org/web/20141003050414/http://www.cnt.org.br:80/Paginas/Agencia_Noticia.aspx?noticia=123-rodada-pesquisa-cnt-mda-eleicao-2014-dilma-rousseff-marina-silva-aecio-neves-pastor-everaldo-luciana-genro-eymael-eduardo-jorge-tse-levantamento-29092014. First round, stimulated (Tabela 2). 'Outros' (other candidates combined) = 0.5% total; candidates not listed individually were not printed separately."
2014-1-69751be165,2014,1,BR-00892/2014,MDA,CNT,2014-09-27,2014-09-28,2014-09-29,2002,,main,Marina Silva,25.2,total,5.9,6.4,,https://data.cnt.org.br/wp-content/uploads/2025/07/%C2%AA%20Pesquisa%20CNT%20+%20MDA%20%E2%80%93%20S%C3%ADntese.pdf_11.pdf,pollster_release,,2026-09-29T17:26:16Z,verified_match,data/manual/research_2014/verification.csv,a65dc8b3a0c68ee754b6e4a85cb4dc05b882a0bae186cbda7144ceace197a177,"revision_2014_r1; CNT/MDA Rodada 123 Relatorio Sintese (CNT Data repository); 2.002 entrevistas, 137 municipios, 25 UFs, MoE 2.2pp; cover says '27 e 28 de setembro', methods page says '27 a 28 de setembro'. publication_date 2014-09-29 read on CNT news page (Wayback): https://web.archive.org/web/20141003050414/http://www.cnt.org.br:80/Paginas/Agencia_Noticia.aspx?noticia=123-rodada-pesquisa-cnt-mda-eleicao-2014-dilma-rousseff-marina-silva-aecio-neves-pastor-everaldo-luciana-genro-eymael-eduardo-jorge-tse-levantamento-29092014. First round, stimulated (Tabela 2). 'Outros' (other candidates combined) = 0.5% total; candidates not listed individually were not printed separately."
2014-1-69751be165,2014,1,BR-00892/2014,MDA,CNT,2014-09-27,2014-09-28,2014-09-29,2002,,main,Aécio Neves,19.8,total,5.9,6.4,,https://data.cnt.org.br/wp-content/uploads/2025/07/%C2%AA%20Pesquisa%20CNT%20+%20MDA%20%E2%80%93%20S%C3%ADntese.pdf_11.pdf,pollster_release,,2026-09-29T17:26:16Z,verified_match,data/manual/research_2014/verification.csv,a65dc8b3a0c68ee754b6e4a85cb4dc05b882a0bae186cbda7144ceace197a177,"revision_2014_r1; CNT/MDA Rodada 123 Relatorio Sintese (CNT Data repository); 2.002 entrevistas, 137 municipios, 25 UFs, MoE 2.2pp; cover says '27 e 28 de setembro', methods page says '27 a 28 de setembro'. publication_date 2014-09-29 read on CNT news page (Wayback): https://web.archive.org/web/20141003050414/http://www.cnt.org.br:80/Paginas/Agencia_Noticia.aspx?noticia=123-rodada-pesquisa-cnt-mda-eleicao-2014-dilma-rousseff-marina-silva-aecio-neves-pastor-everaldo-luciana-genro-eymael-eduardo-jorge-tse-levantamento-29092014. First round, stimulated (Tabela 2). 'Outros' (other candidates combined) = 0.5% total; candidates not listed individually were not printed separately."
2014-1-69751be165,2014,1,BR-00892/2014,MDA,CNT,2014-09-27,2014-09-28,2014-09-29,2002,,main,Luciana Genro,1.2,total,5.9,6.4,,https://data.cnt.org.br/wp-content/uploads/2025/07/%C2%AA%20Pesquisa%20CNT%20+%20MDA%20%E2%80%93%20S%C3%ADntese.pdf_11.pdf,pollster_release,,2026-09-29T17:26:16Z,verified_match,data/manual/research_2014/verification.csv,a65dc8b3a0c68ee754b6e4a85cb4dc05b882a0bae186cbda7144ceace197a177,"revision_2014_r1; CNT/MDA Rodada 123 Relatorio Sintese (CNT Data repository); 2.002 entrevistas, 137 municipios, 25 UFs, MoE 2.2pp; cover says '27 e 28 de setembro', methods page says '27 a 28 de setembro'. publication_date 2014-09-29 read on CNT news page (Wayback): https://web.archive.org/web/20141003050414/http://www.cnt.org.br:80/Paginas/Agencia_Noticia.aspx?noticia=123-rodada-pesquisa-cnt-mda-eleicao-2014-dilma-rousseff-marina-silva-aecio-neves-pastor-everaldo-luciana-genro-eymael-eduardo-jorge-tse-levantamento-29092014. First round, stimulated (Tabela 2). 'Outros' (other candidates combined) = 0.5% total; candidates not listed individually were not printed separately."
2014-1-69751be165,2014,1,BR-00892/2014,MDA,CNT,2014-09-27,2014-09-28,2014-09-29,2002,,main,Pastor Everaldo,0.6,total,5.9,6.4,,https://data.cnt.org.br/wp-content/uploads/2025/07/%C2%AA%20Pesquisa%20CNT%20+%20MDA%20%E2%80%93%20S%C3%ADntese.pdf_11.pdf,pollster_release,,2026-09-29T17:26:16Z,verified_match,data/manual/research_2014/verification.csv,a65dc8b3a0c68ee754b6e4a85cb4dc05b882a0bae186cbda7144ceace197a177,"revision_2014_r1; CNT/MDA Rodada 123 Relatorio Sintese (CNT Data repository); 2.002 entrevistas, 137 municipios, 25 UFs, MoE 2.2pp; cover says '27 e 28 de setembro', methods page says '27 a 28 de setembro'. publication_date 2014-09-29 read on CNT news page (Wayback): https://web.archive.org/web/20141003050414/http://www.cnt.org.br:80/Paginas/Agencia_Noticia.aspx?noticia=123-rodada-pesquisa-cnt-mda-eleicao-2014-dilma-rousseff-marina-silva-aecio-neves-pastor-everaldo-luciana-genro-eymael-eduardo-jorge-tse-levantamento-29092014. First round, stimulated (Tabela 2). 'Outros' (other candidates combined) = 0.5% total; candidates not listed individually were not printed separately."
2014-2-731f0999aa,2014,2,BR-01032/2014,MDA,CNT,2014-10-02,2014-10-03,2014-10-04,2002,,Aécio Neves vs Dilma Rousseff,Dilma Rousseff,46.0,total,9.7,3.5,,https://data.cnt.org.br/wp-content/uploads/2025/07/%C2%AA%20Pesquisa%20CNT%20+%20MDA%20%E2%80%93%20S%C3%ADntese.pdf_12.pdf,pollster_release,,2026-09-29T17:26:18Z,verified_match,data/manual/research_2014/verification.csv,a65dc8b3a0c68ee754b6e4a85cb4dc05b882a0bae186cbda7144ceace197a177,"pre_first_round_h2h; CNT/MDA Rodada 124 Relatorio Sintese (CNT Data repository); 2.002 entrevistas, 137 municipios, 25 UFs, MoE 2.2pp. publication_date 2014-10-04 read on CNT news page (Wayback): https://web.archive.org/web/20141007144856/http://www.cnt.org.br:80/Paginas/Agencia_Noticia.aspx?noticia=124-pesquisa-cnt-mda-04102014. Runoff simulation (Tabela 4, cenario 1); stimulated; national; blank_null=Branco/Nulo, undecided=NS/NR."
2014-2-731f0999aa,2014,2,BR-01032/2014,MDA,CNT,2014-10-02,2014-10-03,2014-10-04,2002,,Aécio Neves vs Dilma Rousseff,Aécio Neves,40.8,total,9.7,3.5,,https://data.cnt.org.br/wp-content/uploads/2025/07/%C2%AA%20Pesquisa%20CNT%20+%20MDA%20%E2%80%93%20S%C3%ADntese.pdf_12.pdf,pollster_release,,2026-09-29T17:26:18Z,verified_match,data/manual/research_2014/verification.csv,a65dc8b3a0c68ee754b6e4a85cb4dc05b882a0bae186cbda7144ceace197a177,"pre_first_round_h2h; CNT/MDA Rodada 124 Relatorio Sintese (CNT Data repository); 2.002 entrevistas, 137 municipios, 25 UFs, MoE 2.2pp. publication_date 2014-10-04 read on CNT news page (Wayback): https://web.archive.org/web/20141007144856/http://www.cnt.org.br:80/Paginas/Agencia_Noticia.aspx?noticia=124-pesquisa-cnt-mda-04102014. Runoff simulation (Tabela 4, cenario 1); stimulated; national; blank_null=Branco/Nulo, undecided=NS/NR."
2014-2-731f0999aa,2014,2,BR-01032/2014,MDA,CNT,2014-10-02,2014-10-03,2014-10-04,2002,,Dilma Rousseff vs Marina Silva,Dilma Rousseff,47.6,total,11.1,3.4,,https://data.cnt.org.br/wp-content/uploads/2025/07/%C2%AA%20Pesquisa%20CNT%20+%20MDA%20%E2%80%93%20S%C3%ADntese.pdf_12.pdf,pollster_release,,2026-09-29T17:26:18Z,verified_match,data/manual/research_2014/verification.csv,a65dc8b3a0c68ee754b6e4a85cb4dc05b882a0bae186cbda7144ceace197a177,"pre_first_round_h2h; CNT/MDA Rodada 124 Relatorio Sintese (CNT Data repository); 2.002 entrevistas, 137 municipios, 25 UFs, MoE 2.2pp. publication_date 2014-10-04 read on CNT news page (Wayback): https://web.archive.org/web/20141007144856/http://www.cnt.org.br:80/Paginas/Agencia_Noticia.aspx?noticia=124-pesquisa-cnt-mda-04102014. Runoff simulation (Tabela 5, cenario 2); stimulated; national; blank_null=Branco/Nulo, undecided=NS/NR."
2014-2-731f0999aa,2014,2,BR-01032/2014,MDA,CNT,2014-10-02,2014-10-03,2014-10-04,2002,,Dilma Rousseff vs Marina Silva,Marina Silva,37.9,total,11.1,3.4,,https://data.cnt.org.br/wp-content/uploads/2025/07/%C2%AA%20Pesquisa%20CNT%20+%20MDA%20%E2%80%93%20S%C3%ADntese.pdf_12.pdf,pollster_release,,2026-09-29T17:26:18Z,verified_match,data/manual/research_2014/verification.csv,a65dc8b3a0c68ee754b6e4a85cb4dc05b882a0bae186cbda7144ceace197a177,"pre_first_round_h2h; CNT/MDA Rodada 124 Relatorio Sintese (CNT Data repository); 2.002 entrevistas, 137 municipios, 25 UFs, MoE 2.2pp. publication_date 2014-10-04 read on CNT news page (Wayback): https://web.archive.org/web/20141007144856/http://www.cnt.org.br:80/Paginas/Agencia_Noticia.aspx?noticia=124-pesquisa-cnt-mda-04102014. Runoff simulation (Tabela 5, cenario 2); stimulated; national; blank_null=Branco/Nulo, undecided=NS/NR."
2014-2-731f0999aa,2014,2,BR-01032/2014,MDA,CNT,2014-10-02,2014-10-03,2014-10-04,2002,,Aécio Neves vs Marina Silva,Aécio Neves,43.0,total,15.7,4.2,,https://data.cnt.org.br/wp-content/uploads/2025/07/%C2%AA%20Pesquisa%20CNT%20+%20MDA%20%E2%80%93%20S%C3%ADntese.pdf_12.pdf,pollster_release,,2026-09-29T17:26:18Z,verified_match,data/manual/research_2014/verification.csv,a65dc8b3a0c68ee754b6e4a85cb4dc05b882a0bae186cbda7144ceace197a177,"pre_first_round_h2h; CNT/MDA Rodada 124 Relatorio Sintese (CNT Data repository); 2.002 entrevistas, 137 municipios, 25 UFs, MoE 2.2pp. publication_date 2014-10-04 read on CNT news page (Wayback): https://web.archive.org/web/20141007144856/http://www.cnt.org.br:80/Paginas/Agencia_Noticia.aspx?noticia=124-pesquisa-cnt-mda-04102014. Runoff simulation (Tabela 6, cenario 3); stimulated; national; blank_null=Branco/Nulo, undecided=NS/NR."
2014-2-731f0999aa,2014,2,BR-01032/2014,MDA,CNT,2014-10-02,2014-10-03,2014-10-04,2002,,Aécio Neves vs Marina Silva,Marina Silva,37.1,total,15.7,4.2,,https://data.cnt.org.br/wp-content/uploads/2025/07/%C2%AA%20Pesquisa%20CNT%20+%20MDA%20%E2%80%93%20S%C3%ADntese.pdf_12.pdf,pollster_release,,2026-09-29T17:26:18Z,verified_match,data/manual/research_2014/verification.csv,a65dc8b3a0c68ee754b6e4a85cb4dc05b882a0bae186cbda7144ceace197a177,"pre_first_round_h2h; CNT/MDA Rodada 124 Relatorio Sintese (CNT Data repository); 2.002 entrevistas, 137 municipios, 25 UFs, MoE 2.2pp. publication_date 2014-10-04 read on CNT news page (Wayback): https://web.archive.org/web/20141007144856/http://www.cnt.org.br:80/Paginas/Agencia_Noticia.aspx?noticia=124-pesquisa-cnt-mda-04102014. Runoff simulation (Tabela 6, cenario 3); stimulated; national; blank_null=Branco/Nulo, undecided=NS/NR."
2014-1-09ef52d995,2014,1,BR-01032/2014,MDA,CNT,2014-10-02,2014-10-03,2014-10-04,2002,,main,Dilma Rousseff,40.6,total,5.2,5.8,,https://data.cnt.org.br/wp-content/uploads/2025/07/%C2%AA%20Pesquisa%20CNT%20+%20MDA%20%E2%80%93%20S%C3%ADntese.pdf_12.pdf,pollster_release,,2026-09-29T17:26:18Z,verified_match,data/manual/research_2014/verification.csv,a65dc8b3a0c68ee754b6e4a85cb4dc05b882a0bae186cbda7144ceace197a177,"revision_2014_r1; CNT/MDA Rodada 124 Relatorio Sintese (CNT Data repository); 2.002 entrevistas, 137 municipios, 25 UFs, MoE 2.2pp. publication_date 2014-10-04 read on CNT news page (Wayback): https://web.archive.org/web/20141007144856/http://www.cnt.org.br:80/Paginas/Agencia_Noticia.aspx?noticia=124-pesquisa-cnt-mda-04102014. Valid-vote shares from Tabela 3 (excludes branco, nulo, indecisos). First round, stimulated (Tabela 2). 'Outros' (other candidates combined) = 0.6% total, 0.7% valid; candidates not listed individually were not printed separately."
2014-1-09ef52d995,2014,1,BR-01032/2014,MDA,CNT,2014-10-02,2014-10-03,2014-10-04,2002,,main,Aécio Neves,24.0,total,5.2,5.8,,https://data.cnt.org.br/wp-content/uploads/2025/07/%C2%AA%20Pesquisa%20CNT%20+%20MDA%20%E2%80%93%20S%C3%ADntese.pdf_12.pdf,pollster_release,,2026-09-29T17:26:18Z,verified_match,data/manual/research_2014/verification.csv,a65dc8b3a0c68ee754b6e4a85cb4dc05b882a0bae186cbda7144ceace197a177,"revision_2014_r1; CNT/MDA Rodada 124 Relatorio Sintese (CNT Data repository); 2.002 entrevistas, 137 municipios, 25 UFs, MoE 2.2pp. publication_date 2014-10-04 read on CNT news page (Wayback): https://web.archive.org/web/20141007144856/http://www.cnt.org.br:80/Paginas/Agencia_Noticia.aspx?noticia=124-pesquisa-cnt-mda-04102014. Valid-vote shares from Tabela 3 (excludes branco, nulo, indecisos). First round, stimulated (Tabela 2). 'Outros' (other candidates combined) = 0.6% total, 0.7% valid; candidates not listed individually were not printed separately."
2014-1-09ef52d995,2014,1,BR-01032/2014,MDA,CNT,2014-10-02,2014-10-03,2014-10-04,2002,,main,Marina Silva,21.4,total,5.2,5.8,,https://data.cnt.org.br/wp-content/uploads/2025/07/%C2%AA%20Pesquisa%20CNT%20+%20MDA%20%E2%80%93%20S%C3%ADntese.pdf_12.pdf,pollster_release,,2026-09-29T17:26:18Z,verified_match,data/manual/research_2014/verification.csv,a65dc8b3a0c68ee754b6e4a85cb4dc05b882a0bae186cbda7144ceace197a177,"revision_2014_r1; CNT/MDA Rodada 124 Relatorio Sintese (CNT Data repository); 2.002 entrevistas, 137 municipios, 25 UFs, MoE 2.2pp. publication_date 2014-10-04 read on CNT news page (Wayback): https://web.archive.org/web/20141007144856/http://www.cnt.org.br:80/Paginas/Agencia_Noticia.aspx?noticia=124-pesquisa-cnt-mda-04102014. Valid-vote shares from Tabela 3 (excludes branco, nulo, indecisos). First round, stimulated (Tabela 2). 'Outros' (other candidates combined) = 0.6% total, 0.7% valid; candidates not listed individually were not printed separately."
2014-1-09ef52d995,2014,1,BR-01032/2014,MDA,CNT,2014-10-02,2014-10-03,2014-10-04,2002,,main,Luciana Genro,1.1,total,5.2,5.8,,https://data.cnt.org.br/wp-content/uploads/2025/07/%C2%AA%20Pesquisa%20CNT%20+%20MDA%20%E2%80%93%20S%C3%ADntese.pdf_12.pdf,pollster_release,,2026-09-29T17:26:18Z,verified_match,data/manual/research_2014/verification.csv,a65dc8b3a0c68ee754b6e4a85cb4dc05b882a0bae186cbda7144ceace197a177,"revision_2014_r1; CNT/MDA Rodada 124 Relatorio Sintese (CNT Data repository); 2.002 entrevistas, 137 municipios, 25 UFs, MoE 2.2pp. publication_date 2014-10-04 read on CNT news page (Wayback): https://web.archive.org/web/20141007144856/http://www.cnt.org.br:80/Paginas/Agencia_Noticia.aspx?noticia=124-pesquisa-cnt-mda-04102014. Valid-vote shares from Tabela 3 (excludes branco, nulo, indecisos). First round, stimulated (Tabela 2). 'Outros' (other candidates combined) = 0.6% total, 0.7% valid; candidates not listed individually were not printed separately."
2014-1-09ef52d995,2014,1,BR-01032/2014,MDA,CNT,2014-10-02,2014-10-03,2014-10-04,2002,,main,Pastor Everaldo,0.8,total,5.2,5.8,,https://data.cnt.org.br/wp-content/uploads/2025/07/%C2%AA%20Pesquisa%20CNT%20+%20MDA%20%E2%80%93%20S%C3%ADntese.pdf_12.pdf,pollster_release,,2026-09-29T17:26:18Z,verified_match,data/manual/research_2014/verification.csv,a65dc8b3a0c68ee754b6e4a85cb4dc05b882a0bae186cbda7144ceace197a177,"revision_2014_r1; CNT/MDA Rodada 124 Relatorio Sintese (CNT Data repository); 2.002 entrevistas, 137 municipios, 25 UFs, MoE 2.2pp. publication_date 2014-10-04 read on CNT news page (Wayback): https://web.archive.org/web/20141007144856/http://www.cnt.org.br:80/Paginas/Agencia_Noticia.aspx?noticia=124-pesquisa-cnt-mda-04102014. Valid-vote shares from Tabela 3 (excludes branco, nulo, indecisos). First round, stimulated (Tabela 2). 'Outros' (other candidates combined) = 0.6% total, 0.7% valid; candidates not listed individually were not printed separately."
2014-1-09ef52d995,2014,1,BR-01032/2014,MDA,CNT,2014-10-02,2014-10-03,2014-10-04,2002,,main,Levy Fidelix,0.5,total,5.2,5.8,,https://data.cnt.org.br/wp-content/uploads/2025/07/%C2%AA%20Pesquisa%20CNT%20+%20MDA%20%E2%80%93%20S%C3%ADntese.pdf_12.pdf,pollster_release,,2026-09-29T17:26:18Z,verified_match,data/manual/research_2014/verification.csv,a65dc8b3a0c68ee754b6e4a85cb4dc05b882a0bae186cbda7144ceace197a177,"revision_2014_r1; CNT/MDA Rodada 124 Relatorio Sintese (CNT Data repository); 2.002 entrevistas, 137 municipios, 25 UFs, MoE 2.2pp. publication_date 2014-10-04 read on CNT news page (Wayback): https://web.archive.org/web/20141007144856/http://www.cnt.org.br:80/Paginas/Agencia_Noticia.aspx?noticia=124-pesquisa-cnt-mda-04102014. Valid-vote shares from Tabela 3 (excludes branco, nulo, indecisos). First round, stimulated (Tabela 2). 'Outros' (other candidates combined) = 0.6% total, 0.7% valid; candidates not listed individually were not printed separately."
2014-2-1b6fd303a9,2014,2,BR-00588/2014,Vox Populi,CartaCapital,2014-09-08,2014-09-09,2014-09-10,2000,,Dilma Rousseff vs Marina Silva,Marina Silva,42.0,total,10.0,7.0,,https://agenciabrasil.ebc.com.br/politica/noticia/2014-09/vox-populi-dilma-tem-36-das-intencoes-de-voto-marina-28-e-aecio-15,media_report,,2026-09-29T17:26:22Z,verified_match,data/manual/research_2014/verification.csv,a65dc8b3a0c68ee754b6e4a85cb4dc05b882a0bae186cbda7144ceace197a177,"pre_first_round_h2h; Agencia Brasil report of Vox Populi/CartaCapital poll: 2 mil entrevistas, 147 cidades, MoE 2.2pp, fieldwork 'segunda-feira (8) e ontem (9)'. Runoff simulation; only two scenarios were published (no Aécio Neves vs Marina Silva scenario)."
2014-2-1b6fd303a9,2014,2,BR-00588/2014,Vox Populi,CartaCapital,2014-09-08,2014-09-09,2014-09-10,2000,,Dilma Rousseff vs Marina Silva,Dilma Rousseff,41.0,total,10.0,7.0,,https://agenciabrasil.ebc.com.br/politica/noticia/2014-09/vox-populi-dilma-tem-36-das-intencoes-de-voto-marina-28-e-aecio-15,media_report,,2026-09-29T17:26:22Z,verified_match,data/manual/research_2014/verification.csv,a65dc8b3a0c68ee754b6e4a85cb4dc05b882a0bae186cbda7144ceace197a177,"pre_first_round_h2h; Agencia Brasil report of Vox Populi/CartaCapital poll: 2 mil entrevistas, 147 cidades, MoE 2.2pp, fieldwork 'segunda-feira (8) e ontem (9)'. Runoff simulation; only two scenarios were published (no Aécio Neves vs Marina Silva scenario)."
2014-2-1b6fd303a9,2014,2,BR-00588/2014,Vox Populi,CartaCapital,2014-09-08,2014-09-09,2014-09-10,2000,,Aécio Neves vs Dilma Rousseff,Dilma Rousseff,44.0,total,12.0,8.0,,https://agenciabrasil.ebc.com.br/politica/noticia/2014-09/vox-populi-dilma-tem-36-das-intencoes-de-voto-marina-28-e-aecio-15,media_report,,2026-09-29T17:26:22Z,verified_match,data/manual/research_2014/verification.csv,a65dc8b3a0c68ee754b6e4a85cb4dc05b882a0bae186cbda7144ceace197a177,"pre_first_round_h2h; Agencia Brasil report of Vox Populi/CartaCapital poll: 2 mil entrevistas, 147 cidades, MoE 2.2pp, fieldwork 'segunda-feira (8) e ontem (9)'. Runoff simulation; only two scenarios were published (no Aécio Neves vs Marina Silva scenario)."
2014-2-1b6fd303a9,2014,2,BR-00588/2014,Vox Populi,CartaCapital,2014-09-08,2014-09-09,2014-09-10,2000,,Aécio Neves vs Dilma Rousseff,Aécio Neves,36.0,total,12.0,8.0,,https://agenciabrasil.ebc.com.br/politica/noticia/2014-09/vox-populi-dilma-tem-36-das-intencoes-de-voto-marina-28-e-aecio-15,media_report,,2026-09-29T17:26:22Z,verified_match,data/manual/research_2014/verification.csv,a65dc8b3a0c68ee754b6e4a85cb4dc05b882a0bae186cbda7144ceace197a177,"pre_first_round_h2h; Agencia Brasil report of Vox Populi/CartaCapital poll: 2 mil entrevistas, 147 cidades, MoE 2.2pp, fieldwork 'segunda-feira (8) e ontem (9)'. Runoff simulation; only two scenarios were published (no Aécio Neves vs Marina Silva scenario)."
2014-1-1f796fb426,2014,1,BR-00588/2014,Vox Populi,CartaCapital,2014-09-08,2014-09-09,2014-09-10,2000,,main,Dilma Rousseff,36.0,total,7.0,13.0,,https://agenciabrasil.ebc.com.br/politica/noticia/2014-09/vox-populi-dilma-tem-36-das-intencoes-de-voto-marina-28-e-aecio-15,media_report,,2026-09-29T17:26:22Z,verified_match,data/manual/research_2014/verification.csv,a65dc8b3a0c68ee754b6e4a85cb4dc05b882a0bae186cbda7144ceace197a177,"revision_2014_r1; Agencia Brasil report of Vox Populi/CartaCapital poll: 2 mil entrevistas, 147 cidades, MoE 2.2pp, fieldwork 'segunda-feira (8) e ontem (9)'. First round, stimulated. Luciana Genro, Eduardo Jorge, Zé Maria, Eymael, Levy Fidelix, Mauro Iasi and Rui Costa Pimenta 'tiveram juntos 1%' (combined; not printed individually)."
2014-1-1f796fb426,2014,1,BR-00588/2014,Vox Populi,CartaCapital,2014-09-08,2014-09-09,2014-09-10,2000,,main,Marina Silva,28.0,total,7.0,13.0,,https://agenciabrasil.ebc.com.br/politica/noticia/2014-09/vox-populi-dilma-tem-36-das-intencoes-de-voto-marina-28-e-aecio-15,media_report,,2026-09-29T17:26:22Z,verified_match,data/manual/research_2014/verification.csv,a65dc8b3a0c68ee754b6e4a85cb4dc05b882a0bae186cbda7144ceace197a177,"revision_2014_r1; Agencia Brasil report of Vox Populi/CartaCapital poll: 2 mil entrevistas, 147 cidades, MoE 2.2pp, fieldwork 'segunda-feira (8) e ontem (9)'. First round, stimulated. Luciana Genro, Eduardo Jorge, Zé Maria, Eymael, Levy Fidelix, Mauro Iasi and Rui Costa Pimenta 'tiveram juntos 1%' (combined; not printed individually)."
2014-1-1f796fb426,2014,1,BR-00588/2014,Vox Populi,CartaCapital,2014-09-08,2014-09-09,2014-09-10,2000,,main,Aécio Neves,15.0,total,7.0,13.0,,https://agenciabrasil.ebc.com.br/politica/noticia/2014-09/vox-populi-dilma-tem-36-das-intencoes-de-voto-marina-28-e-aecio-15,media_report,,2026-09-29T17:26:22Z,verified_match,data/manual/research_2014/verification.csv,a65dc8b3a0c68ee754b6e4a85cb4dc05b882a0bae186cbda7144ceace197a177,"revision_2014_r1; Agencia Brasil report of Vox Populi/CartaCapital poll: 2 mil entrevistas, 147 cidades, MoE 2.2pp, fieldwork 'segunda-feira (8) e ontem (9)'. First round, stimulated. Luciana Genro, Eduardo Jorge, Zé Maria, Eymael, Levy Fidelix, Mauro Iasi and Rui Costa Pimenta 'tiveram juntos 1%' (combined; not printed individually)."
2014-1-1f796fb426,2014,1,BR-00588/2014,Vox Populi,CartaCapital,2014-09-08,2014-09-09,2014-09-10,2000,,main,Pastor Everaldo,1.0,total,7.0,13.0,,https://agenciabrasil.ebc.com.br/politica/noticia/2014-09/vox-populi-dilma-tem-36-das-intencoes-de-voto-marina-28-e-aecio-15,media_report,,2026-09-29T17:26:22Z,verified_match,data/manual/research_2014/verification.csv,a65dc8b3a0c68ee754b6e4a85cb4dc05b882a0bae186cbda7144ceace197a177,"revision_2014_r1; Agencia Brasil report of Vox Populi/CartaCapital poll: 2 mil entrevistas, 147 cidades, MoE 2.2pp, fieldwork 'segunda-feira (8) e ontem (9)'. First round, stimulated. Luciana Genro, Eduardo Jorge, Zé Maria, Eymael, Levy Fidelix, Mauro Iasi and Rui Costa Pimenta 'tiveram juntos 1%' (combined; not printed individually)."
2014-2-b4b9301b3f,2014,2,BR-00632/2014,Vox Populi,Rede Record,2014-09-13,2014-09-14,2014-09-15,2000,,Dilma Rousseff vs Marina Silva,Marina Silva,42.0,total,11.0,6.0,,https://web.archive.org/web/20140918033124/http://noticias.r7.com/eleicoes-2014/vox-populi-mostra-dilma-9-pontos-a-frente-de-marina-16092014,wayback,,2026-09-29T17:18:37Z,verified_match,data/manual/research_2014/verification.csv,a65dc8b3a0c68ee754b6e4a85cb4dc05b882a0bae186cbda7144ceace197a177,"pre_first_round_h2h; R7 (portal of contractor Rede Record) via Wayback: 2.000 eleitores, MoE 2.2pp, fieldwork 'sabado (13) e domingo (14)'; Agencia Brasil (https://agenciabrasil.ebc.com.br/politica/noticia/2014-09/vox-populi-dilma-tem-36-das-intencoes-de-voto-marina-27-e-aecio-15) also says sabado (13) e domingo (14); second value: an Agencia Estado syndicated text (https://guarulhosweb.com.br/vox-populi-dilma-tem-36-marina-27-e-aecio-15/) says 'entre os dias 12 e 14 de setembro' (field_start 2014-09-12). Runoff simulation; only two scenarios were published (no Aécio Neves vs Marina Silva scenario)."
2014-2-b4b9301b3f,2014,2,BR-00632/2014,Vox Populi,Rede Record,2014-09-13,2014-09-14,2014-09-15,2000,,Dilma Rousseff vs Marina Silva,Dilma Rousseff,41.0,total,11.0,6.0,,https://web.archive.org/web/20140918033124/http://noticias.r7.com/eleicoes-2014/vox-populi-mostra-dilma-9-pontos-a-frente-de-marina-16092014,wayback,,2026-09-29T17:18:37Z,verified_match,data/manual/research_2014/verification.csv,a65dc8b3a0c68ee754b6e4a85cb4dc05b882a0bae186cbda7144ceace197a177,"pre_first_round_h2h; R7 (portal of contractor Rede Record) via Wayback: 2.000 eleitores, MoE 2.2pp, fieldwork 'sabado (13) e domingo (14)'; Agencia Brasil (https://agenciabrasil.ebc.com.br/politica/noticia/2014-09/vox-populi-dilma-tem-36-das-intencoes-de-voto-marina-27-e-aecio-15) also says sabado (13) e domingo (14); second value: an Agencia Estado syndicated text (https://guarulhosweb.com.br/vox-populi-dilma-tem-36-marina-27-e-aecio-15/) says 'entre os dias 12 e 14 de setembro' (field_start 2014-09-12). Runoff simulation; only two scenarios were published (no Aécio Neves vs Marina Silva scenario)."
2014-2-b4b9301b3f,2014,2,BR-00632/2014,Vox Populi,Rede Record,2014-09-13,2014-09-14,2014-09-15,2000,,Aécio Neves vs Dilma Rousseff,Dilma Rousseff,47.0,total,12.0,5.0,,https://web.archive.org/web/20140918033124/http://noticias.r7.com/eleicoes-2014/vox-populi-mostra-dilma-9-pontos-a-frente-de-marina-16092014,wayback,,2026-09-29T17:18:37Z,verified_match,data/manual/research_2014/verification.csv,a65dc8b3a0c68ee754b6e4a85cb4dc05b882a0bae186cbda7144ceace197a177,"pre_first_round_h2h; R7 (portal of contractor Rede Record) via Wayback: 2.000 eleitores, MoE 2.2pp, fieldwork 'sabado (13) e domingo (14)'; Agencia Brasil (https://agenciabrasil.ebc.com.br/politica/noticia/2014-09/vox-populi-dilma-tem-36-das-intencoes-de-voto-marina-27-e-aecio-15) also says sabado (13) e domingo (14); second value: an Agencia Estado syndicated text (https://guarulhosweb.com.br/vox-populi-dilma-tem-36-marina-27-e-aecio-15/) says 'entre os dias 12 e 14 de setembro' (field_start 2014-09-12). Runoff simulation; only two scenarios were published (no Aécio Neves vs Marina Silva scenario)."
2014-2-b4b9301b3f,2014,2,BR-00632/2014,Vox Populi,Rede Record,2014-09-13,2014-09-14,2014-09-15,2000,,Aécio Neves vs Dilma Rousseff,Aécio Neves,36.0,total,12.0,5.0,,https://web.archive.org/web/20140918033124/http://noticias.r7.com/eleicoes-2014/vox-populi-mostra-dilma-9-pontos-a-frente-de-marina-16092014,wayback,,2026-09-29T17:18:37Z,verified_match,data/manual/research_2014/verification.csv,a65dc8b3a0c68ee754b6e4a85cb4dc05b882a0bae186cbda7144ceace197a177,"pre_first_round_h2h; R7 (portal of contractor Rede Record) via Wayback: 2.000 eleitores, MoE 2.2pp, fieldwork 'sabado (13) e domingo (14)'; Agencia Brasil (https://agenciabrasil.ebc.com.br/politica/noticia/2014-09/vox-populi-dilma-tem-36-das-intencoes-de-voto-marina-27-e-aecio-15) also says sabado (13) e domingo (14); second value: an Agencia Estado syndicated text (https://guarulhosweb.com.br/vox-populi-dilma-tem-36-marina-27-e-aecio-15/) says 'entre os dias 12 e 14 de setembro' (field_start 2014-09-12). Runoff simulation; only two scenarios were published (no Aécio Neves vs Marina Silva scenario)."
2014-2-9a0b65c307,2014,2,BR-00733/2014,Vox Populi,Rede Record,2014-09-20,2014-09-21,2014-09-23,2000,,Dilma Rousseff vs Marina Silva,Dilma Rousseff,46.0,total,9.0,6.0,,https://web.archive.org/web/20140925114801/http://noticias.r7.com:80/eleicoes-2014/dilma-amplia-vantagem-e-venceria-marina-no-2-turno-diz-vox-populi-23092014,wayback,,2026-09-29T17:18:22Z,verified_match,data/manual/research_2014/verification.csv,a65dc8b3a0c68ee754b6e4a85cb4dc05b882a0bae186cbda7144ceace197a177,"pre_first_round_h2h; R7 (portal of contractor Rede Record) via Wayback: 2.000 entrevistas, 147 cidades, MoE 2.2pp, fieldwork 'sabado (20) e domingo (21)'. Runoff simulation; only two scenarios were published (no Aécio Neves vs Marina Silva scenario)."
2014-2-9a0b65c307,2014,2,BR-00733/2014,Vox Populi,Rede Record,2014-09-20,2014-09-21,2014-09-23,2000,,Dilma Rousseff vs Marina Silva,Marina Silva,39.0,total,9.0,6.0,,https://web.archive.org/web/20140925114801/http://noticias.r7.com:80/eleicoes-2014/dilma-amplia-vantagem-e-venceria-marina-no-2-turno-diz-vox-populi-23092014,wayback,,2026-09-29T17:18:22Z,verified_match,data/manual/research_2014/verification.csv,a65dc8b3a0c68ee754b6e4a85cb4dc05b882a0bae186cbda7144ceace197a177,"pre_first_round_h2h; R7 (portal of contractor Rede Record) via Wayback: 2.000 entrevistas, 147 cidades, MoE 2.2pp, fieldwork 'sabado (20) e domingo (21)'. Runoff simulation; only two scenarios were published (no Aécio Neves vs Marina Silva scenario)."
2014-2-9a0b65c307,2014,2,BR-00733/2014,Vox Populi,Rede Record,2014-09-20,2014-09-21,2014-09-23,2000,,Aécio Neves vs Dilma Rousseff,Dilma Rousseff,49.0,total,10.0,7.0,,https://web.archive.org/web/20140925114801/http://noticias.r7.com:80/eleicoes-2014/dilma-amplia-vantagem-e-venceria-marina-no-2-turno-diz-vox-populi-23092014,wayback,,2026-09-29T17:18:22Z,verified_match,data/manual/research_2014/verification.csv,a65dc8b3a0c68ee754b6e4a85cb4dc05b882a0bae186cbda7144ceace197a177,"pre_first_round_h2h; R7 (portal of contractor Rede Record) via Wayback: 2.000 entrevistas, 147 cidades, MoE 2.2pp, fieldwork 'sabado (20) e domingo (21)'. Runoff simulation; only two scenarios were published (no Aécio Neves vs Marina Silva scenario)."
2014-2-9a0b65c307,2014,2,BR-00733/2014,Vox Populi,Rede Record,2014-09-20,2014-09-21,2014-09-23,2000,,Aécio Neves vs Dilma Rousseff,Aécio Neves,34.0,total,10.0,7.0,,https://web.archive.org/web/20140925114801/http://noticias.r7.com:80/eleicoes-2014/dilma-amplia-vantagem-e-venceria-marina-no-2-turno-diz-vox-populi-23092014,wayback,,2026-09-29T17:18:22Z,verified_match,data/manual/research_2014/verification.csv,a65dc8b3a0c68ee754b6e4a85cb4dc05b882a0bae186cbda7144ceace197a177,"pre_first_round_h2h; R7 (portal of contractor Rede Record) via Wayback: 2.000 entrevistas, 147 cidades, MoE 2.2pp, fieldwork 'sabado (20) e domingo (21)'. Runoff simulation; only two scenarios were published (no Aécio Neves vs Marina Silva scenario)."
2014-2-cb0e7d7eeb,2014,2,BR-00757/2014,Vox Populi,CartaCapital,2014-09-23,2014-09-24,2014-09-25,2000,,Dilma Rousseff vs Marina Silva,Dilma Rousseff,42.0,total,,,,https://agenciabrasil.ebc.com.br/politica/noticia/2014-09/vox-populi-dilma-tem-38-das-intencoes-de-voto-marina-25-e-aecio-17,media_report,,2026-09-29T17:26:27Z,verified_match,data/manual/research_2014/verification.csv,a65dc8b3a0c68ee754b6e4a85cb4dc05b882a0bae186cbda7144ceace197a177,"pre_first_round_h2h; Agencia Brasil report of Vox Populi/CartaCapital poll: 2 mil entrevistas, 147 cidades, MoE 2.2pp, fieldwork 'terca (23) e ontem (24)'. Runoff blank/null and undecided not printed. Runoff simulation; only two scenarios were published (no Aécio Neves vs Marina Silva scenario)."
2014-2-cb0e7d7eeb,2014,2,BR-00757/2014,Vox Populi,CartaCapital,2014-09-23,2014-09-24,2014-09-25,2000,,Dilma Rousseff vs Marina Silva,Marina Silva,41.0,total,,,,https://agenciabrasil.ebc.com.br/politica/noticia/2014-09/vox-populi-dilma-tem-38-das-intencoes-de-voto-marina-25-e-aecio-17,media_report,,2026-09-29T17:26:27Z,verified_match,data/manual/research_2014/verification.csv,a65dc8b3a0c68ee754b6e4a85cb4dc05b882a0bae186cbda7144ceace197a177,"pre_first_round_h2h; Agencia Brasil report of Vox Populi/CartaCapital poll: 2 mil entrevistas, 147 cidades, MoE 2.2pp, fieldwork 'terca (23) e ontem (24)'. Runoff blank/null and undecided not printed. Runoff simulation; only two scenarios were published (no Aécio Neves vs Marina Silva scenario)."
2014-2-cb0e7d7eeb,2014,2,BR-00757/2014,Vox Populi,CartaCapital,2014-09-23,2014-09-24,2014-09-25,2000,,Aécio Neves vs Dilma Rousseff,Dilma Rousseff,45.0,total,,,,https://agenciabrasil.ebc.com.br/politica/noticia/2014-09/vox-populi-dilma-tem-38-das-intencoes-de-voto-marina-25-e-aecio-17,media_report,,2026-09-29T17:26:27Z,verified_match,data/manual/research_2014/verification.csv,a65dc8b3a0c68ee754b6e4a85cb4dc05b882a0bae186cbda7144ceace197a177,"pre_first_round_h2h; Agencia Brasil report of Vox Populi/CartaCapital poll: 2 mil entrevistas, 147 cidades, MoE 2.2pp, fieldwork 'terca (23) e ontem (24)'. Runoff blank/null and undecided not printed. Runoff simulation; only two scenarios were published (no Aécio Neves vs Marina Silva scenario)."
2014-2-cb0e7d7eeb,2014,2,BR-00757/2014,Vox Populi,CartaCapital,2014-09-23,2014-09-24,2014-09-25,2000,,Aécio Neves vs Dilma Rousseff,Aécio Neves,37.0,total,,,,https://agenciabrasil.ebc.com.br/politica/noticia/2014-09/vox-populi-dilma-tem-38-das-intencoes-de-voto-marina-25-e-aecio-17,media_report,,2026-09-29T17:26:27Z,verified_match,data/manual/research_2014/verification.csv,a65dc8b3a0c68ee754b6e4a85cb4dc05b882a0bae186cbda7144ceace197a177,"pre_first_round_h2h; Agencia Brasil report of Vox Populi/CartaCapital poll: 2 mil entrevistas, 147 cidades, MoE 2.2pp, fieldwork 'terca (23) e ontem (24)'. Runoff blank/null and undecided not printed. Runoff simulation; only two scenarios were published (no Aécio Neves vs Marina Silva scenario)."
2014-1-02bd4aabf7,2014,1,BR-00757/2014,Vox Populi,CartaCapital,2014-09-23,2014-09-24,2014-09-25,2000,,main,Dilma Rousseff,38.0,total,7.0,11.0,,https://agenciabrasil.ebc.com.br/politica/noticia/2014-09/vox-populi-dilma-tem-38-das-intencoes-de-voto-marina-25-e-aecio-17,media_report,,2026-09-29T17:26:27Z,verified_match,data/manual/research_2014/verification.csv,a65dc8b3a0c68ee754b6e4a85cb4dc05b882a0bae186cbda7144ceace197a177,"revision_2014_r1; Agencia Brasil report of Vox Populi/CartaCapital poll: 2 mil entrevistas, 147 cidades, MoE 2.2pp, fieldwork 'terca (23) e ontem (24)'. Runoff blank/null and undecided not printed. First round, stimulated. Luciana Genro, Eduardo Jorge, Levy Fidelix, Zé Maria, Eymael, Mauro Iasi and Rui Costa Pimenta 'tiveram juntos 1%' (combined; not printed individually)."
2014-1-02bd4aabf7,2014,1,BR-00757/2014,Vox Populi,CartaCapital,2014-09-23,2014-09-24,2014-09-25,2000,,main,Marina Silva,25.0,total,7.0,11.0,,https://agenciabrasil.ebc.com.br/politica/noticia/2014-09/vox-populi-dilma-tem-38-das-intencoes-de-voto-marina-25-e-aecio-17,media_report,,2026-09-29T17:26:27Z,verified_match,data/manual/research_2014/verification.csv,a65dc8b3a0c68ee754b6e4a85cb4dc05b882a0bae186cbda7144ceace197a177,"revision_2014_r1; Agencia Brasil report of Vox Populi/CartaCapital poll: 2 mil entrevistas, 147 cidades, MoE 2.2pp, fieldwork 'terca (23) e ontem (24)'. Runoff blank/null and undecided not printed. First round, stimulated. Luciana Genro, Eduardo Jorge, Levy Fidelix, Zé Maria, Eymael, Mauro Iasi and Rui Costa Pimenta 'tiveram juntos 1%' (combined; not printed individually)."
2014-1-02bd4aabf7,2014,1,BR-00757/2014,Vox Populi,CartaCapital,2014-09-23,2014-09-24,2014-09-25,2000,,main,Aécio Neves,17.0,total,7.0,11.0,,https://agenciabrasil.ebc.com.br/politica/noticia/2014-09/vox-populi-dilma-tem-38-das-intencoes-de-voto-marina-25-e-aecio-17,media_report,,2026-09-29T17:26:27Z,verified_match,data/manual/research_2014/verification.csv,a65dc8b3a0c68ee754b6e4a85cb4dc05b882a0bae186cbda7144ceace197a177,"revision_2014_r1; Agencia Brasil report of Vox Populi/CartaCapital poll: 2 mil entrevistas, 147 cidades, MoE 2.2pp, fieldwork 'terca (23) e ontem (24)'. Runoff blank/null and undecided not printed. First round, stimulated. Luciana Genro, Eduardo Jorge, Levy Fidelix, Zé Maria, Eymael, Mauro Iasi and Rui Costa Pimenta 'tiveram juntos 1%' (combined; not printed individually)."
2014-1-02bd4aabf7,2014,1,BR-00757/2014,Vox Populi,CartaCapital,2014-09-23,2014-09-24,2014-09-25,2000,,main,Pastor Everaldo,1.0,total,7.0,11.0,,https://agenciabrasil.ebc.com.br/politica/noticia/2014-09/vox-populi-dilma-tem-38-das-intencoes-de-voto-marina-25-e-aecio-17,media_report,,2026-09-29T17:26:27Z,verified_match,data/manual/research_2014/verification.csv,a65dc8b3a0c68ee754b6e4a85cb4dc05b882a0bae186cbda7144ceace197a177,"revision_2014_r1; Agencia Brasil report of Vox Populi/CartaCapital poll: 2 mil entrevistas, 147 cidades, MoE 2.2pp, fieldwork 'terca (23) e ontem (24)'. Runoff blank/null and undecided not printed. First round, stimulated. Luciana Genro, Eduardo Jorge, Levy Fidelix, Zé Maria, Eymael, Mauro Iasi and Rui Costa Pimenta 'tiveram juntos 1%' (combined; not printed individually)."
2014-2-e5f45d7dd0,2014,2,BR-00888/2014,Vox Populi,Rede Record,2014-09-27,2014-09-28,2014-09-29,2000,,Dilma Rousseff vs Marina Silva,Dilma Rousseff,46.0,total,9.0,6.0,,https://web.archive.org/web/20141002104558/http://noticias.r7.com:80/eleicoes-2014/vox-populi-indica-vantagem-menor-no-1-turno-mas-dilma-venceria-marina-no-2-29092014,wayback,,2026-09-29T17:18:20Z,verified_match,data/manual/research_2014/verification.csv,a65dc8b3a0c68ee754b6e4a85cb4dc05b882a0bae186cbda7144ceace197a177,"pre_first_round_h2h; R7 (portal of contractor Rede Record) via Wayback: 2.000 eleitores, 147 cidades, MoE 2.2pp, fieldwork 'sabado (27) e o domingo (28)'. Same figures in Agencia Brasil (https://agenciabrasil.ebc.com.br/politica/noticia/2014-09/vox-populi-dilma-tem-40-das-intencoes-de-voto-marina-24-e-aecio-18). Runoff simulation; only two scenarios were published (no Aécio Neves vs Marina Silva scenario)."
2014-2-e5f45d7dd0,2014,2,BR-00888/2014,Vox Populi,Rede Record,2014-09-27,2014-09-28,2014-09-29,2000,,Dilma Rousseff vs Marina Silva,Marina Silva,39.0,total,9.0,6.0,,https://web.archive.org/web/20141002104558/http://noticias.r7.com:80/eleicoes-2014/vox-populi-indica-vantagem-menor-no-1-turno-mas-dilma-venceria-marina-no-2-29092014,wayback,,2026-09-29T17:18:20Z,verified_match,data/manual/research_2014/verification.csv,a65dc8b3a0c68ee754b6e4a85cb4dc05b882a0bae186cbda7144ceace197a177,"pre_first_round_h2h; R7 (portal of contractor Rede Record) via Wayback: 2.000 eleitores, 147 cidades, MoE 2.2pp, fieldwork 'sabado (27) e o domingo (28)'. Same figures in Agencia Brasil (https://agenciabrasil.ebc.com.br/politica/noticia/2014-09/vox-populi-dilma-tem-40-das-intencoes-de-voto-marina-24-e-aecio-18). Runoff simulation; only two scenarios were published (no Aécio Neves vs Marina Silva scenario)."
2014-2-e5f45d7dd0,2014,2,BR-00888/2014,Vox Populi,Rede Record,2014-09-27,2014-09-28,2014-09-29,2000,,Aécio Neves vs Dilma Rousseff,Dilma Rousseff,48.0,total,9.0,5.0,,https://web.archive.org/web/20141002104558/http://noticias.r7.com:80/eleicoes-2014/vox-populi-indica-vantagem-menor-no-1-turno-mas-dilma-venceria-marina-no-2-29092014,wayback,,2026-09-29T17:18:20Z,verified_match,data/manual/research_2014/verification.csv,a65dc8b3a0c68ee754b6e4a85cb4dc05b882a0bae186cbda7144ceace197a177,"pre_first_round_h2h; R7 (portal of contractor Rede Record) via Wayback: 2.000 eleitores, 147 cidades, MoE 2.2pp, fieldwork 'sabado (27) e o domingo (28)'. Same figures in Agencia Brasil (https://agenciabrasil.ebc.com.br/politica/noticia/2014-09/vox-populi-dilma-tem-40-das-intencoes-de-voto-marina-24-e-aecio-18). Runoff simulation; only two scenarios were published (no Aécio Neves vs Marina Silva scenario)."
2014-2-e5f45d7dd0,2014,2,BR-00888/2014,Vox Populi,Rede Record,2014-09-27,2014-09-28,2014-09-29,2000,,Aécio Neves vs Dilma Rousseff,Aécio Neves,38.0,total,9.0,5.0,,https://web.archive.org/web/20141002104558/http://noticias.r7.com:80/eleicoes-2014/vox-populi-indica-vantagem-menor-no-1-turno-mas-dilma-venceria-marina-no-2-29092014,wayback,,2026-09-29T17:18:20Z,verified_match,data/manual/research_2014/verification.csv,a65dc8b3a0c68ee754b6e4a85cb4dc05b882a0bae186cbda7144ceace197a177,"pre_first_round_h2h; R7 (portal of contractor Rede Record) via Wayback: 2.000 eleitores, 147 cidades, MoE 2.2pp, fieldwork 'sabado (27) e o domingo (28)'. Same figures in Agencia Brasil (https://agenciabrasil.ebc.com.br/politica/noticia/2014-09/vox-populi-dilma-tem-40-das-intencoes-de-voto-marina-24-e-aecio-18). Runoff simulation; only two scenarios were published (no Aécio Neves vs Marina Silva scenario)."
2014-1-227a04d05d,2014,1,BR-00888/2014,Vox Populi,Rede Record,2014-09-27,2014-09-28,2014-09-29,2000,,main,Dilma Rousseff,40.0,total,6.0,11.0,,https://web.archive.org/web/20141002104558/http://noticias.r7.com:80/eleicoes-2014/vox-populi-indica-vantagem-menor-no-1-turno-mas-dilma-venceria-marina-no-2-29092014,wayback,,2026-09-29T17:18:20Z,verified_match,data/manual/research_2014/verification.csv,a65dc8b3a0c68ee754b6e4a85cb4dc05b882a0bae186cbda7144ceace197a177,"revision_2014_r1; R7 (portal of contractor Rede Record) via Wayback: 2.000 eleitores, 147 cidades, MoE 2.2pp, fieldwork 'sabado (27) e o domingo (28)'. Same figures in Agencia Brasil (https://agenciabrasil.ebc.com.br/politica/noticia/2014-09/vox-populi-dilma-tem-40-das-intencoes-de-voto-marina-24-e-aecio-18). First round, stimulated. R7: Eduardo Jorge, Levy Fidelix, Eymael, Rui Costa Pimenta, Mauro Iasi, Zé Maria 'nao marcaram pontos' (Agencia Brasil: 'menos de 1%'); no numeric share recorded for them."
2014-1-227a04d05d,2014,1,BR-00888/2014,Vox Populi,Rede Record,2014-09-27,2014-09-28,2014-09-29,2000,,main,Marina Silva,24.0,total,6.0,11.0,,https://web.archive.org/web/20141002104558/http://noticias.r7.com:80/eleicoes-2014/vox-populi-indica-vantagem-menor-no-1-turno-mas-dilma-venceria-marina-no-2-29092014,wayback,,2026-09-29T17:18:20Z,verified_match,data/manual/research_2014/verification.csv,a65dc8b3a0c68ee754b6e4a85cb4dc05b882a0bae186cbda7144ceace197a177,"revision_2014_r1; R7 (portal of contractor Rede Record) via Wayback: 2.000 eleitores, 147 cidades, MoE 2.2pp, fieldwork 'sabado (27) e o domingo (28)'. Same figures in Agencia Brasil (https://agenciabrasil.ebc.com.br/politica/noticia/2014-09/vox-populi-dilma-tem-40-das-intencoes-de-voto-marina-24-e-aecio-18). First round, stimulated. R7: Eduardo Jorge, Levy Fidelix, Eymael, Rui Costa Pimenta, Mauro Iasi, Zé Maria 'nao marcaram pontos' (Agencia Brasil: 'menos de 1%'); no numeric share recorded for them."
2014-1-227a04d05d,2014,1,BR-00888/2014,Vox Populi,Rede Record,2014-09-27,2014-09-28,2014-09-29,2000,,main,Aécio Neves,18.0,total,6.0,11.0,,https://web.archive.org/web/20141002104558/http://noticias.r7.com:80/eleicoes-2014/vox-populi-indica-vantagem-menor-no-1-turno-mas-dilma-venceria-marina-no-2-29092014,wayback,,2026-09-29T17:18:20Z,verified_match,data/manual/research_2014/verification.csv,a65dc8b3a0c68ee754b6e4a85cb4dc05b882a0bae186cbda7144ceace197a177,"revision_2014_r1; R7 (portal of contractor Rede Record) via Wayback: 2.000 eleitores, 147 cidades, MoE 2.2pp, fieldwork 'sabado (27) e o domingo (28)'. Same figures in Agencia Brasil (https://agenciabrasil.ebc.com.br/politica/noticia/2014-09/vox-populi-dilma-tem-40-das-intencoes-de-voto-marina-24-e-aecio-18). First round, stimulated. R7: Eduardo Jorge, Levy Fidelix, Eymael, Rui Costa Pimenta, Mauro Iasi, Zé Maria 'nao marcaram pontos' (Agencia Brasil: 'menos de 1%'); no numeric share recorded for them."
2014-1-227a04d05d,2014,1,BR-00888/2014,Vox Populi,Rede Record,2014-09-27,2014-09-28,2014-09-29,2000,,main,Pastor Everaldo,1.0,total,6.0,11.0,,https://web.archive.org/web/20141002104558/http://noticias.r7.com:80/eleicoes-2014/vox-populi-indica-vantagem-menor-no-1-turno-mas-dilma-venceria-marina-no-2-29092014,wayback,,2026-09-29T17:18:20Z,verified_match,data/manual/research_2014/verification.csv,a65dc8b3a0c68ee754b6e4a85cb4dc05b882a0bae186cbda7144ceace197a177,"revision_2014_r1; R7 (portal of contractor Rede Record) via Wayback: 2.000 eleitores, 147 cidades, MoE 2.2pp, fieldwork 'sabado (27) e o domingo (28)'. Same figures in Agencia Brasil (https://agenciabrasil.ebc.com.br/politica/noticia/2014-09/vox-populi-dilma-tem-40-das-intencoes-de-voto-marina-24-e-aecio-18). First round, stimulated. R7: Eduardo Jorge, Levy Fidelix, Eymael, Rui Costa Pimenta, Mauro Iasi, Zé Maria 'nao marcaram pontos' (Agencia Brasil: 'menos de 1%'); no numeric share recorded for them."
2014-1-227a04d05d,2014,1,BR-00888/2014,Vox Populi,Rede Record,2014-09-27,2014-09-28,2014-09-29,2000,,main,Luciana Genro,1.0,total,6.0,11.0,,https://web.archive.org/web/20141002104558/http://noticias.r7.com:80/eleicoes-2014/vox-populi-indica-vantagem-menor-no-1-turno-mas-dilma-venceria-marina-no-2-29092014,wayback,,2026-09-29T17:18:20Z,verified_match,data/manual/research_2014/verification.csv,a65dc8b3a0c68ee754b6e4a85cb4dc05b882a0bae186cbda7144ceace197a177,"revision_2014_r1; R7 (portal of contractor Rede Record) via Wayback: 2.000 eleitores, 147 cidades, MoE 2.2pp, fieldwork 'sabado (27) e o domingo (28)'. Same figures in Agencia Brasil (https://agenciabrasil.ebc.com.br/politica/noticia/2014-09/vox-populi-dilma-tem-40-das-intencoes-de-voto-marina-24-e-aecio-18). First round, stimulated. R7: Eduardo Jorge, Levy Fidelix, Eymael, Rui Costa Pimenta, Mauro Iasi, Zé Maria 'nao marcaram pontos' (Agencia Brasil: 'menos de 1%'); no numeric share recorded for them."
2014-2-2a38fa448d,2014,2,BR-01016/2014,Vox Populi,Rede Record,2014-10-03,2014-10-04,2014-10-04,2000,,Aécio Neves vs Dilma Rousseff,Dilma Rousseff,46.0,total,,,,https://web.archive.org/web/20141006184447/http://noticias.r7.com/eleicoes-2014/vox-populi-mostra-dilma-na-lideranca-e-aecio-a-frente-de-marina-04102014,wayback,,2026-09-29T17:17:57Z,verified_match,data/manual/research_2014/verification.csv,a65dc8b3a0c68ee754b6e4a85cb4dc05b882a0bae186cbda7144ceace197a177,"pre_first_round_h2h; R7 (portal of contractor; 'encomendada pela TV Record, Record News e R7') via Wayback: 2.000 pessoas, 147 cidades, MoE stated as 'dois pontos percentuais', fieldwork 'sexta-feira (3) e este sabado (4)'. Runoff blank/null and undecided not printed. Runoff simulation; only two scenarios were published (no Aécio Neves vs Marina Silva scenario)."
2014-2-2a38fa448d,2014,2,BR-01016/2014,Vox Populi,Rede Record,2014-10-03,2014-10-04,2014-10-04,2000,,Aécio Neves vs Dilma Rousseff,Aécio Neves,41.0,total,,,,https://web.archive.org/web/20141006184447/http://noticias.r7.com/eleicoes-2014/vox-populi-mostra-dilma-na-lideranca-e-aecio-a-frente-de-marina-04102014,wayback,,2026-09-29T17:17:57Z,verified_match,data/manual/research_2014/verification.csv,a65dc8b3a0c68ee754b6e4a85cb4dc05b882a0bae186cbda7144ceace197a177,"pre_first_round_h2h; R7 (portal of contractor; 'encomendada pela TV Record, Record News e R7') via Wayback: 2.000 pessoas, 147 cidades, MoE stated as 'dois pontos percentuais', fieldwork 'sexta-feira (3) e este sabado (4)'. Runoff blank/null and undecided not printed. Runoff simulation; only two scenarios were published (no Aécio Neves vs Marina Silva scenario)."
2014-2-2a38fa448d,2014,2,BR-01016/2014,Vox Populi,Rede Record,2014-10-03,2014-10-04,2014-10-04,2000,,Dilma Rousseff vs Marina Silva,Dilma Rousseff,48.0,total,,,,https://web.archive.org/web/20141006184447/http://noticias.r7.com/eleicoes-2014/vox-populi-mostra-dilma-na-lideranca-e-aecio-a-frente-de-marina-04102014,wayback,,2026-09-29T17:17:57Z,verified_match,data/manual/research_2014/verification.csv,a65dc8b3a0c68ee754b6e4a85cb4dc05b882a0bae186cbda7144ceace197a177,"pre_first_round_h2h; R7 (portal of contractor; 'encomendada pela TV Record, Record News e R7') via Wayback: 2.000 pessoas, 147 cidades, MoE stated as 'dois pontos percentuais', fieldwork 'sexta-feira (3) e este sabado (4)'. Runoff blank/null and undecided not printed. Runoff simulation; only two scenarios were published (no Aécio Neves vs Marina Silva scenario)."
2014-2-2a38fa448d,2014,2,BR-01016/2014,Vox Populi,Rede Record,2014-10-03,2014-10-04,2014-10-04,2000,,Dilma Rousseff vs Marina Silva,Marina Silva,37.0,total,,,,https://web.archive.org/web/20141006184447/http://noticias.r7.com/eleicoes-2014/vox-populi-mostra-dilma-na-lideranca-e-aecio-a-frente-de-marina-04102014,wayback,,2026-09-29T17:17:57Z,verified_match,data/manual/research_2014/verification.csv,a65dc8b3a0c68ee754b6e4a85cb4dc05b882a0bae186cbda7144ceace197a177,"pre_first_round_h2h; R7 (portal of contractor; 'encomendada pela TV Record, Record News e R7') via Wayback: 2.000 pessoas, 147 cidades, MoE stated as 'dois pontos percentuais', fieldwork 'sexta-feira (3) e este sabado (4)'. Runoff blank/null and undecided not printed. Runoff simulation; only two scenarios were published (no Aécio Neves vs Marina Silva scenario)."
2014-1-e3a2a32353,2014,1,BR-01016/2014,Vox Populi,Rede Record,2014-10-03,2014-10-04,2014-10-04,2000,,main,Dilma Rousseff,41.0,total,6.0,6.0,,https://web.archive.org/web/20141006184447/http://noticias.r7.com/eleicoes-2014/vox-populi-mostra-dilma-na-lideranca-e-aecio-a-frente-de-marina-04102014,wayback,,2026-09-29T17:17:57Z,verified_match,data/manual/research_2014/verification.csv,a65dc8b3a0c68ee754b6e4a85cb4dc05b882a0bae186cbda7144ceace197a177,"revision_2014_r1; R7 (portal of contractor; 'encomendada pela TV Record, Record News e R7') via Wayback: 2.000 pessoas, 147 cidades, MoE stated as 'dois pontos percentuais', fieldwork 'sexta-feira (3) e este sabado (4)'. Runoff blank/null and undecided not printed. First round, stimulated. Other candidates 'nao marcaram pontos' (no numeric share recorded). Valid-vote shares printed only for the top three."
2014-1-e3a2a32353,2014,1,BR-01016/2014,Vox Populi,Rede Record,2014-10-03,2014-10-04,2014-10-04,2000,,main,Aécio Neves,23.0,total,6.0,6.0,,https://web.archive.org/web/20141006184447/http://noticias.r7.com/eleicoes-2014/vox-populi-mostra-dilma-na-lideranca-e-aecio-a-frente-de-marina-04102014,wayback,,2026-09-29T17:17:57Z,verified_match,data/manual/research_2014/verification.csv,a65dc8b3a0c68ee754b6e4a85cb4dc05b882a0bae186cbda7144ceace197a177,"revision_2014_r1; R7 (portal of contractor; 'encomendada pela TV Record, Record News e R7') via Wayback: 2.000 pessoas, 147 cidades, MoE stated as 'dois pontos percentuais', fieldwork 'sexta-feira (3) e este sabado (4)'. Runoff blank/null and undecided not printed. First round, stimulated. Other candidates 'nao marcaram pontos' (no numeric share recorded). Valid-vote shares printed only for the top three."
2014-1-e3a2a32353,2014,1,BR-01016/2014,Vox Populi,Rede Record,2014-10-03,2014-10-04,2014-10-04,2000,,main,Marina Silva,20.0,total,6.0,6.0,,https://web.archive.org/web/20141006184447/http://noticias.r7.com/eleicoes-2014/vox-populi-mostra-dilma-na-lideranca-e-aecio-a-frente-de-marina-04102014,wayback,,2026-09-29T17:17:57Z,verified_match,data/manual/research_2014/verification.csv,a65dc8b3a0c68ee754b6e4a85cb4dc05b882a0bae186cbda7144ceace197a177,"revision_2014_r1; R7 (portal of contractor; 'encomendada pela TV Record, Record News e R7') via Wayback: 2.000 pessoas, 147 cidades, MoE stated as 'dois pontos percentuais', fieldwork 'sexta-feira (3) e este sabado (4)'. Runoff blank/null and undecided not printed. First round, stimulated. Other candidates 'nao marcaram pontos' (no numeric share recorded). Valid-vote shares printed only for the top three."
2014-1-e3a2a32353,2014,1,BR-01016/2014,Vox Populi,Rede Record,2014-10-03,2014-10-04,2014-10-04,2000,,main,Luciana Genro,2.0,total,6.0,6.0,,https://web.archive.org/web/20141006184447/http://noticias.r7.com/eleicoes-2014/vox-populi-mostra-dilma-na-lideranca-e-aecio-a-frente-de-marina-04102014,wayback,,2026-09-29T17:17:57Z,verified_match,data/manual/research_2014/verification.csv,a65dc8b3a0c68ee754b6e4a85cb4dc05b882a0bae186cbda7144ceace197a177,"revision_2014_r1; R7 (portal of contractor; 'encomendada pela TV Record, Record News e R7') via Wayback: 2.000 pessoas, 147 cidades, MoE stated as 'dois pontos percentuais', fieldwork 'sexta-feira (3) e este sabado (4)'. Runoff blank/null and undecided not printed. First round, stimulated. Other candidates 'nao marcaram pontos' (no numeric share recorded). Valid-vote shares printed only for the top three."
2014-1-e3a2a32353,2014,1,BR-01016/2014,Vox Populi,Rede Record,2014-10-03,2014-10-04,2014-10-04,2000,,main,Pastor Everaldo,1.0,total,6.0,6.0,,https://web.archive.org/web/20141006184447/http://noticias.r7.com/eleicoes-2014/vox-populi-mostra-dilma-na-lideranca-e-aecio-a-frente-de-marina-04102014,wayback,,2026-09-29T17:17:57Z,verified_match,data/manual/research_2014/verification.csv,a65dc8b3a0c68ee754b6e4a85cb4dc05b882a0bae186cbda7144ceace197a177,"revision_2014_r1; R7 (portal of contractor; 'encomendada pela TV Record, Record News e R7') via Wayback: 2.000 pessoas, 147 cidades, MoE stated as 'dois pontos percentuais', fieldwork 'sexta-feira (3) e este sabado (4)'. Runoff blank/null and undecided not printed. First round, stimulated. Other candidates 'nao marcaram pontos' (no numeric share recorded). Valid-vote shares printed only for the top three."
2014-2-fec72dc05d,2014,2,BR-00756/2014,Sensus,IstoÉ,2014-09-21,2014-09-26,2014-09-26,2000,,Dilma Rousseff vs Marina Silva,Dilma Rousseff,40.5,total,,,,https://www.meon.com.br/noticias/sensus-dilma-e-marina-estao-empatadas-no-2o-turno,media_report,,2026-09-29T17:26:29Z,verified_match,data/manual/research_2014/verification.csv,a65dc8b3a0c68ee754b6e4a85cb4dc05b882a0bae186cbda7144ceace197a177,"pre_first_round_h2h; Agencia Estado text republished by MEON (dated 2014-09-27): Sensus/IstoE, 2 mil eleitores, 136 municipios, 24 Estados, MoE 2.2; registration printed as '00756/2014' (BR- prefix added). publication_date 2014-09-26 and identical runoff figures read on IstoE Dinheiro (https://istoedinheiro.com.br/pesquisa-istoesensus-mostra-empate-na-reta-final). First-round Dilma share differs: MEON 35.1% vs IstoE Dinheiro 35% (not recorded here; runoff only). Runoff simulation; blank/null and undecided not printed; no Aécio Neves vs Marina Silva scenario reported."
2014-2-fec72dc05d,2014,2,BR-00756/2014,Sensus,IstoÉ,2014-09-21,2014-09-26,2014-09-26,2000,,Dilma Rousseff vs Marina Silva,Marina Silva,40.4,total,,,,https://www.meon.com.br/noticias/sensus-dilma-e-marina-estao-empatadas-no-2o-turno,media_report,,2026-09-29T17:26:29Z,verified_match,data/manual/research_2014/verification.csv,a65dc8b3a0c68ee754b6e4a85cb4dc05b882a0bae186cbda7144ceace197a177,"pre_first_round_h2h; Agencia Estado text republished by MEON (dated 2014-09-27): Sensus/IstoE, 2 mil eleitores, 136 municipios, 24 Estados, MoE 2.2; registration printed as '00756/2014' (BR- prefix added). publication_date 2014-09-26 and identical runoff figures read on IstoE Dinheiro (https://istoedinheiro.com.br/pesquisa-istoesensus-mostra-empate-na-reta-final). First-round Dilma share differs: MEON 35.1% vs IstoE Dinheiro 35% (not recorded here; runoff only). Runoff simulation; blank/null and undecided not printed; no Aécio Neves vs Marina Silva scenario reported."
2014-2-fec72dc05d,2014,2,BR-00756/2014,Sensus,IstoÉ,2014-09-21,2014-09-26,2014-09-26,2000,,Aécio Neves vs Dilma Rousseff,Dilma Rousseff,43.4,total,,,,https://www.meon.com.br/noticias/sensus-dilma-e-marina-estao-empatadas-no-2o-turno,media_report,,2026-09-29T17:26:29Z,verified_match,data/manual/research_2014/verification.csv,a65dc8b3a0c68ee754b6e4a85cb4dc05b882a0bae186cbda7144ceace197a177,"pre_first_round_h2h; Agencia Estado text republished by MEON (dated 2014-09-27): Sensus/IstoE, 2 mil eleitores, 136 municipios, 24 Estados, MoE 2.2; registration printed as '00756/2014' (BR- prefix added). publication_date 2014-09-26 and identical runoff figures read on IstoE Dinheiro (https://istoedinheiro.com.br/pesquisa-istoesensus-mostra-empate-na-reta-final). First-round Dilma share differs: MEON 35.1% vs IstoE Dinheiro 35% (not recorded here; runoff only). Runoff simulation; blank/null and undecided not printed; no Aécio Neves vs Marina Silva scenario reported."
2014-2-fec72dc05d,2014,2,BR-00756/2014,Sensus,IstoÉ,2014-09-21,2014-09-26,2014-09-26,2000,,Aécio Neves vs Dilma Rousseff,Aécio Neves,38.2,total,,,,https://www.meon.com.br/noticias/sensus-dilma-e-marina-estao-empatadas-no-2o-turno,media_report,,2026-09-29T17:26:29Z,verified_match,data/manual/research_2014/verification.csv,a65dc8b3a0c68ee754b6e4a85cb4dc05b882a0bae186cbda7144ceace197a177,"pre_first_round_h2h; Agencia Estado text republished by MEON (dated 2014-09-27): Sensus/IstoE, 2 mil eleitores, 136 municipios, 24 Estados, MoE 2.2; registration printed as '00756/2014' (BR- prefix added). publication_date 2014-09-26 and identical runoff figures read on IstoE Dinheiro (https://istoedinheiro.com.br/pesquisa-istoesensus-mostra-empate-na-reta-final). First-round Dilma share differs: MEON 35.1% vs IstoE Dinheiro 35% (not recorded here; runoff only). Runoff simulation; blank/null and undecided not printed; no Aécio Neves vs Marina Silva scenario reported."
2014-2-bfb4559667,2014,2,,Sensus,IstoÉ,2014-09-30,2014-10-03,2014-10-03,2000,,Dilma Rousseff vs Marina Silva,Dilma Rousseff,44.0,total,,,,https://jornalggn.com.br/eleicoes/pesquisa-isto-e-sensus-coloca-dilma-14-pontos-a-frente-de-marina/,media_report,,2026-09-29T17:26:30Z,verified_match,data/manual/research_2014/verification.csv,a65dc8b3a0c68ee754b6e4a85cb4dc05b882a0bae186cbda7144ceace197a177,"pre_first_round_h2h; Jornal GGN report: IstoE/Sensus, 2 mil eleitores, 136 municipios, fieldwork 30 set-3 out 2014, MoE 2.2pp. tse_br_id left empty because it is not on this page; IstoE article via Wayback (https://web.archive.org/web/20141004013437/http://www.istoe.com.br:80/reportagens/385645_EXCLUSIVO+ISTOE+SENSUS+AECIO+E+MARINA+EMPATAM?pathImagens=&path=&actualArea=internalPage) prints 'BR- 00918/2014', 2.000 entrevistas, campo 30 set-3 out 2014, and a Dilma-Aecio lead of 8,9 (consistent with 45.8-36.9). Runoff simulation; blank/null and undecided not printed; no Aécio Neves vs Marina Silva scenario reported."
2014-2-bfb4559667,2014,2,,Sensus,IstoÉ,2014-09-30,2014-10-03,2014-10-03,2000,,Dilma Rousseff vs Marina Silva,Marina Silva,37.6,total,,,,https://jornalggn.com.br/eleicoes/pesquisa-isto-e-sensus-coloca-dilma-14-pontos-a-frente-de-marina/,media_report,,2026-09-29T17:26:30Z,verified_match,data/manual/research_2014/verification.csv,a65dc8b3a0c68ee754b6e4a85cb4dc05b882a0bae186cbda7144ceace197a177,"pre_first_round_h2h; Jornal GGN report: IstoE/Sensus, 2 mil eleitores, 136 municipios, fieldwork 30 set-3 out 2014, MoE 2.2pp. tse_br_id left empty because it is not on this page; IstoE article via Wayback (https://web.archive.org/web/20141004013437/http://www.istoe.com.br:80/reportagens/385645_EXCLUSIVO+ISTOE+SENSUS+AECIO+E+MARINA+EMPATAM?pathImagens=&path=&actualArea=internalPage) prints 'BR- 00918/2014', 2.000 entrevistas, campo 30 set-3 out 2014, and a Dilma-Aecio lead of 8,9 (consistent with 45.8-36.9). Runoff simulation; blank/null and undecided not printed; no Aécio Neves vs Marina Silva scenario reported."
2014-2-bfb4559667,2014,2,,Sensus,IstoÉ,2014-09-30,2014-10-03,2014-10-03,2000,,Aécio Neves vs Dilma Rousseff,Dilma Rousseff,45.8,total,,,,https://jornalggn.com.br/eleicoes/pesquisa-isto-e-sensus-coloca-dilma-14-pontos-a-frente-de-marina/,media_report,,2026-09-29T17:26:30Z,verified_match,data/manual/research_2014/verification.csv,a65dc8b3a0c68ee754b6e4a85cb4dc05b882a0bae186cbda7144ceace197a177,"pre_first_round_h2h; Jornal GGN report: IstoE/Sensus, 2 mil eleitores, 136 municipios, fieldwork 30 set-3 out 2014, MoE 2.2pp. tse_br_id left empty because it is not on this page; IstoE article via Wayback (https://web.archive.org/web/20141004013437/http://www.istoe.com.br:80/reportagens/385645_EXCLUSIVO+ISTOE+SENSUS+AECIO+E+MARINA+EMPATAM?pathImagens=&path=&actualArea=internalPage) prints 'BR- 00918/2014', 2.000 entrevistas, campo 30 set-3 out 2014, and a Dilma-Aecio lead of 8,9 (consistent with 45.8-36.9). Runoff simulation; blank/null and undecided not printed; no Aécio Neves vs Marina Silva scenario reported."
2014-2-bfb4559667,2014,2,,Sensus,IstoÉ,2014-09-30,2014-10-03,2014-10-03,2000,,Aécio Neves vs Dilma Rousseff,Aécio Neves,36.9,total,,,,https://jornalggn.com.br/eleicoes/pesquisa-isto-e-sensus-coloca-dilma-14-pontos-a-frente-de-marina/,media_report,,2026-09-29T17:26:30Z,verified_match,data/manual/research_2014/verification.csv,a65dc8b3a0c68ee754b6e4a85cb4dc05b882a0bae186cbda7144ceace197a177,"pre_first_round_h2h; Jornal GGN report: IstoE/Sensus, 2 mil eleitores, 136 municipios, fieldwork 30 set-3 out 2014, MoE 2.2pp. tse_br_id left empty because it is not on this page; IstoE article via Wayback (https://web.archive.org/web/20141004013437/http://www.istoe.com.br:80/reportagens/385645_EXCLUSIVO+ISTOE+SENSUS+AECIO+E+MARINA+EMPATAM?pathImagens=&path=&actualArea=internalPage) prints 'BR- 00918/2014', 2.000 entrevistas, campo 30 set-3 out 2014, and a Dilma-Aecio lead of 8,9 (consistent with 45.8-36.9). Runoff simulation; blank/null and undecided not printed; no Aécio Neves vs Marina Silva scenario reported."
