poll_id,election,round,tse_br_id,pollster,contractor,field_start,field_end,publication_date,sample_size,methodology,scenario,candidate,share_reported,share_basis,blank_null,undecided,valid_vote_share,source_url,source_type,source_revision,retrieval_timestamp,verification_status,verification_source,source_hash,notes
2026-1-973219301b,2026,1,,AtlasIntel,,2026-09-23,2026-09-28,,5005,,main,Lula,45.3,total,2.1,,,https://pt.wikipedia.org/w/index.php?title=Pesquisas_de_opini%C3%A3o_para_a_elei%C3%A7%C3%A3o_presidencial_no_Brasil_em_2026&oldid=73082572,wikipedia_revision,73082572,2026-09-29T15:02:36Z,unverified,,9ca942a568882bbd6b774a0d5553b585fd3c21e22108b84064e56abca54efbeb,"blank_null_includes_undecided;below_threshold:Samara Martins<0.5,Leonardo Avalanche<0.5,Wilson Grassi<0.5,Clariana Barão<0.5,Hertz Dias<0.5,Edmilson Costa<0.5,Rui Costa Pimenta<0.5"
2026-1-973219301b,2026,1,,AtlasIntel,,2026-09-23,2026-09-28,,5005,,main,Flávio Bolsonaro,42.2,total,2.1,,,https://pt.wikipedia.org/w/index.php?title=Pesquisas_de_opini%C3%A3o_para_a_elei%C3%A7%C3%A3o_presidencial_no_Brasil_em_2026&oldid=73082572,wikipedia_revision,73082572,2026-09-29T15:02:36Z,unverified,,9ca942a568882bbd6b774a0d5553b585fd3c21e22108b84064e56abca54efbeb,"blank_null_includes_undecided;below_threshold:Samara Martins<0.5,Leonardo Avalanche<0.5,Wilson Grassi<0.5,Clariana Barão<0.5,Hertz Dias<0.5,Edmilson Costa<0.5,Rui Costa Pimenta<0.5"
2026-1-973219301b,2026,1,,AtlasIntel,,2026-09-23,2026-09-28,,5005,,main,Augusto Cury,2.0,total,2.1,,,https://pt.wikipedia.org/w/index.php?title=Pesquisas_de_opini%C3%A3o_para_a_elei%C3%A7%C3%A3o_presidencial_no_Brasil_em_2026&oldid=73082572,wikipedia_revision,73082572,2026-09-29T15:02:36Z,unverified,,9ca942a568882bbd6b774a0d5553b585fd3c21e22108b84064e56abca54efbeb,"blank_null_includes_undecided;below_threshold:Samara Martins<0.5,Leonardo Avalanche<0.5,Wilson Grassi<0.5,Clariana Barão<0.5,Hertz Dias<0.5,Edmilson Costa<0.5,Rui Costa Pimenta<0.5"
2026-1-973219301b,2026,1,,AtlasIntel,,2026-09-23,2026-09-28,,5005,,main,Renan Santos,5.2,total,2.1,,,https://pt.wikipedia.org/w/index.php?title=Pesquisas_de_opini%C3%A3o_para_a_elei%C3%A7%C3%A3o_presidencial_no_Brasil_em_2026&oldid=73082572,wikipedia_revision,73082572,2026-09-29T15:02:36Z,unverified,,9ca942a568882bbd6b774a0d5553b585fd3c21e22108b84064e56abca54efbeb,"blank_null_includes_undecided;below_threshold:Samara Martins<0.5,Leonardo Avalanche<0.5,Wilson Grassi<0.5,Clariana Barão<0.5,Hertz Dias<0.5,Edmilson Costa<0.5,Rui Costa Pimenta<0.5"
2026-1-973219301b,2026,1,,AtlasIntel,,2026-09-23,2026-09-28,,5005,,main,Ronaldo Caiado,1.8,total,2.1,,,https://pt.wikipedia.org/w/index.php?title=Pesquisas_de_opini%C3%A3o_para_a_elei%C3%A7%C3%A3o_presidencial_no_Brasil_em_2026&oldid=73082572,wikipedia_revision,73082572,2026-09-29T15:02:36Z,unverified,,9ca942a568882bbd6b774a0d5553b585fd3c21e22108b84064e56abca54efbeb,"blank_null_includes_undecided;below_threshold:Samara Martins<0.5,Leonardo Avalanche<0.5,Wilson Grassi<0.5,Clariana Barão<0.5,Hertz Dias<0.5,Edmilson Costa<0.5,Rui Costa Pimenta<0.5"
2026-1-973219301b,2026,1,,AtlasIntel,,2026-09-23,2026-09-28,,5005,,main,Romeu Zema,0.9,total,2.1,,,https://pt.wikipedia.org/w/index.php?title=Pesquisas_de_opini%C3%A3o_para_a_elei%C3%A7%C3%A3o_presidencial_no_Brasil_em_2026&oldid=73082572,wikipedia_revision,73082572,2026-09-29T15:02:36Z,unverified,,9ca942a568882bbd6b774a0d5553b585fd3c21e22108b84064e56abca54efbeb,"blank_null_includes_undecided;below_threshold:Samara Martins<0.5,Leonardo Avalanche<0.5,Wilson Grassi<0.5,Clariana Barão<0.5,Hertz Dias<0.5,Edmilson Costa<0.5,Rui Costa Pimenta<0.5"
2026-1-b362d92cb7,2026,1,,Gerp,,2026-09-24,2026-09-28,,2400,,main,Lula,40.0,total,5.0,,,https://pt.wikipedia.org/w/index.php?title=Pesquisas_de_opini%C3%A3o_para_a_elei%C3%A7%C3%A3o_presidencial_no_Brasil_em_2026&oldid=73082572,wikipedia_revision,73082572,2026-09-29T15:02:36Z,unverified,,9ca942a568882bbd6b774a0d5553b585fd3c21e22108b84064e56abca54efbeb,blank_null_includes_undecided
2026-1-b362d92cb7,2026,1,,Gerp,,2026-09-24,2026-09-28,,2400,,main,Flávio Bolsonaro,42.0,total,5.0,,,https://pt.wikipedia.org/w/index.php?title=Pesquisas_de_opini%C3%A3o_para_a_elei%C3%A7%C3%A3o_presidencial_no_Brasil_em_2026&oldid=73082572,wikipedia_revision,73082572,2026-09-29T15:02:36Z,unverified,,9ca942a568882bbd6b774a0d5553b585fd3c21e22108b84064e56abca54efbeb,blank_null_includes_undecided
2026-1-b362d92cb7,2026,1,,Gerp,,2026-09-24,2026-09-28,,2400,,main,Augusto Cury,5.0,total,5.0,,,https://pt.wikipedia.org/w/index.php?title=Pesquisas_de_opini%C3%A3o_para_a_elei%C3%A7%C3%A3o_presidencial_no_Brasil_em_2026&oldid=73082572,wikipedia_revision,73082572,2026-09-29T15:02:36Z,unverified,,9ca942a568882bbd6b774a0d5553b585fd3c21e22108b84064e56abca54efbeb,blank_null_includes_undecided
2026-1-b362d92cb7,2026,1,,Gerp,,2026-09-24,2026-09-28,,2400,,main,Renan Santos,3.0,total,5.0,,,https://pt.wikipedia.org/w/index.php?title=Pesquisas_de_opini%C3%A3o_para_a_elei%C3%A7%C3%A3o_presidencial_no_Brasil_em_2026&oldid=73082572,wikipedia_revision,73082572,2026-09-29T15:02:36Z,unverified,,9ca942a568882bbd6b774a0d5553b585fd3c21e22108b84064e56abca54efbeb,blank_null_includes_undecided
2026-1-b362d92cb7,2026,1,,Gerp,,2026-09-24,2026-09-28,,2400,,main,Ronaldo Caiado,3.0,total,5.0,,,https://pt.wikipedia.org/w/index.php?title=Pesquisas_de_opini%C3%A3o_para_a_elei%C3%A7%C3%A3o_presidencial_no_Brasil_em_2026&oldid=73082572,wikipedia_revision,73082572,2026-09-29T15:02:36Z,unverified,,9ca942a568882bbd6b774a0d5553b585fd3c21e22108b84064e56abca54efbeb,blank_null_includes_undecided
2026-1-b362d92cb7,2026,1,,Gerp,,2026-09-24,2026-09-28,,2400,,main,Romeu Zema,1.0,total,5.0,,,https://pt.wikipedia.org/w/index.php?title=Pesquisas_de_opini%C3%A3o_para_a_elei%C3%A7%C3%A3o_presidencial_no_Brasil_em_2026&oldid=73082572,wikipedia_revision,73082572,2026-09-29T15:02:36Z,unverified,,9ca942a568882bbd6b774a0d5553b585fd3c21e22108b84064e56abca54efbeb,blank_null_includes_undecided
2026-1-b362d92cb7,2026,1,,Gerp,,2026-09-24,2026-09-28,,2400,,main,Samara Martins,1.0,total,5.0,,,https://pt.wikipedia.org/w/index.php?title=Pesquisas_de_opini%C3%A3o_para_a_elei%C3%A7%C3%A3o_presidencial_no_Brasil_em_2026&oldid=73082572,wikipedia_revision,73082572,2026-09-29T15:02:36Z,unverified,,9ca942a568882bbd6b774a0d5553b585fd3c21e22108b84064e56abca54efbeb,blank_null_includes_undecided
2026-1-b362d92cb7,2026,1,,Gerp,,2026-09-24,2026-09-28,,2400,,main,Leonardo Avalanche,0.0,total,5.0,,,https://pt.wikipedia.org/w/index.php?title=Pesquisas_de_opini%C3%A3o_para_a_elei%C3%A7%C3%A3o_presidencial_no_Brasil_em_2026&oldid=73082572,wikipedia_revision,73082572,2026-09-29T15:02:36Z,unverified,,9ca942a568882bbd6b774a0d5553b585fd3c21e22108b84064e56abca54efbeb,blank_null_includes_undecided
2026-1-b362d92cb7,2026,1,,Gerp,,2026-09-24,2026-09-28,,2400,,main,Wilson Grassi,0.0,total,5.0,,,https://pt.wikipedia.org/w/index.php?title=Pesquisas_de_opini%C3%A3o_para_a_elei%C3%A7%C3%A3o_presidencial_no_Brasil_em_2026&oldid=73082572,wikipedia_revision,73082572,2026-09-29T15:02:36Z,unverified,,9ca942a568882bbd6b774a0d5553b585fd3c21e22108b84064e56abca54efbeb,blank_null_includes_undecided
2026-1-b362d92cb7,2026,1,,Gerp,,2026-09-24,2026-09-28,,2400,,main,Clariana Barão,0.0,total,5.0,,,https://pt.wikipedia.org/w/index.php?title=Pesquisas_de_opini%C3%A3o_para_a_elei%C3%A7%C3%A3o_presidencial_no_Brasil_em_2026&oldid=73082572,wikipedia_revision,73082572,2026-09-29T15:02:36Z,unverified,,9ca942a568882bbd6b774a0d5553b585fd3c21e22108b84064e56abca54efbeb,blank_null_includes_undecided
2026-1-b362d92cb7,2026,1,,Gerp,,2026-09-24,2026-09-28,,2400,,main,Hertz Dias,0.0,total,5.0,,,https://pt.wikipedia.org/w/index.php?title=Pesquisas_de_opini%C3%A3o_para_a_elei%C3%A7%C3%A3o_presidencial_no_Brasil_em_2026&oldid=73082572,wikipedia_revision,73082572,2026-09-29T15:02:36Z,unverified,,9ca942a568882bbd6b774a0d5553b585fd3c21e22108b84064e56abca54efbeb,blank_null_includes_undecided
2026-1-b362d92cb7,2026,1,,Gerp,,2026-09-24,2026-09-28,,2400,,main,Edmilson Costa,0.0,total,5.0,,,https://pt.wikipedia.org/w/index.php?title=Pesquisas_de_opini%C3%A3o_para_a_elei%C3%A7%C3%A3o_presidencial_no_Brasil_em_2026&oldid=73082572,wikipedia_revision,73082572,2026-09-29T15:02:36Z,unverified,,9ca942a568882bbd6b774a0d5553b585fd3c21e22108b84064e56abca54efbeb,blank_null_includes_undecided
2026-1-b362d92cb7,2026,1,,Gerp,,2026-09-24,2026-09-28,,2400,,main,Rui Costa Pimenta,0.0,total,5.0,,,https://pt.wikipedia.org/w/index.php?title=Pesquisas_de_opini%C3%A3o_para_a_elei%C3%A7%C3%A3o_presidencial_no_Brasil_em_2026&oldid=73082572,wikipedia_revision,73082572,2026-09-29T15:02:36Z,unverified,,9ca942a568882bbd6b774a0d5553b585fd3c21e22108b84064e56abca54efbeb,blank_null_includes_undecided
2026-1-1d588f2c15,2026,1,,Palver,,2026-09-24,2026-09-28,,5000,,main,Lula,44.0,total,2.0,,,https://pt.wikipedia.org/w/index.php?title=Pesquisas_de_opini%C3%A3o_para_a_elei%C3%A7%C3%A3o_presidencial_no_Brasil_em_2026&oldid=73082572,wikipedia_revision,73082572,2026-09-29T15:02:36Z,unverified,,9ca942a568882bbd6b774a0d5553b585fd3c21e22108b84064e56abca54efbeb,blank_null_includes_undecided
2026-1-1d588f2c15,2026,1,,Palver,,2026-09-24,2026-09-28,,5000,,main,Flávio Bolsonaro,44.0,total,2.0,,,https://pt.wikipedia.org/w/index.php?title=Pesquisas_de_opini%C3%A3o_para_a_elei%C3%A7%C3%A3o_presidencial_no_Brasil_em_2026&oldid=73082572,wikipedia_revision,73082572,2026-09-29T15:02:36Z,unverified,,9ca942a568882bbd6b774a0d5553b585fd3c21e22108b84064e56abca54efbeb,blank_null_includes_undecided
2026-1-1d588f2c15,2026,1,,Palver,,2026-09-24,2026-09-28,,5000,,main,Augusto Cury,1.0,total,2.0,,,https://pt.wikipedia.org/w/index.php?title=Pesquisas_de_opini%C3%A3o_para_a_elei%C3%A7%C3%A3o_presidencial_no_Brasil_em_2026&oldid=73082572,wikipedia_revision,73082572,2026-09-29T15:02:36Z,unverified,,9ca942a568882bbd6b774a0d5553b585fd3c21e22108b84064e56abca54efbeb,blank_null_includes_undecided
2026-1-1d588f2c15,2026,1,,Palver,,2026-09-24,2026-09-28,,5000,,main,Renan Santos,8.0,total,2.0,,,https://pt.wikipedia.org/w/index.php?title=Pesquisas_de_opini%C3%A3o_para_a_elei%C3%A7%C3%A3o_presidencial_no_Brasil_em_2026&oldid=73082572,wikipedia_revision,73082572,2026-09-29T15:02:36Z,unverified,,9ca942a568882bbd6b774a0d5553b585fd3c21e22108b84064e56abca54efbeb,blank_null_includes_undecided
2026-1-1d588f2c15,2026,1,,Palver,,2026-09-24,2026-09-28,,5000,,main,Ronaldo Caiado,1.0,total,2.0,,,https://pt.wikipedia.org/w/index.php?title=Pesquisas_de_opini%C3%A3o_para_a_elei%C3%A7%C3%A3o_presidencial_no_Brasil_em_2026&oldid=73082572,wikipedia_revision,73082572,2026-09-29T15:02:36Z,unverified,,9ca942a568882bbd6b774a0d5553b585fd3c21e22108b84064e56abca54efbeb,blank_null_includes_undecided
2026-1-1d588f2c15,2026,1,,Palver,,2026-09-24,2026-09-28,,5000,,main,Romeu Zema,1.0,total,2.0,,,https://pt.wikipedia.org/w/index.php?title=Pesquisas_de_opini%C3%A3o_para_a_elei%C3%A7%C3%A3o_presidencial_no_Brasil_em_2026&oldid=73082572,wikipedia_revision,73082572,2026-09-29T15:02:36Z,unverified,,9ca942a568882bbd6b774a0d5553b585fd3c21e22108b84064e56abca54efbeb,blank_null_includes_undecided
2026-1-1d588f2c15,2026,1,,Palver,,2026-09-24,2026-09-28,,5000,,main,Samara Martins,0.0,total,2.0,,,https://pt.wikipedia.org/w/index.php?title=Pesquisas_de_opini%C3%A3o_para_a_elei%C3%A7%C3%A3o_presidencial_no_Brasil_em_2026&oldid=73082572,wikipedia_revision,73082572,2026-09-29T15:02:36Z,unverified,,9ca942a568882bbd6b774a0d5553b585fd3c21e22108b84064e56abca54efbeb,blank_null_includes_undecided
2026-1-1d588f2c15,2026,1,,Palver,,2026-09-24,2026-09-28,,5000,,main,Leonardo Avalanche,0.0,total,2.0,,,https://pt.wikipedia.org/w/index.php?title=Pesquisas_de_opini%C3%A3o_para_a_elei%C3%A7%C3%A3o_presidencial_no_Brasil_em_2026&oldid=73082572,wikipedia_revision,73082572,2026-09-29T15:02:36Z,unverified,,9ca942a568882bbd6b774a0d5553b585fd3c21e22108b84064e56abca54efbeb,blank_null_includes_undecided
2026-1-1d588f2c15,2026,1,,Palver,,2026-09-24,2026-09-28,,5000,,main,Wilson Grassi,0.0,total,2.0,,,https://pt.wikipedia.org/w/index.php?title=Pesquisas_de_opini%C3%A3o_para_a_elei%C3%A7%C3%A3o_presidencial_no_Brasil_em_2026&oldid=73082572,wikipedia_revision,73082572,2026-09-29T15:02:36Z,unverified,,9ca942a568882bbd6b774a0d5553b585fd3c21e22108b84064e56abca54efbeb,blank_null_includes_undecided
2026-1-1d588f2c15,2026,1,,Palver,,2026-09-24,2026-09-28,,5000,,main,Clariana Barão,0.0,total,2.0,,,https://pt.wikipedia.org/w/index.php?title=Pesquisas_de_opini%C3%A3o_para_a_elei%C3%A7%C3%A3o_presidencial_no_Brasil_em_2026&oldid=73082572,wikipedia_revision,73082572,2026-09-29T15:02:36Z,unverified,,9ca942a568882bbd6b774a0d5553b585fd3c21e22108b84064e56abca54efbeb,blank_null_includes_undecided
2026-1-1d588f2c15,2026,1,,Palver,,2026-09-24,2026-09-28,,5000,,main,Hertz Dias,0.0,total,2.0,,,https://pt.wikipedia.org/w/index.php?title=Pesquisas_de_opini%C3%A3o_para_a_elei%C3%A7%C3%A3o_presidencial_no_Brasil_em_2026&oldid=73082572,wikipedia_revision,73082572,2026-09-29T15:02:36Z,unverified,,9ca942a568882bbd6b774a0d5553b585fd3c21e22108b84064e56abca54efbeb,blank_null_includes_undecided
2026-1-1d588f2c15,2026,1,,Palver,,2026-09-24,2026-09-28,,5000,,main,Edmilson Costa,0.0,total,2.0,,,https://pt.wikipedia.org/w/index.php?title=Pesquisas_de_opini%C3%A3o_para_a_elei%C3%A7%C3%A3o_presidencial_no_Brasil_em_2026&oldid=73082572,wikipedia_revision,73082572,2026-09-29T15:02:36Z,unverified,,9ca942a568882bbd6b774a0d5553b585fd3c21e22108b84064e56abca54efbeb,blank_null_includes_undecided
2026-1-1d588f2c15,2026,1,,Palver,,2026-09-24,2026-09-28,,5000,,main,Rui Costa Pimenta,0.0,total,2.0,,,https://pt.wikipedia.org/w/index.php?title=Pesquisas_de_opini%C3%A3o_para_a_elei%C3%A7%C3%A3o_presidencial_no_Brasil_em_2026&oldid=73082572,wikipedia_revision,73082572,2026-09-29T15:02:36Z,unverified,,9ca942a568882bbd6b774a0d5553b585fd3c21e22108b84064e56abca54efbeb,blank_null_includes_undecided
2026-1-778909e290,2026,1,,Vox Brasil,,2026-09-26,2026-09-28,,2100,,main,Lula,41.0,total,9.3,,,https://pt.wikipedia.org/w/index.php?title=Pesquisas_de_opini%C3%A3o_para_a_elei%C3%A7%C3%A3o_presidencial_no_Brasil_em_2026&oldid=73082572,wikipedia_revision,73082572,2026-09-29T15:02:36Z,unverified,,9ca942a568882bbd6b774a0d5553b585fd3c21e22108b84064e56abca54efbeb,blank_null_includes_undecided
2026-1-778909e290,2026,1,,Vox Brasil,,2026-09-26,2026-09-28,,2100,,main,Flávio Bolsonaro,37.8,total,9.3,,,https://pt.wikipedia.org/w/index.php?title=Pesquisas_de_opini%C3%A3o_para_a_elei%C3%A7%C3%A3o_presidencial_no_Brasil_em_2026&oldid=73082572,wikipedia_revision,73082572,2026-09-29T15:02:36Z,unverified,,9ca942a568882bbd6b774a0d5553b585fd3c21e22108b84064e56abca54efbeb,blank_null_includes_undecided
2026-1-778909e290,2026,1,,Vox Brasil,,2026-09-26,2026-09-28,,2100,,main,Augusto Cury,2.2,total,9.3,,,https://pt.wikipedia.org/w/index.php?title=Pesquisas_de_opini%C3%A3o_para_a_elei%C3%A7%C3%A3o_presidencial_no_Brasil_em_2026&oldid=73082572,wikipedia_revision,73082572,2026-09-29T15:02:36Z,unverified,,9ca942a568882bbd6b774a0d5553b585fd3c21e22108b84064e56abca54efbeb,blank_null_includes_undecided
2026-1-778909e290,2026,1,,Vox Brasil,,2026-09-26,2026-09-28,,2100,,main,Renan Santos,2.7,total,9.3,,,https://pt.wikipedia.org/w/index.php?title=Pesquisas_de_opini%C3%A3o_para_a_elei%C3%A7%C3%A3o_presidencial_no_Brasil_em_2026&oldid=73082572,wikipedia_revision,73082572,2026-09-29T15:02:36Z,unverified,,9ca942a568882bbd6b774a0d5553b585fd3c21e22108b84064e56abca54efbeb,blank_null_includes_undecided
2026-1-778909e290,2026,1,,Vox Brasil,,2026-09-26,2026-09-28,,2100,,main,Ronaldo Caiado,3.8,total,9.3,,,https://pt.wikipedia.org/w/index.php?title=Pesquisas_de_opini%C3%A3o_para_a_elei%C3%A7%C3%A3o_presidencial_no_Brasil_em_2026&oldid=73082572,wikipedia_revision,73082572,2026-09-29T15:02:36Z,unverified,,9ca942a568882bbd6b774a0d5553b585fd3c21e22108b84064e56abca54efbeb,blank_null_includes_undecided
2026-1-778909e290,2026,1,,Vox Brasil,,2026-09-26,2026-09-28,,2100,,main,Romeu Zema,1.8,total,9.3,,,https://pt.wikipedia.org/w/index.php?title=Pesquisas_de_opini%C3%A3o_para_a_elei%C3%A7%C3%A3o_presidencial_no_Brasil_em_2026&oldid=73082572,wikipedia_revision,73082572,2026-09-29T15:02:36Z,unverified,,9ca942a568882bbd6b774a0d5553b585fd3c21e22108b84064e56abca54efbeb,blank_null_includes_undecided
2026-1-778909e290,2026,1,,Vox Brasil,,2026-09-26,2026-09-28,,2100,,main,Samara Martins,0.0,total,9.3,,,https://pt.wikipedia.org/w/index.php?title=Pesquisas_de_opini%C3%A3o_para_a_elei%C3%A7%C3%A3o_presidencial_no_Brasil_em_2026&oldid=73082572,wikipedia_revision,73082572,2026-09-29T15:02:36Z,unverified,,9ca942a568882bbd6b774a0d5553b585fd3c21e22108b84064e56abca54efbeb,blank_null_includes_undecided
2026-1-778909e290,2026,1,,Vox Brasil,,2026-09-26,2026-09-28,,2100,,main,Leonardo Avalanche,0.0,total,9.3,,,https://pt.wikipedia.org/w/index.php?title=Pesquisas_de_opini%C3%A3o_para_a_elei%C3%A7%C3%A3o_presidencial_no_Brasil_em_2026&oldid=73082572,wikipedia_revision,73082572,2026-09-29T15:02:36Z,unverified,,9ca942a568882bbd6b774a0d5553b585fd3c21e22108b84064e56abca54efbeb,blank_null_includes_undecided
2026-1-778909e290,2026,1,,Vox Brasil,,2026-09-26,2026-09-28,,2100,,main,Wilson Grassi,0.1,total,9.3,,,https://pt.wikipedia.org/w/index.php?title=Pesquisas_de_opini%C3%A3o_para_a_elei%C3%A7%C3%A3o_presidencial_no_Brasil_em_2026&oldid=73082572,wikipedia_revision,73082572,2026-09-29T15:02:36Z,unverified,,9ca942a568882bbd6b774a0d5553b585fd3c21e22108b84064e56abca54efbeb,blank_null_includes_undecided
2026-1-778909e290,2026,1,,Vox Brasil,,2026-09-26,2026-09-28,,2100,,main,Clariana Barão,0.0,total,9.3,,,https://pt.wikipedia.org/w/index.php?title=Pesquisas_de_opini%C3%A3o_para_a_elei%C3%A7%C3%A3o_presidencial_no_Brasil_em_2026&oldid=73082572,wikipedia_revision,73082572,2026-09-29T15:02:36Z,unverified,,9ca942a568882bbd6b774a0d5553b585fd3c21e22108b84064e56abca54efbeb,blank_null_includes_undecided
2026-1-778909e290,2026,1,,Vox Brasil,,2026-09-26,2026-09-28,,2100,,main,Hertz Dias,0.0,total,9.3,,,https://pt.wikipedia.org/w/index.php?title=Pesquisas_de_opini%C3%A3o_para_a_elei%C3%A7%C3%A3o_presidencial_no_Brasil_em_2026&oldid=73082572,wikipedia_revision,73082572,2026-09-29T15:02:36Z,unverified,,9ca942a568882bbd6b774a0d5553b585fd3c21e22108b84064e56abca54efbeb,blank_null_includes_undecided
2026-1-778909e290,2026,1,,Vox Brasil,,2026-09-26,2026-09-28,,2100,,main,Edmilson Costa,0.2,total,9.3,,,https://pt.wikipedia.org/w/index.php?title=Pesquisas_de_opini%C3%A3o_para_a_elei%C3%A7%C3%A3o_presidencial_no_Brasil_em_2026&oldid=73082572,wikipedia_revision,73082572,2026-09-29T15:02:36Z,unverified,,9ca942a568882bbd6b774a0d5553b585fd3c21e22108b84064e56abca54efbeb,blank_null_includes_undecided
2026-1-778909e290,2026,1,,Vox Brasil,,2026-09-26,2026-09-28,,2100,,main,Rui Costa Pimenta,0.0,total,9.3,,,https://pt.wikipedia.org/w/index.php?title=Pesquisas_de_opini%C3%A3o_para_a_elei%C3%A7%C3%A3o_presidencial_no_Brasil_em_2026&oldid=73082572,wikipedia_revision,73082572,2026-09-29T15:02:36Z,unverified,,9ca942a568882bbd6b774a0d5553b585fd3c21e22108b84064e56abca54efbeb,blank_null_includes_undecided
2026-1-40855b367a,2026,1,,Nexus,BTG,2026-09-25,2026-09-27,,2000,,main,Lula,42.0,total,5.0,,,https://pt.wikipedia.org/w/index.php?title=Pesquisas_de_opini%C3%A3o_para_a_elei%C3%A7%C3%A3o_presidencial_no_Brasil_em_2026&oldid=73082572,wikipedia_revision,73082572,2026-09-29T15:02:36Z,unverified,,9ca942a568882bbd6b774a0d5553b585fd3c21e22108b84064e56abca54efbeb,blank_null_includes_undecided
2026-1-40855b367a,2026,1,,Nexus,BTG,2026-09-25,2026-09-27,,2000,,main,Flávio Bolsonaro,37.0,total,5.0,,,https://pt.wikipedia.org/w/index.php?title=Pesquisas_de_opini%C3%A3o_para_a_elei%C3%A7%C3%A3o_presidencial_no_Brasil_em_2026&oldid=73082572,wikipedia_revision,73082572,2026-09-29T15:02:36Z,unverified,,9ca942a568882bbd6b774a0d5553b585fd3c21e22108b84064e56abca54efbeb,blank_null_includes_undecided
2026-1-40855b367a,2026,1,,Nexus,BTG,2026-09-25,2026-09-27,,2000,,main,Augusto Cury,5.0,total,5.0,,,https://pt.wikipedia.org/w/index.php?title=Pesquisas_de_opini%C3%A3o_para_a_elei%C3%A7%C3%A3o_presidencial_no_Brasil_em_2026&oldid=73082572,wikipedia_revision,73082572,2026-09-29T15:02:36Z,unverified,,9ca942a568882bbd6b774a0d5553b585fd3c21e22108b84064e56abca54efbeb,blank_null_includes_undecided
2026-1-40855b367a,2026,1,,Nexus,BTG,2026-09-25,2026-09-27,,2000,,main,Renan Santos,4.0,total,5.0,,,https://pt.wikipedia.org/w/index.php?title=Pesquisas_de_opini%C3%A3o_para_a_elei%C3%A7%C3%A3o_presidencial_no_Brasil_em_2026&oldid=73082572,wikipedia_revision,73082572,2026-09-29T15:02:36Z,unverified,,9ca942a568882bbd6b774a0d5553b585fd3c21e22108b84064e56abca54efbeb,blank_null_includes_undecided
2026-1-40855b367a,2026,1,,Nexus,BTG,2026-09-25,2026-09-27,,2000,,main,Ronaldo Caiado,5.0,total,5.0,,,https://pt.wikipedia.org/w/index.php?title=Pesquisas_de_opini%C3%A3o_para_a_elei%C3%A7%C3%A3o_presidencial_no_Brasil_em_2026&oldid=73082572,wikipedia_revision,73082572,2026-09-29T15:02:36Z,unverified,,9ca942a568882bbd6b774a0d5553b585fd3c21e22108b84064e56abca54efbeb,blank_null_includes_undecided
2026-1-40855b367a,2026,1,,Nexus,BTG,2026-09-25,2026-09-27,,2000,,main,Romeu Zema,1.0,total,5.0,,,https://pt.wikipedia.org/w/index.php?title=Pesquisas_de_opini%C3%A3o_para_a_elei%C3%A7%C3%A3o_presidencial_no_Brasil_em_2026&oldid=73082572,wikipedia_revision,73082572,2026-09-29T15:02:36Z,unverified,,9ca942a568882bbd6b774a0d5553b585fd3c21e22108b84064e56abca54efbeb,blank_null_includes_undecided
2026-1-40855b367a,2026,1,,Nexus,BTG,2026-09-25,2026-09-27,,2000,,main,Samara Martins,1.0,total,5.0,,,https://pt.wikipedia.org/w/index.php?title=Pesquisas_de_opini%C3%A3o_para_a_elei%C3%A7%C3%A3o_presidencial_no_Brasil_em_2026&oldid=73082572,wikipedia_revision,73082572,2026-09-29T15:02:36Z,unverified,,9ca942a568882bbd6b774a0d5553b585fd3c21e22108b84064e56abca54efbeb,blank_null_includes_undecided
2026-1-40855b367a,2026,1,,Nexus,BTG,2026-09-25,2026-09-27,,2000,,main,Leonardo Avalanche,0.0,total,5.0,,,https://pt.wikipedia.org/w/index.php?title=Pesquisas_de_opini%C3%A3o_para_a_elei%C3%A7%C3%A3o_presidencial_no_Brasil_em_2026&oldid=73082572,wikipedia_revision,73082572,2026-09-29T15:02:36Z,unverified,,9ca942a568882bbd6b774a0d5553b585fd3c21e22108b84064e56abca54efbeb,blank_null_includes_undecided
2026-1-40855b367a,2026,1,,Nexus,BTG,2026-09-25,2026-09-27,,2000,,main,Wilson Grassi,0.0,total,5.0,,,https://pt.wikipedia.org/w/index.php?title=Pesquisas_de_opini%C3%A3o_para_a_elei%C3%A7%C3%A3o_presidencial_no_Brasil_em_2026&oldid=73082572,wikipedia_revision,73082572,2026-09-29T15:02:36Z,unverified,,9ca942a568882bbd6b774a0d5553b585fd3c21e22108b84064e56abca54efbeb,blank_null_includes_undecided
2026-1-40855b367a,2026,1,,Nexus,BTG,2026-09-25,2026-09-27,,2000,,main,Clariana Barão,0.0,total,5.0,,,https://pt.wikipedia.org/w/index.php?title=Pesquisas_de_opini%C3%A3o_para_a_elei%C3%A7%C3%A3o_presidencial_no_Brasil_em_2026&oldid=73082572,wikipedia_revision,73082572,2026-09-29T15:02:36Z,unverified,,9ca942a568882bbd6b774a0d5553b585fd3c21e22108b84064e56abca54efbeb,blank_null_includes_undecided
2026-1-40855b367a,2026,1,,Nexus,BTG,2026-09-25,2026-09-27,,2000,,main,Hertz Dias,0.0,total,5.0,,,https://pt.wikipedia.org/w/index.php?title=Pesquisas_de_opini%C3%A3o_para_a_elei%C3%A7%C3%A3o_presidencial_no_Brasil_em_2026&oldid=73082572,wikipedia_revision,73082572,2026-09-29T15:02:36Z,unverified,,9ca942a568882bbd6b774a0d5553b585fd3c21e22108b84064e56abca54efbeb,blank_null_includes_undecided
2026-1-40855b367a,2026,1,,Nexus,BTG,2026-09-25,2026-09-27,,2000,,main,Edmilson Costa,0.0,total,5.0,,,https://pt.wikipedia.org/w/index.php?title=Pesquisas_de_opini%C3%A3o_para_a_elei%C3%A7%C3%A3o_presidencial_no_Brasil_em_2026&oldid=73082572,wikipedia_revision,73082572,2026-09-29T15:02:36Z,unverified,,9ca942a568882bbd6b774a0d5553b585fd3c21e22108b84064e56abca54efbeb,blank_null_includes_undecided
2026-1-40855b367a,2026,1,,Nexus,BTG,2026-09-25,2026-09-27,,2000,,main,Rui Costa Pimenta,0.0,total,5.0,,,https://pt.wikipedia.org/w/index.php?title=Pesquisas_de_opini%C3%A3o_para_a_elei%C3%A7%C3%A3o_presidencial_no_Brasil_em_2026&oldid=73082572,wikipedia_revision,73082572,2026-09-29T15:02:36Z,unverified,,9ca942a568882bbd6b774a0d5553b585fd3c21e22108b84064e56abca54efbeb,blank_null_includes_undecided
2026-1-0d608140a9,2026,1,,Quaest,,2026-09-24,2026-09-27,,2004,,main,Lula,39.0,total,15.0,,,https://pt.wikipedia.org/w/index.php?title=Pesquisas_de_opini%C3%A3o_para_a_elei%C3%A7%C3%A3o_presidencial_no_Brasil_em_2026&oldid=73082572,wikipedia_revision,73082572,2026-09-29T15:02:36Z,unverified,,9ca942a568882bbd6b774a0d5553b585fd3c21e22108b84064e56abca54efbeb,blank_null_includes_undecided
2026-1-0d608140a9,2026,1,,Quaest,,2026-09-24,2026-09-27,,2004,,main,Flávio Bolsonaro,34.0,total,15.0,,,https://pt.wikipedia.org/w/index.php?title=Pesquisas_de_opini%C3%A3o_para_a_elei%C3%A7%C3%A3o_presidencial_no_Brasil_em_2026&oldid=73082572,wikipedia_revision,73082572,2026-09-29T15:02:36Z,unverified,,9ca942a568882bbd6b774a0d5553b585fd3c21e22108b84064e56abca54efbeb,blank_null_includes_undecided
2026-1-0d608140a9,2026,1,,Quaest,,2026-09-24,2026-09-27,,2004,,main,Augusto Cury,4.0,total,15.0,,,https://pt.wikipedia.org/w/index.php?title=Pesquisas_de_opini%C3%A3o_para_a_elei%C3%A7%C3%A3o_presidencial_no_Brasil_em_2026&oldid=73082572,wikipedia_revision,73082572,2026-09-29T15:02:36Z,unverified,,9ca942a568882bbd6b774a0d5553b585fd3c21e22108b84064e56abca54efbeb,blank_null_includes_undecided
2026-1-0d608140a9,2026,1,,Quaest,,2026-09-24,2026-09-27,,2004,,main,Renan Santos,3.0,total,15.0,,,https://pt.wikipedia.org/w/index.php?title=Pesquisas_de_opini%C3%A3o_para_a_elei%C3%A7%C3%A3o_presidencial_no_Brasil_em_2026&oldid=73082572,wikipedia_revision,73082572,2026-09-29T15:02:36Z,unverified,,9ca942a568882bbd6b774a0d5553b585fd3c21e22108b84064e56abca54efbeb,blank_null_includes_undecided
2026-1-0d608140a9,2026,1,,Quaest,,2026-09-24,2026-09-27,,2004,,main,Ronaldo Caiado,4.0,total,15.0,,,https://pt.wikipedia.org/w/index.php?title=Pesquisas_de_opini%C3%A3o_para_a_elei%C3%A7%C3%A3o_presidencial_no_Brasil_em_2026&oldid=73082572,wikipedia_revision,73082572,2026-09-29T15:02:36Z,unverified,,9ca942a568882bbd6b774a0d5553b585fd3c21e22108b84064e56abca54efbeb,blank_null_includes_undecided
2026-1-0d608140a9,2026,1,,Quaest,,2026-09-24,2026-09-27,,2004,,main,Romeu Zema,1.0,total,15.0,,,https://pt.wikipedia.org/w/index.php?title=Pesquisas_de_opini%C3%A3o_para_a_elei%C3%A7%C3%A3o_presidencial_no_Brasil_em_2026&oldid=73082572,wikipedia_revision,73082572,2026-09-29T15:02:36Z,unverified,,9ca942a568882bbd6b774a0d5553b585fd3c21e22108b84064e56abca54efbeb,blank_null_includes_undecided
2026-1-0d608140a9,2026,1,,Quaest,,2026-09-24,2026-09-27,,2004,,main,Samara Martins,0.0,total,15.0,,,https://pt.wikipedia.org/w/index.php?title=Pesquisas_de_opini%C3%A3o_para_a_elei%C3%A7%C3%A3o_presidencial_no_Brasil_em_2026&oldid=73082572,wikipedia_revision,73082572,2026-09-29T15:02:36Z,unverified,,9ca942a568882bbd6b774a0d5553b585fd3c21e22108b84064e56abca54efbeb,blank_null_includes_undecided
2026-1-0d608140a9,2026,1,,Quaest,,2026-09-24,2026-09-27,,2004,,main,Leonardo Avalanche,0.0,total,15.0,,,https://pt.wikipedia.org/w/index.php?title=Pesquisas_de_opini%C3%A3o_para_a_elei%C3%A7%C3%A3o_presidencial_no_Brasil_em_2026&oldid=73082572,wikipedia_revision,73082572,2026-09-29T15:02:36Z,unverified,,9ca942a568882bbd6b774a0d5553b585fd3c21e22108b84064e56abca54efbeb,blank_null_includes_undecided
2026-1-0d608140a9,2026,1,,Quaest,,2026-09-24,2026-09-27,,2004,,main,Wilson Grassi,0.0,total,15.0,,,https://pt.wikipedia.org/w/index.php?title=Pesquisas_de_opini%C3%A3o_para_a_elei%C3%A7%C3%A3o_presidencial_no_Brasil_em_2026&oldid=73082572,wikipedia_revision,73082572,2026-09-29T15:02:36Z,unverified,,9ca942a568882bbd6b774a0d5553b585fd3c21e22108b84064e56abca54efbeb,blank_null_includes_undecided
2026-1-0d608140a9,2026,1,,Quaest,,2026-09-24,2026-09-27,,2004,,main,Clariana Barão,0.0,total,15.0,,,https://pt.wikipedia.org/w/index.php?title=Pesquisas_de_opini%C3%A3o_para_a_elei%C3%A7%C3%A3o_presidencial_no_Brasil_em_2026&oldid=73082572,wikipedia_revision,73082572,2026-09-29T15:02:36Z,unverified,,9ca942a568882bbd6b774a0d5553b585fd3c21e22108b84064e56abca54efbeb,blank_null_includes_undecided
2026-1-0d608140a9,2026,1,,Quaest,,2026-09-24,2026-09-27,,2004,,main,Hertz Dias,0.0,total,15.0,,,https://pt.wikipedia.org/w/index.php?title=Pesquisas_de_opini%C3%A3o_para_a_elei%C3%A7%C3%A3o_presidencial_no_Brasil_em_2026&oldid=73082572,wikipedia_revision,73082572,2026-09-29T15:02:36Z,unverified,,9ca942a568882bbd6b774a0d5553b585fd3c21e22108b84064e56abca54efbeb,blank_null_includes_undecided
2026-1-0d608140a9,2026,1,,Quaest,,2026-09-24,2026-09-27,,2004,,main,Edmilson Costa,0.0,total,15.0,,,https://pt.wikipedia.org/w/index.php?title=Pesquisas_de_opini%C3%A3o_para_a_elei%C3%A7%C3%A3o_presidencial_no_Brasil_em_2026&oldid=73082572,wikipedia_revision,73082572,2026-09-29T15:02:36Z,unverified,,9ca942a568882bbd6b774a0d5553b585fd3c21e22108b84064e56abca54efbeb,blank_null_includes_undecided
2026-1-0d608140a9,2026,1,,Quaest,,2026-09-24,2026-09-27,,2004,,main,Rui Costa Pimenta,0.0,total,15.0,,,https://pt.wikipedia.org/w/index.php?title=Pesquisas_de_opini%C3%A3o_para_a_elei%C3%A7%C3%A3o_presidencial_no_Brasil_em_2026&oldid=73082572,wikipedia_revision,73082572,2026-09-29T15:02:36Z,unverified,,9ca942a568882bbd6b774a0d5553b585fd3c21e22108b84064e56abca54efbeb,blank_null_includes_undecided
2026-1-a53278278f,2026,1,,Datafolha,,2026-09-22,2026-09-24,,2002,,main,Lula,40.0,total,7.0,,,https://pt.wikipedia.org/w/index.php?title=Pesquisas_de_opini%C3%A3o_para_a_elei%C3%A7%C3%A3o_presidencial_no_Brasil_em_2026&oldid=73082572,wikipedia_revision,73082572,2026-09-29T15:02:36Z,unverified,,9ca942a568882bbd6b774a0d5553b585fd3c21e22108b84064e56abca54efbeb,blank_null_includes_undecided
2026-1-a53278278f,2026,1,,Datafolha,,2026-09-22,2026-09-24,,2002,,main,Flávio Bolsonaro,36.0,total,7.0,,,https://pt.wikipedia.org/w/index.php?title=Pesquisas_de_opini%C3%A3o_para_a_elei%C3%A7%C3%A3o_presidencial_no_Brasil_em_2026&oldid=73082572,wikipedia_revision,73082572,2026-09-29T15:02:36Z,unverified,,9ca942a568882bbd6b774a0d5553b585fd3c21e22108b84064e56abca54efbeb,blank_null_includes_undecided
2026-1-a53278278f,2026,1,,Datafolha,,2026-09-22,2026-09-24,,2002,,main,Augusto Cury,5.0,total,7.0,,,https://pt.wikipedia.org/w/index.php?title=Pesquisas_de_opini%C3%A3o_para_a_elei%C3%A7%C3%A3o_presidencial_no_Brasil_em_2026&oldid=73082572,wikipedia_revision,73082572,2026-09-29T15:02:36Z,unverified,,9ca942a568882bbd6b774a0d5553b585fd3c21e22108b84064e56abca54efbeb,blank_null_includes_undecided
2026-1-a53278278f,2026,1,,Datafolha,,2026-09-22,2026-09-24,,2002,,main,Renan Santos,3.0,total,7.0,,,https://pt.wikipedia.org/w/index.php?title=Pesquisas_de_opini%C3%A3o_para_a_elei%C3%A7%C3%A3o_presidencial_no_Brasil_em_2026&oldid=73082572,wikipedia_revision,73082572,2026-09-29T15:02:36Z,unverified,,9ca942a568882bbd6b774a0d5553b585fd3c21e22108b84064e56abca54efbeb,blank_null_includes_undecided
2026-1-a53278278f,2026,1,,Datafolha,,2026-09-22,2026-09-24,,2002,,main,Ronaldo Caiado,4.0,total,7.0,,,https://pt.wikipedia.org/w/index.php?title=Pesquisas_de_opini%C3%A3o_para_a_elei%C3%A7%C3%A3o_presidencial_no_Brasil_em_2026&oldid=73082572,wikipedia_revision,73082572,2026-09-29T15:02:36Z,unverified,,9ca942a568882bbd6b774a0d5553b585fd3c21e22108b84064e56abca54efbeb,blank_null_includes_undecided
2026-1-a53278278f,2026,1,,Datafolha,,2026-09-22,2026-09-24,,2002,,main,Romeu Zema,1.0,total,7.0,,,https://pt.wikipedia.org/w/index.php?title=Pesquisas_de_opini%C3%A3o_para_a_elei%C3%A7%C3%A3o_presidencial_no_Brasil_em_2026&oldid=73082572,wikipedia_revision,73082572,2026-09-29T15:02:36Z,unverified,,9ca942a568882bbd6b774a0d5553b585fd3c21e22108b84064e56abca54efbeb,blank_null_includes_undecided
2026-1-a53278278f,2026,1,,Datafolha,,2026-09-22,2026-09-24,,2002,,main,Samara Martins,1.0,total,7.0,,,https://pt.wikipedia.org/w/index.php?title=Pesquisas_de_opini%C3%A3o_para_a_elei%C3%A7%C3%A3o_presidencial_no_Brasil_em_2026&oldid=73082572,wikipedia_revision,73082572,2026-09-29T15:02:36Z,unverified,,9ca942a568882bbd6b774a0d5553b585fd3c21e22108b84064e56abca54efbeb,blank_null_includes_undecided
2026-1-a53278278f,2026,1,,Datafolha,,2026-09-22,2026-09-24,,2002,,main,Leonardo Avalanche,0.0,total,7.0,,,https://pt.wikipedia.org/w/index.php?title=Pesquisas_de_opini%C3%A3o_para_a_elei%C3%A7%C3%A3o_presidencial_no_Brasil_em_2026&oldid=73082572,wikipedia_revision,73082572,2026-09-29T15:02:36Z,unverified,,9ca942a568882bbd6b774a0d5553b585fd3c21e22108b84064e56abca54efbeb,blank_null_includes_undecided
2026-1-a53278278f,2026,1,,Datafolha,,2026-09-22,2026-09-24,,2002,,main,Wilson Grassi,0.0,total,7.0,,,https://pt.wikipedia.org/w/index.php?title=Pesquisas_de_opini%C3%A3o_para_a_elei%C3%A7%C3%A3o_presidencial_no_Brasil_em_2026&oldid=73082572,wikipedia_revision,73082572,2026-09-29T15:02:36Z,unverified,,9ca942a568882bbd6b774a0d5553b585fd3c21e22108b84064e56abca54efbeb,blank_null_includes_undecided
2026-1-a53278278f,2026,1,,Datafolha,,2026-09-22,2026-09-24,,2002,,main,Clariana Barão,0.0,total,7.0,,,https://pt.wikipedia.org/w/index.php?title=Pesquisas_de_opini%C3%A3o_para_a_elei%C3%A7%C3%A3o_presidencial_no_Brasil_em_2026&oldid=73082572,wikipedia_revision,73082572,2026-09-29T15:02:36Z,unverified,,9ca942a568882bbd6b774a0d5553b585fd3c21e22108b84064e56abca54efbeb,blank_null_includes_undecided
2026-1-a53278278f,2026,1,,Datafolha,,2026-09-22,2026-09-24,,2002,,main,Hertz Dias,0.0,total,7.0,,,https://pt.wikipedia.org/w/index.php?title=Pesquisas_de_opini%C3%A3o_para_a_elei%C3%A7%C3%A3o_presidencial_no_Brasil_em_2026&oldid=73082572,wikipedia_revision,73082572,2026-09-29T15:02:36Z,unverified,,9ca942a568882bbd6b774a0d5553b585fd3c21e22108b84064e56abca54efbeb,blank_null_includes_undecided
2026-1-a53278278f,2026,1,,Datafolha,,2026-09-22,2026-09-24,,2002,,main,Edmilson Costa,0.0,total,7.0,,,https://pt.wikipedia.org/w/index.php?title=Pesquisas_de_opini%C3%A3o_para_a_elei%C3%A7%C3%A3o_presidencial_no_Brasil_em_2026&oldid=73082572,wikipedia_revision,73082572,2026-09-29T15:02:36Z,unverified,,9ca942a568882bbd6b774a0d5553b585fd3c21e22108b84064e56abca54efbeb,blank_null_includes_undecided
2026-1-a53278278f,2026,1,,Datafolha,,2026-09-22,2026-09-24,,2002,,main,Rui Costa Pimenta,0.0,total,7.0,,,https://pt.wikipedia.org/w/index.php?title=Pesquisas_de_opini%C3%A3o_para_a_elei%C3%A7%C3%A3o_presidencial_no_Brasil_em_2026&oldid=73082572,wikipedia_revision,73082572,2026-09-29T15:02:36Z,unverified,,9ca942a568882bbd6b774a0d5553b585fd3c21e22108b84064e56abca54efbeb,blank_null_includes_undecided
2026-1-f96cd2aea4,2026,1,,Alfa Inteligência,,2026-09-18,2026-09-23,,2700,,main,Lula,40.0,total,11.0,,,https://pt.wikipedia.org/w/index.php?title=Pesquisas_de_opini%C3%A3o_para_a_elei%C3%A7%C3%A3o_presidencial_no_Brasil_em_2026&oldid=73082572,wikipedia_revision,73082572,2026-09-29T15:02:36Z,unverified,,9ca942a568882bbd6b774a0d5553b585fd3c21e22108b84064e56abca54efbeb,"blank_null_includes_undecided;below_threshold:Samara Martins<1,Leonardo Avalanche<1,Wilson Grassi<1,Clariana Barão<1,Hertz Dias<1,Edmilson Costa<1,Rui Costa Pimenta<1"
2026-1-f96cd2aea4,2026,1,,Alfa Inteligência,,2026-09-18,2026-09-23,,2700,,main,Flávio Bolsonaro,33.0,total,11.0,,,https://pt.wikipedia.org/w/index.php?title=Pesquisas_de_opini%C3%A3o_para_a_elei%C3%A7%C3%A3o_presidencial_no_Brasil_em_2026&oldid=73082572,wikipedia_revision,73082572,2026-09-29T15:02:36Z,unverified,,9ca942a568882bbd6b774a0d5553b585fd3c21e22108b84064e56abca54efbeb,"blank_null_includes_undecided;below_threshold:Samara Martins<1,Leonardo Avalanche<1,Wilson Grassi<1,Clariana Barão<1,Hertz Dias<1,Edmilson Costa<1,Rui Costa Pimenta<1"
2026-1-f96cd2aea4,2026,1,,Alfa Inteligência,,2026-09-18,2026-09-23,,2700,,main,Augusto Cury,6.0,total,11.0,,,https://pt.wikipedia.org/w/index.php?title=Pesquisas_de_opini%C3%A3o_para_a_elei%C3%A7%C3%A3o_presidencial_no_Brasil_em_2026&oldid=73082572,wikipedia_revision,73082572,2026-09-29T15:02:36Z,unverified,,9ca942a568882bbd6b774a0d5553b585fd3c21e22108b84064e56abca54efbeb,"blank_null_includes_undecided;below_threshold:Samara Martins<1,Leonardo Avalanche<1,Wilson Grassi<1,Clariana Barão<1,Hertz Dias<1,Edmilson Costa<1,Rui Costa Pimenta<1"
2026-1-f96cd2aea4,2026,1,,Alfa Inteligência,,2026-09-18,2026-09-23,,2700,,main,Renan Santos,3.0,total,11.0,,,https://pt.wikipedia.org/w/index.php?title=Pesquisas_de_opini%C3%A3o_para_a_elei%C3%A7%C3%A3o_presidencial_no_Brasil_em_2026&oldid=73082572,wikipedia_revision,73082572,2026-09-29T15:02:36Z,unverified,,9ca942a568882bbd6b774a0d5553b585fd3c21e22108b84064e56abca54efbeb,"blank_null_includes_undecided;below_threshold:Samara Martins<1,Leonardo Avalanche<1,Wilson Grassi<1,Clariana Barão<1,Hertz Dias<1,Edmilson Costa<1,Rui Costa Pimenta<1"
2026-1-f96cd2aea4,2026,1,,Alfa Inteligência,,2026-09-18,2026-09-23,,2700,,main,Ronaldo Caiado,5.0,total,11.0,,,https://pt.wikipedia.org/w/index.php?title=Pesquisas_de_opini%C3%A3o_para_a_elei%C3%A7%C3%A3o_presidencial_no_Brasil_em_2026&oldid=73082572,wikipedia_revision,73082572,2026-09-29T15:02:36Z,unverified,,9ca942a568882bbd6b774a0d5553b585fd3c21e22108b84064e56abca54efbeb,"blank_null_includes_undecided;below_threshold:Samara Martins<1,Leonardo Avalanche<1,Wilson Grassi<1,Clariana Barão<1,Hertz Dias<1,Edmilson Costa<1,Rui Costa Pimenta<1"
2026-1-f96cd2aea4,2026,1,,Alfa Inteligência,,2026-09-18,2026-09-23,,2700,,main,Romeu Zema,1.0,total,11.0,,,https://pt.wikipedia.org/w/index.php?title=Pesquisas_de_opini%C3%A3o_para_a_elei%C3%A7%C3%A3o_presidencial_no_Brasil_em_2026&oldid=73082572,wikipedia_revision,73082572,2026-09-29T15:02:36Z,unverified,,9ca942a568882bbd6b774a0d5553b585fd3c21e22108b84064e56abca54efbeb,"blank_null_includes_undecided;below_threshold:Samara Martins<1,Leonardo Avalanche<1,Wilson Grassi<1,Clariana Barão<1,Hertz Dias<1,Edmilson Costa<1,Rui Costa Pimenta<1"
2026-1-cad08769b7,2026,1,,Futura,,2026-09-19,2026-09-23,,2000,,main,Lula,38.4,total,5.3,,,https://pt.wikipedia.org/w/index.php?title=Pesquisas_de_opini%C3%A3o_para_a_elei%C3%A7%C3%A3o_presidencial_no_Brasil_em_2026&oldid=73082572,wikipedia_revision,73082572,2026-09-29T15:02:36Z,unverified,,9ca942a568882bbd6b774a0d5553b585fd3c21e22108b84064e56abca54efbeb,blank_null_includes_undecided
2026-1-cad08769b7,2026,1,,Futura,,2026-09-19,2026-09-23,,2000,,main,Flávio Bolsonaro,40.4,total,5.3,,,https://pt.wikipedia.org/w/index.php?title=Pesquisas_de_opini%C3%A3o_para_a_elei%C3%A7%C3%A3o_presidencial_no_Brasil_em_2026&oldid=73082572,wikipedia_revision,73082572,2026-09-29T15:02:36Z,unverified,,9ca942a568882bbd6b774a0d5553b585fd3c21e22108b84064e56abca54efbeb,blank_null_includes_undecided
2026-1-cad08769b7,2026,1,,Futura,,2026-09-19,2026-09-23,,2000,,main,Augusto Cury,5.6,total,5.3,,,https://pt.wikipedia.org/w/index.php?title=Pesquisas_de_opini%C3%A3o_para_a_elei%C3%A7%C3%A3o_presidencial_no_Brasil_em_2026&oldid=73082572,wikipedia_revision,73082572,2026-09-29T15:02:36Z,unverified,,9ca942a568882bbd6b774a0d5553b585fd3c21e22108b84064e56abca54efbeb,blank_null_includes_undecided
2026-1-cad08769b7,2026,1,,Futura,,2026-09-19,2026-09-23,,2000,,main,Renan Santos,2.4,total,5.3,,,https://pt.wikipedia.org/w/index.php?title=Pesquisas_de_opini%C3%A3o_para_a_elei%C3%A7%C3%A3o_presidencial_no_Brasil_em_2026&oldid=73082572,wikipedia_revision,73082572,2026-09-29T15:02:36Z,unverified,,9ca942a568882bbd6b774a0d5553b585fd3c21e22108b84064e56abca54efbeb,blank_null_includes_undecided
2026-1-cad08769b7,2026,1,,Futura,,2026-09-19,2026-09-23,,2000,,main,Ronaldo Caiado,5.7,total,5.3,,,https://pt.wikipedia.org/w/index.php?title=Pesquisas_de_opini%C3%A3o_para_a_elei%C3%A7%C3%A3o_presidencial_no_Brasil_em_2026&oldid=73082572,wikipedia_revision,73082572,2026-09-29T15:02:36Z,unverified,,9ca942a568882bbd6b774a0d5553b585fd3c21e22108b84064e56abca54efbeb,blank_null_includes_undecided
2026-1-cad08769b7,2026,1,,Futura,,2026-09-19,2026-09-23,,2000,,main,Romeu Zema,0.9,total,5.3,,,https://pt.wikipedia.org/w/index.php?title=Pesquisas_de_opini%C3%A3o_para_a_elei%C3%A7%C3%A3o_presidencial_no_Brasil_em_2026&oldid=73082572,wikipedia_revision,73082572,2026-09-29T15:02:36Z,unverified,,9ca942a568882bbd6b774a0d5553b585fd3c21e22108b84064e56abca54efbeb,blank_null_includes_undecided
2026-1-cad08769b7,2026,1,,Futura,,2026-09-19,2026-09-23,,2000,,main,Samara Martins,0.5,total,5.3,,,https://pt.wikipedia.org/w/index.php?title=Pesquisas_de_opini%C3%A3o_para_a_elei%C3%A7%C3%A3o_presidencial_no_Brasil_em_2026&oldid=73082572,wikipedia_revision,73082572,2026-09-29T15:02:36Z,unverified,,9ca942a568882bbd6b774a0d5553b585fd3c21e22108b84064e56abca54efbeb,blank_null_includes_undecided
2026-1-cad08769b7,2026,1,,Futura,,2026-09-19,2026-09-23,,2000,,main,Leonardo Avalanche,0.2,total,5.3,,,https://pt.wikipedia.org/w/index.php?title=Pesquisas_de_opini%C3%A3o_para_a_elei%C3%A7%C3%A3o_presidencial_no_Brasil_em_2026&oldid=73082572,wikipedia_revision,73082572,2026-09-29T15:02:36Z,unverified,,9ca942a568882bbd6b774a0d5553b585fd3c21e22108b84064e56abca54efbeb,blank_null_includes_undecided
2026-1-cad08769b7,2026,1,,Futura,,2026-09-19,2026-09-23,,2000,,main,Wilson Grassi,0.0,total,5.3,,,https://pt.wikipedia.org/w/index.php?title=Pesquisas_de_opini%C3%A3o_para_a_elei%C3%A7%C3%A3o_presidencial_no_Brasil_em_2026&oldid=73082572,wikipedia_revision,73082572,2026-09-29T15:02:36Z,unverified,,9ca942a568882bbd6b774a0d5553b585fd3c21e22108b84064e56abca54efbeb,blank_null_includes_undecided
2026-1-cad08769b7,2026,1,,Futura,,2026-09-19,2026-09-23,,2000,,main,Clariana Barão,0.0,total,5.3,,,https://pt.wikipedia.org/w/index.php?title=Pesquisas_de_opini%C3%A3o_para_a_elei%C3%A7%C3%A3o_presidencial_no_Brasil_em_2026&oldid=73082572,wikipedia_revision,73082572,2026-09-29T15:02:36Z,unverified,,9ca942a568882bbd6b774a0d5553b585fd3c21e22108b84064e56abca54efbeb,blank_null_includes_undecided
2026-1-cad08769b7,2026,1,,Futura,,2026-09-19,2026-09-23,,2000,,main,Hertz Dias,0.1,total,5.3,,,https://pt.wikipedia.org/w/index.php?title=Pesquisas_de_opini%C3%A3o_para_a_elei%C3%A7%C3%A3o_presidencial_no_Brasil_em_2026&oldid=73082572,wikipedia_revision,73082572,2026-09-29T15:02:36Z,unverified,,9ca942a568882bbd6b774a0d5553b585fd3c21e22108b84064e56abca54efbeb,blank_null_includes_undecided
2026-1-cad08769b7,2026,1,,Futura,,2026-09-19,2026-09-23,,2000,,main,Edmilson Costa,0.1,total,5.3,,,https://pt.wikipedia.org/w/index.php?title=Pesquisas_de_opini%C3%A3o_para_a_elei%C3%A7%C3%A3o_presidencial_no_Brasil_em_2026&oldid=73082572,wikipedia_revision,73082572,2026-09-29T15:02:36Z,unverified,,9ca942a568882bbd6b774a0d5553b585fd3c21e22108b84064e56abca54efbeb,blank_null_includes_undecided
2026-1-cad08769b7,2026,1,,Futura,,2026-09-19,2026-09-23,,2000,,main,Rui Costa Pimenta,0.3,total,5.3,,,https://pt.wikipedia.org/w/index.php?title=Pesquisas_de_opini%C3%A3o_para_a_elei%C3%A7%C3%A3o_presidencial_no_Brasil_em_2026&oldid=73082572,wikipedia_revision,73082572,2026-09-29T15:02:36Z,unverified,,9ca942a568882bbd6b774a0d5553b585fd3c21e22108b84064e56abca54efbeb,blank_null_includes_undecided
2026-1-544937bbb3,2026,1,,Palver,,2026-09-20,2026-09-23,,3000,,main,Lula,43.0,total,2.0,,,https://pt.wikipedia.org/w/index.php?title=Pesquisas_de_opini%C3%A3o_para_a_elei%C3%A7%C3%A3o_presidencial_no_Brasil_em_2026&oldid=73082572,wikipedia_revision,73082572,2026-09-29T15:02:36Z,unverified,,9ca942a568882bbd6b774a0d5553b585fd3c21e22108b84064e56abca54efbeb,"blank_null_includes_undecided;below_threshold:Samara Martins<1,Leonardo Avalanche<1,Wilson Grassi<1,Clariana Barão<1,Hertz Dias<1,Edmilson Costa<1,Rui Costa Pimenta<1"
2026-1-544937bbb3,2026,1,,Palver,,2026-09-20,2026-09-23,,3000,,main,Flávio Bolsonaro,43.0,total,2.0,,,https://pt.wikipedia.org/w/index.php?title=Pesquisas_de_opini%C3%A3o_para_a_elei%C3%A7%C3%A3o_presidencial_no_Brasil_em_2026&oldid=73082572,wikipedia_revision,73082572,2026-09-29T15:02:36Z,unverified,,9ca942a568882bbd6b774a0d5553b585fd3c21e22108b84064e56abca54efbeb,"blank_null_includes_undecided;below_threshold:Samara Martins<1,Leonardo Avalanche<1,Wilson Grassi<1,Clariana Barão<1,Hertz Dias<1,Edmilson Costa<1,Rui Costa Pimenta<1"
2026-1-544937bbb3,2026,1,,Palver,,2026-09-20,2026-09-23,,3000,,main,Augusto Cury,2.0,total,2.0,,,https://pt.wikipedia.org/w/index.php?title=Pesquisas_de_opini%C3%A3o_para_a_elei%C3%A7%C3%A3o_presidencial_no_Brasil_em_2026&oldid=73082572,wikipedia_revision,73082572,2026-09-29T15:02:36Z,unverified,,9ca942a568882bbd6b774a0d5553b585fd3c21e22108b84064e56abca54efbeb,"blank_null_includes_undecided;below_threshold:Samara Martins<1,Leonardo Avalanche<1,Wilson Grassi<1,Clariana Barão<1,Hertz Dias<1,Edmilson Costa<1,Rui Costa Pimenta<1"
2026-1-544937bbb3,2026,1,,Palver,,2026-09-20,2026-09-23,,3000,,main,Renan Santos,8.0,total,2.0,,,https://pt.wikipedia.org/w/index.php?title=Pesquisas_de_opini%C3%A3o_para_a_elei%C3%A7%C3%A3o_presidencial_no_Brasil_em_2026&oldid=73082572,wikipedia_revision,73082572,2026-09-29T15:02:36Z,unverified,,9ca942a568882bbd6b774a0d5553b585fd3c21e22108b84064e56abca54efbeb,"blank_null_includes_undecided;below_threshold:Samara Martins<1,Leonardo Avalanche<1,Wilson Grassi<1,Clariana Barão<1,Hertz Dias<1,Edmilson Costa<1,Rui Costa Pimenta<1"
2026-1-544937bbb3,2026,1,,Palver,,2026-09-20,2026-09-23,,3000,,main,Ronaldo Caiado,1.0,total,2.0,,,https://pt.wikipedia.org/w/index.php?title=Pesquisas_de_opini%C3%A3o_para_a_elei%C3%A7%C3%A3o_presidencial_no_Brasil_em_2026&oldid=73082572,wikipedia_revision,73082572,2026-09-29T15:02:36Z,unverified,,9ca942a568882bbd6b774a0d5553b585fd3c21e22108b84064e56abca54efbeb,"blank_null_includes_undecided;below_threshold:Samara Martins<1,Leonardo Avalanche<1,Wilson Grassi<1,Clariana Barão<1,Hertz Dias<1,Edmilson Costa<1,Rui Costa Pimenta<1"
2026-1-544937bbb3,2026,1,,Palver,,2026-09-20,2026-09-23,,3000,,main,Romeu Zema,1.0,total,2.0,,,https://pt.wikipedia.org/w/index.php?title=Pesquisas_de_opini%C3%A3o_para_a_elei%C3%A7%C3%A3o_presidencial_no_Brasil_em_2026&oldid=73082572,wikipedia_revision,73082572,2026-09-29T15:02:36Z,unverified,,9ca942a568882bbd6b774a0d5553b585fd3c21e22108b84064e56abca54efbeb,"blank_null_includes_undecided;below_threshold:Samara Martins<1,Leonardo Avalanche<1,Wilson Grassi<1,Clariana Barão<1,Hertz Dias<1,Edmilson Costa<1,Rui Costa Pimenta<1"
2026-1-f19cbf2933,2026,1,,PoderData,Aya,2026-09-20,2026-09-23,,3000,,main,Lula,41.0,total,6.0,,,https://pt.wikipedia.org/w/index.php?title=Pesquisas_de_opini%C3%A3o_para_a_elei%C3%A7%C3%A3o_presidencial_no_Brasil_em_2026&oldid=73082572,wikipedia_revision,73082572,2026-09-29T15:02:36Z,unverified,,9ca942a568882bbd6b774a0d5553b585fd3c21e22108b84064e56abca54efbeb,blank_null_includes_undecided
2026-1-f19cbf2933,2026,1,,PoderData,Aya,2026-09-20,2026-09-23,,3000,,main,Flávio Bolsonaro,39.0,total,6.0,,,https://pt.wikipedia.org/w/index.php?title=Pesquisas_de_opini%C3%A3o_para_a_elei%C3%A7%C3%A3o_presidencial_no_Brasil_em_2026&oldid=73082572,wikipedia_revision,73082572,2026-09-29T15:02:36Z,unverified,,9ca942a568882bbd6b774a0d5553b585fd3c21e22108b84064e56abca54efbeb,blank_null_includes_undecided
2026-1-f19cbf2933,2026,1,,PoderData,Aya,2026-09-20,2026-09-23,,3000,,main,Augusto Cury,6.0,total,6.0,,,https://pt.wikipedia.org/w/index.php?title=Pesquisas_de_opini%C3%A3o_para_a_elei%C3%A7%C3%A3o_presidencial_no_Brasil_em_2026&oldid=73082572,wikipedia_revision,73082572,2026-09-29T15:02:36Z,unverified,,9ca942a568882bbd6b774a0d5553b585fd3c21e22108b84064e56abca54efbeb,blank_null_includes_undecided
2026-1-f19cbf2933,2026,1,,PoderData,Aya,2026-09-20,2026-09-23,,3000,,main,Renan Santos,3.0,total,6.0,,,https://pt.wikipedia.org/w/index.php?title=Pesquisas_de_opini%C3%A3o_para_a_elei%C3%A7%C3%A3o_presidencial_no_Brasil_em_2026&oldid=73082572,wikipedia_revision,73082572,2026-09-29T15:02:36Z,unverified,,9ca942a568882bbd6b774a0d5553b585fd3c21e22108b84064e56abca54efbeb,blank_null_includes_undecided
2026-1-f19cbf2933,2026,1,,PoderData,Aya,2026-09-20,2026-09-23,,3000,,main,Ronaldo Caiado,2.0,total,6.0,,,https://pt.wikipedia.org/w/index.php?title=Pesquisas_de_opini%C3%A3o_para_a_elei%C3%A7%C3%A3o_presidencial_no_Brasil_em_2026&oldid=73082572,wikipedia_revision,73082572,2026-09-29T15:02:36Z,unverified,,9ca942a568882bbd6b774a0d5553b585fd3c21e22108b84064e56abca54efbeb,blank_null_includes_undecided
2026-1-f19cbf2933,2026,1,,PoderData,Aya,2026-09-20,2026-09-23,,3000,,main,Romeu Zema,1.0,total,6.0,,,https://pt.wikipedia.org/w/index.php?title=Pesquisas_de_opini%C3%A3o_para_a_elei%C3%A7%C3%A3o_presidencial_no_Brasil_em_2026&oldid=73082572,wikipedia_revision,73082572,2026-09-29T15:02:36Z,unverified,,9ca942a568882bbd6b774a0d5553b585fd3c21e22108b84064e56abca54efbeb,blank_null_includes_undecided
2026-1-f19cbf2933,2026,1,,PoderData,Aya,2026-09-20,2026-09-23,,3000,,main,Samara Martins,1.0,total,6.0,,,https://pt.wikipedia.org/w/index.php?title=Pesquisas_de_opini%C3%A3o_para_a_elei%C3%A7%C3%A3o_presidencial_no_Brasil_em_2026&oldid=73082572,wikipedia_revision,73082572,2026-09-29T15:02:36Z,unverified,,9ca942a568882bbd6b774a0d5553b585fd3c21e22108b84064e56abca54efbeb,blank_null_includes_undecided
2026-1-f19cbf2933,2026,1,,PoderData,Aya,2026-09-20,2026-09-23,,3000,,main,Leonardo Avalanche,0.0,total,6.0,,,https://pt.wikipedia.org/w/index.php?title=Pesquisas_de_opini%C3%A3o_para_a_elei%C3%A7%C3%A3o_presidencial_no_Brasil_em_2026&oldid=73082572,wikipedia_revision,73082572,2026-09-29T15:02:36Z,unverified,,9ca942a568882bbd6b774a0d5553b585fd3c21e22108b84064e56abca54efbeb,blank_null_includes_undecided
2026-1-f19cbf2933,2026,1,,PoderData,Aya,2026-09-20,2026-09-23,,3000,,main,Wilson Grassi,0.0,total,6.0,,,https://pt.wikipedia.org/w/index.php?title=Pesquisas_de_opini%C3%A3o_para_a_elei%C3%A7%C3%A3o_presidencial_no_Brasil_em_2026&oldid=73082572,wikipedia_revision,73082572,2026-09-29T15:02:36Z,unverified,,9ca942a568882bbd6b774a0d5553b585fd3c21e22108b84064e56abca54efbeb,blank_null_includes_undecided
2026-1-f19cbf2933,2026,1,,PoderData,Aya,2026-09-20,2026-09-23,,3000,,main,Clariana Barão,1.0,total,6.0,,,https://pt.wikipedia.org/w/index.php?title=Pesquisas_de_opini%C3%A3o_para_a_elei%C3%A7%C3%A3o_presidencial_no_Brasil_em_2026&oldid=73082572,wikipedia_revision,73082572,2026-09-29T15:02:36Z,unverified,,9ca942a568882bbd6b774a0d5553b585fd3c21e22108b84064e56abca54efbeb,blank_null_includes_undecided
2026-1-f19cbf2933,2026,1,,PoderData,Aya,2026-09-20,2026-09-23,,3000,,main,Hertz Dias,0.0,total,6.0,,,https://pt.wikipedia.org/w/index.php?title=Pesquisas_de_opini%C3%A3o_para_a_elei%C3%A7%C3%A3o_presidencial_no_Brasil_em_2026&oldid=73082572,wikipedia_revision,73082572,2026-09-29T15:02:36Z,unverified,,9ca942a568882bbd6b774a0d5553b585fd3c21e22108b84064e56abca54efbeb,blank_null_includes_undecided
2026-1-f19cbf2933,2026,1,,PoderData,Aya,2026-09-20,2026-09-23,,3000,,main,Edmilson Costa,0.0,total,6.0,,,https://pt.wikipedia.org/w/index.php?title=Pesquisas_de_opini%C3%A3o_para_a_elei%C3%A7%C3%A3o_presidencial_no_Brasil_em_2026&oldid=73082572,wikipedia_revision,73082572,2026-09-29T15:02:36Z,unverified,,9ca942a568882bbd6b774a0d5553b585fd3c21e22108b84064e56abca54efbeb,blank_null_includes_undecided
2026-1-f19cbf2933,2026,1,,PoderData,Aya,2026-09-20,2026-09-23,,3000,,main,Rui Costa Pimenta,1.0,total,6.0,,,https://pt.wikipedia.org/w/index.php?title=Pesquisas_de_opini%C3%A3o_para_a_elei%C3%A7%C3%A3o_presidencial_no_Brasil_em_2026&oldid=73082572,wikipedia_revision,73082572,2026-09-29T15:02:36Z,unverified,,9ca942a568882bbd6b774a0d5553b585fd3c21e22108b84064e56abca54efbeb,blank_null_includes_undecided
2026-1-8e90bb4a74,2026,1,,Real Time Big Data,,2026-09-19,2026-09-23,,2000,,main,Lula,41.0,total,6.0,,,https://pt.wikipedia.org/w/index.php?title=Pesquisas_de_opini%C3%A3o_para_a_elei%C3%A7%C3%A3o_presidencial_no_Brasil_em_2026&oldid=73082572,wikipedia_revision,73082572,2026-09-29T15:02:36Z,unverified,,9ca942a568882bbd6b774a0d5553b585fd3c21e22108b84064e56abca54efbeb,"blank_null_includes_undecided;below_threshold:Samara Martins<1,Leonardo Avalanche<1,Wilson Grassi<1,Clariana Barão<1,Hertz Dias<1,Edmilson Costa<1,Rui Costa Pimenta<1"
2026-1-8e90bb4a74,2026,1,,Real Time Big Data,,2026-09-19,2026-09-23,,2000,,main,Flávio Bolsonaro,37.0,total,6.0,,,https://pt.wikipedia.org/w/index.php?title=Pesquisas_de_opini%C3%A3o_para_a_elei%C3%A7%C3%A3o_presidencial_no_Brasil_em_2026&oldid=73082572,wikipedia_revision,73082572,2026-09-29T15:02:36Z,unverified,,9ca942a568882bbd6b774a0d5553b585fd3c21e22108b84064e56abca54efbeb,"blank_null_includes_undecided;below_threshold:Samara Martins<1,Leonardo Avalanche<1,Wilson Grassi<1,Clariana Barão<1,Hertz Dias<1,Edmilson Costa<1,Rui Costa Pimenta<1"
2026-1-8e90bb4a74,2026,1,,Real Time Big Data,,2026-09-19,2026-09-23,,2000,,main,Augusto Cury,6.0,total,6.0,,,https://pt.wikipedia.org/w/index.php?title=Pesquisas_de_opini%C3%A3o_para_a_elei%C3%A7%C3%A3o_presidencial_no_Brasil_em_2026&oldid=73082572,wikipedia_revision,73082572,2026-09-29T15:02:36Z,unverified,,9ca942a568882bbd6b774a0d5553b585fd3c21e22108b84064e56abca54efbeb,"blank_null_includes_undecided;below_threshold:Samara Martins<1,Leonardo Avalanche<1,Wilson Grassi<1,Clariana Barão<1,Hertz Dias<1,Edmilson Costa<1,Rui Costa Pimenta<1"
2026-1-8e90bb4a74,2026,1,,Real Time Big Data,,2026-09-19,2026-09-23,,2000,,main,Renan Santos,6.0,total,6.0,,,https://pt.wikipedia.org/w/index.php?title=Pesquisas_de_opini%C3%A3o_para_a_elei%C3%A7%C3%A3o_presidencial_no_Brasil_em_2026&oldid=73082572,wikipedia_revision,73082572,2026-09-29T15:02:36Z,unverified,,9ca942a568882bbd6b774a0d5553b585fd3c21e22108b84064e56abca54efbeb,"blank_null_includes_undecided;below_threshold:Samara Martins<1,Leonardo Avalanche<1,Wilson Grassi<1,Clariana Barão<1,Hertz Dias<1,Edmilson Costa<1,Rui Costa Pimenta<1"
2026-1-8e90bb4a74,2026,1,,Real Time Big Data,,2026-09-19,2026-09-23,,2000,,main,Ronaldo Caiado,2.0,total,6.0,,,https://pt.wikipedia.org/w/index.php?title=Pesquisas_de_opini%C3%A3o_para_a_elei%C3%A7%C3%A3o_presidencial_no_Brasil_em_2026&oldid=73082572,wikipedia_revision,73082572,2026-09-29T15:02:36Z,unverified,,9ca942a568882bbd6b774a0d5553b585fd3c21e22108b84064e56abca54efbeb,"blank_null_includes_undecided;below_threshold:Samara Martins<1,Leonardo Avalanche<1,Wilson Grassi<1,Clariana Barão<1,Hertz Dias<1,Edmilson Costa<1,Rui Costa Pimenta<1"
2026-1-8e90bb4a74,2026,1,,Real Time Big Data,,2026-09-19,2026-09-23,,2000,,main,Romeu Zema,1.0,total,6.0,,,https://pt.wikipedia.org/w/index.php?title=Pesquisas_de_opini%C3%A3o_para_a_elei%C3%A7%C3%A3o_presidencial_no_Brasil_em_2026&oldid=73082572,wikipedia_revision,73082572,2026-09-29T15:02:36Z,unverified,,9ca942a568882bbd6b774a0d5553b585fd3c21e22108b84064e56abca54efbeb,"blank_null_includes_undecided;below_threshold:Samara Martins<1,Leonardo Avalanche<1,Wilson Grassi<1,Clariana Barão<1,Hertz Dias<1,Edmilson Costa<1,Rui Costa Pimenta<1"
2026-1-f3a2bdfc87,2026,1,,AtlasIntel,,2026-09-17,2026-09-22,,5015,,main,Lula,45.8,total,1.2,,,https://pt.wikipedia.org/w/index.php?title=Pesquisas_de_opini%C3%A3o_para_a_elei%C3%A7%C3%A3o_presidencial_no_Brasil_em_2026&oldid=73082572,wikipedia_revision,73082572,2026-09-29T15:02:36Z,unverified,,9ca942a568882bbd6b774a0d5553b585fd3c21e22108b84064e56abca54efbeb,blank_null_includes_undecided
2026-1-f3a2bdfc87,2026,1,,AtlasIntel,,2026-09-17,2026-09-22,,5015,,main,Flávio Bolsonaro,43.4,total,1.2,,,https://pt.wikipedia.org/w/index.php?title=Pesquisas_de_opini%C3%A3o_para_a_elei%C3%A7%C3%A3o_presidencial_no_Brasil_em_2026&oldid=73082572,wikipedia_revision,73082572,2026-09-29T15:02:36Z,unverified,,9ca942a568882bbd6b774a0d5553b585fd3c21e22108b84064e56abca54efbeb,blank_null_includes_undecided
2026-1-f3a2bdfc87,2026,1,,AtlasIntel,,2026-09-17,2026-09-22,,5015,,main,Augusto Cury,2.1,total,1.2,,,https://pt.wikipedia.org/w/index.php?title=Pesquisas_de_opini%C3%A3o_para_a_elei%C3%A7%C3%A3o_presidencial_no_Brasil_em_2026&oldid=73082572,wikipedia_revision,73082572,2026-09-29T15:02:36Z,unverified,,9ca942a568882bbd6b774a0d5553b585fd3c21e22108b84064e56abca54efbeb,blank_null_includes_undecided
2026-1-f3a2bdfc87,2026,1,,AtlasIntel,,2026-09-17,2026-09-22,,5015,,main,Renan Santos,4.5,total,1.2,,,https://pt.wikipedia.org/w/index.php?title=Pesquisas_de_opini%C3%A3o_para_a_elei%C3%A7%C3%A3o_presidencial_no_Brasil_em_2026&oldid=73082572,wikipedia_revision,73082572,2026-09-29T15:02:36Z,unverified,,9ca942a568882bbd6b774a0d5553b585fd3c21e22108b84064e56abca54efbeb,blank_null_includes_undecided
2026-1-f3a2bdfc87,2026,1,,AtlasIntel,,2026-09-17,2026-09-22,,5015,,main,Ronaldo Caiado,1.3,total,1.2,,,https://pt.wikipedia.org/w/index.php?title=Pesquisas_de_opini%C3%A3o_para_a_elei%C3%A7%C3%A3o_presidencial_no_Brasil_em_2026&oldid=73082572,wikipedia_revision,73082572,2026-09-29T15:02:36Z,unverified,,9ca942a568882bbd6b774a0d5553b585fd3c21e22108b84064e56abca54efbeb,blank_null_includes_undecided
2026-1-f3a2bdfc87,2026,1,,AtlasIntel,,2026-09-17,2026-09-22,,5015,,main,Romeu Zema,0.9,total,1.2,,,https://pt.wikipedia.org/w/index.php?title=Pesquisas_de_opini%C3%A3o_para_a_elei%C3%A7%C3%A3o_presidencial_no_Brasil_em_2026&oldid=73082572,wikipedia_revision,73082572,2026-09-29T15:02:36Z,unverified,,9ca942a568882bbd6b774a0d5553b585fd3c21e22108b84064e56abca54efbeb,blank_null_includes_undecided
2026-1-f3a2bdfc87,2026,1,,AtlasIntel,,2026-09-17,2026-09-22,,5015,,main,Samara Martins,0.4,total,1.2,,,https://pt.wikipedia.org/w/index.php?title=Pesquisas_de_opini%C3%A3o_para_a_elei%C3%A7%C3%A3o_presidencial_no_Brasil_em_2026&oldid=73082572,wikipedia_revision,73082572,2026-09-29T15:02:36Z,unverified,,9ca942a568882bbd6b774a0d5553b585fd3c21e22108b84064e56abca54efbeb,blank_null_includes_undecided
2026-1-f3a2bdfc87,2026,1,,AtlasIntel,,2026-09-17,2026-09-22,,5015,,main,Wilson Grassi,0.0,total,1.2,,,https://pt.wikipedia.org/w/index.php?title=Pesquisas_de_opini%C3%A3o_para_a_elei%C3%A7%C3%A3o_presidencial_no_Brasil_em_2026&oldid=73082572,wikipedia_revision,73082572,2026-09-29T15:02:36Z,unverified,,9ca942a568882bbd6b774a0d5553b585fd3c21e22108b84064e56abca54efbeb,blank_null_includes_undecided
2026-1-f3a2bdfc87,2026,1,,AtlasIntel,,2026-09-17,2026-09-22,,5015,,main,Clariana Barão,0.4,total,1.2,,,https://pt.wikipedia.org/w/index.php?title=Pesquisas_de_opini%C3%A3o_para_a_elei%C3%A7%C3%A3o_presidencial_no_Brasil_em_2026&oldid=73082572,wikipedia_revision,73082572,2026-09-29T15:02:36Z,unverified,,9ca942a568882bbd6b774a0d5553b585fd3c21e22108b84064e56abca54efbeb,blank_null_includes_undecided
2026-1-f3a2bdfc87,2026,1,,AtlasIntel,,2026-09-17,2026-09-22,,5015,,main,Hertz Dias,0.0,total,1.2,,,https://pt.wikipedia.org/w/index.php?title=Pesquisas_de_opini%C3%A3o_para_a_elei%C3%A7%C3%A3o_presidencial_no_Brasil_em_2026&oldid=73082572,wikipedia_revision,73082572,2026-09-29T15:02:36Z,unverified,,9ca942a568882bbd6b774a0d5553b585fd3c21e22108b84064e56abca54efbeb,blank_null_includes_undecided
2026-1-f3a2bdfc87,2026,1,,AtlasIntel,,2026-09-17,2026-09-22,,5015,,main,Edmilson Costa,0.0,total,1.2,,,https://pt.wikipedia.org/w/index.php?title=Pesquisas_de_opini%C3%A3o_para_a_elei%C3%A7%C3%A3o_presidencial_no_Brasil_em_2026&oldid=73082572,wikipedia_revision,73082572,2026-09-29T15:02:36Z,unverified,,9ca942a568882bbd6b774a0d5553b585fd3c21e22108b84064e56abca54efbeb,blank_null_includes_undecided
2026-1-f3a2bdfc87,2026,1,,AtlasIntel,,2026-09-17,2026-09-22,,5015,,main,Rui Costa Pimenta,0.0,total,1.2,,,https://pt.wikipedia.org/w/index.php?title=Pesquisas_de_opini%C3%A3o_para_a_elei%C3%A7%C3%A3o_presidencial_no_Brasil_em_2026&oldid=73082572,wikipedia_revision,73082572,2026-09-29T15:02:36Z,unverified,,9ca942a568882bbd6b774a0d5553b585fd3c21e22108b84064e56abca54efbeb,blank_null_includes_undecided
2026-1-810fe9549d,2026,1,,American Analytics,,2026-09-15,2026-09-20,,2000,,main,Lula,38.0,total,14.0,,,https://pt.wikipedia.org/w/index.php?title=Pesquisas_de_opini%C3%A3o_para_a_elei%C3%A7%C3%A3o_presidencial_no_Brasil_em_2026&oldid=73082572,wikipedia_revision,73082572,2026-09-29T15:02:36Z,unverified,,9ca942a568882bbd6b774a0d5553b585fd3c21e22108b84064e56abca54efbeb,blank_null_includes_undecided
2026-1-810fe9549d,2026,1,,American Analytics,,2026-09-15,2026-09-20,,2000,,main,Flávio Bolsonaro,34.0,total,14.0,,,https://pt.wikipedia.org/w/index.php?title=Pesquisas_de_opini%C3%A3o_para_a_elei%C3%A7%C3%A3o_presidencial_no_Brasil_em_2026&oldid=73082572,wikipedia_revision,73082572,2026-09-29T15:02:36Z,unverified,,9ca942a568882bbd6b774a0d5553b585fd3c21e22108b84064e56abca54efbeb,blank_null_includes_undecided
2026-1-810fe9549d,2026,1,,American Analytics,,2026-09-15,2026-09-20,,2000,,main,Augusto Cury,5.0,total,14.0,,,https://pt.wikipedia.org/w/index.php?title=Pesquisas_de_opini%C3%A3o_para_a_elei%C3%A7%C3%A3o_presidencial_no_Brasil_em_2026&oldid=73082572,wikipedia_revision,73082572,2026-09-29T15:02:36Z,unverified,,9ca942a568882bbd6b774a0d5553b585fd3c21e22108b84064e56abca54efbeb,blank_null_includes_undecided
2026-1-810fe9549d,2026,1,,American Analytics,,2026-09-15,2026-09-20,,2000,,main,Renan Santos,4.0,total,14.0,,,https://pt.wikipedia.org/w/index.php?title=Pesquisas_de_opini%C3%A3o_para_a_elei%C3%A7%C3%A3o_presidencial_no_Brasil_em_2026&oldid=73082572,wikipedia_revision,73082572,2026-09-29T15:02:36Z,unverified,,9ca942a568882bbd6b774a0d5553b585fd3c21e22108b84064e56abca54efbeb,blank_null_includes_undecided
2026-1-810fe9549d,2026,1,,American Analytics,,2026-09-15,2026-09-20,,2000,,main,Ronaldo Caiado,4.0,total,14.0,,,https://pt.wikipedia.org/w/index.php?title=Pesquisas_de_opini%C3%A3o_para_a_elei%C3%A7%C3%A3o_presidencial_no_Brasil_em_2026&oldid=73082572,wikipedia_revision,73082572,2026-09-29T15:02:36Z,unverified,,9ca942a568882bbd6b774a0d5553b585fd3c21e22108b84064e56abca54efbeb,blank_null_includes_undecided
2026-1-810fe9549d,2026,1,,American Analytics,,2026-09-15,2026-09-20,,2000,,main,Romeu Zema,1.0,total,14.0,,,https://pt.wikipedia.org/w/index.php?title=Pesquisas_de_opini%C3%A3o_para_a_elei%C3%A7%C3%A3o_presidencial_no_Brasil_em_2026&oldid=73082572,wikipedia_revision,73082572,2026-09-29T15:02:36Z,unverified,,9ca942a568882bbd6b774a0d5553b585fd3c21e22108b84064e56abca54efbeb,blank_null_includes_undecided
2026-1-64e331dd02,2026,1,,Nexus,BTG,2026-09-18,2026-09-20,,2000,,main,Lula,40.0,total,7.0,,,https://pt.wikipedia.org/w/index.php?title=Pesquisas_de_opini%C3%A3o_para_a_elei%C3%A7%C3%A3o_presidencial_no_Brasil_em_2026&oldid=73082572,wikipedia_revision,73082572,2026-09-29T15:02:36Z,unverified,,9ca942a568882bbd6b774a0d5553b585fd3c21e22108b84064e56abca54efbeb,"blank_null_includes_undecided;below_threshold:Samara Martins<1,Wilson Grassi<1,Clariana Barão<1,Hertz Dias<1,Edmilson Costa<1,Rui Costa Pimenta<1"
2026-1-64e331dd02,2026,1,,Nexus,BTG,2026-09-18,2026-09-20,,2000,,main,Flávio Bolsonaro,37.0,total,7.0,,,https://pt.wikipedia.org/w/index.php?title=Pesquisas_de_opini%C3%A3o_para_a_elei%C3%A7%C3%A3o_presidencial_no_Brasil_em_2026&oldid=73082572,wikipedia_revision,73082572,2026-09-29T15:02:36Z,unverified,,9ca942a568882bbd6b774a0d5553b585fd3c21e22108b84064e56abca54efbeb,"blank_null_includes_undecided;below_threshold:Samara Martins<1,Wilson Grassi<1,Clariana Barão<1,Hertz Dias<1,Edmilson Costa<1,Rui Costa Pimenta<1"
2026-1-64e331dd02,2026,1,,Nexus,BTG,2026-09-18,2026-09-20,,2000,,main,Augusto Cury,6.0,total,7.0,,,https://pt.wikipedia.org/w/index.php?title=Pesquisas_de_opini%C3%A3o_para_a_elei%C3%A7%C3%A3o_presidencial_no_Brasil_em_2026&oldid=73082572,wikipedia_revision,73082572,2026-09-29T15:02:36Z,unverified,,9ca942a568882bbd6b774a0d5553b585fd3c21e22108b84064e56abca54efbeb,"blank_null_includes_undecided;below_threshold:Samara Martins<1,Wilson Grassi<1,Clariana Barão<1,Hertz Dias<1,Edmilson Costa<1,Rui Costa Pimenta<1"
2026-1-64e331dd02,2026,1,,Nexus,BTG,2026-09-18,2026-09-20,,2000,,main,Renan Santos,3.0,total,7.0,,,https://pt.wikipedia.org/w/index.php?title=Pesquisas_de_opini%C3%A3o_para_a_elei%C3%A7%C3%A3o_presidencial_no_Brasil_em_2026&oldid=73082572,wikipedia_revision,73082572,2026-09-29T15:02:36Z,unverified,,9ca942a568882bbd6b774a0d5553b585fd3c21e22108b84064e56abca54efbeb,"blank_null_includes_undecided;below_threshold:Samara Martins<1,Wilson Grassi<1,Clariana Barão<1,Hertz Dias<1,Edmilson Costa<1,Rui Costa Pimenta<1"
2026-1-64e331dd02,2026,1,,Nexus,BTG,2026-09-18,2026-09-20,,2000,,main,Ronaldo Caiado,5.0,total,7.0,,,https://pt.wikipedia.org/w/index.php?title=Pesquisas_de_opini%C3%A3o_para_a_elei%C3%A7%C3%A3o_presidencial_no_Brasil_em_2026&oldid=73082572,wikipedia_revision,73082572,2026-09-29T15:02:36Z,unverified,,9ca942a568882bbd6b774a0d5553b585fd3c21e22108b84064e56abca54efbeb,"blank_null_includes_undecided;below_threshold:Samara Martins<1,Wilson Grassi<1,Clariana Barão<1,Hertz Dias<1,Edmilson Costa<1,Rui Costa Pimenta<1"
2026-1-64e331dd02,2026,1,,Nexus,BTG,2026-09-18,2026-09-20,,2000,,main,Romeu Zema,1.0,total,7.0,,,https://pt.wikipedia.org/w/index.php?title=Pesquisas_de_opini%C3%A3o_para_a_elei%C3%A7%C3%A3o_presidencial_no_Brasil_em_2026&oldid=73082572,wikipedia_revision,73082572,2026-09-29T15:02:36Z,unverified,,9ca942a568882bbd6b774a0d5553b585fd3c21e22108b84064e56abca54efbeb,"blank_null_includes_undecided;below_threshold:Samara Martins<1,Wilson Grassi<1,Clariana Barão<1,Hertz Dias<1,Edmilson Costa<1,Rui Costa Pimenta<1"
2026-1-e9d0e26f18,2026,1,,Quaest,,2026-09-17,2026-09-20,,2004,,main,Lula,37.0,total,15.0,,,https://pt.wikipedia.org/w/index.php?title=Pesquisas_de_opini%C3%A3o_para_a_elei%C3%A7%C3%A3o_presidencial_no_Brasil_em_2026&oldid=73082572,wikipedia_revision,73082572,2026-09-29T15:02:36Z,unverified,,9ca942a568882bbd6b774a0d5553b585fd3c21e22108b84064e56abca54efbeb,blank_null_includes_undecided
2026-1-e9d0e26f18,2026,1,,Quaest,,2026-09-17,2026-09-20,,2004,,main,Flávio Bolsonaro,33.0,total,15.0,,,https://pt.wikipedia.org/w/index.php?title=Pesquisas_de_opini%C3%A3o_para_a_elei%C3%A7%C3%A3o_presidencial_no_Brasil_em_2026&oldid=73082572,wikipedia_revision,73082572,2026-09-29T15:02:36Z,unverified,,9ca942a568882bbd6b774a0d5553b585fd3c21e22108b84064e56abca54efbeb,blank_null_includes_undecided
2026-1-e9d0e26f18,2026,1,,Quaest,,2026-09-17,2026-09-20,,2004,,main,Augusto Cury,6.0,total,15.0,,,https://pt.wikipedia.org/w/index.php?title=Pesquisas_de_opini%C3%A3o_para_a_elei%C3%A7%C3%A3o_presidencial_no_Brasil_em_2026&oldid=73082572,wikipedia_revision,73082572,2026-09-29T15:02:36Z,unverified,,9ca942a568882bbd6b774a0d5553b585fd3c21e22108b84064e56abca54efbeb,blank_null_includes_undecided
2026-1-e9d0e26f18,2026,1,,Quaest,,2026-09-17,2026-09-20,,2004,,main,Renan Santos,3.0,total,15.0,,,https://pt.wikipedia.org/w/index.php?title=Pesquisas_de_opini%C3%A3o_para_a_elei%C3%A7%C3%A3o_presidencial_no_Brasil_em_2026&oldid=73082572,wikipedia_revision,73082572,2026-09-29T15:02:36Z,unverified,,9ca942a568882bbd6b774a0d5553b585fd3c21e22108b84064e56abca54efbeb,blank_null_includes_undecided
2026-1-e9d0e26f18,2026,1,,Quaest,,2026-09-17,2026-09-20,,2004,,main,Ronaldo Caiado,4.0,total,15.0,,,https://pt.wikipedia.org/w/index.php?title=Pesquisas_de_opini%C3%A3o_para_a_elei%C3%A7%C3%A3o_presidencial_no_Brasil_em_2026&oldid=73082572,wikipedia_revision,73082572,2026-09-29T15:02:36Z,unverified,,9ca942a568882bbd6b774a0d5553b585fd3c21e22108b84064e56abca54efbeb,blank_null_includes_undecided
2026-1-e9d0e26f18,2026,1,,Quaest,,2026-09-17,2026-09-20,,2004,,main,Romeu Zema,1.0,total,15.0,,,https://pt.wikipedia.org/w/index.php?title=Pesquisas_de_opini%C3%A3o_para_a_elei%C3%A7%C3%A3o_presidencial_no_Brasil_em_2026&oldid=73082572,wikipedia_revision,73082572,2026-09-29T15:02:36Z,unverified,,9ca942a568882bbd6b774a0d5553b585fd3c21e22108b84064e56abca54efbeb,blank_null_includes_undecided
2026-1-e9d0e26f18,2026,1,,Quaest,,2026-09-17,2026-09-20,,2004,,main,Samara Martins,1.0,total,15.0,,,https://pt.wikipedia.org/w/index.php?title=Pesquisas_de_opini%C3%A3o_para_a_elei%C3%A7%C3%A3o_presidencial_no_Brasil_em_2026&oldid=73082572,wikipedia_revision,73082572,2026-09-29T15:02:36Z,unverified,,9ca942a568882bbd6b774a0d5553b585fd3c21e22108b84064e56abca54efbeb,blank_null_includes_undecided
2026-1-e9d0e26f18,2026,1,,Quaest,,2026-09-17,2026-09-20,,2004,,main,Leonardo Avalanche,0.0,total,15.0,,,https://pt.wikipedia.org/w/index.php?title=Pesquisas_de_opini%C3%A3o_para_a_elei%C3%A7%C3%A3o_presidencial_no_Brasil_em_2026&oldid=73082572,wikipedia_revision,73082572,2026-09-29T15:02:36Z,unverified,,9ca942a568882bbd6b774a0d5553b585fd3c21e22108b84064e56abca54efbeb,blank_null_includes_undecided
2026-1-e9d0e26f18,2026,1,,Quaest,,2026-09-17,2026-09-20,,2004,,main,Wilson Grassi,0.0,total,15.0,,,https://pt.wikipedia.org/w/index.php?title=Pesquisas_de_opini%C3%A3o_para_a_elei%C3%A7%C3%A3o_presidencial_no_Brasil_em_2026&oldid=73082572,wikipedia_revision,73082572,2026-09-29T15:02:36Z,unverified,,9ca942a568882bbd6b774a0d5553b585fd3c21e22108b84064e56abca54efbeb,blank_null_includes_undecided
2026-1-e9d0e26f18,2026,1,,Quaest,,2026-09-17,2026-09-20,,2004,,main,Clariana Barão,0.0,total,15.0,,,https://pt.wikipedia.org/w/index.php?title=Pesquisas_de_opini%C3%A3o_para_a_elei%C3%A7%C3%A3o_presidencial_no_Brasil_em_2026&oldid=73082572,wikipedia_revision,73082572,2026-09-29T15:02:36Z,unverified,,9ca942a568882bbd6b774a0d5553b585fd3c21e22108b84064e56abca54efbeb,blank_null_includes_undecided
2026-1-e9d0e26f18,2026,1,,Quaest,,2026-09-17,2026-09-20,,2004,,main,Hertz Dias,0.0,total,15.0,,,https://pt.wikipedia.org/w/index.php?title=Pesquisas_de_opini%C3%A3o_para_a_elei%C3%A7%C3%A3o_presidencial_no_Brasil_em_2026&oldid=73082572,wikipedia_revision,73082572,2026-09-29T15:02:36Z,unverified,,9ca942a568882bbd6b774a0d5553b585fd3c21e22108b84064e56abca54efbeb,blank_null_includes_undecided
2026-1-e9d0e26f18,2026,1,,Quaest,,2026-09-17,2026-09-20,,2004,,main,Edmilson Costa,0.0,total,15.0,,,https://pt.wikipedia.org/w/index.php?title=Pesquisas_de_opini%C3%A3o_para_a_elei%C3%A7%C3%A3o_presidencial_no_Brasil_em_2026&oldid=73082572,wikipedia_revision,73082572,2026-09-29T15:02:36Z,unverified,,9ca942a568882bbd6b774a0d5553b585fd3c21e22108b84064e56abca54efbeb,blank_null_includes_undecided
2026-1-e9d0e26f18,2026,1,,Quaest,,2026-09-17,2026-09-20,,2004,,main,Rui Costa Pimenta,0.0,total,15.0,,,https://pt.wikipedia.org/w/index.php?title=Pesquisas_de_opini%C3%A3o_para_a_elei%C3%A7%C3%A3o_presidencial_no_Brasil_em_2026&oldid=73082572,wikipedia_revision,73082572,2026-09-29T15:02:36Z,unverified,,9ca942a568882bbd6b774a0d5553b585fd3c21e22108b84064e56abca54efbeb,blank_null_includes_undecided
2026-1-df101b4c49,2026,1,,Veritá,,2026-09-10,2026-09-19,,40500,,main,Lula,40.0,total,4.3,,,https://pt.wikipedia.org/w/index.php?title=Pesquisas_de_opini%C3%A3o_para_a_elei%C3%A7%C3%A3o_presidencial_no_Brasil_em_2026&oldid=73082572,wikipedia_revision,73082572,2026-09-29T15:02:36Z,unverified,,9ca942a568882bbd6b774a0d5553b585fd3c21e22108b84064e56abca54efbeb,others_column_named_candidate;blank_null_includes_undecided
2026-1-df101b4c49,2026,1,,Veritá,,2026-09-10,2026-09-19,,40500,,main,Flávio Bolsonaro,43.6,total,4.3,,,https://pt.wikipedia.org/w/index.php?title=Pesquisas_de_opini%C3%A3o_para_a_elei%C3%A7%C3%A3o_presidencial_no_Brasil_em_2026&oldid=73082572,wikipedia_revision,73082572,2026-09-29T15:02:36Z,unverified,,9ca942a568882bbd6b774a0d5553b585fd3c21e22108b84064e56abca54efbeb,others_column_named_candidate;blank_null_includes_undecided
2026-1-df101b4c49,2026,1,,Veritá,,2026-09-10,2026-09-19,,40500,,main,Augusto Cury,5.4,total,4.3,,,https://pt.wikipedia.org/w/index.php?title=Pesquisas_de_opini%C3%A3o_para_a_elei%C3%A7%C3%A3o_presidencial_no_Brasil_em_2026&oldid=73082572,wikipedia_revision,73082572,2026-09-29T15:02:36Z,unverified,,9ca942a568882bbd6b774a0d5553b585fd3c21e22108b84064e56abca54efbeb,others_column_named_candidate;blank_null_includes_undecided
2026-1-df101b4c49,2026,1,,Veritá,,2026-09-10,2026-09-19,,40500,,main,Renan Santos,2.9,total,4.3,,,https://pt.wikipedia.org/w/index.php?title=Pesquisas_de_opini%C3%A3o_para_a_elei%C3%A7%C3%A3o_presidencial_no_Brasil_em_2026&oldid=73082572,wikipedia_revision,73082572,2026-09-29T15:02:36Z,unverified,,9ca942a568882bbd6b774a0d5553b585fd3c21e22108b84064e56abca54efbeb,others_column_named_candidate;blank_null_includes_undecided
2026-1-df101b4c49,2026,1,,Veritá,,2026-09-10,2026-09-19,,40500,,main,Ronaldo Caiado,1.8,total,4.3,,,https://pt.wikipedia.org/w/index.php?title=Pesquisas_de_opini%C3%A3o_para_a_elei%C3%A7%C3%A3o_presidencial_no_Brasil_em_2026&oldid=73082572,wikipedia_revision,73082572,2026-09-29T15:02:36Z,unverified,,9ca942a568882bbd6b774a0d5553b585fd3c21e22108b84064e56abca54efbeb,others_column_named_candidate;blank_null_includes_undecided
2026-1-df101b4c49,2026,1,,Veritá,,2026-09-10,2026-09-19,,40500,,main,Romeu Zema,0.6,total,4.3,,,https://pt.wikipedia.org/w/index.php?title=Pesquisas_de_opini%C3%A3o_para_a_elei%C3%A7%C3%A3o_presidencial_no_Brasil_em_2026&oldid=73082572,wikipedia_revision,73082572,2026-09-29T15:02:36Z,unverified,,9ca942a568882bbd6b774a0d5553b585fd3c21e22108b84064e56abca54efbeb,others_column_named_candidate;blank_null_includes_undecided
2026-1-df101b4c49,2026,1,,Veritá,,2026-09-10,2026-09-19,,40500,,main,Samara Martins,0.2,total,4.3,,,https://pt.wikipedia.org/w/index.php?title=Pesquisas_de_opini%C3%A3o_para_a_elei%C3%A7%C3%A3o_presidencial_no_Brasil_em_2026&oldid=73082572,wikipedia_revision,73082572,2026-09-29T15:02:36Z,unverified,,9ca942a568882bbd6b774a0d5553b585fd3c21e22108b84064e56abca54efbeb,others_column_named_candidate;blank_null_includes_undecided
2026-1-df101b4c49,2026,1,,Veritá,,2026-09-10,2026-09-19,,40500,,main,Wilson Grassi,0.1,total,4.3,,,https://pt.wikipedia.org/w/index.php?title=Pesquisas_de_opini%C3%A3o_para_a_elei%C3%A7%C3%A3o_presidencial_no_Brasil_em_2026&oldid=73082572,wikipedia_revision,73082572,2026-09-29T15:02:36Z,unverified,,9ca942a568882bbd6b774a0d5553b585fd3c21e22108b84064e56abca54efbeb,others_column_named_candidate;blank_null_includes_undecided
2026-1-df101b4c49,2026,1,,Veritá,,2026-09-10,2026-09-19,,40500,,main,Clariana Barão,0.3,total,4.3,,,https://pt.wikipedia.org/w/index.php?title=Pesquisas_de_opini%C3%A3o_para_a_elei%C3%A7%C3%A3o_presidencial_no_Brasil_em_2026&oldid=73082572,wikipedia_revision,73082572,2026-09-29T15:02:36Z,unverified,,9ca942a568882bbd6b774a0d5553b585fd3c21e22108b84064e56abca54efbeb,others_column_named_candidate;blank_null_includes_undecided
2026-1-df101b4c49,2026,1,,Veritá,,2026-09-10,2026-09-19,,40500,,main,Hertz Dias,0.1,total,4.3,,,https://pt.wikipedia.org/w/index.php?title=Pesquisas_de_opini%C3%A3o_para_a_elei%C3%A7%C3%A3o_presidencial_no_Brasil_em_2026&oldid=73082572,wikipedia_revision,73082572,2026-09-29T15:02:36Z,unverified,,9ca942a568882bbd6b774a0d5553b585fd3c21e22108b84064e56abca54efbeb,others_column_named_candidate;blank_null_includes_undecided
2026-1-df101b4c49,2026,1,,Veritá,,2026-09-10,2026-09-19,,40500,,main,Edmilson Costa,0.1,total,4.3,,,https://pt.wikipedia.org/w/index.php?title=Pesquisas_de_opini%C3%A3o_para_a_elei%C3%A7%C3%A3o_presidencial_no_Brasil_em_2026&oldid=73082572,wikipedia_revision,73082572,2026-09-29T15:02:36Z,unverified,,9ca942a568882bbd6b774a0d5553b585fd3c21e22108b84064e56abca54efbeb,others_column_named_candidate;blank_null_includes_undecided
2026-1-df101b4c49,2026,1,,Veritá,,2026-09-10,2026-09-19,,40500,,main,Rui Costa Pimenta,0.1,total,4.3,,,https://pt.wikipedia.org/w/index.php?title=Pesquisas_de_opini%C3%A3o_para_a_elei%C3%A7%C3%A3o_presidencial_no_Brasil_em_2026&oldid=73082572,wikipedia_revision,73082572,2026-09-29T15:02:36Z,unverified,,9ca942a568882bbd6b774a0d5553b585fd3c21e22108b84064e56abca54efbeb,others_column_named_candidate;blank_null_includes_undecided
2026-1-df101b4c49,2026,1,,Veritá,,2026-09-10,2026-09-19,,40500,,main,Pablo Marçal,0.5,total,4.3,,,https://pt.wikipedia.org/w/index.php?title=Pesquisas_de_opini%C3%A3o_para_a_elei%C3%A7%C3%A3o_presidencial_no_Brasil_em_2026&oldid=73082572,wikipedia_revision,73082572,2026-09-29T15:02:36Z,unverified,,9ca942a568882bbd6b774a0d5553b585fd3c21e22108b84064e56abca54efbeb,others_column_named_candidate;blank_null_includes_undecided
2026-1-0db3edeb1d,2026,1,,Palver,,2026-09-15,2026-09-18,,5000,,main,Lula,41.0,total,1.0,,,https://pt.wikipedia.org/w/index.php?title=Pesquisas_de_opini%C3%A3o_para_a_elei%C3%A7%C3%A3o_presidencial_no_Brasil_em_2026&oldid=73082572,wikipedia_revision,73082572,2026-09-29T15:02:36Z,unverified,,9ca942a568882bbd6b774a0d5553b585fd3c21e22108b84064e56abca54efbeb,"blank_null_includes_undecided;below_threshold:Samara Martins<1,Wilson Grassi<1,Clariana Barão<1,Hertz Dias<1,Edmilson Costa<1,Rui Costa Pimenta<1"
2026-1-0db3edeb1d,2026,1,,Palver,,2026-09-15,2026-09-18,,5000,,main,Flávio Bolsonaro,42.0,total,1.0,,,https://pt.wikipedia.org/w/index.php?title=Pesquisas_de_opini%C3%A3o_para_a_elei%C3%A7%C3%A3o_presidencial_no_Brasil_em_2026&oldid=73082572,wikipedia_revision,73082572,2026-09-29T15:02:36Z,unverified,,9ca942a568882bbd6b774a0d5553b585fd3c21e22108b84064e56abca54efbeb,"blank_null_includes_undecided;below_threshold:Samara Martins<1,Wilson Grassi<1,Clariana Barão<1,Hertz Dias<1,Edmilson Costa<1,Rui Costa Pimenta<1"
2026-1-0db3edeb1d,2026,1,,Palver,,2026-09-15,2026-09-18,,5000,,main,Augusto Cury,2.0,total,1.0,,,https://pt.wikipedia.org/w/index.php?title=Pesquisas_de_opini%C3%A3o_para_a_elei%C3%A7%C3%A3o_presidencial_no_Brasil_em_2026&oldid=73082572,wikipedia_revision,73082572,2026-09-29T15:02:36Z,unverified,,9ca942a568882bbd6b774a0d5553b585fd3c21e22108b84064e56abca54efbeb,"blank_null_includes_undecided;below_threshold:Samara Martins<1,Wilson Grassi<1,Clariana Barão<1,Hertz Dias<1,Edmilson Costa<1,Rui Costa Pimenta<1"
2026-1-0db3edeb1d,2026,1,,Palver,,2026-09-15,2026-09-18,,5000,,main,Renan Santos,11.0,total,1.0,,,https://pt.wikipedia.org/w/index.php?title=Pesquisas_de_opini%C3%A3o_para_a_elei%C3%A7%C3%A3o_presidencial_no_Brasil_em_2026&oldid=73082572,wikipedia_revision,73082572,2026-09-29T15:02:36Z,unverified,,9ca942a568882bbd6b774a0d5553b585fd3c21e22108b84064e56abca54efbeb,"blank_null_includes_undecided;below_threshold:Samara Martins<1,Wilson Grassi<1,Clariana Barão<1,Hertz Dias<1,Edmilson Costa<1,Rui Costa Pimenta<1"
2026-1-0db3edeb1d,2026,1,,Palver,,2026-09-15,2026-09-18,,5000,,main,Ronaldo Caiado,1.0,total,1.0,,,https://pt.wikipedia.org/w/index.php?title=Pesquisas_de_opini%C3%A3o_para_a_elei%C3%A7%C3%A3o_presidencial_no_Brasil_em_2026&oldid=73082572,wikipedia_revision,73082572,2026-09-29T15:02:36Z,unverified,,9ca942a568882bbd6b774a0d5553b585fd3c21e22108b84064e56abca54efbeb,"blank_null_includes_undecided;below_threshold:Samara Martins<1,Wilson Grassi<1,Clariana Barão<1,Hertz Dias<1,Edmilson Costa<1,Rui Costa Pimenta<1"
2026-1-0db3edeb1d,2026,1,,Palver,,2026-09-15,2026-09-18,,5000,,main,Romeu Zema,1.0,total,1.0,,,https://pt.wikipedia.org/w/index.php?title=Pesquisas_de_opini%C3%A3o_para_a_elei%C3%A7%C3%A3o_presidencial_no_Brasil_em_2026&oldid=73082572,wikipedia_revision,73082572,2026-09-29T15:02:36Z,unverified,,9ca942a568882bbd6b774a0d5553b585fd3c21e22108b84064e56abca54efbeb,"blank_null_includes_undecided;below_threshold:Samara Martins<1,Wilson Grassi<1,Clariana Barão<1,Hertz Dias<1,Edmilson Costa<1,Rui Costa Pimenta<1"
2026-1-e01475ca8f,2026,1,,AtlasIntel,,2026-09-11,2026-09-16,,5018,,main,Lula,44.1,total,2.1,,,https://pt.wikipedia.org/w/index.php?title=Pesquisas_de_opini%C3%A3o_para_a_elei%C3%A7%C3%A3o_presidencial_no_Brasil_em_2026&oldid=73082572,wikipedia_revision,73082572,2026-09-29T15:02:36Z,unverified,,9ca942a568882bbd6b774a0d5553b585fd3c21e22108b84064e56abca54efbeb,blank_null_includes_undecided
2026-1-e01475ca8f,2026,1,,AtlasIntel,,2026-09-11,2026-09-16,,5018,,main,Flávio Bolsonaro,41.7,total,2.1,,,https://pt.wikipedia.org/w/index.php?title=Pesquisas_de_opini%C3%A3o_para_a_elei%C3%A7%C3%A3o_presidencial_no_Brasil_em_2026&oldid=73082572,wikipedia_revision,73082572,2026-09-29T15:02:36Z,unverified,,9ca942a568882bbd6b774a0d5553b585fd3c21e22108b84064e56abca54efbeb,blank_null_includes_undecided
2026-1-e01475ca8f,2026,1,,AtlasIntel,,2026-09-11,2026-09-16,,5018,,main,Augusto Cury,3.5,total,2.1,,,https://pt.wikipedia.org/w/index.php?title=Pesquisas_de_opini%C3%A3o_para_a_elei%C3%A7%C3%A3o_presidencial_no_Brasil_em_2026&oldid=73082572,wikipedia_revision,73082572,2026-09-29T15:02:36Z,unverified,,9ca942a568882bbd6b774a0d5553b585fd3c21e22108b84064e56abca54efbeb,blank_null_includes_undecided
2026-1-e01475ca8f,2026,1,,AtlasIntel,,2026-09-11,2026-09-16,,5018,,main,Renan Santos,5.1,total,2.1,,,https://pt.wikipedia.org/w/index.php?title=Pesquisas_de_opini%C3%A3o_para_a_elei%C3%A7%C3%A3o_presidencial_no_Brasil_em_2026&oldid=73082572,wikipedia_revision,73082572,2026-09-29T15:02:36Z,unverified,,9ca942a568882bbd6b774a0d5553b585fd3c21e22108b84064e56abca54efbeb,blank_null_includes_undecided
2026-1-e01475ca8f,2026,1,,AtlasIntel,,2026-09-11,2026-09-16,,5018,,main,Ronaldo Caiado,1.7,total,2.1,,,https://pt.wikipedia.org/w/index.php?title=Pesquisas_de_opini%C3%A3o_para_a_elei%C3%A7%C3%A3o_presidencial_no_Brasil_em_2026&oldid=73082572,wikipedia_revision,73082572,2026-09-29T15:02:36Z,unverified,,9ca942a568882bbd6b774a0d5553b585fd3c21e22108b84064e56abca54efbeb,blank_null_includes_undecided
2026-1-e01475ca8f,2026,1,,AtlasIntel,,2026-09-11,2026-09-16,,5018,,main,Romeu Zema,1.1,total,2.1,,,https://pt.wikipedia.org/w/index.php?title=Pesquisas_de_opini%C3%A3o_para_a_elei%C3%A7%C3%A3o_presidencial_no_Brasil_em_2026&oldid=73082572,wikipedia_revision,73082572,2026-09-29T15:02:36Z,unverified,,9ca942a568882bbd6b774a0d5553b585fd3c21e22108b84064e56abca54efbeb,blank_null_includes_undecided
2026-1-e01475ca8f,2026,1,,AtlasIntel,,2026-09-11,2026-09-16,,5018,,main,Samara Martins,0.7,total,2.1,,,https://pt.wikipedia.org/w/index.php?title=Pesquisas_de_opini%C3%A3o_para_a_elei%C3%A7%C3%A3o_presidencial_no_Brasil_em_2026&oldid=73082572,wikipedia_revision,73082572,2026-09-29T15:02:36Z,unverified,,9ca942a568882bbd6b774a0d5553b585fd3c21e22108b84064e56abca54efbeb,blank_null_includes_undecided
2026-1-4dfdd759f8,2026,1,,Datafolha,,2026-09-15,2026-09-16,,2002,,main,Lula,39.0,total,9.0,,,https://pt.wikipedia.org/w/index.php?title=Pesquisas_de_opini%C3%A3o_para_a_elei%C3%A7%C3%A3o_presidencial_no_Brasil_em_2026&oldid=73082572,wikipedia_revision,73082572,2026-09-29T15:02:36Z,unverified,,9ca942a568882bbd6b774a0d5553b585fd3c21e22108b84064e56abca54efbeb,blank_null_includes_undecided
2026-1-4dfdd759f8,2026,1,,Datafolha,,2026-09-15,2026-09-16,,2002,,main,Flávio Bolsonaro,36.0,total,9.0,,,https://pt.wikipedia.org/w/index.php?title=Pesquisas_de_opini%C3%A3o_para_a_elei%C3%A7%C3%A3o_presidencial_no_Brasil_em_2026&oldid=73082572,wikipedia_revision,73082572,2026-09-29T15:02:36Z,unverified,,9ca942a568882bbd6b774a0d5553b585fd3c21e22108b84064e56abca54efbeb,blank_null_includes_undecided
2026-1-4dfdd759f8,2026,1,,Datafolha,,2026-09-15,2026-09-16,,2002,,main,Augusto Cury,6.0,total,9.0,,,https://pt.wikipedia.org/w/index.php?title=Pesquisas_de_opini%C3%A3o_para_a_elei%C3%A7%C3%A3o_presidencial_no_Brasil_em_2026&oldid=73082572,wikipedia_revision,73082572,2026-09-29T15:02:36Z,unverified,,9ca942a568882bbd6b774a0d5553b585fd3c21e22108b84064e56abca54efbeb,blank_null_includes_undecided
2026-1-4dfdd759f8,2026,1,,Datafolha,,2026-09-15,2026-09-16,,2002,,main,Renan Santos,3.0,total,9.0,,,https://pt.wikipedia.org/w/index.php?title=Pesquisas_de_opini%C3%A3o_para_a_elei%C3%A7%C3%A3o_presidencial_no_Brasil_em_2026&oldid=73082572,wikipedia_revision,73082572,2026-09-29T15:02:36Z,unverified,,9ca942a568882bbd6b774a0d5553b585fd3c21e22108b84064e56abca54efbeb,blank_null_includes_undecided
2026-1-4dfdd759f8,2026,1,,Datafolha,,2026-09-15,2026-09-16,,2002,,main,Ronaldo Caiado,4.0,total,9.0,,,https://pt.wikipedia.org/w/index.php?title=Pesquisas_de_opini%C3%A3o_para_a_elei%C3%A7%C3%A3o_presidencial_no_Brasil_em_2026&oldid=73082572,wikipedia_revision,73082572,2026-09-29T15:02:36Z,unverified,,9ca942a568882bbd6b774a0d5553b585fd3c21e22108b84064e56abca54efbeb,blank_null_includes_undecided
2026-1-4dfdd759f8,2026,1,,Datafolha,,2026-09-15,2026-09-16,,2002,,main,Romeu Zema,2.0,total,9.0,,,https://pt.wikipedia.org/w/index.php?title=Pesquisas_de_opini%C3%A3o_para_a_elei%C3%A7%C3%A3o_presidencial_no_Brasil_em_2026&oldid=73082572,wikipedia_revision,73082572,2026-09-29T15:02:36Z,unverified,,9ca942a568882bbd6b774a0d5553b585fd3c21e22108b84064e56abca54efbeb,blank_null_includes_undecided
2026-1-4dfdd759f8,2026,1,,Datafolha,,2026-09-15,2026-09-16,,2002,,main,Samara Martins,1.0,total,9.0,,,https://pt.wikipedia.org/w/index.php?title=Pesquisas_de_opini%C3%A3o_para_a_elei%C3%A7%C3%A3o_presidencial_no_Brasil_em_2026&oldid=73082572,wikipedia_revision,73082572,2026-09-29T15:02:36Z,unverified,,9ca942a568882bbd6b774a0d5553b585fd3c21e22108b84064e56abca54efbeb,blank_null_includes_undecided
2026-1-4dfdd759f8,2026,1,,Datafolha,,2026-09-15,2026-09-16,,2002,,main,Wilson Grassi,0.0,total,9.0,,,https://pt.wikipedia.org/w/index.php?title=Pesquisas_de_opini%C3%A3o_para_a_elei%C3%A7%C3%A3o_presidencial_no_Brasil_em_2026&oldid=73082572,wikipedia_revision,73082572,2026-09-29T15:02:36Z,unverified,,9ca942a568882bbd6b774a0d5553b585fd3c21e22108b84064e56abca54efbeb,blank_null_includes_undecided
2026-1-4dfdd759f8,2026,1,,Datafolha,,2026-09-15,2026-09-16,,2002,,main,Clariana Barão,0.0,total,9.0,,,https://pt.wikipedia.org/w/index.php?title=Pesquisas_de_opini%C3%A3o_para_a_elei%C3%A7%C3%A3o_presidencial_no_Brasil_em_2026&oldid=73082572,wikipedia_revision,73082572,2026-09-29T15:02:36Z,unverified,,9ca942a568882bbd6b774a0d5553b585fd3c21e22108b84064e56abca54efbeb,blank_null_includes_undecided
2026-1-4dfdd759f8,2026,1,,Datafolha,,2026-09-15,2026-09-16,,2002,,main,Hertz Dias,0.0,total,9.0,,,https://pt.wikipedia.org/w/index.php?title=Pesquisas_de_opini%C3%A3o_para_a_elei%C3%A7%C3%A3o_presidencial_no_Brasil_em_2026&oldid=73082572,wikipedia_revision,73082572,2026-09-29T15:02:36Z,unverified,,9ca942a568882bbd6b774a0d5553b585fd3c21e22108b84064e56abca54efbeb,blank_null_includes_undecided
2026-1-4dfdd759f8,2026,1,,Datafolha,,2026-09-15,2026-09-16,,2002,,main,Edmilson Costa,0.0,total,9.0,,,https://pt.wikipedia.org/w/index.php?title=Pesquisas_de_opini%C3%A3o_para_a_elei%C3%A7%C3%A3o_presidencial_no_Brasil_em_2026&oldid=73082572,wikipedia_revision,73082572,2026-09-29T15:02:36Z,unverified,,9ca942a568882bbd6b774a0d5553b585fd3c21e22108b84064e56abca54efbeb,blank_null_includes_undecided
2026-1-4dfdd759f8,2026,1,,Datafolha,,2026-09-15,2026-09-16,,2002,,main,Rui Costa Pimenta,1.0,total,9.0,,,https://pt.wikipedia.org/w/index.php?title=Pesquisas_de_opini%C3%A3o_para_a_elei%C3%A7%C3%A3o_presidencial_no_Brasil_em_2026&oldid=73082572,wikipedia_revision,73082572,2026-09-29T15:02:36Z,unverified,,9ca942a568882bbd6b774a0d5553b585fd3c21e22108b84064e56abca54efbeb,blank_null_includes_undecided
2026-1-eb2558355e,2026,1,,Gerp,,2026-09-14,2026-09-16,,2400,,main,Lula,37.0,total,8.0,,,https://pt.wikipedia.org/w/index.php?title=Pesquisas_de_opini%C3%A3o_para_a_elei%C3%A7%C3%A3o_presidencial_no_Brasil_em_2026&oldid=73082572,wikipedia_revision,73082572,2026-09-29T15:02:36Z,unverified,,9ca942a568882bbd6b774a0d5553b585fd3c21e22108b84064e56abca54efbeb,others_column_named_candidate;blank_null_includes_undecided
2026-1-eb2558355e,2026,1,,Gerp,,2026-09-14,2026-09-16,,2400,,main,Flávio Bolsonaro,40.0,total,8.0,,,https://pt.wikipedia.org/w/index.php?title=Pesquisas_de_opini%C3%A3o_para_a_elei%C3%A7%C3%A3o_presidencial_no_Brasil_em_2026&oldid=73082572,wikipedia_revision,73082572,2026-09-29T15:02:36Z,unverified,,9ca942a568882bbd6b774a0d5553b585fd3c21e22108b84064e56abca54efbeb,others_column_named_candidate;blank_null_includes_undecided
2026-1-eb2558355e,2026,1,,Gerp,,2026-09-14,2026-09-16,,2400,,main,Augusto Cury,7.0,total,8.0,,,https://pt.wikipedia.org/w/index.php?title=Pesquisas_de_opini%C3%A3o_para_a_elei%C3%A7%C3%A3o_presidencial_no_Brasil_em_2026&oldid=73082572,wikipedia_revision,73082572,2026-09-29T15:02:36Z,unverified,,9ca942a568882bbd6b774a0d5553b585fd3c21e22108b84064e56abca54efbeb,others_column_named_candidate;blank_null_includes_undecided
2026-1-eb2558355e,2026,1,,Gerp,,2026-09-14,2026-09-16,,2400,,main,Renan Santos,2.0,total,8.0,,,https://pt.wikipedia.org/w/index.php?title=Pesquisas_de_opini%C3%A3o_para_a_elei%C3%A7%C3%A3o_presidencial_no_Brasil_em_2026&oldid=73082572,wikipedia_revision,73082572,2026-09-29T15:02:36Z,unverified,,9ca942a568882bbd6b774a0d5553b585fd3c21e22108b84064e56abca54efbeb,others_column_named_candidate;blank_null_includes_undecided
2026-1-eb2558355e,2026,1,,Gerp,,2026-09-14,2026-09-16,,2400,,main,Ronaldo Caiado,3.0,total,8.0,,,https://pt.wikipedia.org/w/index.php?title=Pesquisas_de_opini%C3%A3o_para_a_elei%C3%A7%C3%A3o_presidencial_no_Brasil_em_2026&oldid=73082572,wikipedia_revision,73082572,2026-09-29T15:02:36Z,unverified,,9ca942a568882bbd6b774a0d5553b585fd3c21e22108b84064e56abca54efbeb,others_column_named_candidate;blank_null_includes_undecided
2026-1-eb2558355e,2026,1,,Gerp,,2026-09-14,2026-09-16,,2400,,main,Romeu Zema,1.0,total,8.0,,,https://pt.wikipedia.org/w/index.php?title=Pesquisas_de_opini%C3%A3o_para_a_elei%C3%A7%C3%A3o_presidencial_no_Brasil_em_2026&oldid=73082572,wikipedia_revision,73082572,2026-09-29T15:02:36Z,unverified,,9ca942a568882bbd6b774a0d5553b585fd3c21e22108b84064e56abca54efbeb,others_column_named_candidate;blank_null_includes_undecided
2026-1-eb2558355e,2026,1,,Gerp,,2026-09-14,2026-09-16,,2400,,main,Samara Martins,0.0,total,8.0,,,https://pt.wikipedia.org/w/index.php?title=Pesquisas_de_opini%C3%A3o_para_a_elei%C3%A7%C3%A3o_presidencial_no_Brasil_em_2026&oldid=73082572,wikipedia_revision,73082572,2026-09-29T15:02:36Z,unverified,,9ca942a568882bbd6b774a0d5553b585fd3c21e22108b84064e56abca54efbeb,others_column_named_candidate;blank_null_includes_undecided
2026-1-eb2558355e,2026,1,,Gerp,,2026-09-14,2026-09-16,,2400,,main,Wilson Grassi,0.0,total,8.0,,,https://pt.wikipedia.org/w/index.php?title=Pesquisas_de_opini%C3%A3o_para_a_elei%C3%A7%C3%A3o_presidencial_no_Brasil_em_2026&oldid=73082572,wikipedia_revision,73082572,2026-09-29T15:02:36Z,unverified,,9ca942a568882bbd6b774a0d5553b585fd3c21e22108b84064e56abca54efbeb,others_column_named_candidate;blank_null_includes_undecided
2026-1-eb2558355e,2026,1,,Gerp,,2026-09-14,2026-09-16,,2400,,main,Hertz Dias,0.0,total,8.0,,,https://pt.wikipedia.org/w/index.php?title=Pesquisas_de_opini%C3%A3o_para_a_elei%C3%A7%C3%A3o_presidencial_no_Brasil_em_2026&oldid=73082572,wikipedia_revision,73082572,2026-09-29T15:02:36Z,unverified,,9ca942a568882bbd6b774a0d5553b585fd3c21e22108b84064e56abca54efbeb,others_column_named_candidate;blank_null_includes_undecided
2026-1-eb2558355e,2026,1,,Gerp,,2026-09-14,2026-09-16,,2400,,main,Rui Costa Pimenta,0.0,total,8.0,,,https://pt.wikipedia.org/w/index.php?title=Pesquisas_de_opini%C3%A3o_para_a_elei%C3%A7%C3%A3o_presidencial_no_Brasil_em_2026&oldid=73082572,wikipedia_revision,73082572,2026-09-29T15:02:36Z,unverified,,9ca942a568882bbd6b774a0d5553b585fd3c21e22108b84064e56abca54efbeb,others_column_named_candidate;blank_null_includes_undecided
2026-1-eb2558355e,2026,1,,Gerp,,2026-09-14,2026-09-16,,2400,,main,Pablo Marçal,1.0,total,8.0,,,https://pt.wikipedia.org/w/index.php?title=Pesquisas_de_opini%C3%A3o_para_a_elei%C3%A7%C3%A3o_presidencial_no_Brasil_em_2026&oldid=73082572,wikipedia_revision,73082572,2026-09-29T15:02:36Z,unverified,,9ca942a568882bbd6b774a0d5553b585fd3c21e22108b84064e56abca54efbeb,others_column_named_candidate;blank_null_includes_undecided
2026-1-14b5cd6abb,2026,1,,PoderData,Aya,2026-09-13,2026-09-16,,3000,,main,Lula,37.0,total,6.0,,,https://pt.wikipedia.org/w/index.php?title=Pesquisas_de_opini%C3%A3o_para_a_elei%C3%A7%C3%A3o_presidencial_no_Brasil_em_2026&oldid=73082572,wikipedia_revision,73082572,2026-09-29T15:02:36Z,unverified,,9ca942a568882bbd6b774a0d5553b585fd3c21e22108b84064e56abca54efbeb,others_column_named_candidate;blank_null_includes_undecided
2026-1-14b5cd6abb,2026,1,,PoderData,Aya,2026-09-13,2026-09-16,,3000,,main,Flávio Bolsonaro,36.0,total,6.0,,,https://pt.wikipedia.org/w/index.php?title=Pesquisas_de_opini%C3%A3o_para_a_elei%C3%A7%C3%A3o_presidencial_no_Brasil_em_2026&oldid=73082572,wikipedia_revision,73082572,2026-09-29T15:02:36Z,unverified,,9ca942a568882bbd6b774a0d5553b585fd3c21e22108b84064e56abca54efbeb,others_column_named_candidate;blank_null_includes_undecided
2026-1-14b5cd6abb,2026,1,,PoderData,Aya,2026-09-13,2026-09-16,,3000,,main,Augusto Cury,8.0,total,6.0,,,https://pt.wikipedia.org/w/index.php?title=Pesquisas_de_opini%C3%A3o_para_a_elei%C3%A7%C3%A3o_presidencial_no_Brasil_em_2026&oldid=73082572,wikipedia_revision,73082572,2026-09-29T15:02:36Z,unverified,,9ca942a568882bbd6b774a0d5553b585fd3c21e22108b84064e56abca54efbeb,others_column_named_candidate;blank_null_includes_undecided
2026-1-14b5cd6abb,2026,1,,PoderData,Aya,2026-09-13,2026-09-16,,3000,,main,Renan Santos,3.0,total,6.0,,,https://pt.wikipedia.org/w/index.php?title=Pesquisas_de_opini%C3%A3o_para_a_elei%C3%A7%C3%A3o_presidencial_no_Brasil_em_2026&oldid=73082572,wikipedia_revision,73082572,2026-09-29T15:02:36Z,unverified,,9ca942a568882bbd6b774a0d5553b585fd3c21e22108b84064e56abca54efbeb,others_column_named_candidate;blank_null_includes_undecided
2026-1-14b5cd6abb,2026,1,,PoderData,Aya,2026-09-13,2026-09-16,,3000,,main,Ronaldo Caiado,3.0,total,6.0,,,https://pt.wikipedia.org/w/index.php?title=Pesquisas_de_opini%C3%A3o_para_a_elei%C3%A7%C3%A3o_presidencial_no_Brasil_em_2026&oldid=73082572,wikipedia_revision,73082572,2026-09-29T15:02:36Z,unverified,,9ca942a568882bbd6b774a0d5553b585fd3c21e22108b84064e56abca54efbeb,others_column_named_candidate;blank_null_includes_undecided
2026-1-14b5cd6abb,2026,1,,PoderData,Aya,2026-09-13,2026-09-16,,3000,,main,Romeu Zema,1.0,total,6.0,,,https://pt.wikipedia.org/w/index.php?title=Pesquisas_de_opini%C3%A3o_para_a_elei%C3%A7%C3%A3o_presidencial_no_Brasil_em_2026&oldid=73082572,wikipedia_revision,73082572,2026-09-29T15:02:36Z,unverified,,9ca942a568882bbd6b774a0d5553b585fd3c21e22108b84064e56abca54efbeb,others_column_named_candidate;blank_null_includes_undecided
2026-1-14b5cd6abb,2026,1,,PoderData,Aya,2026-09-13,2026-09-16,,3000,,main,Samara Martins,1.0,total,6.0,,,https://pt.wikipedia.org/w/index.php?title=Pesquisas_de_opini%C3%A3o_para_a_elei%C3%A7%C3%A3o_presidencial_no_Brasil_em_2026&oldid=73082572,wikipedia_revision,73082572,2026-09-29T15:02:36Z,unverified,,9ca942a568882bbd6b774a0d5553b585fd3c21e22108b84064e56abca54efbeb,others_column_named_candidate;blank_null_includes_undecided
2026-1-14b5cd6abb,2026,1,,PoderData,Aya,2026-09-13,2026-09-16,,3000,,main,Wilson Grassi,0.0,total,6.0,,,https://pt.wikipedia.org/w/index.php?title=Pesquisas_de_opini%C3%A3o_para_a_elei%C3%A7%C3%A3o_presidencial_no_Brasil_em_2026&oldid=73082572,wikipedia_revision,73082572,2026-09-29T15:02:36Z,unverified,,9ca942a568882bbd6b774a0d5553b585fd3c21e22108b84064e56abca54efbeb,others_column_named_candidate;blank_null_includes_undecided
2026-1-14b5cd6abb,2026,1,,PoderData,Aya,2026-09-13,2026-09-16,,3000,,main,Clariana Barão,1.0,total,6.0,,,https://pt.wikipedia.org/w/index.php?title=Pesquisas_de_opini%C3%A3o_para_a_elei%C3%A7%C3%A3o_presidencial_no_Brasil_em_2026&oldid=73082572,wikipedia_revision,73082572,2026-09-29T15:02:36Z,unverified,,9ca942a568882bbd6b774a0d5553b585fd3c21e22108b84064e56abca54efbeb,others_column_named_candidate;blank_null_includes_undecided
2026-1-14b5cd6abb,2026,1,,PoderData,Aya,2026-09-13,2026-09-16,,3000,,main,Hertz Dias,2.0,total,6.0,,,https://pt.wikipedia.org/w/index.php?title=Pesquisas_de_opini%C3%A3o_para_a_elei%C3%A7%C3%A3o_presidencial_no_Brasil_em_2026&oldid=73082572,wikipedia_revision,73082572,2026-09-29T15:02:36Z,unverified,,9ca942a568882bbd6b774a0d5553b585fd3c21e22108b84064e56abca54efbeb,others_column_named_candidate;blank_null_includes_undecided
2026-1-14b5cd6abb,2026,1,,PoderData,Aya,2026-09-13,2026-09-16,,3000,,main,Edmilson Costa,0.0,total,6.0,,,https://pt.wikipedia.org/w/index.php?title=Pesquisas_de_opini%C3%A3o_para_a_elei%C3%A7%C3%A3o_presidencial_no_Brasil_em_2026&oldid=73082572,wikipedia_revision,73082572,2026-09-29T15:02:36Z,unverified,,9ca942a568882bbd6b774a0d5553b585fd3c21e22108b84064e56abca54efbeb,others_column_named_candidate;blank_null_includes_undecided
2026-1-14b5cd6abb,2026,1,,PoderData,Aya,2026-09-13,2026-09-16,,3000,,main,Rui Costa Pimenta,1.0,total,6.0,,,https://pt.wikipedia.org/w/index.php?title=Pesquisas_de_opini%C3%A3o_para_a_elei%C3%A7%C3%A3o_presidencial_no_Brasil_em_2026&oldid=73082572,wikipedia_revision,73082572,2026-09-29T15:02:36Z,unverified,,9ca942a568882bbd6b774a0d5553b585fd3c21e22108b84064e56abca54efbeb,others_column_named_candidate;blank_null_includes_undecided
2026-1-14b5cd6abb,2026,1,,PoderData,Aya,2026-09-13,2026-09-16,,3000,,main,Pablo Marçal,1.0,total,6.0,,,https://pt.wikipedia.org/w/index.php?title=Pesquisas_de_opini%C3%A3o_para_a_elei%C3%A7%C3%A3o_presidencial_no_Brasil_em_2026&oldid=73082572,wikipedia_revision,73082572,2026-09-29T15:02:36Z,unverified,,9ca942a568882bbd6b774a0d5553b585fd3c21e22108b84064e56abca54efbeb,others_column_named_candidate;blank_null_includes_undecided
2026-1-a97aa285b1,2026,1,,Futura,Apex,2026-09-11,2026-09-15,,2000,,main,Lula,38.3,total,6.1,,,https://pt.wikipedia.org/w/index.php?title=Pesquisas_de_opini%C3%A3o_para_a_elei%C3%A7%C3%A3o_presidencial_no_Brasil_em_2026&oldid=73082572,wikipedia_revision,73082572,2026-09-29T15:02:36Z,unverified,,9ca942a568882bbd6b774a0d5553b585fd3c21e22108b84064e56abca54efbeb,others_column_named_candidate;blank_null_includes_undecided
2026-1-a97aa285b1,2026,1,,Futura,Apex,2026-09-11,2026-09-15,,2000,,main,Flávio Bolsonaro,37.7,total,6.1,,,https://pt.wikipedia.org/w/index.php?title=Pesquisas_de_opini%C3%A3o_para_a_elei%C3%A7%C3%A3o_presidencial_no_Brasil_em_2026&oldid=73082572,wikipedia_revision,73082572,2026-09-29T15:02:36Z,unverified,,9ca942a568882bbd6b774a0d5553b585fd3c21e22108b84064e56abca54efbeb,others_column_named_candidate;blank_null_includes_undecided
2026-1-a97aa285b1,2026,1,,Futura,Apex,2026-09-11,2026-09-15,,2000,,main,Augusto Cury,6.5,total,6.1,,,https://pt.wikipedia.org/w/index.php?title=Pesquisas_de_opini%C3%A3o_para_a_elei%C3%A7%C3%A3o_presidencial_no_Brasil_em_2026&oldid=73082572,wikipedia_revision,73082572,2026-09-29T15:02:36Z,unverified,,9ca942a568882bbd6b774a0d5553b585fd3c21e22108b84064e56abca54efbeb,others_column_named_candidate;blank_null_includes_undecided
2026-1-a97aa285b1,2026,1,,Futura,Apex,2026-09-11,2026-09-15,,2000,,main,Renan Santos,3.4,total,6.1,,,https://pt.wikipedia.org/w/index.php?title=Pesquisas_de_opini%C3%A3o_para_a_elei%C3%A7%C3%A3o_presidencial_no_Brasil_em_2026&oldid=73082572,wikipedia_revision,73082572,2026-09-29T15:02:36Z,unverified,,9ca942a568882bbd6b774a0d5553b585fd3c21e22108b84064e56abca54efbeb,others_column_named_candidate;blank_null_includes_undecided
2026-1-a97aa285b1,2026,1,,Futura,Apex,2026-09-11,2026-09-15,,2000,,main,Ronaldo Caiado,4.5,total,6.1,,,https://pt.wikipedia.org/w/index.php?title=Pesquisas_de_opini%C3%A3o_para_a_elei%C3%A7%C3%A3o_presidencial_no_Brasil_em_2026&oldid=73082572,wikipedia_revision,73082572,2026-09-29T15:02:36Z,unverified,,9ca942a568882bbd6b774a0d5553b585fd3c21e22108b84064e56abca54efbeb,others_column_named_candidate;blank_null_includes_undecided
2026-1-a97aa285b1,2026,1,,Futura,Apex,2026-09-11,2026-09-15,,2000,,main,Romeu Zema,1.0,total,6.1,,,https://pt.wikipedia.org/w/index.php?title=Pesquisas_de_opini%C3%A3o_para_a_elei%C3%A7%C3%A3o_presidencial_no_Brasil_em_2026&oldid=73082572,wikipedia_revision,73082572,2026-09-29T15:02:36Z,unverified,,9ca942a568882bbd6b774a0d5553b585fd3c21e22108b84064e56abca54efbeb,others_column_named_candidate;blank_null_includes_undecided
2026-1-a97aa285b1,2026,1,,Futura,Apex,2026-09-11,2026-09-15,,2000,,main,Samara Martins,0.2,total,6.1,,,https://pt.wikipedia.org/w/index.php?title=Pesquisas_de_opini%C3%A3o_para_a_elei%C3%A7%C3%A3o_presidencial_no_Brasil_em_2026&oldid=73082572,wikipedia_revision,73082572,2026-09-29T15:02:36Z,unverified,,9ca942a568882bbd6b774a0d5553b585fd3c21e22108b84064e56abca54efbeb,others_column_named_candidate;blank_null_includes_undecided
2026-1-a97aa285b1,2026,1,,Futura,Apex,2026-09-11,2026-09-15,,2000,,main,Wilson Grassi,0.1,total,6.1,,,https://pt.wikipedia.org/w/index.php?title=Pesquisas_de_opini%C3%A3o_para_a_elei%C3%A7%C3%A3o_presidencial_no_Brasil_em_2026&oldid=73082572,wikipedia_revision,73082572,2026-09-29T15:02:36Z,unverified,,9ca942a568882bbd6b774a0d5553b585fd3c21e22108b84064e56abca54efbeb,others_column_named_candidate;blank_null_includes_undecided
2026-1-a97aa285b1,2026,1,,Futura,Apex,2026-09-11,2026-09-15,,2000,,main,Clariana Barão,0.1,total,6.1,,,https://pt.wikipedia.org/w/index.php?title=Pesquisas_de_opini%C3%A3o_para_a_elei%C3%A7%C3%A3o_presidencial_no_Brasil_em_2026&oldid=73082572,wikipedia_revision,73082572,2026-09-29T15:02:36Z,unverified,,9ca942a568882bbd6b774a0d5553b585fd3c21e22108b84064e56abca54efbeb,others_column_named_candidate;blank_null_includes_undecided
2026-1-a97aa285b1,2026,1,,Futura,Apex,2026-09-11,2026-09-15,,2000,,main,Hertz Dias,0.1,total,6.1,,,https://pt.wikipedia.org/w/index.php?title=Pesquisas_de_opini%C3%A3o_para_a_elei%C3%A7%C3%A3o_presidencial_no_Brasil_em_2026&oldid=73082572,wikipedia_revision,73082572,2026-09-29T15:02:36Z,unverified,,9ca942a568882bbd6b774a0d5553b585fd3c21e22108b84064e56abca54efbeb,others_column_named_candidate;blank_null_includes_undecided
2026-1-a97aa285b1,2026,1,,Futura,Apex,2026-09-11,2026-09-15,,2000,,main,Edmilson Costa,0.0,total,6.1,,,https://pt.wikipedia.org/w/index.php?title=Pesquisas_de_opini%C3%A3o_para_a_elei%C3%A7%C3%A3o_presidencial_no_Brasil_em_2026&oldid=73082572,wikipedia_revision,73082572,2026-09-29T15:02:36Z,unverified,,9ca942a568882bbd6b774a0d5553b585fd3c21e22108b84064e56abca54efbeb,others_column_named_candidate;blank_null_includes_undecided
2026-1-a97aa285b1,2026,1,,Futura,Apex,2026-09-11,2026-09-15,,2000,,main,Rui Costa Pimenta,0.0,total,6.1,,,https://pt.wikipedia.org/w/index.php?title=Pesquisas_de_opini%C3%A3o_para_a_elei%C3%A7%C3%A3o_presidencial_no_Brasil_em_2026&oldid=73082572,wikipedia_revision,73082572,2026-09-29T15:02:36Z,unverified,,9ca942a568882bbd6b774a0d5553b585fd3c21e22108b84064e56abca54efbeb,others_column_named_candidate;blank_null_includes_undecided
2026-1-a97aa285b1,2026,1,,Futura,Apex,2026-09-11,2026-09-15,,2000,,main,Pablo Marçal,1.9,total,6.1,,,https://pt.wikipedia.org/w/index.php?title=Pesquisas_de_opini%C3%A3o_para_a_elei%C3%A7%C3%A3o_presidencial_no_Brasil_em_2026&oldid=73082572,wikipedia_revision,73082572,2026-09-29T15:02:36Z,unverified,,9ca942a568882bbd6b774a0d5553b585fd3c21e22108b84064e56abca54efbeb,others_column_named_candidate;blank_null_includes_undecided
2026-1-ce22c3c5ed,2026,1,,DataTrends,,2026-09-12,2026-09-14,,2000,,main,Lula,39.0,total,12.0,,,https://pt.wikipedia.org/w/index.php?title=Pesquisas_de_opini%C3%A3o_para_a_elei%C3%A7%C3%A3o_presidencial_no_Brasil_em_2026&oldid=73082572,wikipedia_revision,73082572,2026-09-29T15:02:36Z,unverified,,9ca942a568882bbd6b774a0d5553b585fd3c21e22108b84064e56abca54efbeb,others_column_named_candidate;blank_null_includes_undecided
2026-1-ce22c3c5ed,2026,1,,DataTrends,,2026-09-12,2026-09-14,,2000,,main,Flávio Bolsonaro,35.0,total,12.0,,,https://pt.wikipedia.org/w/index.php?title=Pesquisas_de_opini%C3%A3o_para_a_elei%C3%A7%C3%A3o_presidencial_no_Brasil_em_2026&oldid=73082572,wikipedia_revision,73082572,2026-09-29T15:02:36Z,unverified,,9ca942a568882bbd6b774a0d5553b585fd3c21e22108b84064e56abca54efbeb,others_column_named_candidate;blank_null_includes_undecided
2026-1-ce22c3c5ed,2026,1,,DataTrends,,2026-09-12,2026-09-14,,2000,,main,Augusto Cury,6.0,total,12.0,,,https://pt.wikipedia.org/w/index.php?title=Pesquisas_de_opini%C3%A3o_para_a_elei%C3%A7%C3%A3o_presidencial_no_Brasil_em_2026&oldid=73082572,wikipedia_revision,73082572,2026-09-29T15:02:36Z,unverified,,9ca942a568882bbd6b774a0d5553b585fd3c21e22108b84064e56abca54efbeb,others_column_named_candidate;blank_null_includes_undecided
2026-1-ce22c3c5ed,2026,1,,DataTrends,,2026-09-12,2026-09-14,,2000,,main,Renan Santos,4.0,total,12.0,,,https://pt.wikipedia.org/w/index.php?title=Pesquisas_de_opini%C3%A3o_para_a_elei%C3%A7%C3%A3o_presidencial_no_Brasil_em_2026&oldid=73082572,wikipedia_revision,73082572,2026-09-29T15:02:36Z,unverified,,9ca942a568882bbd6b774a0d5553b585fd3c21e22108b84064e56abca54efbeb,others_column_named_candidate;blank_null_includes_undecided
2026-1-ce22c3c5ed,2026,1,,DataTrends,,2026-09-12,2026-09-14,,2000,,main,Ronaldo Caiado,3.0,total,12.0,,,https://pt.wikipedia.org/w/index.php?title=Pesquisas_de_opini%C3%A3o_para_a_elei%C3%A7%C3%A3o_presidencial_no_Brasil_em_2026&oldid=73082572,wikipedia_revision,73082572,2026-09-29T15:02:36Z,unverified,,9ca942a568882bbd6b774a0d5553b585fd3c21e22108b84064e56abca54efbeb,others_column_named_candidate;blank_null_includes_undecided
2026-1-ce22c3c5ed,2026,1,,DataTrends,,2026-09-12,2026-09-14,,2000,,main,Romeu Zema,1.0,total,12.0,,,https://pt.wikipedia.org/w/index.php?title=Pesquisas_de_opini%C3%A3o_para_a_elei%C3%A7%C3%A3o_presidencial_no_Brasil_em_2026&oldid=73082572,wikipedia_revision,73082572,2026-09-29T15:02:36Z,unverified,,9ca942a568882bbd6b774a0d5553b585fd3c21e22108b84064e56abca54efbeb,others_column_named_candidate;blank_null_includes_undecided
2026-1-ce22c3c5ed,2026,1,,DataTrends,,2026-09-12,2026-09-14,,2000,,main,Samara Martins,0.0,total,12.0,,,https://pt.wikipedia.org/w/index.php?title=Pesquisas_de_opini%C3%A3o_para_a_elei%C3%A7%C3%A3o_presidencial_no_Brasil_em_2026&oldid=73082572,wikipedia_revision,73082572,2026-09-29T15:02:36Z,unverified,,9ca942a568882bbd6b774a0d5553b585fd3c21e22108b84064e56abca54efbeb,others_column_named_candidate;blank_null_includes_undecided
2026-1-ce22c3c5ed,2026,1,,DataTrends,,2026-09-12,2026-09-14,,2000,,main,Wilson Grassi,0.0,total,12.0,,,https://pt.wikipedia.org/w/index.php?title=Pesquisas_de_opini%C3%A3o_para_a_elei%C3%A7%C3%A3o_presidencial_no_Brasil_em_2026&oldid=73082572,wikipedia_revision,73082572,2026-09-29T15:02:36Z,unverified,,9ca942a568882bbd6b774a0d5553b585fd3c21e22108b84064e56abca54efbeb,others_column_named_candidate;blank_null_includes_undecided
2026-1-ce22c3c5ed,2026,1,,DataTrends,,2026-09-12,2026-09-14,,2000,,main,Clariana Barão,0.0,total,12.0,,,https://pt.wikipedia.org/w/index.php?title=Pesquisas_de_opini%C3%A3o_para_a_elei%C3%A7%C3%A3o_presidencial_no_Brasil_em_2026&oldid=73082572,wikipedia_revision,73082572,2026-09-29T15:02:36Z,unverified,,9ca942a568882bbd6b774a0d5553b585fd3c21e22108b84064e56abca54efbeb,others_column_named_candidate;blank_null_includes_undecided
2026-1-ce22c3c5ed,2026,1,,DataTrends,,2026-09-12,2026-09-14,,2000,,main,Hertz Dias,0.0,total,12.0,,,https://pt.wikipedia.org/w/index.php?title=Pesquisas_de_opini%C3%A3o_para_a_elei%C3%A7%C3%A3o_presidencial_no_Brasil_em_2026&oldid=73082572,wikipedia_revision,73082572,2026-09-29T15:02:36Z,unverified,,9ca942a568882bbd6b774a0d5553b585fd3c21e22108b84064e56abca54efbeb,others_column_named_candidate;blank_null_includes_undecided
2026-1-ce22c3c5ed,2026,1,,DataTrends,,2026-09-12,2026-09-14,,2000,,main,Edmilson Costa,0.0,total,12.0,,,https://pt.wikipedia.org/w/index.php?title=Pesquisas_de_opini%C3%A3o_para_a_elei%C3%A7%C3%A3o_presidencial_no_Brasil_em_2026&oldid=73082572,wikipedia_revision,73082572,2026-09-29T15:02:36Z,unverified,,9ca942a568882bbd6b774a0d5553b585fd3c21e22108b84064e56abca54efbeb,others_column_named_candidate;blank_null_includes_undecided
2026-1-ce22c3c5ed,2026,1,,DataTrends,,2026-09-12,2026-09-14,,2000,,main,Rui Costa Pimenta,0.0,total,12.0,,,https://pt.wikipedia.org/w/index.php?title=Pesquisas_de_opini%C3%A3o_para_a_elei%C3%A7%C3%A3o_presidencial_no_Brasil_em_2026&oldid=73082572,wikipedia_revision,73082572,2026-09-29T15:02:36Z,unverified,,9ca942a568882bbd6b774a0d5553b585fd3c21e22108b84064e56abca54efbeb,others_column_named_candidate;blank_null_includes_undecided
2026-1-ce22c3c5ed,2026,1,,DataTrends,,2026-09-12,2026-09-14,,2000,,main,Pablo Marçal,0.0,total,12.0,,,https://pt.wikipedia.org/w/index.php?title=Pesquisas_de_opini%C3%A3o_para_a_elei%C3%A7%C3%A3o_presidencial_no_Brasil_em_2026&oldid=73082572,wikipedia_revision,73082572,2026-09-29T15:02:36Z,unverified,,9ca942a568882bbd6b774a0d5553b585fd3c21e22108b84064e56abca54efbeb,others_column_named_candidate;blank_null_includes_undecided
2026-1-37a6b8c433,2026,1,,Indexa,,2026-09-10,2026-09-13,,2000,,main,Lula,38.0,total,14.0,,,https://pt.wikipedia.org/w/index.php?title=Pesquisas_de_opini%C3%A3o_para_a_elei%C3%A7%C3%A3o_presidencial_no_Brasil_em_2026&oldid=73082572,wikipedia_revision,73082572,2026-09-29T15:02:36Z,unverified,,9ca942a568882bbd6b774a0d5553b585fd3c21e22108b84064e56abca54efbeb,blank_null_includes_undecided
2026-1-37a6b8c433,2026,1,,Indexa,,2026-09-10,2026-09-13,,2000,,main,Flávio Bolsonaro,36.0,total,14.0,,,https://pt.wikipedia.org/w/index.php?title=Pesquisas_de_opini%C3%A3o_para_a_elei%C3%A7%C3%A3o_presidencial_no_Brasil_em_2026&oldid=73082572,wikipedia_revision,73082572,2026-09-29T15:02:36Z,unverified,,9ca942a568882bbd6b774a0d5553b585fd3c21e22108b84064e56abca54efbeb,blank_null_includes_undecided
2026-1-37a6b8c433,2026,1,,Indexa,,2026-09-10,2026-09-13,,2000,,main,Augusto Cury,6.0,total,14.0,,,https://pt.wikipedia.org/w/index.php?title=Pesquisas_de_opini%C3%A3o_para_a_elei%C3%A7%C3%A3o_presidencial_no_Brasil_em_2026&oldid=73082572,wikipedia_revision,73082572,2026-09-29T15:02:36Z,unverified,,9ca942a568882bbd6b774a0d5553b585fd3c21e22108b84064e56abca54efbeb,blank_null_includes_undecided
2026-1-37a6b8c433,2026,1,,Indexa,,2026-09-10,2026-09-13,,2000,,main,Renan Santos,3.0,total,14.0,,,https://pt.wikipedia.org/w/index.php?title=Pesquisas_de_opini%C3%A3o_para_a_elei%C3%A7%C3%A3o_presidencial_no_Brasil_em_2026&oldid=73082572,wikipedia_revision,73082572,2026-09-29T15:02:36Z,unverified,,9ca942a568882bbd6b774a0d5553b585fd3c21e22108b84064e56abca54efbeb,blank_null_includes_undecided
2026-1-37a6b8c433,2026,1,,Indexa,,2026-09-10,2026-09-13,,2000,,main,Ronaldo Caiado,4.0,total,14.0,,,https://pt.wikipedia.org/w/index.php?title=Pesquisas_de_opini%C3%A3o_para_a_elei%C3%A7%C3%A3o_presidencial_no_Brasil_em_2026&oldid=73082572,wikipedia_revision,73082572,2026-09-29T15:02:36Z,unverified,,9ca942a568882bbd6b774a0d5553b585fd3c21e22108b84064e56abca54efbeb,blank_null_includes_undecided
2026-1-37a6b8c433,2026,1,,Indexa,,2026-09-10,2026-09-13,,2000,,main,Romeu Zema,0.0,total,14.0,,,https://pt.wikipedia.org/w/index.php?title=Pesquisas_de_opini%C3%A3o_para_a_elei%C3%A7%C3%A3o_presidencial_no_Brasil_em_2026&oldid=73082572,wikipedia_revision,73082572,2026-09-29T15:02:36Z,unverified,,9ca942a568882bbd6b774a0d5553b585fd3c21e22108b84064e56abca54efbeb,blank_null_includes_undecided
2026-1-37a6b8c433,2026,1,,Indexa,,2026-09-10,2026-09-13,,2000,,main,Samara Martins,0.0,total,14.0,,,https://pt.wikipedia.org/w/index.php?title=Pesquisas_de_opini%C3%A3o_para_a_elei%C3%A7%C3%A3o_presidencial_no_Brasil_em_2026&oldid=73082572,wikipedia_revision,73082572,2026-09-29T15:02:36Z,unverified,,9ca942a568882bbd6b774a0d5553b585fd3c21e22108b84064e56abca54efbeb,blank_null_includes_undecided
2026-1-37a6b8c433,2026,1,,Indexa,,2026-09-10,2026-09-13,,2000,,main,Wilson Grassi,0.0,total,14.0,,,https://pt.wikipedia.org/w/index.php?title=Pesquisas_de_opini%C3%A3o_para_a_elei%C3%A7%C3%A3o_presidencial_no_Brasil_em_2026&oldid=73082572,wikipedia_revision,73082572,2026-09-29T15:02:36Z,unverified,,9ca942a568882bbd6b774a0d5553b585fd3c21e22108b84064e56abca54efbeb,blank_null_includes_undecided
2026-1-37a6b8c433,2026,1,,Indexa,,2026-09-10,2026-09-13,,2000,,main,Clariana Barão,0.0,total,14.0,,,https://pt.wikipedia.org/w/index.php?title=Pesquisas_de_opini%C3%A3o_para_a_elei%C3%A7%C3%A3o_presidencial_no_Brasil_em_2026&oldid=73082572,wikipedia_revision,73082572,2026-09-29T15:02:36Z,unverified,,9ca942a568882bbd6b774a0d5553b585fd3c21e22108b84064e56abca54efbeb,blank_null_includes_undecided
2026-1-37a6b8c433,2026,1,,Indexa,,2026-09-10,2026-09-13,,2000,,main,Hertz Dias,0.0,total,14.0,,,https://pt.wikipedia.org/w/index.php?title=Pesquisas_de_opini%C3%A3o_para_a_elei%C3%A7%C3%A3o_presidencial_no_Brasil_em_2026&oldid=73082572,wikipedia_revision,73082572,2026-09-29T15:02:36Z,unverified,,9ca942a568882bbd6b774a0d5553b585fd3c21e22108b84064e56abca54efbeb,blank_null_includes_undecided
2026-1-37a6b8c433,2026,1,,Indexa,,2026-09-10,2026-09-13,,2000,,main,Edmilson Costa,0.0,total,14.0,,,https://pt.wikipedia.org/w/index.php?title=Pesquisas_de_opini%C3%A3o_para_a_elei%C3%A7%C3%A3o_presidencial_no_Brasil_em_2026&oldid=73082572,wikipedia_revision,73082572,2026-09-29T15:02:36Z,unverified,,9ca942a568882bbd6b774a0d5553b585fd3c21e22108b84064e56abca54efbeb,blank_null_includes_undecided
2026-1-37a6b8c433,2026,1,,Indexa,,2026-09-10,2026-09-13,,2000,,main,Rui Costa Pimenta,0.0,total,14.0,,,https://pt.wikipedia.org/w/index.php?title=Pesquisas_de_opini%C3%A3o_para_a_elei%C3%A7%C3%A3o_presidencial_no_Brasil_em_2026&oldid=73082572,wikipedia_revision,73082572,2026-09-29T15:02:36Z,unverified,,9ca942a568882bbd6b774a0d5553b585fd3c21e22108b84064e56abca54efbeb,blank_null_includes_undecided
2026-1-727246bb63,2026,1,,MDA,CNT,2026-09-09,2026-09-13,,2002,,main,Lula,40.5,total,13.5,,,https://pt.wikipedia.org/w/index.php?title=Pesquisas_de_opini%C3%A3o_para_a_elei%C3%A7%C3%A3o_presidencial_no_Brasil_em_2026&oldid=73082572,wikipedia_revision,73082572,2026-09-29T15:02:36Z,unverified,,9ca942a568882bbd6b774a0d5553b585fd3c21e22108b84064e56abca54efbeb,"others_column_named_candidate;blank_null_includes_undecided;below_threshold:Samara Martins<1.1,Wilson Grassi<1.1,Clariana Barão<1.1,Hertz Dias<1.1,Edmilson Costa<1.1,Rui Costa Pimenta<1.1"
2026-1-727246bb63,2026,1,,MDA,CNT,2026-09-09,2026-09-13,,2002,,main,Flávio Bolsonaro,30.4,total,13.5,,,https://pt.wikipedia.org/w/index.php?title=Pesquisas_de_opini%C3%A3o_para_a_elei%C3%A7%C3%A3o_presidencial_no_Brasil_em_2026&oldid=73082572,wikipedia_revision,73082572,2026-09-29T15:02:36Z,unverified,,9ca942a568882bbd6b774a0d5553b585fd3c21e22108b84064e56abca54efbeb,"others_column_named_candidate;blank_null_includes_undecided;below_threshold:Samara Martins<1.1,Wilson Grassi<1.1,Clariana Barão<1.1,Hertz Dias<1.1,Edmilson Costa<1.1,Rui Costa Pimenta<1.1"
2026-1-727246bb63,2026,1,,MDA,CNT,2026-09-09,2026-09-13,,2002,,main,Augusto Cury,6.0,total,13.5,,,https://pt.wikipedia.org/w/index.php?title=Pesquisas_de_opini%C3%A3o_para_a_elei%C3%A7%C3%A3o_presidencial_no_Brasil_em_2026&oldid=73082572,wikipedia_revision,73082572,2026-09-29T15:02:36Z,unverified,,9ca942a568882bbd6b774a0d5553b585fd3c21e22108b84064e56abca54efbeb,"others_column_named_candidate;blank_null_includes_undecided;below_threshold:Samara Martins<1.1,Wilson Grassi<1.1,Clariana Barão<1.1,Hertz Dias<1.1,Edmilson Costa<1.1,Rui Costa Pimenta<1.1"
2026-1-727246bb63,2026,1,,MDA,CNT,2026-09-09,2026-09-13,,2002,,main,Renan Santos,2.7,total,13.5,,,https://pt.wikipedia.org/w/index.php?title=Pesquisas_de_opini%C3%A3o_para_a_elei%C3%A7%C3%A3o_presidencial_no_Brasil_em_2026&oldid=73082572,wikipedia_revision,73082572,2026-09-29T15:02:36Z,unverified,,9ca942a568882bbd6b774a0d5553b585fd3c21e22108b84064e56abca54efbeb,"others_column_named_candidate;blank_null_includes_undecided;below_threshold:Samara Martins<1.1,Wilson Grassi<1.1,Clariana Barão<1.1,Hertz Dias<1.1,Edmilson Costa<1.1,Rui Costa Pimenta<1.1"
2026-1-727246bb63,2026,1,,MDA,CNT,2026-09-09,2026-09-13,,2002,,main,Ronaldo Caiado,3.0,total,13.5,,,https://pt.wikipedia.org/w/index.php?title=Pesquisas_de_opini%C3%A3o_para_a_elei%C3%A7%C3%A3o_presidencial_no_Brasil_em_2026&oldid=73082572,wikipedia_revision,73082572,2026-09-29T15:02:36Z,unverified,,9ca942a568882bbd6b774a0d5553b585fd3c21e22108b84064e56abca54efbeb,"others_column_named_candidate;blank_null_includes_undecided;below_threshold:Samara Martins<1.1,Wilson Grassi<1.1,Clariana Barão<1.1,Hertz Dias<1.1,Edmilson Costa<1.1,Rui Costa Pimenta<1.1"
2026-1-727246bb63,2026,1,,MDA,CNT,2026-09-09,2026-09-13,,2002,,main,Romeu Zema,1.0,total,13.5,,,https://pt.wikipedia.org/w/index.php?title=Pesquisas_de_opini%C3%A3o_para_a_elei%C3%A7%C3%A3o_presidencial_no_Brasil_em_2026&oldid=73082572,wikipedia_revision,73082572,2026-09-29T15:02:36Z,unverified,,9ca942a568882bbd6b774a0d5553b585fd3c21e22108b84064e56abca54efbeb,"others_column_named_candidate;blank_null_includes_undecided;below_threshold:Samara Martins<1.1,Wilson Grassi<1.1,Clariana Barão<1.1,Hertz Dias<1.1,Edmilson Costa<1.1,Rui Costa Pimenta<1.1"
2026-1-727246bb63,2026,1,,MDA,CNT,2026-09-09,2026-09-13,,2002,,main,Pablo Marçal,1.8,total,13.5,,,https://pt.wikipedia.org/w/index.php?title=Pesquisas_de_opini%C3%A3o_para_a_elei%C3%A7%C3%A3o_presidencial_no_Brasil_em_2026&oldid=73082572,wikipedia_revision,73082572,2026-09-29T15:02:36Z,unverified,,9ca942a568882bbd6b774a0d5553b585fd3c21e22108b84064e56abca54efbeb,"others_column_named_candidate;blank_null_includes_undecided;below_threshold:Samara Martins<1.1,Wilson Grassi<1.1,Clariana Barão<1.1,Hertz Dias<1.1,Edmilson Costa<1.1,Rui Costa Pimenta<1.1"
2026-1-3993093408,2026,1,,Nexus,BTG,2026-09-11,2026-09-13,,2003,,main,Lula,42.0,total,6.0,,,https://pt.wikipedia.org/w/index.php?title=Pesquisas_de_opini%C3%A3o_para_a_elei%C3%A7%C3%A3o_presidencial_no_Brasil_em_2026&oldid=73082572,wikipedia_revision,73082572,2026-09-29T15:02:36Z,unverified,,9ca942a568882bbd6b774a0d5553b585fd3c21e22108b84064e56abca54efbeb,blank_null_includes_undecided
2026-1-3993093408,2026,1,,Nexus,BTG,2026-09-11,2026-09-13,,2003,,main,Flávio Bolsonaro,37.0,total,6.0,,,https://pt.wikipedia.org/w/index.php?title=Pesquisas_de_opini%C3%A3o_para_a_elei%C3%A7%C3%A3o_presidencial_no_Brasil_em_2026&oldid=73082572,wikipedia_revision,73082572,2026-09-29T15:02:36Z,unverified,,9ca942a568882bbd6b774a0d5553b585fd3c21e22108b84064e56abca54efbeb,blank_null_includes_undecided
2026-1-3993093408,2026,1,,Nexus,BTG,2026-09-11,2026-09-13,,2003,,main,Augusto Cury,6.0,total,6.0,,,https://pt.wikipedia.org/w/index.php?title=Pesquisas_de_opini%C3%A3o_para_a_elei%C3%A7%C3%A3o_presidencial_no_Brasil_em_2026&oldid=73082572,wikipedia_revision,73082572,2026-09-29T15:02:36Z,unverified,,9ca942a568882bbd6b774a0d5553b585fd3c21e22108b84064e56abca54efbeb,blank_null_includes_undecided
2026-1-3993093408,2026,1,,Nexus,BTG,2026-09-11,2026-09-13,,2003,,main,Renan Santos,2.0,total,6.0,,,https://pt.wikipedia.org/w/index.php?title=Pesquisas_de_opini%C3%A3o_para_a_elei%C3%A7%C3%A3o_presidencial_no_Brasil_em_2026&oldid=73082572,wikipedia_revision,73082572,2026-09-29T15:02:36Z,unverified,,9ca942a568882bbd6b774a0d5553b585fd3c21e22108b84064e56abca54efbeb,blank_null_includes_undecided
2026-1-3993093408,2026,1,,Nexus,BTG,2026-09-11,2026-09-13,,2003,,main,Ronaldo Caiado,5.0,total,6.0,,,https://pt.wikipedia.org/w/index.php?title=Pesquisas_de_opini%C3%A3o_para_a_elei%C3%A7%C3%A3o_presidencial_no_Brasil_em_2026&oldid=73082572,wikipedia_revision,73082572,2026-09-29T15:02:36Z,unverified,,9ca942a568882bbd6b774a0d5553b585fd3c21e22108b84064e56abca54efbeb,blank_null_includes_undecided
2026-1-3993093408,2026,1,,Nexus,BTG,2026-09-11,2026-09-13,,2003,,main,Romeu Zema,1.0,total,6.0,,,https://pt.wikipedia.org/w/index.php?title=Pesquisas_de_opini%C3%A3o_para_a_elei%C3%A7%C3%A3o_presidencial_no_Brasil_em_2026&oldid=73082572,wikipedia_revision,73082572,2026-09-29T15:02:36Z,unverified,,9ca942a568882bbd6b774a0d5553b585fd3c21e22108b84064e56abca54efbeb,blank_null_includes_undecided
2026-1-3993093408,2026,1,,Nexus,BTG,2026-09-11,2026-09-13,,2003,,main,Samara Martins,1.0,total,6.0,,,https://pt.wikipedia.org/w/index.php?title=Pesquisas_de_opini%C3%A3o_para_a_elei%C3%A7%C3%A3o_presidencial_no_Brasil_em_2026&oldid=73082572,wikipedia_revision,73082572,2026-09-29T15:02:36Z,unverified,,9ca942a568882bbd6b774a0d5553b585fd3c21e22108b84064e56abca54efbeb,blank_null_includes_undecided
2026-1-3993093408,2026,1,,Nexus,BTG,2026-09-11,2026-09-13,,2003,,main,Wilson Grassi,0.0,total,6.0,,,https://pt.wikipedia.org/w/index.php?title=Pesquisas_de_opini%C3%A3o_para_a_elei%C3%A7%C3%A3o_presidencial_no_Brasil_em_2026&oldid=73082572,wikipedia_revision,73082572,2026-09-29T15:02:36Z,unverified,,9ca942a568882bbd6b774a0d5553b585fd3c21e22108b84064e56abca54efbeb,blank_null_includes_undecided
2026-1-3993093408,2026,1,,Nexus,BTG,2026-09-11,2026-09-13,,2003,,main,Clariana Barão,0.0,total,6.0,,,https://pt.wikipedia.org/w/index.php?title=Pesquisas_de_opini%C3%A3o_para_a_elei%C3%A7%C3%A3o_presidencial_no_Brasil_em_2026&oldid=73082572,wikipedia_revision,73082572,2026-09-29T15:02:36Z,unverified,,9ca942a568882bbd6b774a0d5553b585fd3c21e22108b84064e56abca54efbeb,blank_null_includes_undecided
2026-1-3993093408,2026,1,,Nexus,BTG,2026-09-11,2026-09-13,,2003,,main,Hertz Dias,0.0,total,6.0,,,https://pt.wikipedia.org/w/index.php?title=Pesquisas_de_opini%C3%A3o_para_a_elei%C3%A7%C3%A3o_presidencial_no_Brasil_em_2026&oldid=73082572,wikipedia_revision,73082572,2026-09-29T15:02:36Z,unverified,,9ca942a568882bbd6b774a0d5553b585fd3c21e22108b84064e56abca54efbeb,blank_null_includes_undecided
2026-1-3993093408,2026,1,,Nexus,BTG,2026-09-11,2026-09-13,,2003,,main,Edmilson Costa,0.0,total,6.0,,,https://pt.wikipedia.org/w/index.php?title=Pesquisas_de_opini%C3%A3o_para_a_elei%C3%A7%C3%A3o_presidencial_no_Brasil_em_2026&oldid=73082572,wikipedia_revision,73082572,2026-09-29T15:02:36Z,unverified,,9ca942a568882bbd6b774a0d5553b585fd3c21e22108b84064e56abca54efbeb,blank_null_includes_undecided
2026-1-3993093408,2026,1,,Nexus,BTG,2026-09-11,2026-09-13,,2003,,main,Rui Costa Pimenta,0.0,total,6.0,,,https://pt.wikipedia.org/w/index.php?title=Pesquisas_de_opini%C3%A3o_para_a_elei%C3%A7%C3%A3o_presidencial_no_Brasil_em_2026&oldid=73082572,wikipedia_revision,73082572,2026-09-29T15:02:36Z,unverified,,9ca942a568882bbd6b774a0d5553b585fd3c21e22108b84064e56abca54efbeb,blank_null_includes_undecided
2026-1-235486b0b9,2026,1,,Quaest,,2026-09-10,2026-09-13,,2004,,main,Lula,36.0,total,17.0,,,https://pt.wikipedia.org/w/index.php?title=Pesquisas_de_opini%C3%A3o_para_a_elei%C3%A7%C3%A3o_presidencial_no_Brasil_em_2026&oldid=73082572,wikipedia_revision,73082572,2026-09-29T15:02:36Z,unverified,,9ca942a568882bbd6b774a0d5553b585fd3c21e22108b84064e56abca54efbeb,blank_null_includes_undecided
2026-1-235486b0b9,2026,1,,Quaest,,2026-09-10,2026-09-13,,2004,,main,Flávio Bolsonaro,31.0,total,17.0,,,https://pt.wikipedia.org/w/index.php?title=Pesquisas_de_opini%C3%A3o_para_a_elei%C3%A7%C3%A3o_presidencial_no_Brasil_em_2026&oldid=73082572,wikipedia_revision,73082572,2026-09-29T15:02:36Z,unverified,,9ca942a568882bbd6b774a0d5553b585fd3c21e22108b84064e56abca54efbeb,blank_null_includes_undecided
2026-1-235486b0b9,2026,1,,Quaest,,2026-09-10,2026-09-13,,2004,,main,Augusto Cury,7.0,total,17.0,,,https://pt.wikipedia.org/w/index.php?title=Pesquisas_de_opini%C3%A3o_para_a_elei%C3%A7%C3%A3o_presidencial_no_Brasil_em_2026&oldid=73082572,wikipedia_revision,73082572,2026-09-29T15:02:36Z,unverified,,9ca942a568882bbd6b774a0d5553b585fd3c21e22108b84064e56abca54efbeb,blank_null_includes_undecided
2026-1-235486b0b9,2026,1,,Quaest,,2026-09-10,2026-09-13,,2004,,main,Renan Santos,4.0,total,17.0,,,https://pt.wikipedia.org/w/index.php?title=Pesquisas_de_opini%C3%A3o_para_a_elei%C3%A7%C3%A3o_presidencial_no_Brasil_em_2026&oldid=73082572,wikipedia_revision,73082572,2026-09-29T15:02:36Z,unverified,,9ca942a568882bbd6b774a0d5553b585fd3c21e22108b84064e56abca54efbeb,blank_null_includes_undecided
2026-1-235486b0b9,2026,1,,Quaest,,2026-09-10,2026-09-13,,2004,,main,Ronaldo Caiado,4.0,total,17.0,,,https://pt.wikipedia.org/w/index.php?title=Pesquisas_de_opini%C3%A3o_para_a_elei%C3%A7%C3%A3o_presidencial_no_Brasil_em_2026&oldid=73082572,wikipedia_revision,73082572,2026-09-29T15:02:36Z,unverified,,9ca942a568882bbd6b774a0d5553b585fd3c21e22108b84064e56abca54efbeb,blank_null_includes_undecided
2026-1-235486b0b9,2026,1,,Quaest,,2026-09-10,2026-09-13,,2004,,main,Romeu Zema,1.0,total,17.0,,,https://pt.wikipedia.org/w/index.php?title=Pesquisas_de_opini%C3%A3o_para_a_elei%C3%A7%C3%A3o_presidencial_no_Brasil_em_2026&oldid=73082572,wikipedia_revision,73082572,2026-09-29T15:02:36Z,unverified,,9ca942a568882bbd6b774a0d5553b585fd3c21e22108b84064e56abca54efbeb,blank_null_includes_undecided
2026-1-235486b0b9,2026,1,,Quaest,,2026-09-10,2026-09-13,,2004,,main,Samara Martins,0.0,total,17.0,,,https://pt.wikipedia.org/w/index.php?title=Pesquisas_de_opini%C3%A3o_para_a_elei%C3%A7%C3%A3o_presidencial_no_Brasil_em_2026&oldid=73082572,wikipedia_revision,73082572,2026-09-29T15:02:36Z,unverified,,9ca942a568882bbd6b774a0d5553b585fd3c21e22108b84064e56abca54efbeb,blank_null_includes_undecided
2026-1-235486b0b9,2026,1,,Quaest,,2026-09-10,2026-09-13,,2004,,main,Wilson Grassi,0.0,total,17.0,,,https://pt.wikipedia.org/w/index.php?title=Pesquisas_de_opini%C3%A3o_para_a_elei%C3%A7%C3%A3o_presidencial_no_Brasil_em_2026&oldid=73082572,wikipedia_revision,73082572,2026-09-29T15:02:36Z,unverified,,9ca942a568882bbd6b774a0d5553b585fd3c21e22108b84064e56abca54efbeb,blank_null_includes_undecided
2026-1-235486b0b9,2026,1,,Quaest,,2026-09-10,2026-09-13,,2004,,main,Clariana Barão,0.0,total,17.0,,,https://pt.wikipedia.org/w/index.php?title=Pesquisas_de_opini%C3%A3o_para_a_elei%C3%A7%C3%A3o_presidencial_no_Brasil_em_2026&oldid=73082572,wikipedia_revision,73082572,2026-09-29T15:02:36Z,unverified,,9ca942a568882bbd6b774a0d5553b585fd3c21e22108b84064e56abca54efbeb,blank_null_includes_undecided
2026-1-235486b0b9,2026,1,,Quaest,,2026-09-10,2026-09-13,,2004,,main,Hertz Dias,0.0,total,17.0,,,https://pt.wikipedia.org/w/index.php?title=Pesquisas_de_opini%C3%A3o_para_a_elei%C3%A7%C3%A3o_presidencial_no_Brasil_em_2026&oldid=73082572,wikipedia_revision,73082572,2026-09-29T15:02:36Z,unverified,,9ca942a568882bbd6b774a0d5553b585fd3c21e22108b84064e56abca54efbeb,blank_null_includes_undecided
2026-1-235486b0b9,2026,1,,Quaest,,2026-09-10,2026-09-13,,2004,,main,Edmilson Costa,0.0,total,17.0,,,https://pt.wikipedia.org/w/index.php?title=Pesquisas_de_opini%C3%A3o_para_a_elei%C3%A7%C3%A3o_presidencial_no_Brasil_em_2026&oldid=73082572,wikipedia_revision,73082572,2026-09-29T15:02:36Z,unverified,,9ca942a568882bbd6b774a0d5553b585fd3c21e22108b84064e56abca54efbeb,blank_null_includes_undecided
2026-1-235486b0b9,2026,1,,Quaest,,2026-09-10,2026-09-13,,2004,,main,Rui Costa Pimenta,0.0,total,17.0,,,https://pt.wikipedia.org/w/index.php?title=Pesquisas_de_opini%C3%A3o_para_a_elei%C3%A7%C3%A3o_presidencial_no_Brasil_em_2026&oldid=73082572,wikipedia_revision,73082572,2026-09-29T15:02:36Z,unverified,,9ca942a568882bbd6b774a0d5553b585fd3c21e22108b84064e56abca54efbeb,blank_null_includes_undecided
2026-1-de343fc6e2,2026,1,,Veritá,,2026-09-04,2026-09-12,,40500,,main,Lula,41.5,total,,,,https://pt.wikipedia.org/w/index.php?title=Pesquisas_de_opini%C3%A3o_para_a_elei%C3%A7%C3%A3o_presidencial_no_Brasil_em_2026&oldid=73082572,wikipedia_revision,73082572,2026-09-29T15:02:36Z,unverified,,9ca942a568882bbd6b774a0d5553b585fd3c21e22108b84064e56abca54efbeb,"others_footnote:A pesquisa agrupou Cury (Avante), Renan (MISSÃO), Caiado (PSD), Marçal (PRTB), Zema (NOVO…"
2026-1-de343fc6e2,2026,1,,Veritá,,2026-09-04,2026-09-12,,40500,,main,Flávio Bolsonaro,43.9,total,,,,https://pt.wikipedia.org/w/index.php?title=Pesquisas_de_opini%C3%A3o_para_a_elei%C3%A7%C3%A3o_presidencial_no_Brasil_em_2026&oldid=73082572,wikipedia_revision,73082572,2026-09-29T15:02:36Z,unverified,,9ca942a568882bbd6b774a0d5553b585fd3c21e22108b84064e56abca54efbeb,"others_footnote:A pesquisa agrupou Cury (Avante), Renan (MISSÃO), Caiado (PSD), Marçal (PRTB), Zema (NOVO…"
2026-1-de343fc6e2,2026,1,,Veritá,,2026-09-04,2026-09-12,,40500,,main,__others__,14.5,total,,,,https://pt.wikipedia.org/w/index.php?title=Pesquisas_de_opini%C3%A3o_para_a_elei%C3%A7%C3%A3o_presidencial_no_Brasil_em_2026&oldid=73082572,wikipedia_revision,73082572,2026-09-29T15:02:36Z,unverified,,9ca942a568882bbd6b774a0d5553b585fd3c21e22108b84064e56abca54efbeb,"others_footnote:A pesquisa agrupou Cury (Avante), Renan (MISSÃO), Caiado (PSD), Marçal (PRTB), Zema (NOVO…"
2026-1-ab87daa748,2026,1,,Datafolha,,2026-09-08,2026-09-11,,2002,,without Pablo Marçal,Lula,39.0,total,10.0,,,https://pt.wikipedia.org/w/index.php?title=Pesquisas_de_opini%C3%A3o_para_a_elei%C3%A7%C3%A3o_presidencial_no_Brasil_em_2026&oldid=73082572,wikipedia_revision,73082572,2026-09-29T15:02:36Z,unverified,,9ca942a568882bbd6b774a0d5553b585fd3c21e22108b84064e56abca54efbeb,blank_null_includes_undecided
2026-1-ab87daa748,2026,1,,Datafolha,,2026-09-08,2026-09-11,,2002,,without Pablo Marçal,Flávio Bolsonaro,35.0,total,10.0,,,https://pt.wikipedia.org/w/index.php?title=Pesquisas_de_opini%C3%A3o_para_a_elei%C3%A7%C3%A3o_presidencial_no_Brasil_em_2026&oldid=73082572,wikipedia_revision,73082572,2026-09-29T15:02:36Z,unverified,,9ca942a568882bbd6b774a0d5553b585fd3c21e22108b84064e56abca54efbeb,blank_null_includes_undecided
2026-1-ab87daa748,2026,1,,Datafolha,,2026-09-08,2026-09-11,,2002,,without Pablo Marçal,Augusto Cury,6.0,total,10.0,,,https://pt.wikipedia.org/w/index.php?title=Pesquisas_de_opini%C3%A3o_para_a_elei%C3%A7%C3%A3o_presidencial_no_Brasil_em_2026&oldid=73082572,wikipedia_revision,73082572,2026-09-29T15:02:36Z,unverified,,9ca942a568882bbd6b774a0d5553b585fd3c21e22108b84064e56abca54efbeb,blank_null_includes_undecided
2026-1-ab87daa748,2026,1,,Datafolha,,2026-09-08,2026-09-11,,2002,,without Pablo Marçal,Renan Santos,3.0,total,10.0,,,https://pt.wikipedia.org/w/index.php?title=Pesquisas_de_opini%C3%A3o_para_a_elei%C3%A7%C3%A3o_presidencial_no_Brasil_em_2026&oldid=73082572,wikipedia_revision,73082572,2026-09-29T15:02:36Z,unverified,,9ca942a568882bbd6b774a0d5553b585fd3c21e22108b84064e56abca54efbeb,blank_null_includes_undecided
2026-1-ab87daa748,2026,1,,Datafolha,,2026-09-08,2026-09-11,,2002,,without Pablo Marçal,Ronaldo Caiado,4.0,total,10.0,,,https://pt.wikipedia.org/w/index.php?title=Pesquisas_de_opini%C3%A3o_para_a_elei%C3%A7%C3%A3o_presidencial_no_Brasil_em_2026&oldid=73082572,wikipedia_revision,73082572,2026-09-29T15:02:36Z,unverified,,9ca942a568882bbd6b774a0d5553b585fd3c21e22108b84064e56abca54efbeb,blank_null_includes_undecided
2026-1-ab87daa748,2026,1,,Datafolha,,2026-09-08,2026-09-11,,2002,,without Pablo Marçal,Romeu Zema,2.0,total,10.0,,,https://pt.wikipedia.org/w/index.php?title=Pesquisas_de_opini%C3%A3o_para_a_elei%C3%A7%C3%A3o_presidencial_no_Brasil_em_2026&oldid=73082572,wikipedia_revision,73082572,2026-09-29T15:02:36Z,unverified,,9ca942a568882bbd6b774a0d5553b585fd3c21e22108b84064e56abca54efbeb,blank_null_includes_undecided
2026-1-ab87daa748,2026,1,,Datafolha,,2026-09-08,2026-09-11,,2002,,without Pablo Marçal,Samara Martins,1.0,total,10.0,,,https://pt.wikipedia.org/w/index.php?title=Pesquisas_de_opini%C3%A3o_para_a_elei%C3%A7%C3%A3o_presidencial_no_Brasil_em_2026&oldid=73082572,wikipedia_revision,73082572,2026-09-29T15:02:36Z,unverified,,9ca942a568882bbd6b774a0d5553b585fd3c21e22108b84064e56abca54efbeb,blank_null_includes_undecided
2026-1-ab87daa748,2026,1,,Datafolha,,2026-09-08,2026-09-11,,2002,,without Pablo Marçal,Wilson Grassi,0.0,total,10.0,,,https://pt.wikipedia.org/w/index.php?title=Pesquisas_de_opini%C3%A3o_para_a_elei%C3%A7%C3%A3o_presidencial_no_Brasil_em_2026&oldid=73082572,wikipedia_revision,73082572,2026-09-29T15:02:36Z,unverified,,9ca942a568882bbd6b774a0d5553b585fd3c21e22108b84064e56abca54efbeb,blank_null_includes_undecided
2026-1-ab87daa748,2026,1,,Datafolha,,2026-09-08,2026-09-11,,2002,,without Pablo Marçal,Clariana Barão,1.0,total,10.0,,,https://pt.wikipedia.org/w/index.php?title=Pesquisas_de_opini%C3%A3o_para_a_elei%C3%A7%C3%A3o_presidencial_no_Brasil_em_2026&oldid=73082572,wikipedia_revision,73082572,2026-09-29T15:02:36Z,unverified,,9ca942a568882bbd6b774a0d5553b585fd3c21e22108b84064e56abca54efbeb,blank_null_includes_undecided
2026-1-ab87daa748,2026,1,,Datafolha,,2026-09-08,2026-09-11,,2002,,without Pablo Marçal,Hertz Dias,0.0,total,10.0,,,https://pt.wikipedia.org/w/index.php?title=Pesquisas_de_opini%C3%A3o_para_a_elei%C3%A7%C3%A3o_presidencial_no_Brasil_em_2026&oldid=73082572,wikipedia_revision,73082572,2026-09-29T15:02:36Z,unverified,,9ca942a568882bbd6b774a0d5553b585fd3c21e22108b84064e56abca54efbeb,blank_null_includes_undecided
2026-1-ab87daa748,2026,1,,Datafolha,,2026-09-08,2026-09-11,,2002,,without Pablo Marçal,Edmilson Costa,1.0,total,10.0,,,https://pt.wikipedia.org/w/index.php?title=Pesquisas_de_opini%C3%A3o_para_a_elei%C3%A7%C3%A3o_presidencial_no_Brasil_em_2026&oldid=73082572,wikipedia_revision,73082572,2026-09-29T15:02:36Z,unverified,,9ca942a568882bbd6b774a0d5553b585fd3c21e22108b84064e56abca54efbeb,blank_null_includes_undecided
2026-1-ab87daa748,2026,1,,Datafolha,,2026-09-08,2026-09-11,,2002,,without Pablo Marçal,Rui Costa Pimenta,1.0,total,10.0,,,https://pt.wikipedia.org/w/index.php?title=Pesquisas_de_opini%C3%A3o_para_a_elei%C3%A7%C3%A3o_presidencial_no_Brasil_em_2026&oldid=73082572,wikipedia_revision,73082572,2026-09-29T15:02:36Z,unverified,,9ca942a568882bbd6b774a0d5553b585fd3c21e22108b84064e56abca54efbeb,blank_null_includes_undecided
2026-1-ab87daa748,2026,1,,Datafolha,,2026-09-08,2026-09-11,,2002,,full,Lula,39.0,total,9.0,,,https://pt.wikipedia.org/w/index.php?title=Pesquisas_de_opini%C3%A3o_para_a_elei%C3%A7%C3%A3o_presidencial_no_Brasil_em_2026&oldid=73082572,wikipedia_revision,73082572,2026-09-29T15:02:36Z,unverified,,9ca942a568882bbd6b774a0d5553b585fd3c21e22108b84064e56abca54efbeb,others_column_named_candidate;blank_null_includes_undecided
2026-1-ab87daa748,2026,1,,Datafolha,,2026-09-08,2026-09-11,,2002,,full,Flávio Bolsonaro,33.0,total,9.0,,,https://pt.wikipedia.org/w/index.php?title=Pesquisas_de_opini%C3%A3o_para_a_elei%C3%A7%C3%A3o_presidencial_no_Brasil_em_2026&oldid=73082572,wikipedia_revision,73082572,2026-09-29T15:02:36Z,unverified,,9ca942a568882bbd6b774a0d5553b585fd3c21e22108b84064e56abca54efbeb,others_column_named_candidate;blank_null_includes_undecided
2026-1-ab87daa748,2026,1,,Datafolha,,2026-09-08,2026-09-11,,2002,,full,Augusto Cury,5.0,total,9.0,,,https://pt.wikipedia.org/w/index.php?title=Pesquisas_de_opini%C3%A3o_para_a_elei%C3%A7%C3%A3o_presidencial_no_Brasil_em_2026&oldid=73082572,wikipedia_revision,73082572,2026-09-29T15:02:36Z,unverified,,9ca942a568882bbd6b774a0d5553b585fd3c21e22108b84064e56abca54efbeb,others_column_named_candidate;blank_null_includes_undecided
2026-1-ab87daa748,2026,1,,Datafolha,,2026-09-08,2026-09-11,,2002,,full,Renan Santos,3.0,total,9.0,,,https://pt.wikipedia.org/w/index.php?title=Pesquisas_de_opini%C3%A3o_para_a_elei%C3%A7%C3%A3o_presidencial_no_Brasil_em_2026&oldid=73082572,wikipedia_revision,73082572,2026-09-29T15:02:36Z,unverified,,9ca942a568882bbd6b774a0d5553b585fd3c21e22108b84064e56abca54efbeb,others_column_named_candidate;blank_null_includes_undecided
2026-1-ab87daa748,2026,1,,Datafolha,,2026-09-08,2026-09-11,,2002,,full,Ronaldo Caiado,4.0,total,9.0,,,https://pt.wikipedia.org/w/index.php?title=Pesquisas_de_opini%C3%A3o_para_a_elei%C3%A7%C3%A3o_presidencial_no_Brasil_em_2026&oldid=73082572,wikipedia_revision,73082572,2026-09-29T15:02:36Z,unverified,,9ca942a568882bbd6b774a0d5553b585fd3c21e22108b84064e56abca54efbeb,others_column_named_candidate;blank_null_includes_undecided
2026-1-ab87daa748,2026,1,,Datafolha,,2026-09-08,2026-09-11,,2002,,full,Romeu Zema,2.0,total,9.0,,,https://pt.wikipedia.org/w/index.php?title=Pesquisas_de_opini%C3%A3o_para_a_elei%C3%A7%C3%A3o_presidencial_no_Brasil_em_2026&oldid=73082572,wikipedia_revision,73082572,2026-09-29T15:02:36Z,unverified,,9ca942a568882bbd6b774a0d5553b585fd3c21e22108b84064e56abca54efbeb,others_column_named_candidate;blank_null_includes_undecided
2026-1-ab87daa748,2026,1,,Datafolha,,2026-09-08,2026-09-11,,2002,,full,Samara Martins,1.0,total,9.0,,,https://pt.wikipedia.org/w/index.php?title=Pesquisas_de_opini%C3%A3o_para_a_elei%C3%A7%C3%A3o_presidencial_no_Brasil_em_2026&oldid=73082572,wikipedia_revision,73082572,2026-09-29T15:02:36Z,unverified,,9ca942a568882bbd6b774a0d5553b585fd3c21e22108b84064e56abca54efbeb,others_column_named_candidate;blank_null_includes_undecided
2026-1-ab87daa748,2026,1,,Datafolha,,2026-09-08,2026-09-11,,2002,,full,Wilson Grassi,1.0,total,9.0,,,https://pt.wikipedia.org/w/index.php?title=Pesquisas_de_opini%C3%A3o_para_a_elei%C3%A7%C3%A3o_presidencial_no_Brasil_em_2026&oldid=73082572,wikipedia_revision,73082572,2026-09-29T15:02:36Z,unverified,,9ca942a568882bbd6b774a0d5553b585fd3c21e22108b84064e56abca54efbeb,others_column_named_candidate;blank_null_includes_undecided
2026-1-ab87daa748,2026,1,,Datafolha,,2026-09-08,2026-09-11,,2002,,full,Clariana Barão,0.0,total,9.0,,,https://pt.wikipedia.org/w/index.php?title=Pesquisas_de_opini%C3%A3o_para_a_elei%C3%A7%C3%A3o_presidencial_no_Brasil_em_2026&oldid=73082572,wikipedia_revision,73082572,2026-09-29T15:02:36Z,unverified,,9ca942a568882bbd6b774a0d5553b585fd3c21e22108b84064e56abca54efbeb,others_column_named_candidate;blank_null_includes_undecided
2026-1-ab87daa748,2026,1,,Datafolha,,2026-09-08,2026-09-11,,2002,,full,Hertz Dias,0.0,total,9.0,,,https://pt.wikipedia.org/w/index.php?title=Pesquisas_de_opini%C3%A3o_para_a_elei%C3%A7%C3%A3o_presidencial_no_Brasil_em_2026&oldid=73082572,wikipedia_revision,73082572,2026-09-29T15:02:36Z,unverified,,9ca942a568882bbd6b774a0d5553b585fd3c21e22108b84064e56abca54efbeb,others_column_named_candidate;blank_null_includes_undecided
2026-1-ab87daa748,2026,1,,Datafolha,,2026-09-08,2026-09-11,,2002,,full,Edmilson Costa,0.0,total,9.0,,,https://pt.wikipedia.org/w/index.php?title=Pesquisas_de_opini%C3%A3o_para_a_elei%C3%A7%C3%A3o_presidencial_no_Brasil_em_2026&oldid=73082572,wikipedia_revision,73082572,2026-09-29T15:02:36Z,unverified,,9ca942a568882bbd6b774a0d5553b585fd3c21e22108b84064e56abca54efbeb,others_column_named_candidate;blank_null_includes_undecided
2026-1-ab87daa748,2026,1,,Datafolha,,2026-09-08,2026-09-11,,2002,,full,Rui Costa Pimenta,0.0,total,9.0,,,https://pt.wikipedia.org/w/index.php?title=Pesquisas_de_opini%C3%A3o_para_a_elei%C3%A7%C3%A3o_presidencial_no_Brasil_em_2026&oldid=73082572,wikipedia_revision,73082572,2026-09-29T15:02:36Z,unverified,,9ca942a568882bbd6b774a0d5553b585fd3c21e22108b84064e56abca54efbeb,others_column_named_candidate;blank_null_includes_undecided
2026-1-ab87daa748,2026,1,,Datafolha,,2026-09-08,2026-09-11,,2002,,full,Pablo Marçal,2.0,total,9.0,,,https://pt.wikipedia.org/w/index.php?title=Pesquisas_de_opini%C3%A3o_para_a_elei%C3%A7%C3%A3o_presidencial_no_Brasil_em_2026&oldid=73082572,wikipedia_revision,73082572,2026-09-29T15:02:36Z,unverified,,9ca942a568882bbd6b774a0d5553b585fd3c21e22108b84064e56abca54efbeb,others_column_named_candidate;blank_null_includes_undecided
2026-1-afe6c15615,2026,1,,Futura,Apex,2026-09-04,2026-09-10,,2000,,main,Lula,39.2,total,8.3,,,https://pt.wikipedia.org/w/index.php?title=Pesquisas_de_opini%C3%A3o_para_a_elei%C3%A7%C3%A3o_presidencial_no_Brasil_em_2026&oldid=73082572,wikipedia_revision,73082572,2026-09-29T15:02:36Z,unverified,,9ca942a568882bbd6b774a0d5553b585fd3c21e22108b84064e56abca54efbeb,others_column_named_candidate;blank_null_includes_undecided
2026-1-afe6c15615,2026,1,,Futura,Apex,2026-09-04,2026-09-10,,2000,,main,Flávio Bolsonaro,33.6,total,8.3,,,https://pt.wikipedia.org/w/index.php?title=Pesquisas_de_opini%C3%A3o_para_a_elei%C3%A7%C3%A3o_presidencial_no_Brasil_em_2026&oldid=73082572,wikipedia_revision,73082572,2026-09-29T15:02:36Z,unverified,,9ca942a568882bbd6b774a0d5553b585fd3c21e22108b84064e56abca54efbeb,others_column_named_candidate;blank_null_includes_undecided
2026-1-afe6c15615,2026,1,,Futura,Apex,2026-09-04,2026-09-10,,2000,,main,Augusto Cury,6.4,total,8.3,,,https://pt.wikipedia.org/w/index.php?title=Pesquisas_de_opini%C3%A3o_para_a_elei%C3%A7%C3%A3o_presidencial_no_Brasil_em_2026&oldid=73082572,wikipedia_revision,73082572,2026-09-29T15:02:36Z,unverified,,9ca942a568882bbd6b774a0d5553b585fd3c21e22108b84064e56abca54efbeb,others_column_named_candidate;blank_null_includes_undecided
2026-1-afe6c15615,2026,1,,Futura,Apex,2026-09-04,2026-09-10,,2000,,main,Renan Santos,4.3,total,8.3,,,https://pt.wikipedia.org/w/index.php?title=Pesquisas_de_opini%C3%A3o_para_a_elei%C3%A7%C3%A3o_presidencial_no_Brasil_em_2026&oldid=73082572,wikipedia_revision,73082572,2026-09-29T15:02:36Z,unverified,,9ca942a568882bbd6b774a0d5553b585fd3c21e22108b84064e56abca54efbeb,others_column_named_candidate;blank_null_includes_undecided
2026-1-afe6c15615,2026,1,,Futura,Apex,2026-09-04,2026-09-10,,2000,,main,Ronaldo Caiado,4.4,total,8.3,,,https://pt.wikipedia.org/w/index.php?title=Pesquisas_de_opini%C3%A3o_para_a_elei%C3%A7%C3%A3o_presidencial_no_Brasil_em_2026&oldid=73082572,wikipedia_revision,73082572,2026-09-29T15:02:36Z,unverified,,9ca942a568882bbd6b774a0d5553b585fd3c21e22108b84064e56abca54efbeb,others_column_named_candidate;blank_null_includes_undecided
2026-1-afe6c15615,2026,1,,Futura,Apex,2026-09-04,2026-09-10,,2000,,main,Romeu Zema,0.7,total,8.3,,,https://pt.wikipedia.org/w/index.php?title=Pesquisas_de_opini%C3%A3o_para_a_elei%C3%A7%C3%A3o_presidencial_no_Brasil_em_2026&oldid=73082572,wikipedia_revision,73082572,2026-09-29T15:02:36Z,unverified,,9ca942a568882bbd6b774a0d5553b585fd3c21e22108b84064e56abca54efbeb,others_column_named_candidate;blank_null_includes_undecided
2026-1-afe6c15615,2026,1,,Futura,Apex,2026-09-04,2026-09-10,,2000,,main,Samara Martins,0.0,total,8.3,,,https://pt.wikipedia.org/w/index.php?title=Pesquisas_de_opini%C3%A3o_para_a_elei%C3%A7%C3%A3o_presidencial_no_Brasil_em_2026&oldid=73082572,wikipedia_revision,73082572,2026-09-29T15:02:36Z,unverified,,9ca942a568882bbd6b774a0d5553b585fd3c21e22108b84064e56abca54efbeb,others_column_named_candidate;blank_null_includes_undecided
2026-1-afe6c15615,2026,1,,Futura,Apex,2026-09-04,2026-09-10,,2000,,main,Wilson Grassi,0.2,total,8.3,,,https://pt.wikipedia.org/w/index.php?title=Pesquisas_de_opini%C3%A3o_para_a_elei%C3%A7%C3%A3o_presidencial_no_Brasil_em_2026&oldid=73082572,wikipedia_revision,73082572,2026-09-29T15:02:36Z,unverified,,9ca942a568882bbd6b774a0d5553b585fd3c21e22108b84064e56abca54efbeb,others_column_named_candidate;blank_null_includes_undecided
2026-1-afe6c15615,2026,1,,Futura,Apex,2026-09-04,2026-09-10,,2000,,main,Hertz Dias,0.1,total,8.3,,,https://pt.wikipedia.org/w/index.php?title=Pesquisas_de_opini%C3%A3o_para_a_elei%C3%A7%C3%A3o_presidencial_no_Brasil_em_2026&oldid=73082572,wikipedia_revision,73082572,2026-09-29T15:02:36Z,unverified,,9ca942a568882bbd6b774a0d5553b585fd3c21e22108b84064e56abca54efbeb,others_column_named_candidate;blank_null_includes_undecided
2026-1-afe6c15615,2026,1,,Futura,Apex,2026-09-04,2026-09-10,,2000,,main,Edmilson Costa,0.1,total,8.3,,,https://pt.wikipedia.org/w/index.php?title=Pesquisas_de_opini%C3%A3o_para_a_elei%C3%A7%C3%A3o_presidencial_no_Brasil_em_2026&oldid=73082572,wikipedia_revision,73082572,2026-09-29T15:02:36Z,unverified,,9ca942a568882bbd6b774a0d5553b585fd3c21e22108b84064e56abca54efbeb,others_column_named_candidate;blank_null_includes_undecided
2026-1-afe6c15615,2026,1,,Futura,Apex,2026-09-04,2026-09-10,,2000,,main,Rui Costa Pimenta,0.3,total,8.3,,,https://pt.wikipedia.org/w/index.php?title=Pesquisas_de_opini%C3%A3o_para_a_elei%C3%A7%C3%A3o_presidencial_no_Brasil_em_2026&oldid=73082572,wikipedia_revision,73082572,2026-09-29T15:02:36Z,unverified,,9ca942a568882bbd6b774a0d5553b585fd3c21e22108b84064e56abca54efbeb,others_column_named_candidate;blank_null_includes_undecided
2026-1-afe6c15615,2026,1,,Futura,Apex,2026-09-04,2026-09-10,,2000,,main,Pablo Marçal,2.3,total,8.3,,,https://pt.wikipedia.org/w/index.php?title=Pesquisas_de_opini%C3%A3o_para_a_elei%C3%A7%C3%A3o_presidencial_no_Brasil_em_2026&oldid=73082572,wikipedia_revision,73082572,2026-09-29T15:02:36Z,unverified,,9ca942a568882bbd6b774a0d5553b585fd3c21e22108b84064e56abca54efbeb,others_column_named_candidate;blank_null_includes_undecided
2026-1-b1138eb971,2026,1,,AtlasIntel,,2026-09-04,2026-09-09,,5000,,main,Lula,43.0,total,1.0,,,https://pt.wikipedia.org/w/index.php?title=Pesquisas_de_opini%C3%A3o_para_a_elei%C3%A7%C3%A3o_presidencial_no_Brasil_em_2026&oldid=73082572,wikipedia_revision,73082572,2026-09-29T15:02:36Z,unverified,,9ca942a568882bbd6b774a0d5553b585fd3c21e22108b84064e56abca54efbeb,others_column_named_candidate;blank_null_includes_undecided
2026-1-b1138eb971,2026,1,,AtlasIntel,,2026-09-04,2026-09-09,,5000,,main,Flávio Bolsonaro,37.4,total,1.0,,,https://pt.wikipedia.org/w/index.php?title=Pesquisas_de_opini%C3%A3o_para_a_elei%C3%A7%C3%A3o_presidencial_no_Brasil_em_2026&oldid=73082572,wikipedia_revision,73082572,2026-09-29T15:02:36Z,unverified,,9ca942a568882bbd6b774a0d5553b585fd3c21e22108b84064e56abca54efbeb,others_column_named_candidate;blank_null_includes_undecided
2026-1-b1138eb971,2026,1,,AtlasIntel,,2026-09-04,2026-09-09,,5000,,main,Augusto Cury,6.6,total,1.0,,,https://pt.wikipedia.org/w/index.php?title=Pesquisas_de_opini%C3%A3o_para_a_elei%C3%A7%C3%A3o_presidencial_no_Brasil_em_2026&oldid=73082572,wikipedia_revision,73082572,2026-09-29T15:02:36Z,unverified,,9ca942a568882bbd6b774a0d5553b585fd3c21e22108b84064e56abca54efbeb,others_column_named_candidate;blank_null_includes_undecided
2026-1-b1138eb971,2026,1,,AtlasIntel,,2026-09-04,2026-09-09,,5000,,main,Renan Santos,6.5,total,1.0,,,https://pt.wikipedia.org/w/index.php?title=Pesquisas_de_opini%C3%A3o_para_a_elei%C3%A7%C3%A3o_presidencial_no_Brasil_em_2026&oldid=73082572,wikipedia_revision,73082572,2026-09-29T15:02:36Z,unverified,,9ca942a568882bbd6b774a0d5553b585fd3c21e22108b84064e56abca54efbeb,others_column_named_candidate;blank_null_includes_undecided
2026-1-b1138eb971,2026,1,,AtlasIntel,,2026-09-04,2026-09-09,,5000,,main,Ronaldo Caiado,1.1,total,1.0,,,https://pt.wikipedia.org/w/index.php?title=Pesquisas_de_opini%C3%A3o_para_a_elei%C3%A7%C3%A3o_presidencial_no_Brasil_em_2026&oldid=73082572,wikipedia_revision,73082572,2026-09-29T15:02:36Z,unverified,,9ca942a568882bbd6b774a0d5553b585fd3c21e22108b84064e56abca54efbeb,others_column_named_candidate;blank_null_includes_undecided
2026-1-b1138eb971,2026,1,,AtlasIntel,,2026-09-04,2026-09-09,,5000,,main,Romeu Zema,2.1,total,1.0,,,https://pt.wikipedia.org/w/index.php?title=Pesquisas_de_opini%C3%A3o_para_a_elei%C3%A7%C3%A3o_presidencial_no_Brasil_em_2026&oldid=73082572,wikipedia_revision,73082572,2026-09-29T15:02:36Z,unverified,,9ca942a568882bbd6b774a0d5553b585fd3c21e22108b84064e56abca54efbeb,others_column_named_candidate;blank_null_includes_undecided
2026-1-b1138eb971,2026,1,,AtlasIntel,,2026-09-04,2026-09-09,,5000,,main,Samara Martins,1.0,total,1.0,,,https://pt.wikipedia.org/w/index.php?title=Pesquisas_de_opini%C3%A3o_para_a_elei%C3%A7%C3%A3o_presidencial_no_Brasil_em_2026&oldid=73082572,wikipedia_revision,73082572,2026-09-29T15:02:36Z,unverified,,9ca942a568882bbd6b774a0d5553b585fd3c21e22108b84064e56abca54efbeb,others_column_named_candidate;blank_null_includes_undecided
2026-1-b1138eb971,2026,1,,AtlasIntel,,2026-09-04,2026-09-09,,5000,,main,Wilson Grassi,0.0,total,1.0,,,https://pt.wikipedia.org/w/index.php?title=Pesquisas_de_opini%C3%A3o_para_a_elei%C3%A7%C3%A3o_presidencial_no_Brasil_em_2026&oldid=73082572,wikipedia_revision,73082572,2026-09-29T15:02:36Z,unverified,,9ca942a568882bbd6b774a0d5553b585fd3c21e22108b84064e56abca54efbeb,others_column_named_candidate;blank_null_includes_undecided
2026-1-b1138eb971,2026,1,,AtlasIntel,,2026-09-04,2026-09-09,,5000,,main,Clariana Barão,0.3,total,1.0,,,https://pt.wikipedia.org/w/index.php?title=Pesquisas_de_opini%C3%A3o_para_a_elei%C3%A7%C3%A3o_presidencial_no_Brasil_em_2026&oldid=73082572,wikipedia_revision,73082572,2026-09-29T15:02:36Z,unverified,,9ca942a568882bbd6b774a0d5553b585fd3c21e22108b84064e56abca54efbeb,others_column_named_candidate;blank_null_includes_undecided
2026-1-b1138eb971,2026,1,,AtlasIntel,,2026-09-04,2026-09-09,,5000,,main,Rui Costa Pimenta,0.0,total,1.0,,,https://pt.wikipedia.org/w/index.php?title=Pesquisas_de_opini%C3%A3o_para_a_elei%C3%A7%C3%A3o_presidencial_no_Brasil_em_2026&oldid=73082572,wikipedia_revision,73082572,2026-09-29T15:02:36Z,unverified,,9ca942a568882bbd6b774a0d5553b585fd3c21e22108b84064e56abca54efbeb,others_column_named_candidate;blank_null_includes_undecided
2026-1-b1138eb971,2026,1,,AtlasIntel,,2026-09-04,2026-09-09,,5000,,main,Pablo Marçal,1.0,total,1.0,,,https://pt.wikipedia.org/w/index.php?title=Pesquisas_de_opini%C3%A3o_para_a_elei%C3%A7%C3%A3o_presidencial_no_Brasil_em_2026&oldid=73082572,wikipedia_revision,73082572,2026-09-29T15:02:36Z,unverified,,9ca942a568882bbd6b774a0d5553b585fd3c21e22108b84064e56abca54efbeb,others_column_named_candidate;blank_null_includes_undecided
2026-1-d10f3a0f3c,2026,1,,PoderData,Aya,2026-09-06,2026-09-09,,3000,,main,Lula,38.0,total,4.0,,,https://pt.wikipedia.org/w/index.php?title=Pesquisas_de_opini%C3%A3o_para_a_elei%C3%A7%C3%A3o_presidencial_no_Brasil_em_2026&oldid=73082572,wikipedia_revision,73082572,2026-09-29T15:02:36Z,unverified,,9ca942a568882bbd6b774a0d5553b585fd3c21e22108b84064e56abca54efbeb,others_column_named_candidate;blank_null_includes_undecided
2026-1-d10f3a0f3c,2026,1,,PoderData,Aya,2026-09-06,2026-09-09,,3000,,main,Flávio Bolsonaro,36.0,total,4.0,,,https://pt.wikipedia.org/w/index.php?title=Pesquisas_de_opini%C3%A3o_para_a_elei%C3%A7%C3%A3o_presidencial_no_Brasil_em_2026&oldid=73082572,wikipedia_revision,73082572,2026-09-29T15:02:36Z,unverified,,9ca942a568882bbd6b774a0d5553b585fd3c21e22108b84064e56abca54efbeb,others_column_named_candidate;blank_null_includes_undecided
2026-1-d10f3a0f3c,2026,1,,PoderData,Aya,2026-09-06,2026-09-09,,3000,,main,Augusto Cury,10.0,total,4.0,,,https://pt.wikipedia.org/w/index.php?title=Pesquisas_de_opini%C3%A3o_para_a_elei%C3%A7%C3%A3o_presidencial_no_Brasil_em_2026&oldid=73082572,wikipedia_revision,73082572,2026-09-29T15:02:36Z,unverified,,9ca942a568882bbd6b774a0d5553b585fd3c21e22108b84064e56abca54efbeb,others_column_named_candidate;blank_null_includes_undecided
2026-1-d10f3a0f3c,2026,1,,PoderData,Aya,2026-09-06,2026-09-09,,3000,,main,Renan Santos,3.0,total,4.0,,,https://pt.wikipedia.org/w/index.php?title=Pesquisas_de_opini%C3%A3o_para_a_elei%C3%A7%C3%A3o_presidencial_no_Brasil_em_2026&oldid=73082572,wikipedia_revision,73082572,2026-09-29T15:02:36Z,unverified,,9ca942a568882bbd6b774a0d5553b585fd3c21e22108b84064e56abca54efbeb,others_column_named_candidate;blank_null_includes_undecided
2026-1-d10f3a0f3c,2026,1,,PoderData,Aya,2026-09-06,2026-09-09,,3000,,main,Ronaldo Caiado,2.0,total,4.0,,,https://pt.wikipedia.org/w/index.php?title=Pesquisas_de_opini%C3%A3o_para_a_elei%C3%A7%C3%A3o_presidencial_no_Brasil_em_2026&oldid=73082572,wikipedia_revision,73082572,2026-09-29T15:02:36Z,unverified,,9ca942a568882bbd6b774a0d5553b585fd3c21e22108b84064e56abca54efbeb,others_column_named_candidate;blank_null_includes_undecided
2026-1-d10f3a0f3c,2026,1,,PoderData,Aya,2026-09-06,2026-09-09,,3000,,main,Romeu Zema,1.0,total,4.0,,,https://pt.wikipedia.org/w/index.php?title=Pesquisas_de_opini%C3%A3o_para_a_elei%C3%A7%C3%A3o_presidencial_no_Brasil_em_2026&oldid=73082572,wikipedia_revision,73082572,2026-09-29T15:02:36Z,unverified,,9ca942a568882bbd6b774a0d5553b585fd3c21e22108b84064e56abca54efbeb,others_column_named_candidate;blank_null_includes_undecided
2026-1-d10f3a0f3c,2026,1,,PoderData,Aya,2026-09-06,2026-09-09,,3000,,main,Samara Martins,0.0,total,4.0,,,https://pt.wikipedia.org/w/index.php?title=Pesquisas_de_opini%C3%A3o_para_a_elei%C3%A7%C3%A3o_presidencial_no_Brasil_em_2026&oldid=73082572,wikipedia_revision,73082572,2026-09-29T15:02:36Z,unverified,,9ca942a568882bbd6b774a0d5553b585fd3c21e22108b84064e56abca54efbeb,others_column_named_candidate;blank_null_includes_undecided
2026-1-d10f3a0f3c,2026,1,,PoderData,Aya,2026-09-06,2026-09-09,,3000,,main,Wilson Grassi,0.0,total,4.0,,,https://pt.wikipedia.org/w/index.php?title=Pesquisas_de_opini%C3%A3o_para_a_elei%C3%A7%C3%A3o_presidencial_no_Brasil_em_2026&oldid=73082572,wikipedia_revision,73082572,2026-09-29T15:02:36Z,unverified,,9ca942a568882bbd6b774a0d5553b585fd3c21e22108b84064e56abca54efbeb,others_column_named_candidate;blank_null_includes_undecided
2026-1-d10f3a0f3c,2026,1,,PoderData,Aya,2026-09-06,2026-09-09,,3000,,main,Clariana Barão,0.0,total,4.0,,,https://pt.wikipedia.org/w/index.php?title=Pesquisas_de_opini%C3%A3o_para_a_elei%C3%A7%C3%A3o_presidencial_no_Brasil_em_2026&oldid=73082572,wikipedia_revision,73082572,2026-09-29T15:02:36Z,unverified,,9ca942a568882bbd6b774a0d5553b585fd3c21e22108b84064e56abca54efbeb,others_column_named_candidate;blank_null_includes_undecided
2026-1-d10f3a0f3c,2026,1,,PoderData,Aya,2026-09-06,2026-09-09,,3000,,main,Hertz Dias,1.0,total,4.0,,,https://pt.wikipedia.org/w/index.php?title=Pesquisas_de_opini%C3%A3o_para_a_elei%C3%A7%C3%A3o_presidencial_no_Brasil_em_2026&oldid=73082572,wikipedia_revision,73082572,2026-09-29T15:02:36Z,unverified,,9ca942a568882bbd6b774a0d5553b585fd3c21e22108b84064e56abca54efbeb,others_column_named_candidate;blank_null_includes_undecided
2026-1-d10f3a0f3c,2026,1,,PoderData,Aya,2026-09-06,2026-09-09,,3000,,main,Edmilson Costa,1.0,total,4.0,,,https://pt.wikipedia.org/w/index.php?title=Pesquisas_de_opini%C3%A3o_para_a_elei%C3%A7%C3%A3o_presidencial_no_Brasil_em_2026&oldid=73082572,wikipedia_revision,73082572,2026-09-29T15:02:36Z,unverified,,9ca942a568882bbd6b774a0d5553b585fd3c21e22108b84064e56abca54efbeb,others_column_named_candidate;blank_null_includes_undecided
2026-1-d10f3a0f3c,2026,1,,PoderData,Aya,2026-09-06,2026-09-09,,3000,,main,Rui Costa Pimenta,1.0,total,4.0,,,https://pt.wikipedia.org/w/index.php?title=Pesquisas_de_opini%C3%A3o_para_a_elei%C3%A7%C3%A3o_presidencial_no_Brasil_em_2026&oldid=73082572,wikipedia_revision,73082572,2026-09-29T15:02:36Z,unverified,,9ca942a568882bbd6b774a0d5553b585fd3c21e22108b84064e56abca54efbeb,others_column_named_candidate;blank_null_includes_undecided
2026-1-d10f3a0f3c,2026,1,,PoderData,Aya,2026-09-06,2026-09-09,,3000,,main,Pablo Marçal,2.0,total,4.0,,,https://pt.wikipedia.org/w/index.php?title=Pesquisas_de_opini%C3%A3o_para_a_elei%C3%A7%C3%A3o_presidencial_no_Brasil_em_2026&oldid=73082572,wikipedia_revision,73082572,2026-09-29T15:02:36Z,unverified,,9ca942a568882bbd6b774a0d5553b585fd3c21e22108b84064e56abca54efbeb,others_column_named_candidate;blank_null_includes_undecided
2026-1-9b7a748c53,2026,1,,Gerp,,2026-09-03,2026-09-08,,2400,,main,Lula,34.0,total,12.0,,,https://pt.wikipedia.org/w/index.php?title=Pesquisas_de_opini%C3%A3o_para_a_elei%C3%A7%C3%A3o_presidencial_no_Brasil_em_2026&oldid=73082572,wikipedia_revision,73082572,2026-09-29T15:02:36Z,unverified,,9ca942a568882bbd6b774a0d5553b585fd3c21e22108b84064e56abca54efbeb,others_column_named_candidate;blank_null_includes_undecided
2026-1-9b7a748c53,2026,1,,Gerp,,2026-09-03,2026-09-08,,2400,,main,Flávio Bolsonaro,37.0,total,12.0,,,https://pt.wikipedia.org/w/index.php?title=Pesquisas_de_opini%C3%A3o_para_a_elei%C3%A7%C3%A3o_presidencial_no_Brasil_em_2026&oldid=73082572,wikipedia_revision,73082572,2026-09-29T15:02:36Z,unverified,,9ca942a568882bbd6b774a0d5553b585fd3c21e22108b84064e56abca54efbeb,others_column_named_candidate;blank_null_includes_undecided
2026-1-9b7a748c53,2026,1,,Gerp,,2026-09-03,2026-09-08,,2400,,main,Augusto Cury,6.0,total,12.0,,,https://pt.wikipedia.org/w/index.php?title=Pesquisas_de_opini%C3%A3o_para_a_elei%C3%A7%C3%A3o_presidencial_no_Brasil_em_2026&oldid=73082572,wikipedia_revision,73082572,2026-09-29T15:02:36Z,unverified,,9ca942a568882bbd6b774a0d5553b585fd3c21e22108b84064e56abca54efbeb,others_column_named_candidate;blank_null_includes_undecided
2026-1-9b7a748c53,2026,1,,Gerp,,2026-09-03,2026-09-08,,2400,,main,Renan Santos,4.0,total,12.0,,,https://pt.wikipedia.org/w/index.php?title=Pesquisas_de_opini%C3%A3o_para_a_elei%C3%A7%C3%A3o_presidencial_no_Brasil_em_2026&oldid=73082572,wikipedia_revision,73082572,2026-09-29T15:02:36Z,unverified,,9ca942a568882bbd6b774a0d5553b585fd3c21e22108b84064e56abca54efbeb,others_column_named_candidate;blank_null_includes_undecided
2026-1-9b7a748c53,2026,1,,Gerp,,2026-09-03,2026-09-08,,2400,,main,Ronaldo Caiado,5.0,total,12.0,,,https://pt.wikipedia.org/w/index.php?title=Pesquisas_de_opini%C3%A3o_para_a_elei%C3%A7%C3%A3o_presidencial_no_Brasil_em_2026&oldid=73082572,wikipedia_revision,73082572,2026-09-29T15:02:36Z,unverified,,9ca942a568882bbd6b774a0d5553b585fd3c21e22108b84064e56abca54efbeb,others_column_named_candidate;blank_null_includes_undecided
2026-1-9b7a748c53,2026,1,,Gerp,,2026-09-03,2026-09-08,,2400,,main,Romeu Zema,1.0,total,12.0,,,https://pt.wikipedia.org/w/index.php?title=Pesquisas_de_opini%C3%A3o_para_a_elei%C3%A7%C3%A3o_presidencial_no_Brasil_em_2026&oldid=73082572,wikipedia_revision,73082572,2026-09-29T15:02:36Z,unverified,,9ca942a568882bbd6b774a0d5553b585fd3c21e22108b84064e56abca54efbeb,others_column_named_candidate;blank_null_includes_undecided
2026-1-9b7a748c53,2026,1,,Gerp,,2026-09-03,2026-09-08,,2400,,main,Samara Martins,0.0,total,12.0,,,https://pt.wikipedia.org/w/index.php?title=Pesquisas_de_opini%C3%A3o_para_a_elei%C3%A7%C3%A3o_presidencial_no_Brasil_em_2026&oldid=73082572,wikipedia_revision,73082572,2026-09-29T15:02:36Z,unverified,,9ca942a568882bbd6b774a0d5553b585fd3c21e22108b84064e56abca54efbeb,others_column_named_candidate;blank_null_includes_undecided
2026-1-9b7a748c53,2026,1,,Gerp,,2026-09-03,2026-09-08,,2400,,main,Wilson Grassi,0.0,total,12.0,,,https://pt.wikipedia.org/w/index.php?title=Pesquisas_de_opini%C3%A3o_para_a_elei%C3%A7%C3%A3o_presidencial_no_Brasil_em_2026&oldid=73082572,wikipedia_revision,73082572,2026-09-29T15:02:36Z,unverified,,9ca942a568882bbd6b774a0d5553b585fd3c21e22108b84064e56abca54efbeb,others_column_named_candidate;blank_null_includes_undecided
2026-1-9b7a748c53,2026,1,,Gerp,,2026-09-03,2026-09-08,,2400,,main,Clariana Barão,0.0,total,12.0,,,https://pt.wikipedia.org/w/index.php?title=Pesquisas_de_opini%C3%A3o_para_a_elei%C3%A7%C3%A3o_presidencial_no_Brasil_em_2026&oldid=73082572,wikipedia_revision,73082572,2026-09-29T15:02:36Z,unverified,,9ca942a568882bbd6b774a0d5553b585fd3c21e22108b84064e56abca54efbeb,others_column_named_candidate;blank_null_includes_undecided
2026-1-9b7a748c53,2026,1,,Gerp,,2026-09-03,2026-09-08,,2400,,main,Hertz Dias,0.0,total,12.0,,,https://pt.wikipedia.org/w/index.php?title=Pesquisas_de_opini%C3%A3o_para_a_elei%C3%A7%C3%A3o_presidencial_no_Brasil_em_2026&oldid=73082572,wikipedia_revision,73082572,2026-09-29T15:02:36Z,unverified,,9ca942a568882bbd6b774a0d5553b585fd3c21e22108b84064e56abca54efbeb,others_column_named_candidate;blank_null_includes_undecided
2026-1-9b7a748c53,2026,1,,Gerp,,2026-09-03,2026-09-08,,2400,,main,Edmilson Costa,0.0,total,12.0,,,https://pt.wikipedia.org/w/index.php?title=Pesquisas_de_opini%C3%A3o_para_a_elei%C3%A7%C3%A3o_presidencial_no_Brasil_em_2026&oldid=73082572,wikipedia_revision,73082572,2026-09-29T15:02:36Z,unverified,,9ca942a568882bbd6b774a0d5553b585fd3c21e22108b84064e56abca54efbeb,others_column_named_candidate;blank_null_includes_undecided
2026-1-9b7a748c53,2026,1,,Gerp,,2026-09-03,2026-09-08,,2400,,main,Rui Costa Pimenta,0.0,total,12.0,,,https://pt.wikipedia.org/w/index.php?title=Pesquisas_de_opini%C3%A3o_para_a_elei%C3%A7%C3%A3o_presidencial_no_Brasil_em_2026&oldid=73082572,wikipedia_revision,73082572,2026-09-29T15:02:36Z,unverified,,9ca942a568882bbd6b774a0d5553b585fd3c21e22108b84064e56abca54efbeb,others_column_named_candidate;blank_null_includes_undecided
2026-1-9b7a748c53,2026,1,,Gerp,,2026-09-03,2026-09-08,,2400,,main,Pablo Marçal,2.0,total,12.0,,,https://pt.wikipedia.org/w/index.php?title=Pesquisas_de_opini%C3%A3o_para_a_elei%C3%A7%C3%A3o_presidencial_no_Brasil_em_2026&oldid=73082572,wikipedia_revision,73082572,2026-09-29T15:02:36Z,unverified,,9ca942a568882bbd6b774a0d5553b585fd3c21e22108b84064e56abca54efbeb,others_column_named_candidate;blank_null_includes_undecided
2026-1-ec40409bad,2026,1,,Ideia,Meio,2026-09-04,2026-09-07,,1500,,main,Lula,38.4,total,5.3,,,https://pt.wikipedia.org/w/index.php?title=Pesquisas_de_opini%C3%A3o_para_a_elei%C3%A7%C3%A3o_presidencial_no_Brasil_em_2026&oldid=73082572,wikipedia_revision,73082572,2026-09-29T15:02:36Z,unverified,,9ca942a568882bbd6b774a0d5553b585fd3c21e22108b84064e56abca54efbeb,others_column_named_candidate;blank_null_includes_undecided
2026-1-ec40409bad,2026,1,,Ideia,Meio,2026-09-04,2026-09-07,,1500,,main,Flávio Bolsonaro,37.3,total,5.3,,,https://pt.wikipedia.org/w/index.php?title=Pesquisas_de_opini%C3%A3o_para_a_elei%C3%A7%C3%A3o_presidencial_no_Brasil_em_2026&oldid=73082572,wikipedia_revision,73082572,2026-09-29T15:02:36Z,unverified,,9ca942a568882bbd6b774a0d5553b585fd3c21e22108b84064e56abca54efbeb,others_column_named_candidate;blank_null_includes_undecided
2026-1-ec40409bad,2026,1,,Ideia,Meio,2026-09-04,2026-09-07,,1500,,main,Augusto Cury,6.6,total,5.3,,,https://pt.wikipedia.org/w/index.php?title=Pesquisas_de_opini%C3%A3o_para_a_elei%C3%A7%C3%A3o_presidencial_no_Brasil_em_2026&oldid=73082572,wikipedia_revision,73082572,2026-09-29T15:02:36Z,unverified,,9ca942a568882bbd6b774a0d5553b585fd3c21e22108b84064e56abca54efbeb,others_column_named_candidate;blank_null_includes_undecided
2026-1-ec40409bad,2026,1,,Ideia,Meio,2026-09-04,2026-09-07,,1500,,main,Renan Santos,4.0,total,5.3,,,https://pt.wikipedia.org/w/index.php?title=Pesquisas_de_opini%C3%A3o_para_a_elei%C3%A7%C3%A3o_presidencial_no_Brasil_em_2026&oldid=73082572,wikipedia_revision,73082572,2026-09-29T15:02:36Z,unverified,,9ca942a568882bbd6b774a0d5553b585fd3c21e22108b84064e56abca54efbeb,others_column_named_candidate;blank_null_includes_undecided
2026-1-ec40409bad,2026,1,,Ideia,Meio,2026-09-04,2026-09-07,,1500,,main,Ronaldo Caiado,4.0,total,5.3,,,https://pt.wikipedia.org/w/index.php?title=Pesquisas_de_opini%C3%A3o_para_a_elei%C3%A7%C3%A3o_presidencial_no_Brasil_em_2026&oldid=73082572,wikipedia_revision,73082572,2026-09-29T15:02:36Z,unverified,,9ca942a568882bbd6b774a0d5553b585fd3c21e22108b84064e56abca54efbeb,others_column_named_candidate;blank_null_includes_undecided
2026-1-ec40409bad,2026,1,,Ideia,Meio,2026-09-04,2026-09-07,,1500,,main,Romeu Zema,1.5,total,5.3,,,https://pt.wikipedia.org/w/index.php?title=Pesquisas_de_opini%C3%A3o_para_a_elei%C3%A7%C3%A3o_presidencial_no_Brasil_em_2026&oldid=73082572,wikipedia_revision,73082572,2026-09-29T15:02:36Z,unverified,,9ca942a568882bbd6b774a0d5553b585fd3c21e22108b84064e56abca54efbeb,others_column_named_candidate;blank_null_includes_undecided
2026-1-ec40409bad,2026,1,,Ideia,Meio,2026-09-04,2026-09-07,,1500,,main,Samara Martins,0.7,total,5.3,,,https://pt.wikipedia.org/w/index.php?title=Pesquisas_de_opini%C3%A3o_para_a_elei%C3%A7%C3%A3o_presidencial_no_Brasil_em_2026&oldid=73082572,wikipedia_revision,73082572,2026-09-29T15:02:36Z,unverified,,9ca942a568882bbd6b774a0d5553b585fd3c21e22108b84064e56abca54efbeb,others_column_named_candidate;blank_null_includes_undecided
2026-1-ec40409bad,2026,1,,Ideia,Meio,2026-09-04,2026-09-07,,1500,,main,Wilson Grassi,0.2,total,5.3,,,https://pt.wikipedia.org/w/index.php?title=Pesquisas_de_opini%C3%A3o_para_a_elei%C3%A7%C3%A3o_presidencial_no_Brasil_em_2026&oldid=73082572,wikipedia_revision,73082572,2026-09-29T15:02:36Z,unverified,,9ca942a568882bbd6b774a0d5553b585fd3c21e22108b84064e56abca54efbeb,others_column_named_candidate;blank_null_includes_undecided
2026-1-ec40409bad,2026,1,,Ideia,Meio,2026-09-04,2026-09-07,,1500,,main,Clariana Barão,0.1,total,5.3,,,https://pt.wikipedia.org/w/index.php?title=Pesquisas_de_opini%C3%A3o_para_a_elei%C3%A7%C3%A3o_presidencial_no_Brasil_em_2026&oldid=73082572,wikipedia_revision,73082572,2026-09-29T15:02:36Z,unverified,,9ca942a568882bbd6b774a0d5553b585fd3c21e22108b84064e56abca54efbeb,others_column_named_candidate;blank_null_includes_undecided
2026-1-ec40409bad,2026,1,,Ideia,Meio,2026-09-04,2026-09-07,,1500,,main,Hertz Dias,0.1,total,5.3,,,https://pt.wikipedia.org/w/index.php?title=Pesquisas_de_opini%C3%A3o_para_a_elei%C3%A7%C3%A3o_presidencial_no_Brasil_em_2026&oldid=73082572,wikipedia_revision,73082572,2026-09-29T15:02:36Z,unverified,,9ca942a568882bbd6b774a0d5553b585fd3c21e22108b84064e56abca54efbeb,others_column_named_candidate;blank_null_includes_undecided
2026-1-ec40409bad,2026,1,,Ideia,Meio,2026-09-04,2026-09-07,,1500,,main,Edmilson Costa,0.1,total,5.3,,,https://pt.wikipedia.org/w/index.php?title=Pesquisas_de_opini%C3%A3o_para_a_elei%C3%A7%C3%A3o_presidencial_no_Brasil_em_2026&oldid=73082572,wikipedia_revision,73082572,2026-09-29T15:02:36Z,unverified,,9ca942a568882bbd6b774a0d5553b585fd3c21e22108b84064e56abca54efbeb,others_column_named_candidate;blank_null_includes_undecided
2026-1-ec40409bad,2026,1,,Ideia,Meio,2026-09-04,2026-09-07,,1500,,main,Rui Costa Pimenta,0.4,total,5.3,,,https://pt.wikipedia.org/w/index.php?title=Pesquisas_de_opini%C3%A3o_para_a_elei%C3%A7%C3%A3o_presidencial_no_Brasil_em_2026&oldid=73082572,wikipedia_revision,73082572,2026-09-29T15:02:36Z,unverified,,9ca942a568882bbd6b774a0d5553b585fd3c21e22108b84064e56abca54efbeb,others_column_named_candidate;blank_null_includes_undecided
2026-1-ec40409bad,2026,1,,Ideia,Meio,2026-09-04,2026-09-07,,1500,,main,Pablo Marçal,1.5,total,5.3,,,https://pt.wikipedia.org/w/index.php?title=Pesquisas_de_opini%C3%A3o_para_a_elei%C3%A7%C3%A3o_presidencial_no_Brasil_em_2026&oldid=73082572,wikipedia_revision,73082572,2026-09-29T15:02:36Z,unverified,,9ca942a568882bbd6b774a0d5553b585fd3c21e22108b84064e56abca54efbeb,others_column_named_candidate;blank_null_includes_undecided
2026-1-210eb6a662,2026,1,,Nexus,BTG Pactual,2026-09-04,2026-09-07,,2002,,without Pablo Marçal,Lula,39.0,total,5.0,,,https://pt.wikipedia.org/w/index.php?title=Pesquisas_de_opini%C3%A3o_para_a_elei%C3%A7%C3%A3o_presidencial_no_Brasil_em_2026&oldid=73082572,wikipedia_revision,73082572,2026-09-29T15:02:36Z,unverified,,9ca942a568882bbd6b774a0d5553b585fd3c21e22108b84064e56abca54efbeb,blank_null_includes_undecided
2026-1-210eb6a662,2026,1,,Nexus,BTG Pactual,2026-09-04,2026-09-07,,2002,,without Pablo Marçal,Flávio Bolsonaro,35.0,total,5.0,,,https://pt.wikipedia.org/w/index.php?title=Pesquisas_de_opini%C3%A3o_para_a_elei%C3%A7%C3%A3o_presidencial_no_Brasil_em_2026&oldid=73082572,wikipedia_revision,73082572,2026-09-29T15:02:36Z,unverified,,9ca942a568882bbd6b774a0d5553b585fd3c21e22108b84064e56abca54efbeb,blank_null_includes_undecided
2026-1-210eb6a662,2026,1,,Nexus,BTG Pactual,2026-09-04,2026-09-07,,2002,,without Pablo Marçal,Augusto Cury,9.0,total,5.0,,,https://pt.wikipedia.org/w/index.php?title=Pesquisas_de_opini%C3%A3o_para_a_elei%C3%A7%C3%A3o_presidencial_no_Brasil_em_2026&oldid=73082572,wikipedia_revision,73082572,2026-09-29T15:02:36Z,unverified,,9ca942a568882bbd6b774a0d5553b585fd3c21e22108b84064e56abca54efbeb,blank_null_includes_undecided
2026-1-210eb6a662,2026,1,,Nexus,BTG Pactual,2026-09-04,2026-09-07,,2002,,without Pablo Marçal,Renan Santos,4.0,total,5.0,,,https://pt.wikipedia.org/w/index.php?title=Pesquisas_de_opini%C3%A3o_para_a_elei%C3%A7%C3%A3o_presidencial_no_Brasil_em_2026&oldid=73082572,wikipedia_revision,73082572,2026-09-29T15:02:36Z,unverified,,9ca942a568882bbd6b774a0d5553b585fd3c21e22108b84064e56abca54efbeb,blank_null_includes_undecided
2026-1-210eb6a662,2026,1,,Nexus,BTG Pactual,2026-09-04,2026-09-07,,2002,,without Pablo Marçal,Ronaldo Caiado,4.0,total,5.0,,,https://pt.wikipedia.org/w/index.php?title=Pesquisas_de_opini%C3%A3o_para_a_elei%C3%A7%C3%A3o_presidencial_no_Brasil_em_2026&oldid=73082572,wikipedia_revision,73082572,2026-09-29T15:02:36Z,unverified,,9ca942a568882bbd6b774a0d5553b585fd3c21e22108b84064e56abca54efbeb,blank_null_includes_undecided
2026-1-210eb6a662,2026,1,,Nexus,BTG Pactual,2026-09-04,2026-09-07,,2002,,without Pablo Marçal,Romeu Zema,1.0,total,5.0,,,https://pt.wikipedia.org/w/index.php?title=Pesquisas_de_opini%C3%A3o_para_a_elei%C3%A7%C3%A3o_presidencial_no_Brasil_em_2026&oldid=73082572,wikipedia_revision,73082572,2026-09-29T15:02:36Z,unverified,,9ca942a568882bbd6b774a0d5553b585fd3c21e22108b84064e56abca54efbeb,blank_null_includes_undecided
2026-1-210eb6a662,2026,1,,Nexus,BTG Pactual,2026-09-04,2026-09-07,,2002,,without Pablo Marçal,Samara Martins,1.0,total,5.0,,,https://pt.wikipedia.org/w/index.php?title=Pesquisas_de_opini%C3%A3o_para_a_elei%C3%A7%C3%A3o_presidencial_no_Brasil_em_2026&oldid=73082572,wikipedia_revision,73082572,2026-09-29T15:02:36Z,unverified,,9ca942a568882bbd6b774a0d5553b585fd3c21e22108b84064e56abca54efbeb,blank_null_includes_undecided
2026-1-210eb6a662,2026,1,,Nexus,BTG Pactual,2026-09-04,2026-09-07,,2002,,without Pablo Marçal,Wilson Grassi,0.0,total,5.0,,,https://pt.wikipedia.org/w/index.php?title=Pesquisas_de_opini%C3%A3o_para_a_elei%C3%A7%C3%A3o_presidencial_no_Brasil_em_2026&oldid=73082572,wikipedia_revision,73082572,2026-09-29T15:02:36Z,unverified,,9ca942a568882bbd6b774a0d5553b585fd3c21e22108b84064e56abca54efbeb,blank_null_includes_undecided
2026-1-210eb6a662,2026,1,,Nexus,BTG Pactual,2026-09-04,2026-09-07,,2002,,without Pablo Marçal,Clariana Barão,0.0,total,5.0,,,https://pt.wikipedia.org/w/index.php?title=Pesquisas_de_opini%C3%A3o_para_a_elei%C3%A7%C3%A3o_presidencial_no_Brasil_em_2026&oldid=73082572,wikipedia_revision,73082572,2026-09-29T15:02:36Z,unverified,,9ca942a568882bbd6b774a0d5553b585fd3c21e22108b84064e56abca54efbeb,blank_null_includes_undecided
2026-1-210eb6a662,2026,1,,Nexus,BTG Pactual,2026-09-04,2026-09-07,,2002,,without Pablo Marçal,Hertz Dias,0.0,total,5.0,,,https://pt.wikipedia.org/w/index.php?title=Pesquisas_de_opini%C3%A3o_para_a_elei%C3%A7%C3%A3o_presidencial_no_Brasil_em_2026&oldid=73082572,wikipedia_revision,73082572,2026-09-29T15:02:36Z,unverified,,9ca942a568882bbd6b774a0d5553b585fd3c21e22108b84064e56abca54efbeb,blank_null_includes_undecided
2026-1-210eb6a662,2026,1,,Nexus,BTG Pactual,2026-09-04,2026-09-07,,2002,,without Pablo Marçal,Edmilson Costa,0.0,total,5.0,,,https://pt.wikipedia.org/w/index.php?title=Pesquisas_de_opini%C3%A3o_para_a_elei%C3%A7%C3%A3o_presidencial_no_Brasil_em_2026&oldid=73082572,wikipedia_revision,73082572,2026-09-29T15:02:36Z,unverified,,9ca942a568882bbd6b774a0d5553b585fd3c21e22108b84064e56abca54efbeb,blank_null_includes_undecided
2026-1-210eb6a662,2026,1,,Nexus,BTG Pactual,2026-09-04,2026-09-07,,2002,,without Pablo Marçal,Rui Costa Pimenta,1.0,total,5.0,,,https://pt.wikipedia.org/w/index.php?title=Pesquisas_de_opini%C3%A3o_para_a_elei%C3%A7%C3%A3o_presidencial_no_Brasil_em_2026&oldid=73082572,wikipedia_revision,73082572,2026-09-29T15:02:36Z,unverified,,9ca942a568882bbd6b774a0d5553b585fd3c21e22108b84064e56abca54efbeb,blank_null_includes_undecided
2026-1-210eb6a662,2026,1,,Nexus,BTG Pactual,2026-09-04,2026-09-07,,2002,,full,Lula,39.0,total,4.0,,,https://pt.wikipedia.org/w/index.php?title=Pesquisas_de_opini%C3%A3o_para_a_elei%C3%A7%C3%A3o_presidencial_no_Brasil_em_2026&oldid=73082572,wikipedia_revision,73082572,2026-09-29T15:02:36Z,unverified,,9ca942a568882bbd6b774a0d5553b585fd3c21e22108b84064e56abca54efbeb,others_column_named_candidate;blank_null_includes_undecided
2026-1-210eb6a662,2026,1,,Nexus,BTG Pactual,2026-09-04,2026-09-07,,2002,,full,Flávio Bolsonaro,34.0,total,4.0,,,https://pt.wikipedia.org/w/index.php?title=Pesquisas_de_opini%C3%A3o_para_a_elei%C3%A7%C3%A3o_presidencial_no_Brasil_em_2026&oldid=73082572,wikipedia_revision,73082572,2026-09-29T15:02:36Z,unverified,,9ca942a568882bbd6b774a0d5553b585fd3c21e22108b84064e56abca54efbeb,others_column_named_candidate;blank_null_includes_undecided
2026-1-210eb6a662,2026,1,,Nexus,BTG Pactual,2026-09-04,2026-09-07,,2002,,full,Augusto Cury,9.0,total,4.0,,,https://pt.wikipedia.org/w/index.php?title=Pesquisas_de_opini%C3%A3o_para_a_elei%C3%A7%C3%A3o_presidencial_no_Brasil_em_2026&oldid=73082572,wikipedia_revision,73082572,2026-09-29T15:02:36Z,unverified,,9ca942a568882bbd6b774a0d5553b585fd3c21e22108b84064e56abca54efbeb,others_column_named_candidate;blank_null_includes_undecided
2026-1-210eb6a662,2026,1,,Nexus,BTG Pactual,2026-09-04,2026-09-07,,2002,,full,Renan Santos,4.0,total,4.0,,,https://pt.wikipedia.org/w/index.php?title=Pesquisas_de_opini%C3%A3o_para_a_elei%C3%A7%C3%A3o_presidencial_no_Brasil_em_2026&oldid=73082572,wikipedia_revision,73082572,2026-09-29T15:02:36Z,unverified,,9ca942a568882bbd6b774a0d5553b585fd3c21e22108b84064e56abca54efbeb,others_column_named_candidate;blank_null_includes_undecided
2026-1-210eb6a662,2026,1,,Nexus,BTG Pactual,2026-09-04,2026-09-07,,2002,,full,Ronaldo Caiado,4.0,total,4.0,,,https://pt.wikipedia.org/w/index.php?title=Pesquisas_de_opini%C3%A3o_para_a_elei%C3%A7%C3%A3o_presidencial_no_Brasil_em_2026&oldid=73082572,wikipedia_revision,73082572,2026-09-29T15:02:36Z,unverified,,9ca942a568882bbd6b774a0d5553b585fd3c21e22108b84064e56abca54efbeb,others_column_named_candidate;blank_null_includes_undecided
2026-1-210eb6a662,2026,1,,Nexus,BTG Pactual,2026-09-04,2026-09-07,,2002,,full,Romeu Zema,2.0,total,4.0,,,https://pt.wikipedia.org/w/index.php?title=Pesquisas_de_opini%C3%A3o_para_a_elei%C3%A7%C3%A3o_presidencial_no_Brasil_em_2026&oldid=73082572,wikipedia_revision,73082572,2026-09-29T15:02:36Z,unverified,,9ca942a568882bbd6b774a0d5553b585fd3c21e22108b84064e56abca54efbeb,others_column_named_candidate;blank_null_includes_undecided
2026-1-210eb6a662,2026,1,,Nexus,BTG Pactual,2026-09-04,2026-09-07,,2002,,full,Samara Martins,1.0,total,4.0,,,https://pt.wikipedia.org/w/index.php?title=Pesquisas_de_opini%C3%A3o_para_a_elei%C3%A7%C3%A3o_presidencial_no_Brasil_em_2026&oldid=73082572,wikipedia_revision,73082572,2026-09-29T15:02:36Z,unverified,,9ca942a568882bbd6b774a0d5553b585fd3c21e22108b84064e56abca54efbeb,others_column_named_candidate;blank_null_includes_undecided
2026-1-210eb6a662,2026,1,,Nexus,BTG Pactual,2026-09-04,2026-09-07,,2002,,full,Wilson Grassi,0.0,total,4.0,,,https://pt.wikipedia.org/w/index.php?title=Pesquisas_de_opini%C3%A3o_para_a_elei%C3%A7%C3%A3o_presidencial_no_Brasil_em_2026&oldid=73082572,wikipedia_revision,73082572,2026-09-29T15:02:36Z,unverified,,9ca942a568882bbd6b774a0d5553b585fd3c21e22108b84064e56abca54efbeb,others_column_named_candidate;blank_null_includes_undecided
2026-1-210eb6a662,2026,1,,Nexus,BTG Pactual,2026-09-04,2026-09-07,,2002,,full,Clariana Barão,0.0,total,4.0,,,https://pt.wikipedia.org/w/index.php?title=Pesquisas_de_opini%C3%A3o_para_a_elei%C3%A7%C3%A3o_presidencial_no_Brasil_em_2026&oldid=73082572,wikipedia_revision,73082572,2026-09-29T15:02:36Z,unverified,,9ca942a568882bbd6b774a0d5553b585fd3c21e22108b84064e56abca54efbeb,others_column_named_candidate;blank_null_includes_undecided
2026-1-210eb6a662,2026,1,,Nexus,BTG Pactual,2026-09-04,2026-09-07,,2002,,full,Hertz Dias,0.0,total,4.0,,,https://pt.wikipedia.org/w/index.php?title=Pesquisas_de_opini%C3%A3o_para_a_elei%C3%A7%C3%A3o_presidencial_no_Brasil_em_2026&oldid=73082572,wikipedia_revision,73082572,2026-09-29T15:02:36Z,unverified,,9ca942a568882bbd6b774a0d5553b585fd3c21e22108b84064e56abca54efbeb,others_column_named_candidate;blank_null_includes_undecided
2026-1-210eb6a662,2026,1,,Nexus,BTG Pactual,2026-09-04,2026-09-07,,2002,,full,Edmilson Costa,0.0,total,4.0,,,https://pt.wikipedia.org/w/index.php?title=Pesquisas_de_opini%C3%A3o_para_a_elei%C3%A7%C3%A3o_presidencial_no_Brasil_em_2026&oldid=73082572,wikipedia_revision,73082572,2026-09-29T15:02:36Z,unverified,,9ca942a568882bbd6b774a0d5553b585fd3c21e22108b84064e56abca54efbeb,others_column_named_candidate;blank_null_includes_undecided
2026-1-210eb6a662,2026,1,,Nexus,BTG Pactual,2026-09-04,2026-09-07,,2002,,full,Rui Costa Pimenta,0.0,total,4.0,,,https://pt.wikipedia.org/w/index.php?title=Pesquisas_de_opini%C3%A3o_para_a_elei%C3%A7%C3%A3o_presidencial_no_Brasil_em_2026&oldid=73082572,wikipedia_revision,73082572,2026-09-29T15:02:36Z,unverified,,9ca942a568882bbd6b774a0d5553b585fd3c21e22108b84064e56abca54efbeb,others_column_named_candidate;blank_null_includes_undecided
2026-1-210eb6a662,2026,1,,Nexus,BTG Pactual,2026-09-04,2026-09-07,,2002,,full,Pablo Marçal,3.0,total,4.0,,,https://pt.wikipedia.org/w/index.php?title=Pesquisas_de_opini%C3%A3o_para_a_elei%C3%A7%C3%A3o_presidencial_no_Brasil_em_2026&oldid=73082572,wikipedia_revision,73082572,2026-09-29T15:02:36Z,unverified,,9ca942a568882bbd6b774a0d5553b585fd3c21e22108b84064e56abca54efbeb,others_column_named_candidate;blank_null_includes_undecided
2026-1-5d52253839,2026,1,,Palver,,2026-09-04,2026-09-07,,5000,,full,Lula,40.0,total,1.0,,,https://pt.wikipedia.org/w/index.php?title=Pesquisas_de_opini%C3%A3o_para_a_elei%C3%A7%C3%A3o_presidencial_no_Brasil_em_2026&oldid=73082572,wikipedia_revision,73082572,2026-09-29T15:02:36Z,unverified,,9ca942a568882bbd6b774a0d5553b585fd3c21e22108b84064e56abca54efbeb,others_split_from_footnote;blank_null_includes_undecided
2026-1-5d52253839,2026,1,,Palver,,2026-09-04,2026-09-07,,5000,,full,Flávio Bolsonaro,40.0,total,1.0,,,https://pt.wikipedia.org/w/index.php?title=Pesquisas_de_opini%C3%A3o_para_a_elei%C3%A7%C3%A3o_presidencial_no_Brasil_em_2026&oldid=73082572,wikipedia_revision,73082572,2026-09-29T15:02:36Z,unverified,,9ca942a568882bbd6b774a0d5553b585fd3c21e22108b84064e56abca54efbeb,others_split_from_footnote;blank_null_includes_undecided
2026-1-5d52253839,2026,1,,Palver,,2026-09-04,2026-09-07,,5000,,full,Augusto Cury,4.0,total,1.0,,,https://pt.wikipedia.org/w/index.php?title=Pesquisas_de_opini%C3%A3o_para_a_elei%C3%A7%C3%A3o_presidencial_no_Brasil_em_2026&oldid=73082572,wikipedia_revision,73082572,2026-09-29T15:02:36Z,unverified,,9ca942a568882bbd6b774a0d5553b585fd3c21e22108b84064e56abca54efbeb,others_split_from_footnote;blank_null_includes_undecided
2026-1-5d52253839,2026,1,,Palver,,2026-09-04,2026-09-07,,5000,,full,Renan Santos,11.0,total,1.0,,,https://pt.wikipedia.org/w/index.php?title=Pesquisas_de_opini%C3%A3o_para_a_elei%C3%A7%C3%A3o_presidencial_no_Brasil_em_2026&oldid=73082572,wikipedia_revision,73082572,2026-09-29T15:02:36Z,unverified,,9ca942a568882bbd6b774a0d5553b585fd3c21e22108b84064e56abca54efbeb,others_split_from_footnote;blank_null_includes_undecided
2026-1-5d52253839,2026,1,,Palver,,2026-09-04,2026-09-07,,5000,,full,Ronaldo Caiado,1.0,total,1.0,,,https://pt.wikipedia.org/w/index.php?title=Pesquisas_de_opini%C3%A3o_para_a_elei%C3%A7%C3%A3o_presidencial_no_Brasil_em_2026&oldid=73082572,wikipedia_revision,73082572,2026-09-29T15:02:36Z,unverified,,9ca942a568882bbd6b774a0d5553b585fd3c21e22108b84064e56abca54efbeb,others_split_from_footnote;blank_null_includes_undecided
2026-1-5d52253839,2026,1,,Palver,,2026-09-04,2026-09-07,,5000,,full,Romeu Zema,0.0,total,1.0,,,https://pt.wikipedia.org/w/index.php?title=Pesquisas_de_opini%C3%A3o_para_a_elei%C3%A7%C3%A3o_presidencial_no_Brasil_em_2026&oldid=73082572,wikipedia_revision,73082572,2026-09-29T15:02:36Z,unverified,,9ca942a568882bbd6b774a0d5553b585fd3c21e22108b84064e56abca54efbeb,others_split_from_footnote;blank_null_includes_undecided
2026-1-5d52253839,2026,1,,Palver,,2026-09-04,2026-09-07,,5000,,full,Samara Martins,0.0,total,1.0,,,https://pt.wikipedia.org/w/index.php?title=Pesquisas_de_opini%C3%A3o_para_a_elei%C3%A7%C3%A3o_presidencial_no_Brasil_em_2026&oldid=73082572,wikipedia_revision,73082572,2026-09-29T15:02:36Z,unverified,,9ca942a568882bbd6b774a0d5553b585fd3c21e22108b84064e56abca54efbeb,others_split_from_footnote;blank_null_includes_undecided
2026-1-5d52253839,2026,1,,Palver,,2026-09-04,2026-09-07,,5000,,full,Wilson Grassi,0.0,total,1.0,,,https://pt.wikipedia.org/w/index.php?title=Pesquisas_de_opini%C3%A3o_para_a_elei%C3%A7%C3%A3o_presidencial_no_Brasil_em_2026&oldid=73082572,wikipedia_revision,73082572,2026-09-29T15:02:36Z,unverified,,9ca942a568882bbd6b774a0d5553b585fd3c21e22108b84064e56abca54efbeb,others_split_from_footnote;blank_null_includes_undecided
2026-1-5d52253839,2026,1,,Palver,,2026-09-04,2026-09-07,,5000,,full,Clariana Barão,0.0,total,1.0,,,https://pt.wikipedia.org/w/index.php?title=Pesquisas_de_opini%C3%A3o_para_a_elei%C3%A7%C3%A3o_presidencial_no_Brasil_em_2026&oldid=73082572,wikipedia_revision,73082572,2026-09-29T15:02:36Z,unverified,,9ca942a568882bbd6b774a0d5553b585fd3c21e22108b84064e56abca54efbeb,others_split_from_footnote;blank_null_includes_undecided
2026-1-5d52253839,2026,1,,Palver,,2026-09-04,2026-09-07,,5000,,full,Hertz Dias,0.0,total,1.0,,,https://pt.wikipedia.org/w/index.php?title=Pesquisas_de_opini%C3%A3o_para_a_elei%C3%A7%C3%A3o_presidencial_no_Brasil_em_2026&oldid=73082572,wikipedia_revision,73082572,2026-09-29T15:02:36Z,unverified,,9ca942a568882bbd6b774a0d5553b585fd3c21e22108b84064e56abca54efbeb,others_split_from_footnote;blank_null_includes_undecided
2026-1-5d52253839,2026,1,,Palver,,2026-09-04,2026-09-07,,5000,,full,Edmilson Costa,0.0,total,1.0,,,https://pt.wikipedia.org/w/index.php?title=Pesquisas_de_opini%C3%A3o_para_a_elei%C3%A7%C3%A3o_presidencial_no_Brasil_em_2026&oldid=73082572,wikipedia_revision,73082572,2026-09-29T15:02:36Z,unverified,,9ca942a568882bbd6b774a0d5553b585fd3c21e22108b84064e56abca54efbeb,others_split_from_footnote;blank_null_includes_undecided
2026-1-5d52253839,2026,1,,Palver,,2026-09-04,2026-09-07,,5000,,full,Rui Costa Pimenta,0.0,total,1.0,,,https://pt.wikipedia.org/w/index.php?title=Pesquisas_de_opini%C3%A3o_para_a_elei%C3%A7%C3%A3o_presidencial_no_Brasil_em_2026&oldid=73082572,wikipedia_revision,73082572,2026-09-29T15:02:36Z,unverified,,9ca942a568882bbd6b774a0d5553b585fd3c21e22108b84064e56abca54efbeb,others_split_from_footnote;blank_null_includes_undecided
2026-1-5d52253839,2026,1,,Palver,,2026-09-04,2026-09-07,,5000,,full,Pablo Marçal,1.0,total,1.0,,,https://pt.wikipedia.org/w/index.php?title=Pesquisas_de_opini%C3%A3o_para_a_elei%C3%A7%C3%A3o_presidencial_no_Brasil_em_2026&oldid=73082572,wikipedia_revision,73082572,2026-09-29T15:02:36Z,unverified,,9ca942a568882bbd6b774a0d5553b585fd3c21e22108b84064e56abca54efbeb,others_split_from_footnote;blank_null_includes_undecided
2026-1-5d52253839,2026,1,,Palver,,2026-09-04,2026-09-07,,5000,,full,__others__,1.0,total,1.0,,,https://pt.wikipedia.org/w/index.php?title=Pesquisas_de_opini%C3%A3o_para_a_elei%C3%A7%C3%A3o_presidencial_no_Brasil_em_2026&oldid=73082572,wikipedia_revision,73082572,2026-09-29T15:02:36Z,unverified,,9ca942a568882bbd6b774a0d5553b585fd3c21e22108b84064e56abca54efbeb,others_split_from_footnote;blank_null_includes_undecided
2026-1-5d52253839,2026,1,,Palver,,2026-09-04,2026-09-07,,5000,,without Pablo Marçal,Lula,40.0,total,2.0,,,https://pt.wikipedia.org/w/index.php?title=Pesquisas_de_opini%C3%A3o_para_a_elei%C3%A7%C3%A3o_presidencial_no_Brasil_em_2026&oldid=73082572,wikipedia_revision,73082572,2026-09-29T15:02:36Z,unverified,,9ca942a568882bbd6b774a0d5553b585fd3c21e22108b84064e56abca54efbeb,blank_null_includes_undecided
2026-1-5d52253839,2026,1,,Palver,,2026-09-04,2026-09-07,,5000,,without Pablo Marçal,Flávio Bolsonaro,39.0,total,2.0,,,https://pt.wikipedia.org/w/index.php?title=Pesquisas_de_opini%C3%A3o_para_a_elei%C3%A7%C3%A3o_presidencial_no_Brasil_em_2026&oldid=73082572,wikipedia_revision,73082572,2026-09-29T15:02:36Z,unverified,,9ca942a568882bbd6b774a0d5553b585fd3c21e22108b84064e56abca54efbeb,blank_null_includes_undecided
2026-1-5d52253839,2026,1,,Palver,,2026-09-04,2026-09-07,,5000,,without Pablo Marçal,Augusto Cury,4.0,total,2.0,,,https://pt.wikipedia.org/w/index.php?title=Pesquisas_de_opini%C3%A3o_para_a_elei%C3%A7%C3%A3o_presidencial_no_Brasil_em_2026&oldid=73082572,wikipedia_revision,73082572,2026-09-29T15:02:36Z,unverified,,9ca942a568882bbd6b774a0d5553b585fd3c21e22108b84064e56abca54efbeb,blank_null_includes_undecided
2026-1-5d52253839,2026,1,,Palver,,2026-09-04,2026-09-07,,5000,,without Pablo Marçal,Renan Santos,11.0,total,2.0,,,https://pt.wikipedia.org/w/index.php?title=Pesquisas_de_opini%C3%A3o_para_a_elei%C3%A7%C3%A3o_presidencial_no_Brasil_em_2026&oldid=73082572,wikipedia_revision,73082572,2026-09-29T15:02:36Z,unverified,,9ca942a568882bbd6b774a0d5553b585fd3c21e22108b84064e56abca54efbeb,blank_null_includes_undecided
2026-1-5d52253839,2026,1,,Palver,,2026-09-04,2026-09-07,,5000,,without Pablo Marçal,Ronaldo Caiado,1.0,total,2.0,,,https://pt.wikipedia.org/w/index.php?title=Pesquisas_de_opini%C3%A3o_para_a_elei%C3%A7%C3%A3o_presidencial_no_Brasil_em_2026&oldid=73082572,wikipedia_revision,73082572,2026-09-29T15:02:36Z,unverified,,9ca942a568882bbd6b774a0d5553b585fd3c21e22108b84064e56abca54efbeb,blank_null_includes_undecided
2026-1-5d52253839,2026,1,,Palver,,2026-09-04,2026-09-07,,5000,,without Pablo Marçal,Romeu Zema,0.0,total,2.0,,,https://pt.wikipedia.org/w/index.php?title=Pesquisas_de_opini%C3%A3o_para_a_elei%C3%A7%C3%A3o_presidencial_no_Brasil_em_2026&oldid=73082572,wikipedia_revision,73082572,2026-09-29T15:02:36Z,unverified,,9ca942a568882bbd6b774a0d5553b585fd3c21e22108b84064e56abca54efbeb,blank_null_includes_undecided
2026-1-5d52253839,2026,1,,Palver,,2026-09-04,2026-09-07,,5000,,without Pablo Marçal,Samara Martins,0.0,total,2.0,,,https://pt.wikipedia.org/w/index.php?title=Pesquisas_de_opini%C3%A3o_para_a_elei%C3%A7%C3%A3o_presidencial_no_Brasil_em_2026&oldid=73082572,wikipedia_revision,73082572,2026-09-29T15:02:36Z,unverified,,9ca942a568882bbd6b774a0d5553b585fd3c21e22108b84064e56abca54efbeb,blank_null_includes_undecided
2026-1-5d52253839,2026,1,,Palver,,2026-09-04,2026-09-07,,5000,,without Pablo Marçal,Wilson Grassi,0.0,total,2.0,,,https://pt.wikipedia.org/w/index.php?title=Pesquisas_de_opini%C3%A3o_para_a_elei%C3%A7%C3%A3o_presidencial_no_Brasil_em_2026&oldid=73082572,wikipedia_revision,73082572,2026-09-29T15:02:36Z,unverified,,9ca942a568882bbd6b774a0d5553b585fd3c21e22108b84064e56abca54efbeb,blank_null_includes_undecided
2026-1-5d52253839,2026,1,,Palver,,2026-09-04,2026-09-07,,5000,,without Pablo Marçal,Clariana Barão,0.0,total,2.0,,,https://pt.wikipedia.org/w/index.php?title=Pesquisas_de_opini%C3%A3o_para_a_elei%C3%A7%C3%A3o_presidencial_no_Brasil_em_2026&oldid=73082572,wikipedia_revision,73082572,2026-09-29T15:02:36Z,unverified,,9ca942a568882bbd6b774a0d5553b585fd3c21e22108b84064e56abca54efbeb,blank_null_includes_undecided
2026-1-5d52253839,2026,1,,Palver,,2026-09-04,2026-09-07,,5000,,without Pablo Marçal,Hertz Dias,0.0,total,2.0,,,https://pt.wikipedia.org/w/index.php?title=Pesquisas_de_opini%C3%A3o_para_a_elei%C3%A7%C3%A3o_presidencial_no_Brasil_em_2026&oldid=73082572,wikipedia_revision,73082572,2026-09-29T15:02:36Z,unverified,,9ca942a568882bbd6b774a0d5553b585fd3c21e22108b84064e56abca54efbeb,blank_null_includes_undecided
2026-1-5d52253839,2026,1,,Palver,,2026-09-04,2026-09-07,,5000,,without Pablo Marçal,Edmilson Costa,0.0,total,2.0,,,https://pt.wikipedia.org/w/index.php?title=Pesquisas_de_opini%C3%A3o_para_a_elei%C3%A7%C3%A3o_presidencial_no_Brasil_em_2026&oldid=73082572,wikipedia_revision,73082572,2026-09-29T15:02:36Z,unverified,,9ca942a568882bbd6b774a0d5553b585fd3c21e22108b84064e56abca54efbeb,blank_null_includes_undecided
2026-1-5d52253839,2026,1,,Palver,,2026-09-04,2026-09-07,,5000,,without Pablo Marçal,Rui Costa Pimenta,0.0,total,2.0,,,https://pt.wikipedia.org/w/index.php?title=Pesquisas_de_opini%C3%A3o_para_a_elei%C3%A7%C3%A3o_presidencial_no_Brasil_em_2026&oldid=73082572,wikipedia_revision,73082572,2026-09-29T15:02:36Z,unverified,,9ca942a568882bbd6b774a0d5553b585fd3c21e22108b84064e56abca54efbeb,blank_null_includes_undecided
2026-1-5d52253839,2026,1,,Palver,,2026-09-04,2026-09-07,,5000,,without Pablo Marçal,__others__,1.0,total,2.0,,,https://pt.wikipedia.org/w/index.php?title=Pesquisas_de_opini%C3%A3o_para_a_elei%C3%A7%C3%A3o_presidencial_no_Brasil_em_2026&oldid=73082572,wikipedia_revision,73082572,2026-09-29T15:02:36Z,unverified,,9ca942a568882bbd6b774a0d5553b585fd3c21e22108b84064e56abca54efbeb,blank_null_includes_undecided
2026-1-20f02eb3fc,2026,1,,Quaest,,2026-09-03,2026-09-06,,2004,,without Pablo Marçal,Lula,36.0,total,18.0,,,https://pt.wikipedia.org/w/index.php?title=Pesquisas_de_opini%C3%A3o_para_a_elei%C3%A7%C3%A3o_presidencial_no_Brasil_em_2026&oldid=73082572,wikipedia_revision,73082572,2026-09-29T15:02:36Z,unverified,,9ca942a568882bbd6b774a0d5553b585fd3c21e22108b84064e56abca54efbeb,blank_null_includes_undecided
2026-1-20f02eb3fc,2026,1,,Quaest,,2026-09-03,2026-09-06,,2004,,without Pablo Marçal,Flávio Bolsonaro,29.0,total,18.0,,,https://pt.wikipedia.org/w/index.php?title=Pesquisas_de_opini%C3%A3o_para_a_elei%C3%A7%C3%A3o_presidencial_no_Brasil_em_2026&oldid=73082572,wikipedia_revision,73082572,2026-09-29T15:02:36Z,unverified,,9ca942a568882bbd6b774a0d5553b585fd3c21e22108b84064e56abca54efbeb,blank_null_includes_undecided
2026-1-20f02eb3fc,2026,1,,Quaest,,2026-09-03,2026-09-06,,2004,,without Pablo Marçal,Augusto Cury,8.0,total,18.0,,,https://pt.wikipedia.org/w/index.php?title=Pesquisas_de_opini%C3%A3o_para_a_elei%C3%A7%C3%A3o_presidencial_no_Brasil_em_2026&oldid=73082572,wikipedia_revision,73082572,2026-09-29T15:02:36Z,unverified,,9ca942a568882bbd6b774a0d5553b585fd3c21e22108b84064e56abca54efbeb,blank_null_includes_undecided
2026-1-20f02eb3fc,2026,1,,Quaest,,2026-09-03,2026-09-06,,2004,,without Pablo Marçal,Renan Santos,3.0,total,18.0,,,https://pt.wikipedia.org/w/index.php?title=Pesquisas_de_opini%C3%A3o_para_a_elei%C3%A7%C3%A3o_presidencial_no_Brasil_em_2026&oldid=73082572,wikipedia_revision,73082572,2026-09-29T15:02:36Z,unverified,,9ca942a568882bbd6b774a0d5553b585fd3c21e22108b84064e56abca54efbeb,blank_null_includes_undecided
2026-1-20f02eb3fc,2026,1,,Quaest,,2026-09-03,2026-09-06,,2004,,without Pablo Marçal,Ronaldo Caiado,3.0,total,18.0,,,https://pt.wikipedia.org/w/index.php?title=Pesquisas_de_opini%C3%A3o_para_a_elei%C3%A7%C3%A3o_presidencial_no_Brasil_em_2026&oldid=73082572,wikipedia_revision,73082572,2026-09-29T15:02:36Z,unverified,,9ca942a568882bbd6b774a0d5553b585fd3c21e22108b84064e56abca54efbeb,blank_null_includes_undecided
2026-1-20f02eb3fc,2026,1,,Quaest,,2026-09-03,2026-09-06,,2004,,without Pablo Marçal,Romeu Zema,2.0,total,18.0,,,https://pt.wikipedia.org/w/index.php?title=Pesquisas_de_opini%C3%A3o_para_a_elei%C3%A7%C3%A3o_presidencial_no_Brasil_em_2026&oldid=73082572,wikipedia_revision,73082572,2026-09-29T15:02:36Z,unverified,,9ca942a568882bbd6b774a0d5553b585fd3c21e22108b84064e56abca54efbeb,blank_null_includes_undecided
2026-1-20f02eb3fc,2026,1,,Quaest,,2026-09-03,2026-09-06,,2004,,without Pablo Marçal,Samara Martins,1.0,total,18.0,,,https://pt.wikipedia.org/w/index.php?title=Pesquisas_de_opini%C3%A3o_para_a_elei%C3%A7%C3%A3o_presidencial_no_Brasil_em_2026&oldid=73082572,wikipedia_revision,73082572,2026-09-29T15:02:36Z,unverified,,9ca942a568882bbd6b774a0d5553b585fd3c21e22108b84064e56abca54efbeb,blank_null_includes_undecided
2026-1-20f02eb3fc,2026,1,,Quaest,,2026-09-03,2026-09-06,,2004,,without Pablo Marçal,Wilson Grassi,0.0,total,18.0,,,https://pt.wikipedia.org/w/index.php?title=Pesquisas_de_opini%C3%A3o_para_a_elei%C3%A7%C3%A3o_presidencial_no_Brasil_em_2026&oldid=73082572,wikipedia_revision,73082572,2026-09-29T15:02:36Z,unverified,,9ca942a568882bbd6b774a0d5553b585fd3c21e22108b84064e56abca54efbeb,blank_null_includes_undecided
2026-1-20f02eb3fc,2026,1,,Quaest,,2026-09-03,2026-09-06,,2004,,without Pablo Marçal,Clariana Barão,0.0,total,18.0,,,https://pt.wikipedia.org/w/index.php?title=Pesquisas_de_opini%C3%A3o_para_a_elei%C3%A7%C3%A3o_presidencial_no_Brasil_em_2026&oldid=73082572,wikipedia_revision,73082572,2026-09-29T15:02:36Z,unverified,,9ca942a568882bbd6b774a0d5553b585fd3c21e22108b84064e56abca54efbeb,blank_null_includes_undecided
2026-1-20f02eb3fc,2026,1,,Quaest,,2026-09-03,2026-09-06,,2004,,without Pablo Marçal,Hertz Dias,0.0,total,18.0,,,https://pt.wikipedia.org/w/index.php?title=Pesquisas_de_opini%C3%A3o_para_a_elei%C3%A7%C3%A3o_presidencial_no_Brasil_em_2026&oldid=73082572,wikipedia_revision,73082572,2026-09-29T15:02:36Z,unverified,,9ca942a568882bbd6b774a0d5553b585fd3c21e22108b84064e56abca54efbeb,blank_null_includes_undecided
2026-1-20f02eb3fc,2026,1,,Quaest,,2026-09-03,2026-09-06,,2004,,without Pablo Marçal,Edmilson Costa,0.0,total,18.0,,,https://pt.wikipedia.org/w/index.php?title=Pesquisas_de_opini%C3%A3o_para_a_elei%C3%A7%C3%A3o_presidencial_no_Brasil_em_2026&oldid=73082572,wikipedia_revision,73082572,2026-09-29T15:02:36Z,unverified,,9ca942a568882bbd6b774a0d5553b585fd3c21e22108b84064e56abca54efbeb,blank_null_includes_undecided
2026-1-20f02eb3fc,2026,1,,Quaest,,2026-09-03,2026-09-06,,2004,,without Pablo Marçal,Rui Costa Pimenta,0.0,total,18.0,,,https://pt.wikipedia.org/w/index.php?title=Pesquisas_de_opini%C3%A3o_para_a_elei%C3%A7%C3%A3o_presidencial_no_Brasil_em_2026&oldid=73082572,wikipedia_revision,73082572,2026-09-29T15:02:36Z,unverified,,9ca942a568882bbd6b774a0d5553b585fd3c21e22108b84064e56abca54efbeb,blank_null_includes_undecided
2026-1-20f02eb3fc,2026,1,,Quaest,,2026-09-03,2026-09-06,,2004,,full,Lula,36.0,total,17.0,,,https://pt.wikipedia.org/w/index.php?title=Pesquisas_de_opini%C3%A3o_para_a_elei%C3%A7%C3%A3o_presidencial_no_Brasil_em_2026&oldid=73082572,wikipedia_revision,73082572,2026-09-29T15:02:36Z,unverified,,9ca942a568882bbd6b774a0d5553b585fd3c21e22108b84064e56abca54efbeb,others_column_named_candidate;blank_null_includes_undecided
2026-1-20f02eb3fc,2026,1,,Quaest,,2026-09-03,2026-09-06,,2004,,full,Flávio Bolsonaro,29.0,total,17.0,,,https://pt.wikipedia.org/w/index.php?title=Pesquisas_de_opini%C3%A3o_para_a_elei%C3%A7%C3%A3o_presidencial_no_Brasil_em_2026&oldid=73082572,wikipedia_revision,73082572,2026-09-29T15:02:36Z,unverified,,9ca942a568882bbd6b774a0d5553b585fd3c21e22108b84064e56abca54efbeb,others_column_named_candidate;blank_null_includes_undecided
2026-1-20f02eb3fc,2026,1,,Quaest,,2026-09-03,2026-09-06,,2004,,full,Augusto Cury,8.0,total,17.0,,,https://pt.wikipedia.org/w/index.php?title=Pesquisas_de_opini%C3%A3o_para_a_elei%C3%A7%C3%A3o_presidencial_no_Brasil_em_2026&oldid=73082572,wikipedia_revision,73082572,2026-09-29T15:02:36Z,unverified,,9ca942a568882bbd6b774a0d5553b585fd3c21e22108b84064e56abca54efbeb,others_column_named_candidate;blank_null_includes_undecided
2026-1-20f02eb3fc,2026,1,,Quaest,,2026-09-03,2026-09-06,,2004,,full,Renan Santos,3.0,total,17.0,,,https://pt.wikipedia.org/w/index.php?title=Pesquisas_de_opini%C3%A3o_para_a_elei%C3%A7%C3%A3o_presidencial_no_Brasil_em_2026&oldid=73082572,wikipedia_revision,73082572,2026-09-29T15:02:36Z,unverified,,9ca942a568882bbd6b774a0d5553b585fd3c21e22108b84064e56abca54efbeb,others_column_named_candidate;blank_null_includes_undecided
2026-1-20f02eb3fc,2026,1,,Quaest,,2026-09-03,2026-09-06,,2004,,full,Ronaldo Caiado,3.0,total,17.0,,,https://pt.wikipedia.org/w/index.php?title=Pesquisas_de_opini%C3%A3o_para_a_elei%C3%A7%C3%A3o_presidencial_no_Brasil_em_2026&oldid=73082572,wikipedia_revision,73082572,2026-09-29T15:02:36Z,unverified,,9ca942a568882bbd6b774a0d5553b585fd3c21e22108b84064e56abca54efbeb,others_column_named_candidate;blank_null_includes_undecided
2026-1-20f02eb3fc,2026,1,,Quaest,,2026-09-03,2026-09-06,,2004,,full,Romeu Zema,2.0,total,17.0,,,https://pt.wikipedia.org/w/index.php?title=Pesquisas_de_opini%C3%A3o_para_a_elei%C3%A7%C3%A3o_presidencial_no_Brasil_em_2026&oldid=73082572,wikipedia_revision,73082572,2026-09-29T15:02:36Z,unverified,,9ca942a568882bbd6b774a0d5553b585fd3c21e22108b84064e56abca54efbeb,others_column_named_candidate;blank_null_includes_undecided
2026-1-20f02eb3fc,2026,1,,Quaest,,2026-09-03,2026-09-06,,2004,,full,Samara Martins,1.0,total,17.0,,,https://pt.wikipedia.org/w/index.php?title=Pesquisas_de_opini%C3%A3o_para_a_elei%C3%A7%C3%A3o_presidencial_no_Brasil_em_2026&oldid=73082572,wikipedia_revision,73082572,2026-09-29T15:02:36Z,unverified,,9ca942a568882bbd6b774a0d5553b585fd3c21e22108b84064e56abca54efbeb,others_column_named_candidate;blank_null_includes_undecided
2026-1-20f02eb3fc,2026,1,,Quaest,,2026-09-03,2026-09-06,,2004,,full,Wilson Grassi,0.0,total,17.0,,,https://pt.wikipedia.org/w/index.php?title=Pesquisas_de_opini%C3%A3o_para_a_elei%C3%A7%C3%A3o_presidencial_no_Brasil_em_2026&oldid=73082572,wikipedia_revision,73082572,2026-09-29T15:02:36Z,unverified,,9ca942a568882bbd6b774a0d5553b585fd3c21e22108b84064e56abca54efbeb,others_column_named_candidate;blank_null_includes_undecided
2026-1-20f02eb3fc,2026,1,,Quaest,,2026-09-03,2026-09-06,,2004,,full,Clariana Barão,0.0,total,17.0,,,https://pt.wikipedia.org/w/index.php?title=Pesquisas_de_opini%C3%A3o_para_a_elei%C3%A7%C3%A3o_presidencial_no_Brasil_em_2026&oldid=73082572,wikipedia_revision,73082572,2026-09-29T15:02:36Z,unverified,,9ca942a568882bbd6b774a0d5553b585fd3c21e22108b84064e56abca54efbeb,others_column_named_candidate;blank_null_includes_undecided
2026-1-20f02eb3fc,2026,1,,Quaest,,2026-09-03,2026-09-06,,2004,,full,Hertz Dias,0.0,total,17.0,,,https://pt.wikipedia.org/w/index.php?title=Pesquisas_de_opini%C3%A3o_para_a_elei%C3%A7%C3%A3o_presidencial_no_Brasil_em_2026&oldid=73082572,wikipedia_revision,73082572,2026-09-29T15:02:36Z,unverified,,9ca942a568882bbd6b774a0d5553b585fd3c21e22108b84064e56abca54efbeb,others_column_named_candidate;blank_null_includes_undecided
2026-1-20f02eb3fc,2026,1,,Quaest,,2026-09-03,2026-09-06,,2004,,full,Edmilson Costa,0.0,total,17.0,,,https://pt.wikipedia.org/w/index.php?title=Pesquisas_de_opini%C3%A3o_para_a_elei%C3%A7%C3%A3o_presidencial_no_Brasil_em_2026&oldid=73082572,wikipedia_revision,73082572,2026-09-29T15:02:36Z,unverified,,9ca942a568882bbd6b774a0d5553b585fd3c21e22108b84064e56abca54efbeb,others_column_named_candidate;blank_null_includes_undecided
2026-1-20f02eb3fc,2026,1,,Quaest,,2026-09-03,2026-09-06,,2004,,full,Rui Costa Pimenta,0.0,total,17.0,,,https://pt.wikipedia.org/w/index.php?title=Pesquisas_de_opini%C3%A3o_para_a_elei%C3%A7%C3%A3o_presidencial_no_Brasil_em_2026&oldid=73082572,wikipedia_revision,73082572,2026-09-29T15:02:36Z,unverified,,9ca942a568882bbd6b774a0d5553b585fd3c21e22108b84064e56abca54efbeb,others_column_named_candidate;blank_null_includes_undecided
2026-1-20f02eb3fc,2026,1,,Quaest,,2026-09-03,2026-09-06,,2004,,full,Pablo Marçal,1.0,total,17.0,,,https://pt.wikipedia.org/w/index.php?title=Pesquisas_de_opini%C3%A3o_para_a_elei%C3%A7%C3%A3o_presidencial_no_Brasil_em_2026&oldid=73082572,wikipedia_revision,73082572,2026-09-29T15:02:36Z,unverified,,9ca942a568882bbd6b774a0d5553b585fd3c21e22108b84064e56abca54efbeb,others_column_named_candidate;blank_null_includes_undecided
2026-1-3e6ad4ed41,2026,1,,Veritá,,2026-09-01,2026-09-04,,3804,,main,Lula,38.4,total,2.0,,,https://pt.wikipedia.org/w/index.php?title=Pesquisas_de_opini%C3%A3o_para_a_elei%C3%A7%C3%A3o_presidencial_no_Brasil_em_2026&oldid=73082572,wikipedia_revision,73082572,2026-09-29T15:02:36Z,unverified,,9ca942a568882bbd6b774a0d5553b585fd3c21e22108b84064e56abca54efbeb,others_column_named_candidate;blank_null_includes_undecided
2026-1-3e6ad4ed41,2026,1,,Veritá,,2026-09-01,2026-09-04,,3804,,main,Flávio Bolsonaro,38.9,total,2.0,,,https://pt.wikipedia.org/w/index.php?title=Pesquisas_de_opini%C3%A3o_para_a_elei%C3%A7%C3%A3o_presidencial_no_Brasil_em_2026&oldid=73082572,wikipedia_revision,73082572,2026-09-29T15:02:36Z,unverified,,9ca942a568882bbd6b774a0d5553b585fd3c21e22108b84064e56abca54efbeb,others_column_named_candidate;blank_null_includes_undecided
2026-1-3e6ad4ed41,2026,1,,Veritá,,2026-09-01,2026-09-04,,3804,,main,Augusto Cury,12.2,total,2.0,,,https://pt.wikipedia.org/w/index.php?title=Pesquisas_de_opini%C3%A3o_para_a_elei%C3%A7%C3%A3o_presidencial_no_Brasil_em_2026&oldid=73082572,wikipedia_revision,73082572,2026-09-29T15:02:36Z,unverified,,9ca942a568882bbd6b774a0d5553b585fd3c21e22108b84064e56abca54efbeb,others_column_named_candidate;blank_null_includes_undecided
2026-1-3e6ad4ed41,2026,1,,Veritá,,2026-09-01,2026-09-04,,3804,,main,Renan Santos,3.7,total,2.0,,,https://pt.wikipedia.org/w/index.php?title=Pesquisas_de_opini%C3%A3o_para_a_elei%C3%A7%C3%A3o_presidencial_no_Brasil_em_2026&oldid=73082572,wikipedia_revision,73082572,2026-09-29T15:02:36Z,unverified,,9ca942a568882bbd6b774a0d5553b585fd3c21e22108b84064e56abca54efbeb,others_column_named_candidate;blank_null_includes_undecided
2026-1-3e6ad4ed41,2026,1,,Veritá,,2026-09-01,2026-09-04,,3804,,main,Ronaldo Caiado,1.9,total,2.0,,,https://pt.wikipedia.org/w/index.php?title=Pesquisas_de_opini%C3%A3o_para_a_elei%C3%A7%C3%A3o_presidencial_no_Brasil_em_2026&oldid=73082572,wikipedia_revision,73082572,2026-09-29T15:02:36Z,unverified,,9ca942a568882bbd6b774a0d5553b585fd3c21e22108b84064e56abca54efbeb,others_column_named_candidate;blank_null_includes_undecided
2026-1-3e6ad4ed41,2026,1,,Veritá,,2026-09-01,2026-09-04,,3804,,main,Romeu Zema,0.3,total,2.0,,,https://pt.wikipedia.org/w/index.php?title=Pesquisas_de_opini%C3%A3o_para_a_elei%C3%A7%C3%A3o_presidencial_no_Brasil_em_2026&oldid=73082572,wikipedia_revision,73082572,2026-09-29T15:02:36Z,unverified,,9ca942a568882bbd6b774a0d5553b585fd3c21e22108b84064e56abca54efbeb,others_column_named_candidate;blank_null_includes_undecided
2026-1-3e6ad4ed41,2026,1,,Veritá,,2026-09-01,2026-09-04,,3804,,main,Samara Martins,0.2,total,2.0,,,https://pt.wikipedia.org/w/index.php?title=Pesquisas_de_opini%C3%A3o_para_a_elei%C3%A7%C3%A3o_presidencial_no_Brasil_em_2026&oldid=73082572,wikipedia_revision,73082572,2026-09-29T15:02:36Z,unverified,,9ca942a568882bbd6b774a0d5553b585fd3c21e22108b84064e56abca54efbeb,others_column_named_candidate;blank_null_includes_undecided
2026-1-3e6ad4ed41,2026,1,,Veritá,,2026-09-01,2026-09-04,,3804,,main,Clariana Barão,0.3,total,2.0,,,https://pt.wikipedia.org/w/index.php?title=Pesquisas_de_opini%C3%A3o_para_a_elei%C3%A7%C3%A3o_presidencial_no_Brasil_em_2026&oldid=73082572,wikipedia_revision,73082572,2026-09-29T15:02:36Z,unverified,,9ca942a568882bbd6b774a0d5553b585fd3c21e22108b84064e56abca54efbeb,others_column_named_candidate;blank_null_includes_undecided
2026-1-3e6ad4ed41,2026,1,,Veritá,,2026-09-01,2026-09-04,,3804,,main,Hertz Dias,0.4,total,2.0,,,https://pt.wikipedia.org/w/index.php?title=Pesquisas_de_opini%C3%A3o_para_a_elei%C3%A7%C3%A3o_presidencial_no_Brasil_em_2026&oldid=73082572,wikipedia_revision,73082572,2026-09-29T15:02:36Z,unverified,,9ca942a568882bbd6b774a0d5553b585fd3c21e22108b84064e56abca54efbeb,others_column_named_candidate;blank_null_includes_undecided
2026-1-3e6ad4ed41,2026,1,,Veritá,,2026-09-01,2026-09-04,,3804,,main,Edmilson Costa,0.3,total,2.0,,,https://pt.wikipedia.org/w/index.php?title=Pesquisas_de_opini%C3%A3o_para_a_elei%C3%A7%C3%A3o_presidencial_no_Brasil_em_2026&oldid=73082572,wikipedia_revision,73082572,2026-09-29T15:02:36Z,unverified,,9ca942a568882bbd6b774a0d5553b585fd3c21e22108b84064e56abca54efbeb,others_column_named_candidate;blank_null_includes_undecided
2026-1-3e6ad4ed41,2026,1,,Veritá,,2026-09-01,2026-09-04,,3804,,main,Pablo Marçal,1.3,total,2.0,,,https://pt.wikipedia.org/w/index.php?title=Pesquisas_de_opini%C3%A3o_para_a_elei%C3%A7%C3%A3o_presidencial_no_Brasil_em_2026&oldid=73082572,wikipedia_revision,73082572,2026-09-29T15:02:36Z,unverified,,9ca942a568882bbd6b774a0d5553b585fd3c21e22108b84064e56abca54efbeb,others_column_named_candidate;blank_null_includes_undecided
2026-1-8f7c5340f4,2026,1,,Datafolha,,2026-09-01,2026-09-02,,2002,,main,Lula,38.0,total,9.0,,,https://pt.wikipedia.org/w/index.php?title=Pesquisas_de_opini%C3%A3o_para_a_elei%C3%A7%C3%A3o_presidencial_no_Brasil_em_2026&oldid=73082572,wikipedia_revision,73082572,2026-09-29T15:02:36Z,unverified,,9ca942a568882bbd6b774a0d5553b585fd3c21e22108b84064e56abca54efbeb,blank_null_includes_undecided
2026-1-8f7c5340f4,2026,1,,Datafolha,,2026-09-01,2026-09-02,,2002,,main,Flávio Bolsonaro,33.0,total,9.0,,,https://pt.wikipedia.org/w/index.php?title=Pesquisas_de_opini%C3%A3o_para_a_elei%C3%A7%C3%A3o_presidencial_no_Brasil_em_2026&oldid=73082572,wikipedia_revision,73082572,2026-09-29T15:02:36Z,unverified,,9ca942a568882bbd6b774a0d5553b585fd3c21e22108b84064e56abca54efbeb,blank_null_includes_undecided
2026-1-8f7c5340f4,2026,1,,Datafolha,,2026-09-01,2026-09-02,,2002,,main,Augusto Cury,8.0,total,9.0,,,https://pt.wikipedia.org/w/index.php?title=Pesquisas_de_opini%C3%A3o_para_a_elei%C3%A7%C3%A3o_presidencial_no_Brasil_em_2026&oldid=73082572,wikipedia_revision,73082572,2026-09-29T15:02:36Z,unverified,,9ca942a568882bbd6b774a0d5553b585fd3c21e22108b84064e56abca54efbeb,blank_null_includes_undecided
2026-1-8f7c5340f4,2026,1,,Datafolha,,2026-09-01,2026-09-02,,2002,,main,Renan Santos,3.0,total,9.0,,,https://pt.wikipedia.org/w/index.php?title=Pesquisas_de_opini%C3%A3o_para_a_elei%C3%A7%C3%A3o_presidencial_no_Brasil_em_2026&oldid=73082572,wikipedia_revision,73082572,2026-09-29T15:02:36Z,unverified,,9ca942a568882bbd6b774a0d5553b585fd3c21e22108b84064e56abca54efbeb,blank_null_includes_undecided
2026-1-8f7c5340f4,2026,1,,Datafolha,,2026-09-01,2026-09-02,,2002,,main,Ronaldo Caiado,4.0,total,9.0,,,https://pt.wikipedia.org/w/index.php?title=Pesquisas_de_opini%C3%A3o_para_a_elei%C3%A7%C3%A3o_presidencial_no_Brasil_em_2026&oldid=73082572,wikipedia_revision,73082572,2026-09-29T15:02:36Z,unverified,,9ca942a568882bbd6b774a0d5553b585fd3c21e22108b84064e56abca54efbeb,blank_null_includes_undecided
2026-1-8f7c5340f4,2026,1,,Datafolha,,2026-09-01,2026-09-02,,2002,,main,Romeu Zema,2.0,total,9.0,,,https://pt.wikipedia.org/w/index.php?title=Pesquisas_de_opini%C3%A3o_para_a_elei%C3%A7%C3%A3o_presidencial_no_Brasil_em_2026&oldid=73082572,wikipedia_revision,73082572,2026-09-29T15:02:36Z,unverified,,9ca942a568882bbd6b774a0d5553b585fd3c21e22108b84064e56abca54efbeb,blank_null_includes_undecided
2026-1-8f7c5340f4,2026,1,,Datafolha,,2026-09-01,2026-09-02,,2002,,main,Samara Martins,1.0,total,9.0,,,https://pt.wikipedia.org/w/index.php?title=Pesquisas_de_opini%C3%A3o_para_a_elei%C3%A7%C3%A3o_presidencial_no_Brasil_em_2026&oldid=73082572,wikipedia_revision,73082572,2026-09-29T15:02:36Z,unverified,,9ca942a568882bbd6b774a0d5553b585fd3c21e22108b84064e56abca54efbeb,blank_null_includes_undecided
2026-1-8f7c5340f4,2026,1,,Datafolha,,2026-09-01,2026-09-02,,2002,,main,Wilson Grassi,0.0,total,9.0,,,https://pt.wikipedia.org/w/index.php?title=Pesquisas_de_opini%C3%A3o_para_a_elei%C3%A7%C3%A3o_presidencial_no_Brasil_em_2026&oldid=73082572,wikipedia_revision,73082572,2026-09-29T15:02:36Z,unverified,,9ca942a568882bbd6b774a0d5553b585fd3c21e22108b84064e56abca54efbeb,blank_null_includes_undecided
2026-1-8f7c5340f4,2026,1,,Datafolha,,2026-09-01,2026-09-02,,2002,,main,Clariana Barão,0.0,total,9.0,,,https://pt.wikipedia.org/w/index.php?title=Pesquisas_de_opini%C3%A3o_para_a_elei%C3%A7%C3%A3o_presidencial_no_Brasil_em_2026&oldid=73082572,wikipedia_revision,73082572,2026-09-29T15:02:36Z,unverified,,9ca942a568882bbd6b774a0d5553b585fd3c21e22108b84064e56abca54efbeb,blank_null_includes_undecided
2026-1-8f7c5340f4,2026,1,,Datafolha,,2026-09-01,2026-09-02,,2002,,main,Hertz Dias,2.0,total,9.0,,,https://pt.wikipedia.org/w/index.php?title=Pesquisas_de_opini%C3%A3o_para_a_elei%C3%A7%C3%A3o_presidencial_no_Brasil_em_2026&oldid=73082572,wikipedia_revision,73082572,2026-09-29T15:02:36Z,unverified,,9ca942a568882bbd6b774a0d5553b585fd3c21e22108b84064e56abca54efbeb,blank_null_includes_undecided
2026-1-8f7c5340f4,2026,1,,Datafolha,,2026-09-01,2026-09-02,,2002,,main,Edmilson Costa,1.0,total,9.0,,,https://pt.wikipedia.org/w/index.php?title=Pesquisas_de_opini%C3%A3o_para_a_elei%C3%A7%C3%A3o_presidencial_no_Brasil_em_2026&oldid=73082572,wikipedia_revision,73082572,2026-09-29T15:02:36Z,unverified,,9ca942a568882bbd6b774a0d5553b585fd3c21e22108b84064e56abca54efbeb,blank_null_includes_undecided
2026-1-8f7c5340f4,2026,1,,Datafolha,,2026-09-01,2026-09-02,,2002,,main,Rui Costa Pimenta,1.0,total,9.0,,,https://pt.wikipedia.org/w/index.php?title=Pesquisas_de_opini%C3%A3o_para_a_elei%C3%A7%C3%A3o_presidencial_no_Brasil_em_2026&oldid=73082572,wikipedia_revision,73082572,2026-09-29T15:02:36Z,unverified,,9ca942a568882bbd6b774a0d5553b585fd3c21e22108b84064e56abca54efbeb,blank_null_includes_undecided
2026-1-fb0ad4acc8,2026,1,,PoderData,Aya,2026-08-30,2026-09-02,,3000,,main,Lula,37.0,total,7.0,,,https://pt.wikipedia.org/w/index.php?title=Pesquisas_de_opini%C3%A3o_para_a_elei%C3%A7%C3%A3o_presidencial_no_Brasil_em_2026&oldid=73082572,wikipedia_revision,73082572,2026-09-29T15:02:36Z,unverified,,9ca942a568882bbd6b774a0d5553b585fd3c21e22108b84064e56abca54efbeb,others_column_named_candidate;blank_null_includes_undecided
2026-1-fb0ad4acc8,2026,1,,PoderData,Aya,2026-08-30,2026-09-02,,3000,,main,Flávio Bolsonaro,34.0,total,7.0,,,https://pt.wikipedia.org/w/index.php?title=Pesquisas_de_opini%C3%A3o_para_a_elei%C3%A7%C3%A3o_presidencial_no_Brasil_em_2026&oldid=73082572,wikipedia_revision,73082572,2026-09-29T15:02:36Z,unverified,,9ca942a568882bbd6b774a0d5553b585fd3c21e22108b84064e56abca54efbeb,others_column_named_candidate;blank_null_includes_undecided
2026-1-fb0ad4acc8,2026,1,,PoderData,Aya,2026-08-30,2026-09-02,,3000,,main,Augusto Cury,10.0,total,7.0,,,https://pt.wikipedia.org/w/index.php?title=Pesquisas_de_opini%C3%A3o_para_a_elei%C3%A7%C3%A3o_presidencial_no_Brasil_em_2026&oldid=73082572,wikipedia_revision,73082572,2026-09-29T15:02:36Z,unverified,,9ca942a568882bbd6b774a0d5553b585fd3c21e22108b84064e56abca54efbeb,others_column_named_candidate;blank_null_includes_undecided
2026-1-fb0ad4acc8,2026,1,,PoderData,Aya,2026-08-30,2026-09-02,,3000,,main,Renan Santos,3.0,total,7.0,,,https://pt.wikipedia.org/w/index.php?title=Pesquisas_de_opini%C3%A3o_para_a_elei%C3%A7%C3%A3o_presidencial_no_Brasil_em_2026&oldid=73082572,wikipedia_revision,73082572,2026-09-29T15:02:36Z,unverified,,9ca942a568882bbd6b774a0d5553b585fd3c21e22108b84064e56abca54efbeb,others_column_named_candidate;blank_null_includes_undecided
2026-1-fb0ad4acc8,2026,1,,PoderData,Aya,2026-08-30,2026-09-02,,3000,,main,Ronaldo Caiado,2.0,total,7.0,,,https://pt.wikipedia.org/w/index.php?title=Pesquisas_de_opini%C3%A3o_para_a_elei%C3%A7%C3%A3o_presidencial_no_Brasil_em_2026&oldid=73082572,wikipedia_revision,73082572,2026-09-29T15:02:36Z,unverified,,9ca942a568882bbd6b774a0d5553b585fd3c21e22108b84064e56abca54efbeb,others_column_named_candidate;blank_null_includes_undecided
2026-1-fb0ad4acc8,2026,1,,PoderData,Aya,2026-08-30,2026-09-02,,3000,,main,Romeu Zema,1.0,total,7.0,,,https://pt.wikipedia.org/w/index.php?title=Pesquisas_de_opini%C3%A3o_para_a_elei%C3%A7%C3%A3o_presidencial_no_Brasil_em_2026&oldid=73082572,wikipedia_revision,73082572,2026-09-29T15:02:36Z,unverified,,9ca942a568882bbd6b774a0d5553b585fd3c21e22108b84064e56abca54efbeb,others_column_named_candidate;blank_null_includes_undecided
2026-1-fb0ad4acc8,2026,1,,PoderData,Aya,2026-08-30,2026-09-02,,3000,,main,Samara Martins,1.0,total,7.0,,,https://pt.wikipedia.org/w/index.php?title=Pesquisas_de_opini%C3%A3o_para_a_elei%C3%A7%C3%A3o_presidencial_no_Brasil_em_2026&oldid=73082572,wikipedia_revision,73082572,2026-09-29T15:02:36Z,unverified,,9ca942a568882bbd6b774a0d5553b585fd3c21e22108b84064e56abca54efbeb,others_column_named_candidate;blank_null_includes_undecided
2026-1-fb0ad4acc8,2026,1,,PoderData,Aya,2026-08-30,2026-09-02,,3000,,main,Wilson Grassi,0.0,total,7.0,,,https://pt.wikipedia.org/w/index.php?title=Pesquisas_de_opini%C3%A3o_para_a_elei%C3%A7%C3%A3o_presidencial_no_Brasil_em_2026&oldid=73082572,wikipedia_revision,73082572,2026-09-29T15:02:36Z,unverified,,9ca942a568882bbd6b774a0d5553b585fd3c21e22108b84064e56abca54efbeb,others_column_named_candidate;blank_null_includes_undecided
2026-1-fb0ad4acc8,2026,1,,PoderData,Aya,2026-08-30,2026-09-02,,3000,,main,Clariana Barão,1.0,total,7.0,,,https://pt.wikipedia.org/w/index.php?title=Pesquisas_de_opini%C3%A3o_para_a_elei%C3%A7%C3%A3o_presidencial_no_Brasil_em_2026&oldid=73082572,wikipedia_revision,73082572,2026-09-29T15:02:36Z,unverified,,9ca942a568882bbd6b774a0d5553b585fd3c21e22108b84064e56abca54efbeb,others_column_named_candidate;blank_null_includes_undecided
2026-1-fb0ad4acc8,2026,1,,PoderData,Aya,2026-08-30,2026-09-02,,3000,,main,Hertz Dias,2.0,total,7.0,,,https://pt.wikipedia.org/w/index.php?title=Pesquisas_de_opini%C3%A3o_para_a_elei%C3%A7%C3%A3o_presidencial_no_Brasil_em_2026&oldid=73082572,wikipedia_revision,73082572,2026-09-29T15:02:36Z,unverified,,9ca942a568882bbd6b774a0d5553b585fd3c21e22108b84064e56abca54efbeb,others_column_named_candidate;blank_null_includes_undecided
2026-1-fb0ad4acc8,2026,1,,PoderData,Aya,2026-08-30,2026-09-02,,3000,,main,Edmilson Costa,1.0,total,7.0,,,https://pt.wikipedia.org/w/index.php?title=Pesquisas_de_opini%C3%A3o_para_a_elei%C3%A7%C3%A3o_presidencial_no_Brasil_em_2026&oldid=73082572,wikipedia_revision,73082572,2026-09-29T15:02:36Z,unverified,,9ca942a568882bbd6b774a0d5553b585fd3c21e22108b84064e56abca54efbeb,others_column_named_candidate;blank_null_includes_undecided
2026-1-fb0ad4acc8,2026,1,,PoderData,Aya,2026-08-30,2026-09-02,,3000,,main,Rui Costa Pimenta,1.0,total,7.0,,,https://pt.wikipedia.org/w/index.php?title=Pesquisas_de_opini%C3%A3o_para_a_elei%C3%A7%C3%A3o_presidencial_no_Brasil_em_2026&oldid=73082572,wikipedia_revision,73082572,2026-09-29T15:02:36Z,unverified,,9ca942a568882bbd6b774a0d5553b585fd3c21e22108b84064e56abca54efbeb,others_column_named_candidate;blank_null_includes_undecided
2026-1-fb0ad4acc8,2026,1,,PoderData,Aya,2026-08-30,2026-09-02,,3000,,main,Pablo Marçal,2.0,total,7.0,,,https://pt.wikipedia.org/w/index.php?title=Pesquisas_de_opini%C3%A3o_para_a_elei%C3%A7%C3%A3o_presidencial_no_Brasil_em_2026&oldid=73082572,wikipedia_revision,73082572,2026-09-29T15:02:36Z,unverified,,9ca942a568882bbd6b774a0d5553b585fd3c21e22108b84064e56abca54efbeb,others_column_named_candidate;blank_null_includes_undecided
2026-1-0dde5a6ca7,2026,1,,Futura,Apex,2026-08-27,2026-09-01,,2000,,main,Lula,38.7,total,6.1,,,https://pt.wikipedia.org/w/index.php?title=Pesquisas_de_opini%C3%A3o_para_a_elei%C3%A7%C3%A3o_presidencial_no_Brasil_em_2026&oldid=73082572,wikipedia_revision,73082572,2026-09-29T15:02:36Z,unverified,,9ca942a568882bbd6b774a0d5553b585fd3c21e22108b84064e56abca54efbeb,others_column_named_candidate;blank_null_includes_undecided
2026-1-0dde5a6ca7,2026,1,,Futura,Apex,2026-08-27,2026-09-01,,2000,,main,Flávio Bolsonaro,33.6,total,6.1,,,https://pt.wikipedia.org/w/index.php?title=Pesquisas_de_opini%C3%A3o_para_a_elei%C3%A7%C3%A3o_presidencial_no_Brasil_em_2026&oldid=73082572,wikipedia_revision,73082572,2026-09-29T15:02:36Z,unverified,,9ca942a568882bbd6b774a0d5553b585fd3c21e22108b84064e56abca54efbeb,others_column_named_candidate;blank_null_includes_undecided
2026-1-0dde5a6ca7,2026,1,,Futura,Apex,2026-08-27,2026-09-01,,2000,,main,Augusto Cury,9.9,total,6.1,,,https://pt.wikipedia.org/w/index.php?title=Pesquisas_de_opini%C3%A3o_para_a_elei%C3%A7%C3%A3o_presidencial_no_Brasil_em_2026&oldid=73082572,wikipedia_revision,73082572,2026-09-29T15:02:36Z,unverified,,9ca942a568882bbd6b774a0d5553b585fd3c21e22108b84064e56abca54efbeb,others_column_named_candidate;blank_null_includes_undecided
2026-1-0dde5a6ca7,2026,1,,Futura,Apex,2026-08-27,2026-09-01,,2000,,main,Renan Santos,2.8,total,6.1,,,https://pt.wikipedia.org/w/index.php?title=Pesquisas_de_opini%C3%A3o_para_a_elei%C3%A7%C3%A3o_presidencial_no_Brasil_em_2026&oldid=73082572,wikipedia_revision,73082572,2026-09-29T15:02:36Z,unverified,,9ca942a568882bbd6b774a0d5553b585fd3c21e22108b84064e56abca54efbeb,others_column_named_candidate;blank_null_includes_undecided
2026-1-0dde5a6ca7,2026,1,,Futura,Apex,2026-08-27,2026-09-01,,2000,,main,Ronaldo Caiado,3.5,total,6.1,,,https://pt.wikipedia.org/w/index.php?title=Pesquisas_de_opini%C3%A3o_para_a_elei%C3%A7%C3%A3o_presidencial_no_Brasil_em_2026&oldid=73082572,wikipedia_revision,73082572,2026-09-29T15:02:36Z,unverified,,9ca942a568882bbd6b774a0d5553b585fd3c21e22108b84064e56abca54efbeb,others_column_named_candidate;blank_null_includes_undecided
2026-1-0dde5a6ca7,2026,1,,Futura,Apex,2026-08-27,2026-09-01,,2000,,main,Romeu Zema,1.6,total,6.1,,,https://pt.wikipedia.org/w/index.php?title=Pesquisas_de_opini%C3%A3o_para_a_elei%C3%A7%C3%A3o_presidencial_no_Brasil_em_2026&oldid=73082572,wikipedia_revision,73082572,2026-09-29T15:02:36Z,unverified,,9ca942a568882bbd6b774a0d5553b585fd3c21e22108b84064e56abca54efbeb,others_column_named_candidate;blank_null_includes_undecided
2026-1-0dde5a6ca7,2026,1,,Futura,Apex,2026-08-27,2026-09-01,,2000,,main,Samara Martins,0.4,total,6.1,,,https://pt.wikipedia.org/w/index.php?title=Pesquisas_de_opini%C3%A3o_para_a_elei%C3%A7%C3%A3o_presidencial_no_Brasil_em_2026&oldid=73082572,wikipedia_revision,73082572,2026-09-29T15:02:36Z,unverified,,9ca942a568882bbd6b774a0d5553b585fd3c21e22108b84064e56abca54efbeb,others_column_named_candidate;blank_null_includes_undecided
2026-1-0dde5a6ca7,2026,1,,Futura,Apex,2026-08-27,2026-09-01,,2000,,main,Wilson Grassi,0.3,total,6.1,,,https://pt.wikipedia.org/w/index.php?title=Pesquisas_de_opini%C3%A3o_para_a_elei%C3%A7%C3%A3o_presidencial_no_Brasil_em_2026&oldid=73082572,wikipedia_revision,73082572,2026-09-29T15:02:36Z,unverified,,9ca942a568882bbd6b774a0d5553b585fd3c21e22108b84064e56abca54efbeb,others_column_named_candidate;blank_null_includes_undecided
2026-1-0dde5a6ca7,2026,1,,Futura,Apex,2026-08-27,2026-09-01,,2000,,main,Hertz Dias,0.1,total,6.1,,,https://pt.wikipedia.org/w/index.php?title=Pesquisas_de_opini%C3%A3o_para_a_elei%C3%A7%C3%A3o_presidencial_no_Brasil_em_2026&oldid=73082572,wikipedia_revision,73082572,2026-09-29T15:02:36Z,unverified,,9ca942a568882bbd6b774a0d5553b585fd3c21e22108b84064e56abca54efbeb,others_column_named_candidate;blank_null_includes_undecided
2026-1-0dde5a6ca7,2026,1,,Futura,Apex,2026-08-27,2026-09-01,,2000,,main,Rui Costa Pimenta,0.3,total,6.1,,,https://pt.wikipedia.org/w/index.php?title=Pesquisas_de_opini%C3%A3o_para_a_elei%C3%A7%C3%A3o_presidencial_no_Brasil_em_2026&oldid=73082572,wikipedia_revision,73082572,2026-09-29T15:02:36Z,unverified,,9ca942a568882bbd6b774a0d5553b585fd3c21e22108b84064e56abca54efbeb,others_column_named_candidate;blank_null_includes_undecided
2026-1-0dde5a6ca7,2026,1,,Futura,Apex,2026-08-27,2026-09-01,,2000,,main,Pablo Marçal,2.7,total,6.1,,,https://pt.wikipedia.org/w/index.php?title=Pesquisas_de_opini%C3%A3o_para_a_elei%C3%A7%C3%A3o_presidencial_no_Brasil_em_2026&oldid=73082572,wikipedia_revision,73082572,2026-09-29T15:02:36Z,unverified,,9ca942a568882bbd6b774a0d5553b585fd3c21e22108b84064e56abca54efbeb,others_column_named_candidate;blank_null_includes_undecided
2026-1-b6a17a1157,2026,1,,Quaest,,2026-08-30,2026-09-01,,2004,,full,Lula,37.0,total,18.0,,,https://pt.wikipedia.org/w/index.php?title=Pesquisas_de_opini%C3%A3o_para_a_elei%C3%A7%C3%A3o_presidencial_no_Brasil_em_2026&oldid=73082572,wikipedia_revision,73082572,2026-09-29T15:02:36Z,unverified,,9ca942a568882bbd6b774a0d5553b585fd3c21e22108b84064e56abca54efbeb,others_column_named_candidate;blank_null_includes_undecided
2026-1-b6a17a1157,2026,1,,Quaest,,2026-08-30,2026-09-01,,2004,,full,Flávio Bolsonaro,30.0,total,18.0,,,https://pt.wikipedia.org/w/index.php?title=Pesquisas_de_opini%C3%A3o_para_a_elei%C3%A7%C3%A3o_presidencial_no_Brasil_em_2026&oldid=73082572,wikipedia_revision,73082572,2026-09-29T15:02:36Z,unverified,,9ca942a568882bbd6b774a0d5553b585fd3c21e22108b84064e56abca54efbeb,others_column_named_candidate;blank_null_includes_undecided
2026-1-b6a17a1157,2026,1,,Quaest,,2026-08-30,2026-09-01,,2004,,full,Augusto Cury,10.0,total,18.0,,,https://pt.wikipedia.org/w/index.php?title=Pesquisas_de_opini%C3%A3o_para_a_elei%C3%A7%C3%A3o_presidencial_no_Brasil_em_2026&oldid=73082572,wikipedia_revision,73082572,2026-09-29T15:02:36Z,unverified,,9ca942a568882bbd6b774a0d5553b585fd3c21e22108b84064e56abca54efbeb,others_column_named_candidate;blank_null_includes_undecided
2026-1-b6a17a1157,2026,1,,Quaest,,2026-08-30,2026-09-01,,2004,,full,Renan Santos,3.0,total,18.0,,,https://pt.wikipedia.org/w/index.php?title=Pesquisas_de_opini%C3%A3o_para_a_elei%C3%A7%C3%A3o_presidencial_no_Brasil_em_2026&oldid=73082572,wikipedia_revision,73082572,2026-09-29T15:02:36Z,unverified,,9ca942a568882bbd6b774a0d5553b585fd3c21e22108b84064e56abca54efbeb,others_column_named_candidate;blank_null_includes_undecided
2026-1-b6a17a1157,2026,1,,Quaest,,2026-08-30,2026-09-01,,2004,,full,Ronaldo Caiado,1.0,total,18.0,,,https://pt.wikipedia.org/w/index.php?title=Pesquisas_de_opini%C3%A3o_para_a_elei%C3%A7%C3%A3o_presidencial_no_Brasil_em_2026&oldid=73082572,wikipedia_revision,73082572,2026-09-29T15:02:36Z,unverified,,9ca942a568882bbd6b774a0d5553b585fd3c21e22108b84064e56abca54efbeb,others_column_named_candidate;blank_null_includes_undecided
2026-1-b6a17a1157,2026,1,,Quaest,,2026-08-30,2026-09-01,,2004,,full,Romeu Zema,1.0,total,18.0,,,https://pt.wikipedia.org/w/index.php?title=Pesquisas_de_opini%C3%A3o_para_a_elei%C3%A7%C3%A3o_presidencial_no_Brasil_em_2026&oldid=73082572,wikipedia_revision,73082572,2026-09-29T15:02:36Z,unverified,,9ca942a568882bbd6b774a0d5553b585fd3c21e22108b84064e56abca54efbeb,others_column_named_candidate;blank_null_includes_undecided
2026-1-b6a17a1157,2026,1,,Quaest,,2026-08-30,2026-09-01,,2004,,full,Samara Martins,0.0,total,18.0,,,https://pt.wikipedia.org/w/index.php?title=Pesquisas_de_opini%C3%A3o_para_a_elei%C3%A7%C3%A3o_presidencial_no_Brasil_em_2026&oldid=73082572,wikipedia_revision,73082572,2026-09-29T15:02:36Z,unverified,,9ca942a568882bbd6b774a0d5553b585fd3c21e22108b84064e56abca54efbeb,others_column_named_candidate;blank_null_includes_undecided
2026-1-b6a17a1157,2026,1,,Quaest,,2026-08-30,2026-09-01,,2004,,full,Wilson Grassi,0.0,total,18.0,,,https://pt.wikipedia.org/w/index.php?title=Pesquisas_de_opini%C3%A3o_para_a_elei%C3%A7%C3%A3o_presidencial_no_Brasil_em_2026&oldid=73082572,wikipedia_revision,73082572,2026-09-29T15:02:36Z,unverified,,9ca942a568882bbd6b774a0d5553b585fd3c21e22108b84064e56abca54efbeb,others_column_named_candidate;blank_null_includes_undecided
2026-1-b6a17a1157,2026,1,,Quaest,,2026-08-30,2026-09-01,,2004,,full,Clariana Barão,0.0,total,18.0,,,https://pt.wikipedia.org/w/index.php?title=Pesquisas_de_opini%C3%A3o_para_a_elei%C3%A7%C3%A3o_presidencial_no_Brasil_em_2026&oldid=73082572,wikipedia_revision,73082572,2026-09-29T15:02:36Z,unverified,,9ca942a568882bbd6b774a0d5553b585fd3c21e22108b84064e56abca54efbeb,others_column_named_candidate;blank_null_includes_undecided
2026-1-b6a17a1157,2026,1,,Quaest,,2026-08-30,2026-09-01,,2004,,full,Hertz Dias,0.0,total,18.0,,,https://pt.wikipedia.org/w/index.php?title=Pesquisas_de_opini%C3%A3o_para_a_elei%C3%A7%C3%A3o_presidencial_no_Brasil_em_2026&oldid=73082572,wikipedia_revision,73082572,2026-09-29T15:02:36Z,unverified,,9ca942a568882bbd6b774a0d5553b585fd3c21e22108b84064e56abca54efbeb,others_column_named_candidate;blank_null_includes_undecided
2026-1-b6a17a1157,2026,1,,Quaest,,2026-08-30,2026-09-01,,2004,,full,Edmilson Costa,0.0,total,18.0,,,https://pt.wikipedia.org/w/index.php?title=Pesquisas_de_opini%C3%A3o_para_a_elei%C3%A7%C3%A3o_presidencial_no_Brasil_em_2026&oldid=73082572,wikipedia_revision,73082572,2026-09-29T15:02:36Z,unverified,,9ca942a568882bbd6b774a0d5553b585fd3c21e22108b84064e56abca54efbeb,others_column_named_candidate;blank_null_includes_undecided
2026-1-b6a17a1157,2026,1,,Quaest,,2026-08-30,2026-09-01,,2004,,full,Rui Costa Pimenta,0.0,total,18.0,,,https://pt.wikipedia.org/w/index.php?title=Pesquisas_de_opini%C3%A3o_para_a_elei%C3%A7%C3%A3o_presidencial_no_Brasil_em_2026&oldid=73082572,wikipedia_revision,73082572,2026-09-29T15:02:36Z,unverified,,9ca942a568882bbd6b774a0d5553b585fd3c21e22108b84064e56abca54efbeb,others_column_named_candidate;blank_null_includes_undecided
2026-1-b6a17a1157,2026,1,,Quaest,,2026-08-30,2026-09-01,,2004,,full,Pablo Marçal,1.0,total,18.0,,,https://pt.wikipedia.org/w/index.php?title=Pesquisas_de_opini%C3%A3o_para_a_elei%C3%A7%C3%A3o_presidencial_no_Brasil_em_2026&oldid=73082572,wikipedia_revision,73082572,2026-09-29T15:02:36Z,unverified,,9ca942a568882bbd6b774a0d5553b585fd3c21e22108b84064e56abca54efbeb,others_column_named_candidate;blank_null_includes_undecided
2026-1-b6a17a1157,2026,1,,Quaest,,2026-08-30,2026-09-01,,2004,,without Pablo Marçal,Lula,37.0,total,18.0,,,https://pt.wikipedia.org/w/index.php?title=Pesquisas_de_opini%C3%A3o_para_a_elei%C3%A7%C3%A3o_presidencial_no_Brasil_em_2026&oldid=73082572,wikipedia_revision,73082572,2026-09-29T15:02:36Z,unverified,,9ca942a568882bbd6b774a0d5553b585fd3c21e22108b84064e56abca54efbeb,blank_null_includes_undecided
2026-1-b6a17a1157,2026,1,,Quaest,,2026-08-30,2026-09-01,,2004,,without Pablo Marçal,Flávio Bolsonaro,29.0,total,18.0,,,https://pt.wikipedia.org/w/index.php?title=Pesquisas_de_opini%C3%A3o_para_a_elei%C3%A7%C3%A3o_presidencial_no_Brasil_em_2026&oldid=73082572,wikipedia_revision,73082572,2026-09-29T15:02:36Z,unverified,,9ca942a568882bbd6b774a0d5553b585fd3c21e22108b84064e56abca54efbeb,blank_null_includes_undecided
2026-1-b6a17a1157,2026,1,,Quaest,,2026-08-30,2026-09-01,,2004,,without Pablo Marçal,Augusto Cury,10.0,total,18.0,,,https://pt.wikipedia.org/w/index.php?title=Pesquisas_de_opini%C3%A3o_para_a_elei%C3%A7%C3%A3o_presidencial_no_Brasil_em_2026&oldid=73082572,wikipedia_revision,73082572,2026-09-29T15:02:36Z,unverified,,9ca942a568882bbd6b774a0d5553b585fd3c21e22108b84064e56abca54efbeb,blank_null_includes_undecided
2026-1-b6a17a1157,2026,1,,Quaest,,2026-08-30,2026-09-01,,2004,,without Pablo Marçal,Renan Santos,3.0,total,18.0,,,https://pt.wikipedia.org/w/index.php?title=Pesquisas_de_opini%C3%A3o_para_a_elei%C3%A7%C3%A3o_presidencial_no_Brasil_em_2026&oldid=73082572,wikipedia_revision,73082572,2026-09-29T15:02:36Z,unverified,,9ca942a568882bbd6b774a0d5553b585fd3c21e22108b84064e56abca54efbeb,blank_null_includes_undecided
2026-1-b6a17a1157,2026,1,,Quaest,,2026-08-30,2026-09-01,,2004,,without Pablo Marçal,Ronaldo Caiado,1.0,total,18.0,,,https://pt.wikipedia.org/w/index.php?title=Pesquisas_de_opini%C3%A3o_para_a_elei%C3%A7%C3%A3o_presidencial_no_Brasil_em_2026&oldid=73082572,wikipedia_revision,73082572,2026-09-29T15:02:36Z,unverified,,9ca942a568882bbd6b774a0d5553b585fd3c21e22108b84064e56abca54efbeb,blank_null_includes_undecided
2026-1-b6a17a1157,2026,1,,Quaest,,2026-08-30,2026-09-01,,2004,,without Pablo Marçal,Romeu Zema,1.0,total,18.0,,,https://pt.wikipedia.org/w/index.php?title=Pesquisas_de_opini%C3%A3o_para_a_elei%C3%A7%C3%A3o_presidencial_no_Brasil_em_2026&oldid=73082572,wikipedia_revision,73082572,2026-09-29T15:02:36Z,unverified,,9ca942a568882bbd6b774a0d5553b585fd3c21e22108b84064e56abca54efbeb,blank_null_includes_undecided
2026-1-b6a17a1157,2026,1,,Quaest,,2026-08-30,2026-09-01,,2004,,without Pablo Marçal,Samara Martins,1.0,total,18.0,,,https://pt.wikipedia.org/w/index.php?title=Pesquisas_de_opini%C3%A3o_para_a_elei%C3%A7%C3%A3o_presidencial_no_Brasil_em_2026&oldid=73082572,wikipedia_revision,73082572,2026-09-29T15:02:36Z,unverified,,9ca942a568882bbd6b774a0d5553b585fd3c21e22108b84064e56abca54efbeb,blank_null_includes_undecided
2026-1-b6a17a1157,2026,1,,Quaest,,2026-08-30,2026-09-01,,2004,,without Pablo Marçal,Wilson Grassi,0.0,total,18.0,,,https://pt.wikipedia.org/w/index.php?title=Pesquisas_de_opini%C3%A3o_para_a_elei%C3%A7%C3%A3o_presidencial_no_Brasil_em_2026&oldid=73082572,wikipedia_revision,73082572,2026-09-29T15:02:36Z,unverified,,9ca942a568882bbd6b774a0d5553b585fd3c21e22108b84064e56abca54efbeb,blank_null_includes_undecided
2026-1-b6a17a1157,2026,1,,Quaest,,2026-08-30,2026-09-01,,2004,,without Pablo Marçal,Clariana Barão,0.0,total,18.0,,,https://pt.wikipedia.org/w/index.php?title=Pesquisas_de_opini%C3%A3o_para_a_elei%C3%A7%C3%A3o_presidencial_no_Brasil_em_2026&oldid=73082572,wikipedia_revision,73082572,2026-09-29T15:02:36Z,unverified,,9ca942a568882bbd6b774a0d5553b585fd3c21e22108b84064e56abca54efbeb,blank_null_includes_undecided
2026-1-b6a17a1157,2026,1,,Quaest,,2026-08-30,2026-09-01,,2004,,without Pablo Marçal,Hertz Dias,0.0,total,18.0,,,https://pt.wikipedia.org/w/index.php?title=Pesquisas_de_opini%C3%A3o_para_a_elei%C3%A7%C3%A3o_presidencial_no_Brasil_em_2026&oldid=73082572,wikipedia_revision,73082572,2026-09-29T15:02:36Z,unverified,,9ca942a568882bbd6b774a0d5553b585fd3c21e22108b84064e56abca54efbeb,blank_null_includes_undecided
2026-1-b6a17a1157,2026,1,,Quaest,,2026-08-30,2026-09-01,,2004,,without Pablo Marçal,Edmilson Costa,0.0,total,18.0,,,https://pt.wikipedia.org/w/index.php?title=Pesquisas_de_opini%C3%A3o_para_a_elei%C3%A7%C3%A3o_presidencial_no_Brasil_em_2026&oldid=73082572,wikipedia_revision,73082572,2026-09-29T15:02:36Z,unverified,,9ca942a568882bbd6b774a0d5553b585fd3c21e22108b84064e56abca54efbeb,blank_null_includes_undecided
2026-1-b6a17a1157,2026,1,,Quaest,,2026-08-30,2026-09-01,,2004,,without Pablo Marçal,Rui Costa Pimenta,0.0,total,18.0,,,https://pt.wikipedia.org/w/index.php?title=Pesquisas_de_opini%C3%A3o_para_a_elei%C3%A7%C3%A3o_presidencial_no_Brasil_em_2026&oldid=73082572,wikipedia_revision,73082572,2026-09-29T15:02:36Z,unverified,,9ca942a568882bbd6b774a0d5553b585fd3c21e22108b84064e56abca54efbeb,blank_null_includes_undecided
2026-1-61abbf5695,2026,1,,Real Time Big Data,,2026-08-27,2026-08-31,,2000,,full,Lula,38.0,total,6.0,,,https://pt.wikipedia.org/w/index.php?title=Pesquisas_de_opini%C3%A3o_para_a_elei%C3%A7%C3%A3o_presidencial_no_Brasil_em_2026&oldid=73082572,wikipedia_revision,73082572,2026-09-29T15:02:36Z,unverified,,9ca942a568882bbd6b774a0d5553b585fd3c21e22108b84064e56abca54efbeb,"blank_null_includes_undecided;below_threshold:Samara Martins<1,Wilson Grassi<1,Clariana Barão<1,Hertz Dias<1,Edmilson Costa<1,Rui Costa Pimenta<1"
2026-1-61abbf5695,2026,1,,Real Time Big Data,,2026-08-27,2026-08-31,,2000,,full,Flávio Bolsonaro,29.0,total,6.0,,,https://pt.wikipedia.org/w/index.php?title=Pesquisas_de_opini%C3%A3o_para_a_elei%C3%A7%C3%A3o_presidencial_no_Brasil_em_2026&oldid=73082572,wikipedia_revision,73082572,2026-09-29T15:02:36Z,unverified,,9ca942a568882bbd6b774a0d5553b585fd3c21e22108b84064e56abca54efbeb,"blank_null_includes_undecided;below_threshold:Samara Martins<1,Wilson Grassi<1,Clariana Barão<1,Hertz Dias<1,Edmilson Costa<1,Rui Costa Pimenta<1"
2026-1-61abbf5695,2026,1,,Real Time Big Data,,2026-08-27,2026-08-31,,2000,,full,Ronaldo Caiado,4.0,total,6.0,,,https://pt.wikipedia.org/w/index.php?title=Pesquisas_de_opini%C3%A3o_para_a_elei%C3%A7%C3%A3o_presidencial_no_Brasil_em_2026&oldid=73082572,wikipedia_revision,73082572,2026-09-29T15:02:36Z,unverified,,9ca942a568882bbd6b774a0d5553b585fd3c21e22108b84064e56abca54efbeb,"blank_null_includes_undecided;below_threshold:Samara Martins<1,Wilson Grassi<1,Clariana Barão<1,Hertz Dias<1,Edmilson Costa<1,Rui Costa Pimenta<1"
2026-1-61abbf5695,2026,1,,Real Time Big Data,,2026-08-27,2026-08-31,,2000,,full,Romeu Zema,2.0,total,6.0,,,https://pt.wikipedia.org/w/index.php?title=Pesquisas_de_opini%C3%A3o_para_a_elei%C3%A7%C3%A3o_presidencial_no_Brasil_em_2026&oldid=73082572,wikipedia_revision,73082572,2026-09-29T15:02:36Z,unverified,,9ca942a568882bbd6b774a0d5553b585fd3c21e22108b84064e56abca54efbeb,"blank_null_includes_undecided;below_threshold:Samara Martins<1,Wilson Grassi<1,Clariana Barão<1,Hertz Dias<1,Edmilson Costa<1,Rui Costa Pimenta<1"
2026-1-61abbf5695,2026,1,,Real Time Big Data,,2026-08-27,2026-08-31,,2000,,full,Renan Santos,6.0,total,6.0,,,https://pt.wikipedia.org/w/index.php?title=Pesquisas_de_opini%C3%A3o_para_a_elei%C3%A7%C3%A3o_presidencial_no_Brasil_em_2026&oldid=73082572,wikipedia_revision,73082572,2026-09-29T15:02:36Z,unverified,,9ca942a568882bbd6b774a0d5553b585fd3c21e22108b84064e56abca54efbeb,"blank_null_includes_undecided;below_threshold:Samara Martins<1,Wilson Grassi<1,Clariana Barão<1,Hertz Dias<1,Edmilson Costa<1,Rui Costa Pimenta<1"
2026-1-61abbf5695,2026,1,,Real Time Big Data,,2026-08-27,2026-08-31,,2000,,full,Augusto Cury,10.0,total,6.0,,,https://pt.wikipedia.org/w/index.php?title=Pesquisas_de_opini%C3%A3o_para_a_elei%C3%A7%C3%A3o_presidencial_no_Brasil_em_2026&oldid=73082572,wikipedia_revision,73082572,2026-09-29T15:02:36Z,unverified,,9ca942a568882bbd6b774a0d5553b585fd3c21e22108b84064e56abca54efbeb,"blank_null_includes_undecided;below_threshold:Samara Martins<1,Wilson Grassi<1,Clariana Barão<1,Hertz Dias<1,Edmilson Costa<1,Rui Costa Pimenta<1"
2026-1-61abbf5695,2026,1,,Real Time Big Data,,2026-08-27,2026-08-31,,2000,,full,Pablo Marçal,3.0,total,6.0,,,https://pt.wikipedia.org/w/index.php?title=Pesquisas_de_opini%C3%A3o_para_a_elei%C3%A7%C3%A3o_presidencial_no_Brasil_em_2026&oldid=73082572,wikipedia_revision,73082572,2026-09-29T15:02:36Z,unverified,,9ca942a568882bbd6b774a0d5553b585fd3c21e22108b84064e56abca54efbeb,"blank_null_includes_undecided;below_threshold:Samara Martins<1,Wilson Grassi<1,Clariana Barão<1,Hertz Dias<1,Edmilson Costa<1,Rui Costa Pimenta<1"
2026-1-61abbf5695,2026,1,,Real Time Big Data,,2026-08-27,2026-08-31,,2000,,without Pablo Marçal,Lula,38.0,total,6.0,,,https://pt.wikipedia.org/w/index.php?title=Pesquisas_de_opini%C3%A3o_para_a_elei%C3%A7%C3%A3o_presidencial_no_Brasil_em_2026&oldid=73082572,wikipedia_revision,73082572,2026-09-29T15:02:36Z,unverified,,9ca942a568882bbd6b774a0d5553b585fd3c21e22108b84064e56abca54efbeb,"blank_null_includes_undecided;below_threshold:Samara Martins<1,Wilson Grassi<1,Clariana Barão<1,Hertz Dias<1,Edmilson Costa<1,Rui Costa Pimenta<1"
2026-1-61abbf5695,2026,1,,Real Time Big Data,,2026-08-27,2026-08-31,,2000,,without Pablo Marçal,Flávio Bolsonaro,30.0,total,6.0,,,https://pt.wikipedia.org/w/index.php?title=Pesquisas_de_opini%C3%A3o_para_a_elei%C3%A7%C3%A3o_presidencial_no_Brasil_em_2026&oldid=73082572,wikipedia_revision,73082572,2026-09-29T15:02:36Z,unverified,,9ca942a568882bbd6b774a0d5553b585fd3c21e22108b84064e56abca54efbeb,"blank_null_includes_undecided;below_threshold:Samara Martins<1,Wilson Grassi<1,Clariana Barão<1,Hertz Dias<1,Edmilson Costa<1,Rui Costa Pimenta<1"
2026-1-61abbf5695,2026,1,,Real Time Big Data,,2026-08-27,2026-08-31,,2000,,without Pablo Marçal,Ronaldo Caiado,4.0,total,6.0,,,https://pt.wikipedia.org/w/index.php?title=Pesquisas_de_opini%C3%A3o_para_a_elei%C3%A7%C3%A3o_presidencial_no_Brasil_em_2026&oldid=73082572,wikipedia_revision,73082572,2026-09-29T15:02:36Z,unverified,,9ca942a568882bbd6b774a0d5553b585fd3c21e22108b84064e56abca54efbeb,"blank_null_includes_undecided;below_threshold:Samara Martins<1,Wilson Grassi<1,Clariana Barão<1,Hertz Dias<1,Edmilson Costa<1,Rui Costa Pimenta<1"
2026-1-61abbf5695,2026,1,,Real Time Big Data,,2026-08-27,2026-08-31,,2000,,without Pablo Marçal,Romeu Zema,2.0,total,6.0,,,https://pt.wikipedia.org/w/index.php?title=Pesquisas_de_opini%C3%A3o_para_a_elei%C3%A7%C3%A3o_presidencial_no_Brasil_em_2026&oldid=73082572,wikipedia_revision,73082572,2026-09-29T15:02:36Z,unverified,,9ca942a568882bbd6b774a0d5553b585fd3c21e22108b84064e56abca54efbeb,"blank_null_includes_undecided;below_threshold:Samara Martins<1,Wilson Grassi<1,Clariana Barão<1,Hertz Dias<1,Edmilson Costa<1,Rui Costa Pimenta<1"
2026-1-61abbf5695,2026,1,,Real Time Big Data,,2026-08-27,2026-08-31,,2000,,without Pablo Marçal,Renan Santos,7.0,total,6.0,,,https://pt.wikipedia.org/w/index.php?title=Pesquisas_de_opini%C3%A3o_para_a_elei%C3%A7%C3%A3o_presidencial_no_Brasil_em_2026&oldid=73082572,wikipedia_revision,73082572,2026-09-29T15:02:36Z,unverified,,9ca942a568882bbd6b774a0d5553b585fd3c21e22108b84064e56abca54efbeb,"blank_null_includes_undecided;below_threshold:Samara Martins<1,Wilson Grassi<1,Clariana Barão<1,Hertz Dias<1,Edmilson Costa<1,Rui Costa Pimenta<1"
2026-1-61abbf5695,2026,1,,Real Time Big Data,,2026-08-27,2026-08-31,,2000,,without Pablo Marçal,Augusto Cury,11.0,total,6.0,,,https://pt.wikipedia.org/w/index.php?title=Pesquisas_de_opini%C3%A3o_para_a_elei%C3%A7%C3%A3o_presidencial_no_Brasil_em_2026&oldid=73082572,wikipedia_revision,73082572,2026-09-29T15:02:36Z,unverified,,9ca942a568882bbd6b774a0d5553b585fd3c21e22108b84064e56abca54efbeb,"blank_null_includes_undecided;below_threshold:Samara Martins<1,Wilson Grassi<1,Clariana Barão<1,Hertz Dias<1,Edmilson Costa<1,Rui Costa Pimenta<1"
2026-1-32e7f23c0b,2026,1,,AtlasIntel,,2026-08-25,2026-08-30,,5014,,main,Lula,43.4,total,0.3,,,https://pt.wikipedia.org/w/index.php?title=Pesquisas_de_opini%C3%A3o_para_a_elei%C3%A7%C3%A3o_presidencial_no_Brasil_em_2026&oldid=73082572,wikipedia_revision,73082572,2026-09-29T15:02:36Z,unverified,,9ca942a568882bbd6b774a0d5553b585fd3c21e22108b84064e56abca54efbeb,blank_null_includes_undecided
2026-1-32e7f23c0b,2026,1,,AtlasIntel,,2026-08-25,2026-08-30,,5014,,main,Flávio Bolsonaro,33.7,total,0.3,,,https://pt.wikipedia.org/w/index.php?title=Pesquisas_de_opini%C3%A3o_para_a_elei%C3%A7%C3%A3o_presidencial_no_Brasil_em_2026&oldid=73082572,wikipedia_revision,73082572,2026-09-29T15:02:36Z,unverified,,9ca942a568882bbd6b774a0d5553b585fd3c21e22108b84064e56abca54efbeb,blank_null_includes_undecided
2026-1-32e7f23c0b,2026,1,,AtlasIntel,,2026-08-25,2026-08-30,,5014,,main,Ronaldo Caiado,3.3,total,0.3,,,https://pt.wikipedia.org/w/index.php?title=Pesquisas_de_opini%C3%A3o_para_a_elei%C3%A7%C3%A3o_presidencial_no_Brasil_em_2026&oldid=73082572,wikipedia_revision,73082572,2026-09-29T15:02:36Z,unverified,,9ca942a568882bbd6b774a0d5553b585fd3c21e22108b84064e56abca54efbeb,blank_null_includes_undecided
2026-1-32e7f23c0b,2026,1,,AtlasIntel,,2026-08-25,2026-08-30,,5014,,main,Romeu Zema,1.0,total,0.3,,,https://pt.wikipedia.org/w/index.php?title=Pesquisas_de_opini%C3%A3o_para_a_elei%C3%A7%C3%A3o_presidencial_no_Brasil_em_2026&oldid=73082572,wikipedia_revision,73082572,2026-09-29T15:02:36Z,unverified,,9ca942a568882bbd6b774a0d5553b585fd3c21e22108b84064e56abca54efbeb,blank_null_includes_undecided
2026-1-32e7f23c0b,2026,1,,AtlasIntel,,2026-08-25,2026-08-30,,5014,,main,Renan Santos,7.6,total,0.3,,,https://pt.wikipedia.org/w/index.php?title=Pesquisas_de_opini%C3%A3o_para_a_elei%C3%A7%C3%A3o_presidencial_no_Brasil_em_2026&oldid=73082572,wikipedia_revision,73082572,2026-09-29T15:02:36Z,unverified,,9ca942a568882bbd6b774a0d5553b585fd3c21e22108b84064e56abca54efbeb,blank_null_includes_undecided
2026-1-32e7f23c0b,2026,1,,AtlasIntel,,2026-08-25,2026-08-30,,5014,,main,Augusto Cury,7.8,total,0.3,,,https://pt.wikipedia.org/w/index.php?title=Pesquisas_de_opini%C3%A3o_para_a_elei%C3%A7%C3%A3o_presidencial_no_Brasil_em_2026&oldid=73082572,wikipedia_revision,73082572,2026-09-29T15:02:36Z,unverified,,9ca942a568882bbd6b774a0d5553b585fd3c21e22108b84064e56abca54efbeb,blank_null_includes_undecided
2026-1-32e7f23c0b,2026,1,,AtlasIntel,,2026-08-25,2026-08-30,,5014,,main,Pablo Marçal,1.9,total,0.3,,,https://pt.wikipedia.org/w/index.php?title=Pesquisas_de_opini%C3%A3o_para_a_elei%C3%A7%C3%A3o_presidencial_no_Brasil_em_2026&oldid=73082572,wikipedia_revision,73082572,2026-09-29T15:02:36Z,unverified,,9ca942a568882bbd6b774a0d5553b585fd3c21e22108b84064e56abca54efbeb,blank_null_includes_undecided
2026-1-32e7f23c0b,2026,1,,AtlasIntel,,2026-08-25,2026-08-30,,5014,,main,Samara Martins,0.9,total,0.3,,,https://pt.wikipedia.org/w/index.php?title=Pesquisas_de_opini%C3%A3o_para_a_elei%C3%A7%C3%A3o_presidencial_no_Brasil_em_2026&oldid=73082572,wikipedia_revision,73082572,2026-09-29T15:02:36Z,unverified,,9ca942a568882bbd6b774a0d5553b585fd3c21e22108b84064e56abca54efbeb,blank_null_includes_undecided
2026-1-32e7f23c0b,2026,1,,AtlasIntel,,2026-08-25,2026-08-30,,5014,,main,Wilson Grassi,0.1,total,0.3,,,https://pt.wikipedia.org/w/index.php?title=Pesquisas_de_opini%C3%A3o_para_a_elei%C3%A7%C3%A3o_presidencial_no_Brasil_em_2026&oldid=73082572,wikipedia_revision,73082572,2026-09-29T15:02:36Z,unverified,,9ca942a568882bbd6b774a0d5553b585fd3c21e22108b84064e56abca54efbeb,blank_null_includes_undecided
2026-1-32e7f23c0b,2026,1,,AtlasIntel,,2026-08-25,2026-08-30,,5014,,main,Rui Costa Pimenta,0.1,total,0.3,,,https://pt.wikipedia.org/w/index.php?title=Pesquisas_de_opini%C3%A3o_para_a_elei%C3%A7%C3%A3o_presidencial_no_Brasil_em_2026&oldid=73082572,wikipedia_revision,73082572,2026-09-29T15:02:36Z,unverified,,9ca942a568882bbd6b774a0d5553b585fd3c21e22108b84064e56abca54efbeb,blank_null_includes_undecided
2026-1-1f30b3c0bc,2026,1,,Nexus,BTG Pactual,2026-08-28,2026-08-30,,2005,,without Pablo Marçal,Lula,39.0,total,6.0,,,https://pt.wikipedia.org/w/index.php?title=Pesquisas_de_opini%C3%A3o_para_a_elei%C3%A7%C3%A3o_presidencial_no_Brasil_em_2026&oldid=73082572,wikipedia_revision,73082572,2026-09-29T15:02:36Z,unverified,,9ca942a568882bbd6b774a0d5553b585fd3c21e22108b84064e56abca54efbeb,blank_null_includes_undecided
2026-1-1f30b3c0bc,2026,1,,Nexus,BTG Pactual,2026-08-28,2026-08-30,,2005,,without Pablo Marçal,Flávio Bolsonaro,33.0,total,6.0,,,https://pt.wikipedia.org/w/index.php?title=Pesquisas_de_opini%C3%A3o_para_a_elei%C3%A7%C3%A3o_presidencial_no_Brasil_em_2026&oldid=73082572,wikipedia_revision,73082572,2026-09-29T15:02:36Z,unverified,,9ca942a568882bbd6b774a0d5553b585fd3c21e22108b84064e56abca54efbeb,blank_null_includes_undecided
2026-1-1f30b3c0bc,2026,1,,Nexus,BTG Pactual,2026-08-28,2026-08-30,,2005,,without Pablo Marçal,Ronaldo Caiado,5.0,total,6.0,,,https://pt.wikipedia.org/w/index.php?title=Pesquisas_de_opini%C3%A3o_para_a_elei%C3%A7%C3%A3o_presidencial_no_Brasil_em_2026&oldid=73082572,wikipedia_revision,73082572,2026-09-29T15:02:36Z,unverified,,9ca942a568882bbd6b774a0d5553b585fd3c21e22108b84064e56abca54efbeb,blank_null_includes_undecided
2026-1-1f30b3c0bc,2026,1,,Nexus,BTG Pactual,2026-08-28,2026-08-30,,2005,,without Pablo Marçal,Romeu Zema,1.0,total,6.0,,,https://pt.wikipedia.org/w/index.php?title=Pesquisas_de_opini%C3%A3o_para_a_elei%C3%A7%C3%A3o_presidencial_no_Brasil_em_2026&oldid=73082572,wikipedia_revision,73082572,2026-09-29T15:02:36Z,unverified,,9ca942a568882bbd6b774a0d5553b585fd3c21e22108b84064e56abca54efbeb,blank_null_includes_undecided
2026-1-1f30b3c0bc,2026,1,,Nexus,BTG Pactual,2026-08-28,2026-08-30,,2005,,without Pablo Marçal,Renan Santos,3.0,total,6.0,,,https://pt.wikipedia.org/w/index.php?title=Pesquisas_de_opini%C3%A3o_para_a_elei%C3%A7%C3%A3o_presidencial_no_Brasil_em_2026&oldid=73082572,wikipedia_revision,73082572,2026-09-29T15:02:36Z,unverified,,9ca942a568882bbd6b774a0d5553b585fd3c21e22108b84064e56abca54efbeb,blank_null_includes_undecided
2026-1-1f30b3c0bc,2026,1,,Nexus,BTG Pactual,2026-08-28,2026-08-30,,2005,,without Pablo Marçal,Augusto Cury,11.0,total,6.0,,,https://pt.wikipedia.org/w/index.php?title=Pesquisas_de_opini%C3%A3o_para_a_elei%C3%A7%C3%A3o_presidencial_no_Brasil_em_2026&oldid=73082572,wikipedia_revision,73082572,2026-09-29T15:02:36Z,unverified,,9ca942a568882bbd6b774a0d5553b585fd3c21e22108b84064e56abca54efbeb,blank_null_includes_undecided
2026-1-1f30b3c0bc,2026,1,,Nexus,BTG Pactual,2026-08-28,2026-08-30,,2005,,without Pablo Marçal,Samara Martins,1.0,total,6.0,,,https://pt.wikipedia.org/w/index.php?title=Pesquisas_de_opini%C3%A3o_para_a_elei%C3%A7%C3%A3o_presidencial_no_Brasil_em_2026&oldid=73082572,wikipedia_revision,73082572,2026-09-29T15:02:36Z,unverified,,9ca942a568882bbd6b774a0d5553b585fd3c21e22108b84064e56abca54efbeb,blank_null_includes_undecided
2026-1-1f30b3c0bc,2026,1,,Nexus,BTG Pactual,2026-08-28,2026-08-30,,2005,,without Pablo Marçal,Wilson Grassi,0.0,total,6.0,,,https://pt.wikipedia.org/w/index.php?title=Pesquisas_de_opini%C3%A3o_para_a_elei%C3%A7%C3%A3o_presidencial_no_Brasil_em_2026&oldid=73082572,wikipedia_revision,73082572,2026-09-29T15:02:36Z,unverified,,9ca942a568882bbd6b774a0d5553b585fd3c21e22108b84064e56abca54efbeb,blank_null_includes_undecided
2026-1-1f30b3c0bc,2026,1,,Nexus,BTG Pactual,2026-08-28,2026-08-30,,2005,,without Pablo Marçal,Clariana Barão,0.0,total,6.0,,,https://pt.wikipedia.org/w/index.php?title=Pesquisas_de_opini%C3%A3o_para_a_elei%C3%A7%C3%A3o_presidencial_no_Brasil_em_2026&oldid=73082572,wikipedia_revision,73082572,2026-09-29T15:02:36Z,unverified,,9ca942a568882bbd6b774a0d5553b585fd3c21e22108b84064e56abca54efbeb,blank_null_includes_undecided
2026-1-1f30b3c0bc,2026,1,,Nexus,BTG Pactual,2026-08-28,2026-08-30,,2005,,without Pablo Marçal,Hertz Dias,0.0,total,6.0,,,https://pt.wikipedia.org/w/index.php?title=Pesquisas_de_opini%C3%A3o_para_a_elei%C3%A7%C3%A3o_presidencial_no_Brasil_em_2026&oldid=73082572,wikipedia_revision,73082572,2026-09-29T15:02:36Z,unverified,,9ca942a568882bbd6b774a0d5553b585fd3c21e22108b84064e56abca54efbeb,blank_null_includes_undecided
2026-1-1f30b3c0bc,2026,1,,Nexus,BTG Pactual,2026-08-28,2026-08-30,,2005,,without Pablo Marçal,Edmilson Costa,0.0,total,6.0,,,https://pt.wikipedia.org/w/index.php?title=Pesquisas_de_opini%C3%A3o_para_a_elei%C3%A7%C3%A3o_presidencial_no_Brasil_em_2026&oldid=73082572,wikipedia_revision,73082572,2026-09-29T15:02:36Z,unverified,,9ca942a568882bbd6b774a0d5553b585fd3c21e22108b84064e56abca54efbeb,blank_null_includes_undecided
2026-1-1f30b3c0bc,2026,1,,Nexus,BTG Pactual,2026-08-28,2026-08-30,,2005,,without Pablo Marçal,Rui Costa Pimenta,0.0,total,6.0,,,https://pt.wikipedia.org/w/index.php?title=Pesquisas_de_opini%C3%A3o_para_a_elei%C3%A7%C3%A3o_presidencial_no_Brasil_em_2026&oldid=73082572,wikipedia_revision,73082572,2026-09-29T15:02:36Z,unverified,,9ca942a568882bbd6b774a0d5553b585fd3c21e22108b84064e56abca54efbeb,blank_null_includes_undecided
2026-1-1f30b3c0bc,2026,1,,Nexus,BTG Pactual,2026-08-28,2026-08-30,,2005,,full,Lula,37.0,total,5.0,,,https://pt.wikipedia.org/w/index.php?title=Pesquisas_de_opini%C3%A3o_para_a_elei%C3%A7%C3%A3o_presidencial_no_Brasil_em_2026&oldid=73082572,wikipedia_revision,73082572,2026-09-29T15:02:36Z,unverified,,9ca942a568882bbd6b774a0d5553b585fd3c21e22108b84064e56abca54efbeb,blank_null_includes_undecided
2026-1-1f30b3c0bc,2026,1,,Nexus,BTG Pactual,2026-08-28,2026-08-30,,2005,,full,Flávio Bolsonaro,31.0,total,5.0,,,https://pt.wikipedia.org/w/index.php?title=Pesquisas_de_opini%C3%A3o_para_a_elei%C3%A7%C3%A3o_presidencial_no_Brasil_em_2026&oldid=73082572,wikipedia_revision,73082572,2026-09-29T15:02:36Z,unverified,,9ca942a568882bbd6b774a0d5553b585fd3c21e22108b84064e56abca54efbeb,blank_null_includes_undecided
2026-1-1f30b3c0bc,2026,1,,Nexus,BTG Pactual,2026-08-28,2026-08-30,,2005,,full,Ronaldo Caiado,6.0,total,5.0,,,https://pt.wikipedia.org/w/index.php?title=Pesquisas_de_opini%C3%A3o_para_a_elei%C3%A7%C3%A3o_presidencial_no_Brasil_em_2026&oldid=73082572,wikipedia_revision,73082572,2026-09-29T15:02:36Z,unverified,,9ca942a568882bbd6b774a0d5553b585fd3c21e22108b84064e56abca54efbeb,blank_null_includes_undecided
2026-1-1f30b3c0bc,2026,1,,Nexus,BTG Pactual,2026-08-28,2026-08-30,,2005,,full,Romeu Zema,2.0,total,5.0,,,https://pt.wikipedia.org/w/index.php?title=Pesquisas_de_opini%C3%A3o_para_a_elei%C3%A7%C3%A3o_presidencial_no_Brasil_em_2026&oldid=73082572,wikipedia_revision,73082572,2026-09-29T15:02:36Z,unverified,,9ca942a568882bbd6b774a0d5553b585fd3c21e22108b84064e56abca54efbeb,blank_null_includes_undecided
2026-1-1f30b3c0bc,2026,1,,Nexus,BTG Pactual,2026-08-28,2026-08-30,,2005,,full,Renan Santos,3.0,total,5.0,,,https://pt.wikipedia.org/w/index.php?title=Pesquisas_de_opini%C3%A3o_para_a_elei%C3%A7%C3%A3o_presidencial_no_Brasil_em_2026&oldid=73082572,wikipedia_revision,73082572,2026-09-29T15:02:36Z,unverified,,9ca942a568882bbd6b774a0d5553b585fd3c21e22108b84064e56abca54efbeb,blank_null_includes_undecided
2026-1-1f30b3c0bc,2026,1,,Nexus,BTG Pactual,2026-08-28,2026-08-30,,2005,,full,Augusto Cury,11.0,total,5.0,,,https://pt.wikipedia.org/w/index.php?title=Pesquisas_de_opini%C3%A3o_para_a_elei%C3%A7%C3%A3o_presidencial_no_Brasil_em_2026&oldid=73082572,wikipedia_revision,73082572,2026-09-29T15:02:36Z,unverified,,9ca942a568882bbd6b774a0d5553b585fd3c21e22108b84064e56abca54efbeb,blank_null_includes_undecided
2026-1-1f30b3c0bc,2026,1,,Nexus,BTG Pactual,2026-08-28,2026-08-30,,2005,,full,Pablo Marçal,3.0,total,5.0,,,https://pt.wikipedia.org/w/index.php?title=Pesquisas_de_opini%C3%A3o_para_a_elei%C3%A7%C3%A3o_presidencial_no_Brasil_em_2026&oldid=73082572,wikipedia_revision,73082572,2026-09-29T15:02:36Z,unverified,,9ca942a568882bbd6b774a0d5553b585fd3c21e22108b84064e56abca54efbeb,blank_null_includes_undecided
2026-1-1f30b3c0bc,2026,1,,Nexus,BTG Pactual,2026-08-28,2026-08-30,,2005,,full,Samara Martins,1.0,total,5.0,,,https://pt.wikipedia.org/w/index.php?title=Pesquisas_de_opini%C3%A3o_para_a_elei%C3%A7%C3%A3o_presidencial_no_Brasil_em_2026&oldid=73082572,wikipedia_revision,73082572,2026-09-29T15:02:36Z,unverified,,9ca942a568882bbd6b774a0d5553b585fd3c21e22108b84064e56abca54efbeb,blank_null_includes_undecided
2026-1-1f30b3c0bc,2026,1,,Nexus,BTG Pactual,2026-08-28,2026-08-30,,2005,,full,Wilson Grassi,1.0,total,5.0,,,https://pt.wikipedia.org/w/index.php?title=Pesquisas_de_opini%C3%A3o_para_a_elei%C3%A7%C3%A3o_presidencial_no_Brasil_em_2026&oldid=73082572,wikipedia_revision,73082572,2026-09-29T15:02:36Z,unverified,,9ca942a568882bbd6b774a0d5553b585fd3c21e22108b84064e56abca54efbeb,blank_null_includes_undecided
2026-1-1f30b3c0bc,2026,1,,Nexus,BTG Pactual,2026-08-28,2026-08-30,,2005,,full,Clariana Barão,0.0,total,5.0,,,https://pt.wikipedia.org/w/index.php?title=Pesquisas_de_opini%C3%A3o_para_a_elei%C3%A7%C3%A3o_presidencial_no_Brasil_em_2026&oldid=73082572,wikipedia_revision,73082572,2026-09-29T15:02:36Z,unverified,,9ca942a568882bbd6b774a0d5553b585fd3c21e22108b84064e56abca54efbeb,blank_null_includes_undecided
2026-1-1f30b3c0bc,2026,1,,Nexus,BTG Pactual,2026-08-28,2026-08-30,,2005,,full,Hertz Dias,0.0,total,5.0,,,https://pt.wikipedia.org/w/index.php?title=Pesquisas_de_opini%C3%A3o_para_a_elei%C3%A7%C3%A3o_presidencial_no_Brasil_em_2026&oldid=73082572,wikipedia_revision,73082572,2026-09-29T15:02:36Z,unverified,,9ca942a568882bbd6b774a0d5553b585fd3c21e22108b84064e56abca54efbeb,blank_null_includes_undecided
2026-1-1f30b3c0bc,2026,1,,Nexus,BTG Pactual,2026-08-28,2026-08-30,,2005,,full,Edmilson Costa,0.0,total,5.0,,,https://pt.wikipedia.org/w/index.php?title=Pesquisas_de_opini%C3%A3o_para_a_elei%C3%A7%C3%A3o_presidencial_no_Brasil_em_2026&oldid=73082572,wikipedia_revision,73082572,2026-09-29T15:02:36Z,unverified,,9ca942a568882bbd6b774a0d5553b585fd3c21e22108b84064e56abca54efbeb,blank_null_includes_undecided
2026-1-1f30b3c0bc,2026,1,,Nexus,BTG Pactual,2026-08-28,2026-08-30,,2005,,full,Rui Costa Pimenta,0.0,total,5.0,,,https://pt.wikipedia.org/w/index.php?title=Pesquisas_de_opini%C3%A3o_para_a_elei%C3%A7%C3%A3o_presidencial_no_Brasil_em_2026&oldid=73082572,wikipedia_revision,73082572,2026-09-29T15:02:36Z,unverified,,9ca942a568882bbd6b774a0d5553b585fd3c21e22108b84064e56abca54efbeb,blank_null_includes_undecided
2026-1-f5c54c86cf,2026,1,,Vox Brasil,,2026-08-25,2026-08-27,,2100,,main,Lula,37.1,total,10.3,,,https://pt.wikipedia.org/w/index.php?title=Pesquisas_de_opini%C3%A3o_para_a_elei%C3%A7%C3%A3o_presidencial_no_Brasil_em_2026&oldid=73082572,wikipedia_revision,73082572,2026-09-29T15:02:36Z,unverified,,9ca942a568882bbd6b774a0d5553b585fd3c21e22108b84064e56abca54efbeb,blank_null_includes_undecided
2026-1-f5c54c86cf,2026,1,,Vox Brasil,,2026-08-25,2026-08-27,,2100,,main,Flávio Bolsonaro,34.8,total,10.3,,,https://pt.wikipedia.org/w/index.php?title=Pesquisas_de_opini%C3%A3o_para_a_elei%C3%A7%C3%A3o_presidencial_no_Brasil_em_2026&oldid=73082572,wikipedia_revision,73082572,2026-09-29T15:02:36Z,unverified,,9ca942a568882bbd6b774a0d5553b585fd3c21e22108b84064e56abca54efbeb,blank_null_includes_undecided
2026-1-f5c54c86cf,2026,1,,Vox Brasil,,2026-08-25,2026-08-27,,2100,,main,Ronaldo Caiado,5.0,total,10.3,,,https://pt.wikipedia.org/w/index.php?title=Pesquisas_de_opini%C3%A3o_para_a_elei%C3%A7%C3%A3o_presidencial_no_Brasil_em_2026&oldid=73082572,wikipedia_revision,73082572,2026-09-29T15:02:36Z,unverified,,9ca942a568882bbd6b774a0d5553b585fd3c21e22108b84064e56abca54efbeb,blank_null_includes_undecided
2026-1-f5c54c86cf,2026,1,,Vox Brasil,,2026-08-25,2026-08-27,,2100,,main,Romeu Zema,2.8,total,10.3,,,https://pt.wikipedia.org/w/index.php?title=Pesquisas_de_opini%C3%A3o_para_a_elei%C3%A7%C3%A3o_presidencial_no_Brasil_em_2026&oldid=73082572,wikipedia_revision,73082572,2026-09-29T15:02:36Z,unverified,,9ca942a568882bbd6b774a0d5553b585fd3c21e22108b84064e56abca54efbeb,blank_null_includes_undecided
2026-1-f5c54c86cf,2026,1,,Vox Brasil,,2026-08-25,2026-08-27,,2100,,main,Renan Santos,3.3,total,10.3,,,https://pt.wikipedia.org/w/index.php?title=Pesquisas_de_opini%C3%A3o_para_a_elei%C3%A7%C3%A3o_presidencial_no_Brasil_em_2026&oldid=73082572,wikipedia_revision,73082572,2026-09-29T15:02:36Z,unverified,,9ca942a568882bbd6b774a0d5553b585fd3c21e22108b84064e56abca54efbeb,blank_null_includes_undecided
2026-1-f5c54c86cf,2026,1,,Vox Brasil,,2026-08-25,2026-08-27,,2100,,main,Augusto Cury,2.6,total,10.3,,,https://pt.wikipedia.org/w/index.php?title=Pesquisas_de_opini%C3%A3o_para_a_elei%C3%A7%C3%A3o_presidencial_no_Brasil_em_2026&oldid=73082572,wikipedia_revision,73082572,2026-09-29T15:02:36Z,unverified,,9ca942a568882bbd6b774a0d5553b585fd3c21e22108b84064e56abca54efbeb,blank_null_includes_undecided
2026-1-f5c54c86cf,2026,1,,Vox Brasil,,2026-08-25,2026-08-27,,2100,,main,Pablo Marçal,2.0,total,10.3,,,https://pt.wikipedia.org/w/index.php?title=Pesquisas_de_opini%C3%A3o_para_a_elei%C3%A7%C3%A3o_presidencial_no_Brasil_em_2026&oldid=73082572,wikipedia_revision,73082572,2026-09-29T15:02:36Z,unverified,,9ca942a568882bbd6b774a0d5553b585fd3c21e22108b84064e56abca54efbeb,blank_null_includes_undecided
2026-1-f5c54c86cf,2026,1,,Vox Brasil,,2026-08-25,2026-08-27,,2100,,main,Samara Martins,0.1,total,10.3,,,https://pt.wikipedia.org/w/index.php?title=Pesquisas_de_opini%C3%A3o_para_a_elei%C3%A7%C3%A3o_presidencial_no_Brasil_em_2026&oldid=73082572,wikipedia_revision,73082572,2026-09-29T15:02:36Z,unverified,,9ca942a568882bbd6b774a0d5553b585fd3c21e22108b84064e56abca54efbeb,blank_null_includes_undecided
2026-1-f5c54c86cf,2026,1,,Vox Brasil,,2026-08-25,2026-08-27,,2100,,main,Wilson Grassi,0.4,total,10.3,,,https://pt.wikipedia.org/w/index.php?title=Pesquisas_de_opini%C3%A3o_para_a_elei%C3%A7%C3%A3o_presidencial_no_Brasil_em_2026&oldid=73082572,wikipedia_revision,73082572,2026-09-29T15:02:36Z,unverified,,9ca942a568882bbd6b774a0d5553b585fd3c21e22108b84064e56abca54efbeb,blank_null_includes_undecided
2026-1-f5c54c86cf,2026,1,,Vox Brasil,,2026-08-25,2026-08-27,,2100,,main,Clariana Barão,0.8,total,10.3,,,https://pt.wikipedia.org/w/index.php?title=Pesquisas_de_opini%C3%A3o_para_a_elei%C3%A7%C3%A3o_presidencial_no_Brasil_em_2026&oldid=73082572,wikipedia_revision,73082572,2026-09-29T15:02:36Z,unverified,,9ca942a568882bbd6b774a0d5553b585fd3c21e22108b84064e56abca54efbeb,blank_null_includes_undecided
2026-1-f5c54c86cf,2026,1,,Vox Brasil,,2026-08-25,2026-08-27,,2100,,main,Hertz Dias,0.1,total,10.3,,,https://pt.wikipedia.org/w/index.php?title=Pesquisas_de_opini%C3%A3o_para_a_elei%C3%A7%C3%A3o_presidencial_no_Brasil_em_2026&oldid=73082572,wikipedia_revision,73082572,2026-09-29T15:02:36Z,unverified,,9ca942a568882bbd6b774a0d5553b585fd3c21e22108b84064e56abca54efbeb,blank_null_includes_undecided
2026-1-f5c54c86cf,2026,1,,Vox Brasil,,2026-08-25,2026-08-27,,2100,,main,Edmilson Costa,0.5,total,10.3,,,https://pt.wikipedia.org/w/index.php?title=Pesquisas_de_opini%C3%A3o_para_a_elei%C3%A7%C3%A3o_presidencial_no_Brasil_em_2026&oldid=73082572,wikipedia_revision,73082572,2026-09-29T15:02:36Z,unverified,,9ca942a568882bbd6b774a0d5553b585fd3c21e22108b84064e56abca54efbeb,blank_null_includes_undecided
2026-1-f5c54c86cf,2026,1,,Vox Brasil,,2026-08-25,2026-08-27,,2100,,main,Rui Costa Pimenta,0.2,total,10.3,,,https://pt.wikipedia.org/w/index.php?title=Pesquisas_de_opini%C3%A3o_para_a_elei%C3%A7%C3%A3o_presidencial_no_Brasil_em_2026&oldid=73082572,wikipedia_revision,73082572,2026-09-29T15:02:36Z,unverified,,9ca942a568882bbd6b774a0d5553b585fd3c21e22108b84064e56abca54efbeb,blank_null_includes_undecided
2026-1-241d7d66ce,2026,1,,PoderData,Aya,2026-08-23,2026-08-26,,2400,,main,Lula,38.0,total,7.0,,,https://pt.wikipedia.org/w/index.php?title=Pesquisas_de_opini%C3%A3o_para_a_elei%C3%A7%C3%A3o_presidencial_no_Brasil_em_2026&oldid=73082572,wikipedia_revision,73082572,2026-09-29T15:02:36Z,unverified,,9ca942a568882bbd6b774a0d5553b585fd3c21e22108b84064e56abca54efbeb,blank_null_includes_undecided
2026-1-241d7d66ce,2026,1,,PoderData,Aya,2026-08-23,2026-08-26,,2400,,main,Flávio Bolsonaro,35.0,total,7.0,,,https://pt.wikipedia.org/w/index.php?title=Pesquisas_de_opini%C3%A3o_para_a_elei%C3%A7%C3%A3o_presidencial_no_Brasil_em_2026&oldid=73082572,wikipedia_revision,73082572,2026-09-29T15:02:36Z,unverified,,9ca942a568882bbd6b774a0d5553b585fd3c21e22108b84064e56abca54efbeb,blank_null_includes_undecided
2026-1-241d7d66ce,2026,1,,PoderData,Aya,2026-08-23,2026-08-26,,2400,,main,Ronaldo Caiado,4.0,total,7.0,,,https://pt.wikipedia.org/w/index.php?title=Pesquisas_de_opini%C3%A3o_para_a_elei%C3%A7%C3%A3o_presidencial_no_Brasil_em_2026&oldid=73082572,wikipedia_revision,73082572,2026-09-29T15:02:36Z,unverified,,9ca942a568882bbd6b774a0d5553b585fd3c21e22108b84064e56abca54efbeb,blank_null_includes_undecided
2026-1-241d7d66ce,2026,1,,PoderData,Aya,2026-08-23,2026-08-26,,2400,,main,Romeu Zema,2.0,total,7.0,,,https://pt.wikipedia.org/w/index.php?title=Pesquisas_de_opini%C3%A3o_para_a_elei%C3%A7%C3%A3o_presidencial_no_Brasil_em_2026&oldid=73082572,wikipedia_revision,73082572,2026-09-29T15:02:36Z,unverified,,9ca942a568882bbd6b774a0d5553b585fd3c21e22108b84064e56abca54efbeb,blank_null_includes_undecided
2026-1-241d7d66ce,2026,1,,PoderData,Aya,2026-08-23,2026-08-26,,2400,,main,Renan Santos,4.0,total,7.0,,,https://pt.wikipedia.org/w/index.php?title=Pesquisas_de_opini%C3%A3o_para_a_elei%C3%A7%C3%A3o_presidencial_no_Brasil_em_2026&oldid=73082572,wikipedia_revision,73082572,2026-09-29T15:02:36Z,unverified,,9ca942a568882bbd6b774a0d5553b585fd3c21e22108b84064e56abca54efbeb,blank_null_includes_undecided
2026-1-241d7d66ce,2026,1,,PoderData,Aya,2026-08-23,2026-08-26,,2400,,main,Augusto Cury,4.0,total,7.0,,,https://pt.wikipedia.org/w/index.php?title=Pesquisas_de_opini%C3%A3o_para_a_elei%C3%A7%C3%A3o_presidencial_no_Brasil_em_2026&oldid=73082572,wikipedia_revision,73082572,2026-09-29T15:02:36Z,unverified,,9ca942a568882bbd6b774a0d5553b585fd3c21e22108b84064e56abca54efbeb,blank_null_includes_undecided
2026-1-241d7d66ce,2026,1,,PoderData,Aya,2026-08-23,2026-08-26,,2400,,main,Pablo Marçal,3.0,total,7.0,,,https://pt.wikipedia.org/w/index.php?title=Pesquisas_de_opini%C3%A3o_para_a_elei%C3%A7%C3%A3o_presidencial_no_Brasil_em_2026&oldid=73082572,wikipedia_revision,73082572,2026-09-29T15:02:36Z,unverified,,9ca942a568882bbd6b774a0d5553b585fd3c21e22108b84064e56abca54efbeb,blank_null_includes_undecided
2026-1-241d7d66ce,2026,1,,PoderData,Aya,2026-08-23,2026-08-26,,2400,,main,Samara Martins,1.0,total,7.0,,,https://pt.wikipedia.org/w/index.php?title=Pesquisas_de_opini%C3%A3o_para_a_elei%C3%A7%C3%A3o_presidencial_no_Brasil_em_2026&oldid=73082572,wikipedia_revision,73082572,2026-09-29T15:02:36Z,unverified,,9ca942a568882bbd6b774a0d5553b585fd3c21e22108b84064e56abca54efbeb,blank_null_includes_undecided
2026-1-241d7d66ce,2026,1,,PoderData,Aya,2026-08-23,2026-08-26,,2400,,main,Wilson Grassi,0.0,total,7.0,,,https://pt.wikipedia.org/w/index.php?title=Pesquisas_de_opini%C3%A3o_para_a_elei%C3%A7%C3%A3o_presidencial_no_Brasil_em_2026&oldid=73082572,wikipedia_revision,73082572,2026-09-29T15:02:36Z,unverified,,9ca942a568882bbd6b774a0d5553b585fd3c21e22108b84064e56abca54efbeb,blank_null_includes_undecided
2026-1-241d7d66ce,2026,1,,PoderData,Aya,2026-08-23,2026-08-26,,2400,,main,Clariana Barão,0.0,total,7.0,,,https://pt.wikipedia.org/w/index.php?title=Pesquisas_de_opini%C3%A3o_para_a_elei%C3%A7%C3%A3o_presidencial_no_Brasil_em_2026&oldid=73082572,wikipedia_revision,73082572,2026-09-29T15:02:36Z,unverified,,9ca942a568882bbd6b774a0d5553b585fd3c21e22108b84064e56abca54efbeb,blank_null_includes_undecided
2026-1-241d7d66ce,2026,1,,PoderData,Aya,2026-08-23,2026-08-26,,2400,,main,Hertz Dias,2.0,total,7.0,,,https://pt.wikipedia.org/w/index.php?title=Pesquisas_de_opini%C3%A3o_para_a_elei%C3%A7%C3%A3o_presidencial_no_Brasil_em_2026&oldid=73082572,wikipedia_revision,73082572,2026-09-29T15:02:36Z,unverified,,9ca942a568882bbd6b774a0d5553b585fd3c21e22108b84064e56abca54efbeb,blank_null_includes_undecided
2026-1-241d7d66ce,2026,1,,PoderData,Aya,2026-08-23,2026-08-26,,2400,,main,Edmilson Costa,1.0,total,7.0,,,https://pt.wikipedia.org/w/index.php?title=Pesquisas_de_opini%C3%A3o_para_a_elei%C3%A7%C3%A3o_presidencial_no_Brasil_em_2026&oldid=73082572,wikipedia_revision,73082572,2026-09-29T15:02:36Z,unverified,,9ca942a568882bbd6b774a0d5553b585fd3c21e22108b84064e56abca54efbeb,blank_null_includes_undecided
2026-1-241d7d66ce,2026,1,,PoderData,Aya,2026-08-23,2026-08-26,,2400,,main,Rui Costa Pimenta,0.0,total,7.0,,,https://pt.wikipedia.org/w/index.php?title=Pesquisas_de_opini%C3%A3o_para_a_elei%C3%A7%C3%A3o_presidencial_no_Brasil_em_2026&oldid=73082572,wikipedia_revision,73082572,2026-09-29T15:02:36Z,unverified,,9ca942a568882bbd6b774a0d5553b585fd3c21e22108b84064e56abca54efbeb,blank_null_includes_undecided
2026-1-591ced639e,2026,1,,Gerp,,2026-08-21,2026-08-25,,2400,,main,Lula,37.0,total,12.0,,,https://pt.wikipedia.org/w/index.php?title=Pesquisas_de_opini%C3%A3o_para_a_elei%C3%A7%C3%A3o_presidencial_no_Brasil_em_2026&oldid=73082572,wikipedia_revision,73082572,2026-09-29T15:02:36Z,unverified,,9ca942a568882bbd6b774a0d5553b585fd3c21e22108b84064e56abca54efbeb,blank_null_includes_undecided
2026-1-591ced639e,2026,1,,Gerp,,2026-08-21,2026-08-25,,2400,,main,Flávio Bolsonaro,38.0,total,12.0,,,https://pt.wikipedia.org/w/index.php?title=Pesquisas_de_opini%C3%A3o_para_a_elei%C3%A7%C3%A3o_presidencial_no_Brasil_em_2026&oldid=73082572,wikipedia_revision,73082572,2026-09-29T15:02:36Z,unverified,,9ca942a568882bbd6b774a0d5553b585fd3c21e22108b84064e56abca54efbeb,blank_null_includes_undecided
2026-1-591ced639e,2026,1,,Gerp,,2026-08-21,2026-08-25,,2400,,main,Ronaldo Caiado,3.0,total,12.0,,,https://pt.wikipedia.org/w/index.php?title=Pesquisas_de_opini%C3%A3o_para_a_elei%C3%A7%C3%A3o_presidencial_no_Brasil_em_2026&oldid=73082572,wikipedia_revision,73082572,2026-09-29T15:02:36Z,unverified,,9ca942a568882bbd6b774a0d5553b585fd3c21e22108b84064e56abca54efbeb,blank_null_includes_undecided
2026-1-591ced639e,2026,1,,Gerp,,2026-08-21,2026-08-25,,2400,,main,Romeu Zema,1.0,total,12.0,,,https://pt.wikipedia.org/w/index.php?title=Pesquisas_de_opini%C3%A3o_para_a_elei%C3%A7%C3%A3o_presidencial_no_Brasil_em_2026&oldid=73082572,wikipedia_revision,73082572,2026-09-29T15:02:36Z,unverified,,9ca942a568882bbd6b774a0d5553b585fd3c21e22108b84064e56abca54efbeb,blank_null_includes_undecided
2026-1-591ced639e,2026,1,,Gerp,,2026-08-21,2026-08-25,,2400,,main,Renan Santos,3.0,total,12.0,,,https://pt.wikipedia.org/w/index.php?title=Pesquisas_de_opini%C3%A3o_para_a_elei%C3%A7%C3%A3o_presidencial_no_Brasil_em_2026&oldid=73082572,wikipedia_revision,73082572,2026-09-29T15:02:36Z,unverified,,9ca942a568882bbd6b774a0d5553b585fd3c21e22108b84064e56abca54efbeb,blank_null_includes_undecided
2026-1-591ced639e,2026,1,,Gerp,,2026-08-21,2026-08-25,,2400,,main,Augusto Cury,1.0,total,12.0,,,https://pt.wikipedia.org/w/index.php?title=Pesquisas_de_opini%C3%A3o_para_a_elei%C3%A7%C3%A3o_presidencial_no_Brasil_em_2026&oldid=73082572,wikipedia_revision,73082572,2026-09-29T15:02:36Z,unverified,,9ca942a568882bbd6b774a0d5553b585fd3c21e22108b84064e56abca54efbeb,blank_null_includes_undecided
2026-1-591ced639e,2026,1,,Gerp,,2026-08-21,2026-08-25,,2400,,main,Pablo Marçal,4.0,total,12.0,,,https://pt.wikipedia.org/w/index.php?title=Pesquisas_de_opini%C3%A3o_para_a_elei%C3%A7%C3%A3o_presidencial_no_Brasil_em_2026&oldid=73082572,wikipedia_revision,73082572,2026-09-29T15:02:36Z,unverified,,9ca942a568882bbd6b774a0d5553b585fd3c21e22108b84064e56abca54efbeb,blank_null_includes_undecided
2026-1-591ced639e,2026,1,,Gerp,,2026-08-21,2026-08-25,,2400,,main,Samara Martins,0.0,total,12.0,,,https://pt.wikipedia.org/w/index.php?title=Pesquisas_de_opini%C3%A3o_para_a_elei%C3%A7%C3%A3o_presidencial_no_Brasil_em_2026&oldid=73082572,wikipedia_revision,73082572,2026-09-29T15:02:36Z,unverified,,9ca942a568882bbd6b774a0d5553b585fd3c21e22108b84064e56abca54efbeb,blank_null_includes_undecided
2026-1-591ced639e,2026,1,,Gerp,,2026-08-21,2026-08-25,,2400,,main,Wilson Grassi,0.0,total,12.0,,,https://pt.wikipedia.org/w/index.php?title=Pesquisas_de_opini%C3%A3o_para_a_elei%C3%A7%C3%A3o_presidencial_no_Brasil_em_2026&oldid=73082572,wikipedia_revision,73082572,2026-09-29T15:02:36Z,unverified,,9ca942a568882bbd6b774a0d5553b585fd3c21e22108b84064e56abca54efbeb,blank_null_includes_undecided
2026-1-591ced639e,2026,1,,Gerp,,2026-08-21,2026-08-25,,2400,,main,Clariana Barão,0.0,total,12.0,,,https://pt.wikipedia.org/w/index.php?title=Pesquisas_de_opini%C3%A3o_para_a_elei%C3%A7%C3%A3o_presidencial_no_Brasil_em_2026&oldid=73082572,wikipedia_revision,73082572,2026-09-29T15:02:36Z,unverified,,9ca942a568882bbd6b774a0d5553b585fd3c21e22108b84064e56abca54efbeb,blank_null_includes_undecided
2026-1-591ced639e,2026,1,,Gerp,,2026-08-21,2026-08-25,,2400,,main,Edmilson Costa,0.0,total,12.0,,,https://pt.wikipedia.org/w/index.php?title=Pesquisas_de_opini%C3%A3o_para_a_elei%C3%A7%C3%A3o_presidencial_no_Brasil_em_2026&oldid=73082572,wikipedia_revision,73082572,2026-09-29T15:02:36Z,unverified,,9ca942a568882bbd6b774a0d5553b585fd3c21e22108b84064e56abca54efbeb,blank_null_includes_undecided
2026-1-591ced639e,2026,1,,Gerp,,2026-08-21,2026-08-25,,2400,,main,Rui Costa Pimenta,0.0,total,12.0,,,https://pt.wikipedia.org/w/index.php?title=Pesquisas_de_opini%C3%A3o_para_a_elei%C3%A7%C3%A3o_presidencial_no_Brasil_em_2026&oldid=73082572,wikipedia_revision,73082572,2026-09-29T15:02:36Z,unverified,,9ca942a568882bbd6b774a0d5553b585fd3c21e22108b84064e56abca54efbeb,blank_null_includes_undecided
2026-1-ca146cb55a,2026,1,,Indexa,Broadcast,2026-08-20,2026-08-23,,2000,,without Pablo Marçal,Lula,39.0,total,16.0,,,https://pt.wikipedia.org/w/index.php?title=Pesquisas_de_opini%C3%A3o_para_a_elei%C3%A7%C3%A3o_presidencial_no_Brasil_em_2026&oldid=73082572,wikipedia_revision,73082572,2026-09-29T15:02:36Z,unverified,,9ca942a568882bbd6b774a0d5553b585fd3c21e22108b84064e56abca54efbeb,blank_null_includes_undecided
2026-1-ca146cb55a,2026,1,,Indexa,Broadcast,2026-08-20,2026-08-23,,2000,,without Pablo Marçal,Flávio Bolsonaro,34.0,total,16.0,,,https://pt.wikipedia.org/w/index.php?title=Pesquisas_de_opini%C3%A3o_para_a_elei%C3%A7%C3%A3o_presidencial_no_Brasil_em_2026&oldid=73082572,wikipedia_revision,73082572,2026-09-29T15:02:36Z,unverified,,9ca942a568882bbd6b774a0d5553b585fd3c21e22108b84064e56abca54efbeb,blank_null_includes_undecided
2026-1-ca146cb55a,2026,1,,Indexa,Broadcast,2026-08-20,2026-08-23,,2000,,without Pablo Marçal,Ronaldo Caiado,5.0,total,16.0,,,https://pt.wikipedia.org/w/index.php?title=Pesquisas_de_opini%C3%A3o_para_a_elei%C3%A7%C3%A3o_presidencial_no_Brasil_em_2026&oldid=73082572,wikipedia_revision,73082572,2026-09-29T15:02:36Z,unverified,,9ca942a568882bbd6b774a0d5553b585fd3c21e22108b84064e56abca54efbeb,blank_null_includes_undecided
2026-1-ca146cb55a,2026,1,,Indexa,Broadcast,2026-08-20,2026-08-23,,2000,,without Pablo Marçal,Romeu Zema,1.0,total,16.0,,,https://pt.wikipedia.org/w/index.php?title=Pesquisas_de_opini%C3%A3o_para_a_elei%C3%A7%C3%A3o_presidencial_no_Brasil_em_2026&oldid=73082572,wikipedia_revision,73082572,2026-09-29T15:02:36Z,unverified,,9ca942a568882bbd6b774a0d5553b585fd3c21e22108b84064e56abca54efbeb,blank_null_includes_undecided
2026-1-ca146cb55a,2026,1,,Indexa,Broadcast,2026-08-20,2026-08-23,,2000,,without Pablo Marçal,Renan Santos,4.0,total,16.0,,,https://pt.wikipedia.org/w/index.php?title=Pesquisas_de_opini%C3%A3o_para_a_elei%C3%A7%C3%A3o_presidencial_no_Brasil_em_2026&oldid=73082572,wikipedia_revision,73082572,2026-09-29T15:02:36Z,unverified,,9ca942a568882bbd6b774a0d5553b585fd3c21e22108b84064e56abca54efbeb,blank_null_includes_undecided
2026-1-ca146cb55a,2026,1,,Indexa,Broadcast,2026-08-20,2026-08-23,,2000,,without Pablo Marçal,Augusto Cury,1.0,total,16.0,,,https://pt.wikipedia.org/w/index.php?title=Pesquisas_de_opini%C3%A3o_para_a_elei%C3%A7%C3%A3o_presidencial_no_Brasil_em_2026&oldid=73082572,wikipedia_revision,73082572,2026-09-29T15:02:36Z,unverified,,9ca942a568882bbd6b774a0d5553b585fd3c21e22108b84064e56abca54efbeb,blank_null_includes_undecided
2026-1-ca146cb55a,2026,1,,Indexa,Broadcast,2026-08-20,2026-08-23,,2000,,without Pablo Marçal,Samara Martins,0.0,total,16.0,,,https://pt.wikipedia.org/w/index.php?title=Pesquisas_de_opini%C3%A3o_para_a_elei%C3%A7%C3%A3o_presidencial_no_Brasil_em_2026&oldid=73082572,wikipedia_revision,73082572,2026-09-29T15:02:36Z,unverified,,9ca942a568882bbd6b774a0d5553b585fd3c21e22108b84064e56abca54efbeb,blank_null_includes_undecided
2026-1-ca146cb55a,2026,1,,Indexa,Broadcast,2026-08-20,2026-08-23,,2000,,without Pablo Marçal,Wilson Grassi,0.0,total,16.0,,,https://pt.wikipedia.org/w/index.php?title=Pesquisas_de_opini%C3%A3o_para_a_elei%C3%A7%C3%A3o_presidencial_no_Brasil_em_2026&oldid=73082572,wikipedia_revision,73082572,2026-09-29T15:02:36Z,unverified,,9ca942a568882bbd6b774a0d5553b585fd3c21e22108b84064e56abca54efbeb,blank_null_includes_undecided
2026-1-ca146cb55a,2026,1,,Indexa,Broadcast,2026-08-20,2026-08-23,,2000,,without Pablo Marçal,Clariana Barão,0.0,total,16.0,,,https://pt.wikipedia.org/w/index.php?title=Pesquisas_de_opini%C3%A3o_para_a_elei%C3%A7%C3%A3o_presidencial_no_Brasil_em_2026&oldid=73082572,wikipedia_revision,73082572,2026-09-29T15:02:36Z,unverified,,9ca942a568882bbd6b774a0d5553b585fd3c21e22108b84064e56abca54efbeb,blank_null_includes_undecided
2026-1-ca146cb55a,2026,1,,Indexa,Broadcast,2026-08-20,2026-08-23,,2000,,without Pablo Marçal,Hertz Dias,0.0,total,16.0,,,https://pt.wikipedia.org/w/index.php?title=Pesquisas_de_opini%C3%A3o_para_a_elei%C3%A7%C3%A3o_presidencial_no_Brasil_em_2026&oldid=73082572,wikipedia_revision,73082572,2026-09-29T15:02:36Z,unverified,,9ca942a568882bbd6b774a0d5553b585fd3c21e22108b84064e56abca54efbeb,blank_null_includes_undecided
2026-1-ca146cb55a,2026,1,,Indexa,Broadcast,2026-08-20,2026-08-23,,2000,,without Pablo Marçal,Edmilson Costa,0.0,total,16.0,,,https://pt.wikipedia.org/w/index.php?title=Pesquisas_de_opini%C3%A3o_para_a_elei%C3%A7%C3%A3o_presidencial_no_Brasil_em_2026&oldid=73082572,wikipedia_revision,73082572,2026-09-29T15:02:36Z,unverified,,9ca942a568882bbd6b774a0d5553b585fd3c21e22108b84064e56abca54efbeb,blank_null_includes_undecided
2026-1-ca146cb55a,2026,1,,Indexa,Broadcast,2026-08-20,2026-08-23,,2000,,without Pablo Marçal,Rui Costa Pimenta,0.0,total,16.0,,,https://pt.wikipedia.org/w/index.php?title=Pesquisas_de_opini%C3%A3o_para_a_elei%C3%A7%C3%A3o_presidencial_no_Brasil_em_2026&oldid=73082572,wikipedia_revision,73082572,2026-09-29T15:02:36Z,unverified,,9ca942a568882bbd6b774a0d5553b585fd3c21e22108b84064e56abca54efbeb,blank_null_includes_undecided
2026-1-ca146cb55a,2026,1,,Indexa,Broadcast,2026-08-20,2026-08-23,,2000,,full,Lula,39.0,total,16.0,,,https://pt.wikipedia.org/w/index.php?title=Pesquisas_de_opini%C3%A3o_para_a_elei%C3%A7%C3%A3o_presidencial_no_Brasil_em_2026&oldid=73082572,wikipedia_revision,73082572,2026-09-29T15:02:36Z,unverified,,9ca942a568882bbd6b774a0d5553b585fd3c21e22108b84064e56abca54efbeb,blank_null_includes_undecided
2026-1-ca146cb55a,2026,1,,Indexa,Broadcast,2026-08-20,2026-08-23,,2000,,full,Flávio Bolsonaro,33.0,total,16.0,,,https://pt.wikipedia.org/w/index.php?title=Pesquisas_de_opini%C3%A3o_para_a_elei%C3%A7%C3%A3o_presidencial_no_Brasil_em_2026&oldid=73082572,wikipedia_revision,73082572,2026-09-29T15:02:36Z,unverified,,9ca942a568882bbd6b774a0d5553b585fd3c21e22108b84064e56abca54efbeb,blank_null_includes_undecided
2026-1-ca146cb55a,2026,1,,Indexa,Broadcast,2026-08-20,2026-08-23,,2000,,full,Ronaldo Caiado,5.0,total,16.0,,,https://pt.wikipedia.org/w/index.php?title=Pesquisas_de_opini%C3%A3o_para_a_elei%C3%A7%C3%A3o_presidencial_no_Brasil_em_2026&oldid=73082572,wikipedia_revision,73082572,2026-09-29T15:02:36Z,unverified,,9ca942a568882bbd6b774a0d5553b585fd3c21e22108b84064e56abca54efbeb,blank_null_includes_undecided
2026-1-ca146cb55a,2026,1,,Indexa,Broadcast,2026-08-20,2026-08-23,,2000,,full,Romeu Zema,1.0,total,16.0,,,https://pt.wikipedia.org/w/index.php?title=Pesquisas_de_opini%C3%A3o_para_a_elei%C3%A7%C3%A3o_presidencial_no_Brasil_em_2026&oldid=73082572,wikipedia_revision,73082572,2026-09-29T15:02:36Z,unverified,,9ca942a568882bbd6b774a0d5553b585fd3c21e22108b84064e56abca54efbeb,blank_null_includes_undecided
2026-1-ca146cb55a,2026,1,,Indexa,Broadcast,2026-08-20,2026-08-23,,2000,,full,Renan Santos,4.0,total,16.0,,,https://pt.wikipedia.org/w/index.php?title=Pesquisas_de_opini%C3%A3o_para_a_elei%C3%A7%C3%A3o_presidencial_no_Brasil_em_2026&oldid=73082572,wikipedia_revision,73082572,2026-09-29T15:02:36Z,unverified,,9ca942a568882bbd6b774a0d5553b585fd3c21e22108b84064e56abca54efbeb,blank_null_includes_undecided
2026-1-ca146cb55a,2026,1,,Indexa,Broadcast,2026-08-20,2026-08-23,,2000,,full,Augusto Cury,0.0,total,16.0,,,https://pt.wikipedia.org/w/index.php?title=Pesquisas_de_opini%C3%A3o_para_a_elei%C3%A7%C3%A3o_presidencial_no_Brasil_em_2026&oldid=73082572,wikipedia_revision,73082572,2026-09-29T15:02:36Z,unverified,,9ca942a568882bbd6b774a0d5553b585fd3c21e22108b84064e56abca54efbeb,blank_null_includes_undecided
2026-1-ca146cb55a,2026,1,,Indexa,Broadcast,2026-08-20,2026-08-23,,2000,,full,Pablo Marçal,2.0,total,16.0,,,https://pt.wikipedia.org/w/index.php?title=Pesquisas_de_opini%C3%A3o_para_a_elei%C3%A7%C3%A3o_presidencial_no_Brasil_em_2026&oldid=73082572,wikipedia_revision,73082572,2026-09-29T15:02:36Z,unverified,,9ca942a568882bbd6b774a0d5553b585fd3c21e22108b84064e56abca54efbeb,blank_null_includes_undecided
2026-1-ca146cb55a,2026,1,,Indexa,Broadcast,2026-08-20,2026-08-23,,2000,,full,Samara Martins,0.0,total,16.0,,,https://pt.wikipedia.org/w/index.php?title=Pesquisas_de_opini%C3%A3o_para_a_elei%C3%A7%C3%A3o_presidencial_no_Brasil_em_2026&oldid=73082572,wikipedia_revision,73082572,2026-09-29T15:02:36Z,unverified,,9ca942a568882bbd6b774a0d5553b585fd3c21e22108b84064e56abca54efbeb,blank_null_includes_undecided
2026-1-ca146cb55a,2026,1,,Indexa,Broadcast,2026-08-20,2026-08-23,,2000,,full,Wilson Grassi,0.0,total,16.0,,,https://pt.wikipedia.org/w/index.php?title=Pesquisas_de_opini%C3%A3o_para_a_elei%C3%A7%C3%A3o_presidencial_no_Brasil_em_2026&oldid=73082572,wikipedia_revision,73082572,2026-09-29T15:02:36Z,unverified,,9ca942a568882bbd6b774a0d5553b585fd3c21e22108b84064e56abca54efbeb,blank_null_includes_undecided
2026-1-ca146cb55a,2026,1,,Indexa,Broadcast,2026-08-20,2026-08-23,,2000,,full,Clariana Barão,0.0,total,16.0,,,https://pt.wikipedia.org/w/index.php?title=Pesquisas_de_opini%C3%A3o_para_a_elei%C3%A7%C3%A3o_presidencial_no_Brasil_em_2026&oldid=73082572,wikipedia_revision,73082572,2026-09-29T15:02:36Z,unverified,,9ca942a568882bbd6b774a0d5553b585fd3c21e22108b84064e56abca54efbeb,blank_null_includes_undecided
2026-1-ca146cb55a,2026,1,,Indexa,Broadcast,2026-08-20,2026-08-23,,2000,,full,Hertz Dias,0.0,total,16.0,,,https://pt.wikipedia.org/w/index.php?title=Pesquisas_de_opini%C3%A3o_para_a_elei%C3%A7%C3%A3o_presidencial_no_Brasil_em_2026&oldid=73082572,wikipedia_revision,73082572,2026-09-29T15:02:36Z,unverified,,9ca942a568882bbd6b774a0d5553b585fd3c21e22108b84064e56abca54efbeb,blank_null_includes_undecided
2026-1-ca146cb55a,2026,1,,Indexa,Broadcast,2026-08-20,2026-08-23,,2000,,full,Edmilson Costa,0.0,total,16.0,,,https://pt.wikipedia.org/w/index.php?title=Pesquisas_de_opini%C3%A3o_para_a_elei%C3%A7%C3%A3o_presidencial_no_Brasil_em_2026&oldid=73082572,wikipedia_revision,73082572,2026-09-29T15:02:36Z,unverified,,9ca942a568882bbd6b774a0d5553b585fd3c21e22108b84064e56abca54efbeb,blank_null_includes_undecided
2026-1-ca146cb55a,2026,1,,Indexa,Broadcast,2026-08-20,2026-08-23,,2000,,full,Rui Costa Pimenta,0.0,total,16.0,,,https://pt.wikipedia.org/w/index.php?title=Pesquisas_de_opini%C3%A3o_para_a_elei%C3%A7%C3%A3o_presidencial_no_Brasil_em_2026&oldid=73082572,wikipedia_revision,73082572,2026-09-29T15:02:36Z,unverified,,9ca942a568882bbd6b774a0d5553b585fd3c21e22108b84064e56abca54efbeb,blank_null_includes_undecided
2026-1-7a0844b9da,2026,1,,Nexus,BTG Pactual,2026-08-21,2026-08-23,,2006,,without Pablo Marçal,Lula,41.0,total,8.0,,,https://pt.wikipedia.org/w/index.php?title=Pesquisas_de_opini%C3%A3o_para_a_elei%C3%A7%C3%A3o_presidencial_no_Brasil_em_2026&oldid=73082572,wikipedia_revision,73082572,2026-09-29T15:02:36Z,unverified,,9ca942a568882bbd6b774a0d5553b585fd3c21e22108b84064e56abca54efbeb,blank_null_includes_undecided
2026-1-7a0844b9da,2026,1,,Nexus,BTG Pactual,2026-08-21,2026-08-23,,2006,,without Pablo Marçal,Flávio Bolsonaro,37.0,total,8.0,,,https://pt.wikipedia.org/w/index.php?title=Pesquisas_de_opini%C3%A3o_para_a_elei%C3%A7%C3%A3o_presidencial_no_Brasil_em_2026&oldid=73082572,wikipedia_revision,73082572,2026-09-29T15:02:36Z,unverified,,9ca942a568882bbd6b774a0d5553b585fd3c21e22108b84064e56abca54efbeb,blank_null_includes_undecided
2026-1-7a0844b9da,2026,1,,Nexus,BTG Pactual,2026-08-21,2026-08-23,,2006,,without Pablo Marçal,Ronaldo Caiado,5.0,total,8.0,,,https://pt.wikipedia.org/w/index.php?title=Pesquisas_de_opini%C3%A3o_para_a_elei%C3%A7%C3%A3o_presidencial_no_Brasil_em_2026&oldid=73082572,wikipedia_revision,73082572,2026-09-29T15:02:36Z,unverified,,9ca942a568882bbd6b774a0d5553b585fd3c21e22108b84064e56abca54efbeb,blank_null_includes_undecided
2026-1-7a0844b9da,2026,1,,Nexus,BTG Pactual,2026-08-21,2026-08-23,,2006,,without Pablo Marçal,Romeu Zema,3.0,total,8.0,,,https://pt.wikipedia.org/w/index.php?title=Pesquisas_de_opini%C3%A3o_para_a_elei%C3%A7%C3%A3o_presidencial_no_Brasil_em_2026&oldid=73082572,wikipedia_revision,73082572,2026-09-29T15:02:36Z,unverified,,9ca942a568882bbd6b774a0d5553b585fd3c21e22108b84064e56abca54efbeb,blank_null_includes_undecided
2026-1-7a0844b9da,2026,1,,Nexus,BTG Pactual,2026-08-21,2026-08-23,,2006,,without Pablo Marçal,Renan Santos,3.0,total,8.0,,,https://pt.wikipedia.org/w/index.php?title=Pesquisas_de_opini%C3%A3o_para_a_elei%C3%A7%C3%A3o_presidencial_no_Brasil_em_2026&oldid=73082572,wikipedia_revision,73082572,2026-09-29T15:02:36Z,unverified,,9ca942a568882bbd6b774a0d5553b585fd3c21e22108b84064e56abca54efbeb,blank_null_includes_undecided
2026-1-7a0844b9da,2026,1,,Nexus,BTG Pactual,2026-08-21,2026-08-23,,2006,,without Pablo Marçal,Augusto Cury,2.0,total,8.0,,,https://pt.wikipedia.org/w/index.php?title=Pesquisas_de_opini%C3%A3o_para_a_elei%C3%A7%C3%A3o_presidencial_no_Brasil_em_2026&oldid=73082572,wikipedia_revision,73082572,2026-09-29T15:02:36Z,unverified,,9ca942a568882bbd6b774a0d5553b585fd3c21e22108b84064e56abca54efbeb,blank_null_includes_undecided
2026-1-7a0844b9da,2026,1,,Nexus,BTG Pactual,2026-08-21,2026-08-23,,2006,,without Pablo Marçal,Samara Martins,1.0,total,8.0,,,https://pt.wikipedia.org/w/index.php?title=Pesquisas_de_opini%C3%A3o_para_a_elei%C3%A7%C3%A3o_presidencial_no_Brasil_em_2026&oldid=73082572,wikipedia_revision,73082572,2026-09-29T15:02:36Z,unverified,,9ca942a568882bbd6b774a0d5553b585fd3c21e22108b84064e56abca54efbeb,blank_null_includes_undecided
2026-1-7a0844b9da,2026,1,,Nexus,BTG Pactual,2026-08-21,2026-08-23,,2006,,without Pablo Marçal,Wilson Grassi,0.0,total,8.0,,,https://pt.wikipedia.org/w/index.php?title=Pesquisas_de_opini%C3%A3o_para_a_elei%C3%A7%C3%A3o_presidencial_no_Brasil_em_2026&oldid=73082572,wikipedia_revision,73082572,2026-09-29T15:02:36Z,unverified,,9ca942a568882bbd6b774a0d5553b585fd3c21e22108b84064e56abca54efbeb,blank_null_includes_undecided
2026-1-7a0844b9da,2026,1,,Nexus,BTG Pactual,2026-08-21,2026-08-23,,2006,,without Pablo Marçal,Clariana Barão,0.0,total,8.0,,,https://pt.wikipedia.org/w/index.php?title=Pesquisas_de_opini%C3%A3o_para_a_elei%C3%A7%C3%A3o_presidencial_no_Brasil_em_2026&oldid=73082572,wikipedia_revision,73082572,2026-09-29T15:02:36Z,unverified,,9ca942a568882bbd6b774a0d5553b585fd3c21e22108b84064e56abca54efbeb,blank_null_includes_undecided
2026-1-7a0844b9da,2026,1,,Nexus,BTG Pactual,2026-08-21,2026-08-23,,2006,,without Pablo Marçal,Hertz Dias,0.0,total,8.0,,,https://pt.wikipedia.org/w/index.php?title=Pesquisas_de_opini%C3%A3o_para_a_elei%C3%A7%C3%A3o_presidencial_no_Brasil_em_2026&oldid=73082572,wikipedia_revision,73082572,2026-09-29T15:02:36Z,unverified,,9ca942a568882bbd6b774a0d5553b585fd3c21e22108b84064e56abca54efbeb,blank_null_includes_undecided
2026-1-7a0844b9da,2026,1,,Nexus,BTG Pactual,2026-08-21,2026-08-23,,2006,,without Pablo Marçal,Edmilson Costa,0.0,total,8.0,,,https://pt.wikipedia.org/w/index.php?title=Pesquisas_de_opini%C3%A3o_para_a_elei%C3%A7%C3%A3o_presidencial_no_Brasil_em_2026&oldid=73082572,wikipedia_revision,73082572,2026-09-29T15:02:36Z,unverified,,9ca942a568882bbd6b774a0d5553b585fd3c21e22108b84064e56abca54efbeb,blank_null_includes_undecided
2026-1-7a0844b9da,2026,1,,Nexus,BTG Pactual,2026-08-21,2026-08-23,,2006,,without Pablo Marçal,Rui Costa Pimenta,0.0,total,8.0,,,https://pt.wikipedia.org/w/index.php?title=Pesquisas_de_opini%C3%A3o_para_a_elei%C3%A7%C3%A3o_presidencial_no_Brasil_em_2026&oldid=73082572,wikipedia_revision,73082572,2026-09-29T15:02:36Z,unverified,,9ca942a568882bbd6b774a0d5553b585fd3c21e22108b84064e56abca54efbeb,blank_null_includes_undecided
2026-1-7a0844b9da,2026,1,,Nexus,BTG Pactual,2026-08-21,2026-08-23,,2006,,full,Lula,40.0,total,7.0,,,https://pt.wikipedia.org/w/index.php?title=Pesquisas_de_opini%C3%A3o_para_a_elei%C3%A7%C3%A3o_presidencial_no_Brasil_em_2026&oldid=73082572,wikipedia_revision,73082572,2026-09-29T15:02:36Z,unverified,,9ca942a568882bbd6b774a0d5553b585fd3c21e22108b84064e56abca54efbeb,blank_null_includes_undecided
2026-1-7a0844b9da,2026,1,,Nexus,BTG Pactual,2026-08-21,2026-08-23,,2006,,full,Flávio Bolsonaro,34.0,total,7.0,,,https://pt.wikipedia.org/w/index.php?title=Pesquisas_de_opini%C3%A3o_para_a_elei%C3%A7%C3%A3o_presidencial_no_Brasil_em_2026&oldid=73082572,wikipedia_revision,73082572,2026-09-29T15:02:36Z,unverified,,9ca942a568882bbd6b774a0d5553b585fd3c21e22108b84064e56abca54efbeb,blank_null_includes_undecided
2026-1-7a0844b9da,2026,1,,Nexus,BTG Pactual,2026-08-21,2026-08-23,,2006,,full,Ronaldo Caiado,5.0,total,7.0,,,https://pt.wikipedia.org/w/index.php?title=Pesquisas_de_opini%C3%A3o_para_a_elei%C3%A7%C3%A3o_presidencial_no_Brasil_em_2026&oldid=73082572,wikipedia_revision,73082572,2026-09-29T15:02:36Z,unverified,,9ca942a568882bbd6b774a0d5553b585fd3c21e22108b84064e56abca54efbeb,blank_null_includes_undecided
2026-1-7a0844b9da,2026,1,,Nexus,BTG Pactual,2026-08-21,2026-08-23,,2006,,full,Romeu Zema,2.0,total,7.0,,,https://pt.wikipedia.org/w/index.php?title=Pesquisas_de_opini%C3%A3o_para_a_elei%C3%A7%C3%A3o_presidencial_no_Brasil_em_2026&oldid=73082572,wikipedia_revision,73082572,2026-09-29T15:02:36Z,unverified,,9ca942a568882bbd6b774a0d5553b585fd3c21e22108b84064e56abca54efbeb,blank_null_includes_undecided
2026-1-7a0844b9da,2026,1,,Nexus,BTG Pactual,2026-08-21,2026-08-23,,2006,,full,Renan Santos,3.0,total,7.0,,,https://pt.wikipedia.org/w/index.php?title=Pesquisas_de_opini%C3%A3o_para_a_elei%C3%A7%C3%A3o_presidencial_no_Brasil_em_2026&oldid=73082572,wikipedia_revision,73082572,2026-09-29T15:02:36Z,unverified,,9ca942a568882bbd6b774a0d5553b585fd3c21e22108b84064e56abca54efbeb,blank_null_includes_undecided
2026-1-7a0844b9da,2026,1,,Nexus,BTG Pactual,2026-08-21,2026-08-23,,2006,,full,Augusto Cury,2.0,total,7.0,,,https://pt.wikipedia.org/w/index.php?title=Pesquisas_de_opini%C3%A3o_para_a_elei%C3%A7%C3%A3o_presidencial_no_Brasil_em_2026&oldid=73082572,wikipedia_revision,73082572,2026-09-29T15:02:36Z,unverified,,9ca942a568882bbd6b774a0d5553b585fd3c21e22108b84064e56abca54efbeb,blank_null_includes_undecided
2026-1-7a0844b9da,2026,1,,Nexus,BTG Pactual,2026-08-21,2026-08-23,,2006,,full,Pablo Marçal,4.0,total,7.0,,,https://pt.wikipedia.org/w/index.php?title=Pesquisas_de_opini%C3%A3o_para_a_elei%C3%A7%C3%A3o_presidencial_no_Brasil_em_2026&oldid=73082572,wikipedia_revision,73082572,2026-09-29T15:02:36Z,unverified,,9ca942a568882bbd6b774a0d5553b585fd3c21e22108b84064e56abca54efbeb,blank_null_includes_undecided
2026-1-7a0844b9da,2026,1,,Nexus,BTG Pactual,2026-08-21,2026-08-23,,2006,,full,Samara Martins,1.0,total,7.0,,,https://pt.wikipedia.org/w/index.php?title=Pesquisas_de_opini%C3%A3o_para_a_elei%C3%A7%C3%A3o_presidencial_no_Brasil_em_2026&oldid=73082572,wikipedia_revision,73082572,2026-09-29T15:02:36Z,unverified,,9ca942a568882bbd6b774a0d5553b585fd3c21e22108b84064e56abca54efbeb,blank_null_includes_undecided
2026-1-7a0844b9da,2026,1,,Nexus,BTG Pactual,2026-08-21,2026-08-23,,2006,,full,Wilson Grassi,0.0,total,7.0,,,https://pt.wikipedia.org/w/index.php?title=Pesquisas_de_opini%C3%A3o_para_a_elei%C3%A7%C3%A3o_presidencial_no_Brasil_em_2026&oldid=73082572,wikipedia_revision,73082572,2026-09-29T15:02:36Z,unverified,,9ca942a568882bbd6b774a0d5553b585fd3c21e22108b84064e56abca54efbeb,blank_null_includes_undecided
2026-1-7a0844b9da,2026,1,,Nexus,BTG Pactual,2026-08-21,2026-08-23,,2006,,full,Clariana Barão,1.0,total,7.0,,,https://pt.wikipedia.org/w/index.php?title=Pesquisas_de_opini%C3%A3o_para_a_elei%C3%A7%C3%A3o_presidencial_no_Brasil_em_2026&oldid=73082572,wikipedia_revision,73082572,2026-09-29T15:02:36Z,unverified,,9ca942a568882bbd6b774a0d5553b585fd3c21e22108b84064e56abca54efbeb,blank_null_includes_undecided
2026-1-7a0844b9da,2026,1,,Nexus,BTG Pactual,2026-08-21,2026-08-23,,2006,,full,Hertz Dias,0.0,total,7.0,,,https://pt.wikipedia.org/w/index.php?title=Pesquisas_de_opini%C3%A3o_para_a_elei%C3%A7%C3%A3o_presidencial_no_Brasil_em_2026&oldid=73082572,wikipedia_revision,73082572,2026-09-29T15:02:36Z,unverified,,9ca942a568882bbd6b774a0d5553b585fd3c21e22108b84064e56abca54efbeb,blank_null_includes_undecided
2026-1-7a0844b9da,2026,1,,Nexus,BTG Pactual,2026-08-21,2026-08-23,,2006,,full,Edmilson Costa,0.0,total,7.0,,,https://pt.wikipedia.org/w/index.php?title=Pesquisas_de_opini%C3%A3o_para_a_elei%C3%A7%C3%A3o_presidencial_no_Brasil_em_2026&oldid=73082572,wikipedia_revision,73082572,2026-09-29T15:02:36Z,unverified,,9ca942a568882bbd6b774a0d5553b585fd3c21e22108b84064e56abca54efbeb,blank_null_includes_undecided
2026-1-7a0844b9da,2026,1,,Nexus,BTG Pactual,2026-08-21,2026-08-23,,2006,,full,Rui Costa Pimenta,1.0,total,7.0,,,https://pt.wikipedia.org/w/index.php?title=Pesquisas_de_opini%C3%A3o_para_a_elei%C3%A7%C3%A3o_presidencial_no_Brasil_em_2026&oldid=73082572,wikipedia_revision,73082572,2026-09-29T15:02:36Z,unverified,,9ca942a568882bbd6b774a0d5553b585fd3c21e22108b84064e56abca54efbeb,blank_null_includes_undecided
2026-1-f25b09cd46,2026,1,,Datafolha,,2026-08-18,2026-08-20,,2058,,without Pablo Marçal,Lula,39.0,total,10.0,,,https://pt.wikipedia.org/w/index.php?title=Pesquisas_de_opini%C3%A3o_para_a_elei%C3%A7%C3%A3o_presidencial_no_Brasil_em_2026&oldid=73082572,wikipedia_revision,73082572,2026-09-29T15:02:36Z,unverified,,9ca942a568882bbd6b774a0d5553b585fd3c21e22108b84064e56abca54efbeb,blank_null_includes_undecided
2026-1-f25b09cd46,2026,1,,Datafolha,,2026-08-18,2026-08-20,,2058,,without Pablo Marçal,Flávio Bolsonaro,33.0,total,10.0,,,https://pt.wikipedia.org/w/index.php?title=Pesquisas_de_opini%C3%A3o_para_a_elei%C3%A7%C3%A3o_presidencial_no_Brasil_em_2026&oldid=73082572,wikipedia_revision,73082572,2026-09-29T15:02:36Z,unverified,,9ca942a568882bbd6b774a0d5553b585fd3c21e22108b84064e56abca54efbeb,blank_null_includes_undecided
2026-1-f25b09cd46,2026,1,,Datafolha,,2026-08-18,2026-08-20,,2058,,without Pablo Marçal,Ronaldo Caiado,5.0,total,10.0,,,https://pt.wikipedia.org/w/index.php?title=Pesquisas_de_opini%C3%A3o_para_a_elei%C3%A7%C3%A3o_presidencial_no_Brasil_em_2026&oldid=73082572,wikipedia_revision,73082572,2026-09-29T15:02:36Z,unverified,,9ca942a568882bbd6b774a0d5553b585fd3c21e22108b84064e56abca54efbeb,blank_null_includes_undecided
2026-1-f25b09cd46,2026,1,,Datafolha,,2026-08-18,2026-08-20,,2058,,without Pablo Marçal,Romeu Zema,3.0,total,10.0,,,https://pt.wikipedia.org/w/index.php?title=Pesquisas_de_opini%C3%A3o_para_a_elei%C3%A7%C3%A3o_presidencial_no_Brasil_em_2026&oldid=73082572,wikipedia_revision,73082572,2026-09-29T15:02:36Z,unverified,,9ca942a568882bbd6b774a0d5553b585fd3c21e22108b84064e56abca54efbeb,blank_null_includes_undecided
2026-1-f25b09cd46,2026,1,,Datafolha,,2026-08-18,2026-08-20,,2058,,without Pablo Marçal,Renan Santos,4.0,total,10.0,,,https://pt.wikipedia.org/w/index.php?title=Pesquisas_de_opini%C3%A3o_para_a_elei%C3%A7%C3%A3o_presidencial_no_Brasil_em_2026&oldid=73082572,wikipedia_revision,73082572,2026-09-29T15:02:36Z,unverified,,9ca942a568882bbd6b774a0d5553b585fd3c21e22108b84064e56abca54efbeb,blank_null_includes_undecided
2026-1-f25b09cd46,2026,1,,Datafolha,,2026-08-18,2026-08-20,,2058,,without Pablo Marçal,Augusto Cury,2.0,total,10.0,,,https://pt.wikipedia.org/w/index.php?title=Pesquisas_de_opini%C3%A3o_para_a_elei%C3%A7%C3%A3o_presidencial_no_Brasil_em_2026&oldid=73082572,wikipedia_revision,73082572,2026-09-29T15:02:36Z,unverified,,9ca942a568882bbd6b774a0d5553b585fd3c21e22108b84064e56abca54efbeb,blank_null_includes_undecided
2026-1-f25b09cd46,2026,1,,Datafolha,,2026-08-18,2026-08-20,,2058,,without Pablo Marçal,Samara Martins,1.0,total,10.0,,,https://pt.wikipedia.org/w/index.php?title=Pesquisas_de_opini%C3%A3o_para_a_elei%C3%A7%C3%A3o_presidencial_no_Brasil_em_2026&oldid=73082572,wikipedia_revision,73082572,2026-09-29T15:02:36Z,unverified,,9ca942a568882bbd6b774a0d5553b585fd3c21e22108b84064e56abca54efbeb,blank_null_includes_undecided
2026-1-f25b09cd46,2026,1,,Datafolha,,2026-08-18,2026-08-20,,2058,,without Pablo Marçal,Wilson Grassi,1.0,total,10.0,,,https://pt.wikipedia.org/w/index.php?title=Pesquisas_de_opini%C3%A3o_para_a_elei%C3%A7%C3%A3o_presidencial_no_Brasil_em_2026&oldid=73082572,wikipedia_revision,73082572,2026-09-29T15:02:36Z,unverified,,9ca942a568882bbd6b774a0d5553b585fd3c21e22108b84064e56abca54efbeb,blank_null_includes_undecided
2026-1-f25b09cd46,2026,1,,Datafolha,,2026-08-18,2026-08-20,,2058,,without Pablo Marçal,Clariana Barão,0.0,total,10.0,,,https://pt.wikipedia.org/w/index.php?title=Pesquisas_de_opini%C3%A3o_para_a_elei%C3%A7%C3%A3o_presidencial_no_Brasil_em_2026&oldid=73082572,wikipedia_revision,73082572,2026-09-29T15:02:36Z,unverified,,9ca942a568882bbd6b774a0d5553b585fd3c21e22108b84064e56abca54efbeb,blank_null_includes_undecided
2026-1-f25b09cd46,2026,1,,Datafolha,,2026-08-18,2026-08-20,,2058,,without Pablo Marçal,Hertz Dias,0.0,total,10.0,,,https://pt.wikipedia.org/w/index.php?title=Pesquisas_de_opini%C3%A3o_para_a_elei%C3%A7%C3%A3o_presidencial_no_Brasil_em_2026&oldid=73082572,wikipedia_revision,73082572,2026-09-29T15:02:36Z,unverified,,9ca942a568882bbd6b774a0d5553b585fd3c21e22108b84064e56abca54efbeb,blank_null_includes_undecided
2026-1-f25b09cd46,2026,1,,Datafolha,,2026-08-18,2026-08-20,,2058,,without Pablo Marçal,Edmilson Costa,1.0,total,10.0,,,https://pt.wikipedia.org/w/index.php?title=Pesquisas_de_opini%C3%A3o_para_a_elei%C3%A7%C3%A3o_presidencial_no_Brasil_em_2026&oldid=73082572,wikipedia_revision,73082572,2026-09-29T15:02:36Z,unverified,,9ca942a568882bbd6b774a0d5553b585fd3c21e22108b84064e56abca54efbeb,blank_null_includes_undecided
2026-1-f25b09cd46,2026,1,,Datafolha,,2026-08-18,2026-08-20,,2058,,without Pablo Marçal,Rui Costa Pimenta,1.0,total,10.0,,,https://pt.wikipedia.org/w/index.php?title=Pesquisas_de_opini%C3%A3o_para_a_elei%C3%A7%C3%A3o_presidencial_no_Brasil_em_2026&oldid=73082572,wikipedia_revision,73082572,2026-09-29T15:02:36Z,unverified,,9ca942a568882bbd6b774a0d5553b585fd3c21e22108b84064e56abca54efbeb,blank_null_includes_undecided
2026-1-f25b09cd46,2026,1,,Datafolha,,2026-08-18,2026-08-20,,2058,,full,Lula,39.0,total,11.0,,,https://pt.wikipedia.org/w/index.php?title=Pesquisas_de_opini%C3%A3o_para_a_elei%C3%A7%C3%A3o_presidencial_no_Brasil_em_2026&oldid=73082572,wikipedia_revision,73082572,2026-09-29T15:02:36Z,unverified,,9ca942a568882bbd6b774a0d5553b585fd3c21e22108b84064e56abca54efbeb,blank_null_includes_undecided
2026-1-f25b09cd46,2026,1,,Datafolha,,2026-08-18,2026-08-20,,2058,,full,Flávio Bolsonaro,32.0,total,11.0,,,https://pt.wikipedia.org/w/index.php?title=Pesquisas_de_opini%C3%A3o_para_a_elei%C3%A7%C3%A3o_presidencial_no_Brasil_em_2026&oldid=73082572,wikipedia_revision,73082572,2026-09-29T15:02:36Z,unverified,,9ca942a568882bbd6b774a0d5553b585fd3c21e22108b84064e56abca54efbeb,blank_null_includes_undecided
2026-1-f25b09cd46,2026,1,,Datafolha,,2026-08-18,2026-08-20,,2058,,full,Ronaldo Caiado,5.0,total,11.0,,,https://pt.wikipedia.org/w/index.php?title=Pesquisas_de_opini%C3%A3o_para_a_elei%C3%A7%C3%A3o_presidencial_no_Brasil_em_2026&oldid=73082572,wikipedia_revision,73082572,2026-09-29T15:02:36Z,unverified,,9ca942a568882bbd6b774a0d5553b585fd3c21e22108b84064e56abca54efbeb,blank_null_includes_undecided
2026-1-f25b09cd46,2026,1,,Datafolha,,2026-08-18,2026-08-20,,2058,,full,Romeu Zema,3.0,total,11.0,,,https://pt.wikipedia.org/w/index.php?title=Pesquisas_de_opini%C3%A3o_para_a_elei%C3%A7%C3%A3o_presidencial_no_Brasil_em_2026&oldid=73082572,wikipedia_revision,73082572,2026-09-29T15:02:36Z,unverified,,9ca942a568882bbd6b774a0d5553b585fd3c21e22108b84064e56abca54efbeb,blank_null_includes_undecided
2026-1-f25b09cd46,2026,1,,Datafolha,,2026-08-18,2026-08-20,,2058,,full,Renan Santos,4.0,total,11.0,,,https://pt.wikipedia.org/w/index.php?title=Pesquisas_de_opini%C3%A3o_para_a_elei%C3%A7%C3%A3o_presidencial_no_Brasil_em_2026&oldid=73082572,wikipedia_revision,73082572,2026-09-29T15:02:36Z,unverified,,9ca942a568882bbd6b774a0d5553b585fd3c21e22108b84064e56abca54efbeb,blank_null_includes_undecided
2026-1-f25b09cd46,2026,1,,Datafolha,,2026-08-18,2026-08-20,,2058,,full,Augusto Cury,2.0,total,11.0,,,https://pt.wikipedia.org/w/index.php?title=Pesquisas_de_opini%C3%A3o_para_a_elei%C3%A7%C3%A3o_presidencial_no_Brasil_em_2026&oldid=73082572,wikipedia_revision,73082572,2026-09-29T15:02:36Z,unverified,,9ca942a568882bbd6b774a0d5553b585fd3c21e22108b84064e56abca54efbeb,blank_null_includes_undecided
2026-1-f25b09cd46,2026,1,,Datafolha,,2026-08-18,2026-08-20,,2058,,full,Pablo Marçal,2.0,total,11.0,,,https://pt.wikipedia.org/w/index.php?title=Pesquisas_de_opini%C3%A3o_para_a_elei%C3%A7%C3%A3o_presidencial_no_Brasil_em_2026&oldid=73082572,wikipedia_revision,73082572,2026-09-29T15:02:36Z,unverified,,9ca942a568882bbd6b774a0d5553b585fd3c21e22108b84064e56abca54efbeb,blank_null_includes_undecided
2026-1-f25b09cd46,2026,1,,Datafolha,,2026-08-18,2026-08-20,,2058,,full,Samara Martins,1.0,total,11.0,,,https://pt.wikipedia.org/w/index.php?title=Pesquisas_de_opini%C3%A3o_para_a_elei%C3%A7%C3%A3o_presidencial_no_Brasil_em_2026&oldid=73082572,wikipedia_revision,73082572,2026-09-29T15:02:36Z,unverified,,9ca942a568882bbd6b774a0d5553b585fd3c21e22108b84064e56abca54efbeb,blank_null_includes_undecided
2026-1-f25b09cd46,2026,1,,Datafolha,,2026-08-18,2026-08-20,,2058,,full,Wilson Grassi,1.0,total,11.0,,,https://pt.wikipedia.org/w/index.php?title=Pesquisas_de_opini%C3%A3o_para_a_elei%C3%A7%C3%A3o_presidencial_no_Brasil_em_2026&oldid=73082572,wikipedia_revision,73082572,2026-09-29T15:02:36Z,unverified,,9ca942a568882bbd6b774a0d5553b585fd3c21e22108b84064e56abca54efbeb,blank_null_includes_undecided
2026-1-f25b09cd46,2026,1,,Datafolha,,2026-08-18,2026-08-20,,2058,,full,Clariana Barão,0.0,total,11.0,,,https://pt.wikipedia.org/w/index.php?title=Pesquisas_de_opini%C3%A3o_para_a_elei%C3%A7%C3%A3o_presidencial_no_Brasil_em_2026&oldid=73082572,wikipedia_revision,73082572,2026-09-29T15:02:36Z,unverified,,9ca942a568882bbd6b774a0d5553b585fd3c21e22108b84064e56abca54efbeb,blank_null_includes_undecided
2026-1-f25b09cd46,2026,1,,Datafolha,,2026-08-18,2026-08-20,,2058,,full,Hertz Dias,0.0,total,11.0,,,https://pt.wikipedia.org/w/index.php?title=Pesquisas_de_opini%C3%A3o_para_a_elei%C3%A7%C3%A3o_presidencial_no_Brasil_em_2026&oldid=73082572,wikipedia_revision,73082572,2026-09-29T15:02:36Z,unverified,,9ca942a568882bbd6b774a0d5553b585fd3c21e22108b84064e56abca54efbeb,blank_null_includes_undecided
2026-1-f25b09cd46,2026,1,,Datafolha,,2026-08-18,2026-08-20,,2058,,full,Edmilson Costa,1.0,total,11.0,,,https://pt.wikipedia.org/w/index.php?title=Pesquisas_de_opini%C3%A3o_para_a_elei%C3%A7%C3%A3o_presidencial_no_Brasil_em_2026&oldid=73082572,wikipedia_revision,73082572,2026-09-29T15:02:36Z,unverified,,9ca942a568882bbd6b774a0d5553b585fd3c21e22108b84064e56abca54efbeb,blank_null_includes_undecided
2026-1-f25b09cd46,2026,1,,Datafolha,,2026-08-18,2026-08-20,,2058,,full,Rui Costa Pimenta,1.0,total,11.0,,,https://pt.wikipedia.org/w/index.php?title=Pesquisas_de_opini%C3%A3o_para_a_elei%C3%A7%C3%A3o_presidencial_no_Brasil_em_2026&oldid=73082572,wikipedia_revision,73082572,2026-09-29T15:02:36Z,unverified,,9ca942a568882bbd6b774a0d5553b585fd3c21e22108b84064e56abca54efbeb,blank_null_includes_undecided
2026-1-5028a24223,2026,1,BR-04006/2026,Veritá,,2026-08-16,2026-08-20,,3840,,main,Lula,39.3,total,4.2,,,https://pt.wikipedia.org/w/index.php?title=Pesquisas_de_opini%C3%A3o_para_a_elei%C3%A7%C3%A3o_presidencial_no_Brasil_em_2026&oldid=73082572,wikipedia_revision,73082572,2026-09-29T15:02:36Z,unverified,,9ca942a568882bbd6b774a0d5553b585fd3c21e22108b84064e56abca54efbeb,blank_null_includes_undecided
2026-1-5028a24223,2026,1,BR-04006/2026,Veritá,,2026-08-16,2026-08-20,,3840,,main,Flávio Bolsonaro,39.1,total,4.2,,,https://pt.wikipedia.org/w/index.php?title=Pesquisas_de_opini%C3%A3o_para_a_elei%C3%A7%C3%A3o_presidencial_no_Brasil_em_2026&oldid=73082572,wikipedia_revision,73082572,2026-09-29T15:02:36Z,unverified,,9ca942a568882bbd6b774a0d5553b585fd3c21e22108b84064e56abca54efbeb,blank_null_includes_undecided
2026-1-5028a24223,2026,1,BR-04006/2026,Veritá,,2026-08-16,2026-08-20,,3840,,main,Ronaldo Caiado,3.3,total,4.2,,,https://pt.wikipedia.org/w/index.php?title=Pesquisas_de_opini%C3%A3o_para_a_elei%C3%A7%C3%A3o_presidencial_no_Brasil_em_2026&oldid=73082572,wikipedia_revision,73082572,2026-09-29T15:02:36Z,unverified,,9ca942a568882bbd6b774a0d5553b585fd3c21e22108b84064e56abca54efbeb,blank_null_includes_undecided
2026-1-5028a24223,2026,1,BR-04006/2026,Veritá,,2026-08-16,2026-08-20,,3840,,main,Romeu Zema,1.3,total,4.2,,,https://pt.wikipedia.org/w/index.php?title=Pesquisas_de_opini%C3%A3o_para_a_elei%C3%A7%C3%A3o_presidencial_no_Brasil_em_2026&oldid=73082572,wikipedia_revision,73082572,2026-09-29T15:02:36Z,unverified,,9ca942a568882bbd6b774a0d5553b585fd3c21e22108b84064e56abca54efbeb,blank_null_includes_undecided
2026-1-5028a24223,2026,1,BR-04006/2026,Veritá,,2026-08-16,2026-08-20,,3840,,main,Renan Santos,3.8,total,4.2,,,https://pt.wikipedia.org/w/index.php?title=Pesquisas_de_opini%C3%A3o_para_a_elei%C3%A7%C3%A3o_presidencial_no_Brasil_em_2026&oldid=73082572,wikipedia_revision,73082572,2026-09-29T15:02:36Z,unverified,,9ca942a568882bbd6b774a0d5553b585fd3c21e22108b84064e56abca54efbeb,blank_null_includes_undecided
2026-1-5028a24223,2026,1,BR-04006/2026,Veritá,,2026-08-16,2026-08-20,,3840,,main,Augusto Cury,2.2,total,4.2,,,https://pt.wikipedia.org/w/index.php?title=Pesquisas_de_opini%C3%A3o_para_a_elei%C3%A7%C3%A3o_presidencial_no_Brasil_em_2026&oldid=73082572,wikipedia_revision,73082572,2026-09-29T15:02:36Z,unverified,,9ca942a568882bbd6b774a0d5553b585fd3c21e22108b84064e56abca54efbeb,blank_null_includes_undecided
2026-1-5028a24223,2026,1,BR-04006/2026,Veritá,,2026-08-16,2026-08-20,,3840,,main,Pablo Marçal,5.2,total,4.2,,,https://pt.wikipedia.org/w/index.php?title=Pesquisas_de_opini%C3%A3o_para_a_elei%C3%A7%C3%A3o_presidencial_no_Brasil_em_2026&oldid=73082572,wikipedia_revision,73082572,2026-09-29T15:02:36Z,unverified,,9ca942a568882bbd6b774a0d5553b585fd3c21e22108b84064e56abca54efbeb,blank_null_includes_undecided
2026-1-5028a24223,2026,1,BR-04006/2026,Veritá,,2026-08-16,2026-08-20,,3840,,main,Samara Martins,0.4,total,4.2,,,https://pt.wikipedia.org/w/index.php?title=Pesquisas_de_opini%C3%A3o_para_a_elei%C3%A7%C3%A3o_presidencial_no_Brasil_em_2026&oldid=73082572,wikipedia_revision,73082572,2026-09-29T15:02:36Z,unverified,,9ca942a568882bbd6b774a0d5553b585fd3c21e22108b84064e56abca54efbeb,blank_null_includes_undecided
2026-1-5028a24223,2026,1,BR-04006/2026,Veritá,,2026-08-16,2026-08-20,,3840,,main,Clariana Barão,0.8,total,4.2,,,https://pt.wikipedia.org/w/index.php?title=Pesquisas_de_opini%C3%A3o_para_a_elei%C3%A7%C3%A3o_presidencial_no_Brasil_em_2026&oldid=73082572,wikipedia_revision,73082572,2026-09-29T15:02:36Z,unverified,,9ca942a568882bbd6b774a0d5553b585fd3c21e22108b84064e56abca54efbeb,blank_null_includes_undecided
2026-1-5028a24223,2026,1,BR-04006/2026,Veritá,,2026-08-16,2026-08-20,,3840,,main,Hertz Dias,0.4,total,4.2,,,https://pt.wikipedia.org/w/index.php?title=Pesquisas_de_opini%C3%A3o_para_a_elei%C3%A7%C3%A3o_presidencial_no_Brasil_em_2026&oldid=73082572,wikipedia_revision,73082572,2026-09-29T15:02:36Z,unverified,,9ca942a568882bbd6b774a0d5553b585fd3c21e22108b84064e56abca54efbeb,blank_null_includes_undecided
2026-1-5028a24223,2026,1,BR-04006/2026,Veritá,,2026-08-16,2026-08-20,,3840,,main,Edmilson Costa,0.1,total,4.2,,,https://pt.wikipedia.org/w/index.php?title=Pesquisas_de_opini%C3%A3o_para_a_elei%C3%A7%C3%A3o_presidencial_no_Brasil_em_2026&oldid=73082572,wikipedia_revision,73082572,2026-09-29T15:02:36Z,unverified,,9ca942a568882bbd6b774a0d5553b585fd3c21e22108b84064e56abca54efbeb,blank_null_includes_undecided
2026-1-5028a24223,2026,1,BR-04006/2026,Veritá,,2026-08-16,2026-08-20,,3840,,main,Rui Costa Pimenta,0.1,total,4.2,,,https://pt.wikipedia.org/w/index.php?title=Pesquisas_de_opini%C3%A3o_para_a_elei%C3%A7%C3%A3o_presidencial_no_Brasil_em_2026&oldid=73082572,wikipedia_revision,73082572,2026-09-29T15:02:36Z,unverified,,9ca942a568882bbd6b774a0d5553b585fd3c21e22108b84064e56abca54efbeb,blank_null_includes_undecided
2026-1-5e20491f0c,2026,1,,Nexus,BTG Pactual,2026-08-14,2026-08-16,,2003,,main,Lula,41.0,total,7.0,,,https://pt.wikipedia.org/w/index.php?title=Pesquisas_de_opini%C3%A3o_para_a_elei%C3%A7%C3%A3o_presidencial_no_Brasil_em_2026&oldid=73082572,wikipedia_revision,73082572,2026-09-29T15:02:36Z,unverified,,9ca942a568882bbd6b774a0d5553b585fd3c21e22108b84064e56abca54efbeb,others_column_named_candidate;blank_null_includes_undecided
2026-1-5e20491f0c,2026,1,,Nexus,BTG Pactual,2026-08-14,2026-08-16,,2003,,main,Flávio Bolsonaro,36.0,total,7.0,,,https://pt.wikipedia.org/w/index.php?title=Pesquisas_de_opini%C3%A3o_para_a_elei%C3%A7%C3%A3o_presidencial_no_Brasil_em_2026&oldid=73082572,wikipedia_revision,73082572,2026-09-29T15:02:36Z,unverified,,9ca942a568882bbd6b774a0d5553b585fd3c21e22108b84064e56abca54efbeb,others_column_named_candidate;blank_null_includes_undecided
2026-1-5e20491f0c,2026,1,,Nexus,BTG Pactual,2026-08-14,2026-08-16,,2003,,main,Ronaldo Caiado,5.0,total,7.0,,,https://pt.wikipedia.org/w/index.php?title=Pesquisas_de_opini%C3%A3o_para_a_elei%C3%A7%C3%A3o_presidencial_no_Brasil_em_2026&oldid=73082572,wikipedia_revision,73082572,2026-09-29T15:02:36Z,unverified,,9ca942a568882bbd6b774a0d5553b585fd3c21e22108b84064e56abca54efbeb,others_column_named_candidate;blank_null_includes_undecided
2026-1-5e20491f0c,2026,1,,Nexus,BTG Pactual,2026-08-14,2026-08-16,,2003,,main,Romeu Zema,4.0,total,7.0,,,https://pt.wikipedia.org/w/index.php?title=Pesquisas_de_opini%C3%A3o_para_a_elei%C3%A7%C3%A3o_presidencial_no_Brasil_em_2026&oldid=73082572,wikipedia_revision,73082572,2026-09-29T15:02:36Z,unverified,,9ca942a568882bbd6b774a0d5553b585fd3c21e22108b84064e56abca54efbeb,others_column_named_candidate;blank_null_includes_undecided
2026-1-5e20491f0c,2026,1,,Nexus,BTG Pactual,2026-08-14,2026-08-16,,2003,,main,Renan Santos,4.0,total,7.0,,,https://pt.wikipedia.org/w/index.php?title=Pesquisas_de_opini%C3%A3o_para_a_elei%C3%A7%C3%A3o_presidencial_no_Brasil_em_2026&oldid=73082572,wikipedia_revision,73082572,2026-09-29T15:02:36Z,unverified,,9ca942a568882bbd6b774a0d5553b585fd3c21e22108b84064e56abca54efbeb,others_column_named_candidate;blank_null_includes_undecided
2026-1-5e20491f0c,2026,1,,Nexus,BTG Pactual,2026-08-14,2026-08-16,,2003,,main,Augusto Cury,1.0,total,7.0,,,https://pt.wikipedia.org/w/index.php?title=Pesquisas_de_opini%C3%A3o_para_a_elei%C3%A7%C3%A3o_presidencial_no_Brasil_em_2026&oldid=73082572,wikipedia_revision,73082572,2026-09-29T15:02:36Z,unverified,,9ca942a568882bbd6b774a0d5553b585fd3c21e22108b84064e56abca54efbeb,others_column_named_candidate;blank_null_includes_undecided
2026-1-5e20491f0c,2026,1,,Nexus,BTG Pactual,2026-08-14,2026-08-16,,2003,,main,Samara Martins,1.0,total,7.0,,,https://pt.wikipedia.org/w/index.php?title=Pesquisas_de_opini%C3%A3o_para_a_elei%C3%A7%C3%A3o_presidencial_no_Brasil_em_2026&oldid=73082572,wikipedia_revision,73082572,2026-09-29T15:02:36Z,unverified,,9ca942a568882bbd6b774a0d5553b585fd3c21e22108b84064e56abca54efbeb,others_column_named_candidate;blank_null_includes_undecided
2026-1-5e20491f0c,2026,1,,Nexus,BTG Pactual,2026-08-14,2026-08-16,,2003,,main,Wilson Grassi,0.0,total,7.0,,,https://pt.wikipedia.org/w/index.php?title=Pesquisas_de_opini%C3%A3o_para_a_elei%C3%A7%C3%A3o_presidencial_no_Brasil_em_2026&oldid=73082572,wikipedia_revision,73082572,2026-09-29T15:02:36Z,unverified,,9ca942a568882bbd6b774a0d5553b585fd3c21e22108b84064e56abca54efbeb,others_column_named_candidate;blank_null_includes_undecided
2026-1-5e20491f0c,2026,1,,Nexus,BTG Pactual,2026-08-14,2026-08-16,,2003,,main,Clariana Barão,0.0,total,7.0,,,https://pt.wikipedia.org/w/index.php?title=Pesquisas_de_opini%C3%A3o_para_a_elei%C3%A7%C3%A3o_presidencial_no_Brasil_em_2026&oldid=73082572,wikipedia_revision,73082572,2026-09-29T15:02:36Z,unverified,,9ca942a568882bbd6b774a0d5553b585fd3c21e22108b84064e56abca54efbeb,others_column_named_candidate;blank_null_includes_undecided
2026-1-5e20491f0c,2026,1,,Nexus,BTG Pactual,2026-08-14,2026-08-16,,2003,,main,Hertz Dias,0.0,total,7.0,,,https://pt.wikipedia.org/w/index.php?title=Pesquisas_de_opini%C3%A3o_para_a_elei%C3%A7%C3%A3o_presidencial_no_Brasil_em_2026&oldid=73082572,wikipedia_revision,73082572,2026-09-29T15:02:36Z,unverified,,9ca942a568882bbd6b774a0d5553b585fd3c21e22108b84064e56abca54efbeb,others_column_named_candidate;blank_null_includes_undecided
2026-1-5e20491f0c,2026,1,,Nexus,BTG Pactual,2026-08-14,2026-08-16,,2003,,main,Edmilson Costa,0.0,total,7.0,,,https://pt.wikipedia.org/w/index.php?title=Pesquisas_de_opini%C3%A3o_para_a_elei%C3%A7%C3%A3o_presidencial_no_Brasil_em_2026&oldid=73082572,wikipedia_revision,73082572,2026-09-29T15:02:36Z,unverified,,9ca942a568882bbd6b774a0d5553b585fd3c21e22108b84064e56abca54efbeb,others_column_named_candidate;blank_null_includes_undecided
2026-1-5e20491f0c,2026,1,,Nexus,BTG Pactual,2026-08-14,2026-08-16,,2003,,main,Rui Costa Pimenta,0.0,total,7.0,,,https://pt.wikipedia.org/w/index.php?title=Pesquisas_de_opini%C3%A3o_para_a_elei%C3%A7%C3%A3o_presidencial_no_Brasil_em_2026&oldid=73082572,wikipedia_revision,73082572,2026-09-29T15:02:36Z,unverified,,9ca942a568882bbd6b774a0d5553b585fd3c21e22108b84064e56abca54efbeb,others_column_named_candidate;blank_null_includes_undecided
2026-1-5e20491f0c,2026,1,,Nexus,BTG Pactual,2026-08-14,2026-08-16,,2003,,main,Heró Bezerra,0.0,total,7.0,,,https://pt.wikipedia.org/w/index.php?title=Pesquisas_de_opini%C3%A3o_para_a_elei%C3%A7%C3%A3o_presidencial_no_Brasil_em_2026&oldid=73082572,wikipedia_revision,73082572,2026-09-29T15:02:36Z,unverified,,9ca942a568882bbd6b774a0d5553b585fd3c21e22108b84064e56abca54efbeb,others_column_named_candidate;blank_null_includes_undecided
2026-1-d82aaa7fd1,2026,1,,Quaest,Genial,2026-08-10,2026-08-13,,2004,,main,Lula,38.0,total,18.0,,,https://pt.wikipedia.org/w/index.php?title=Pesquisas_de_opini%C3%A3o_para_a_elei%C3%A7%C3%A3o_presidencial_no_Brasil_em_2026&oldid=73082572,wikipedia_revision,73082572,2026-09-29T15:02:36Z,unverified,,9ca942a568882bbd6b774a0d5553b585fd3c21e22108b84064e56abca54efbeb,others_split_from_footnote;blank_null_includes_undecided
2026-1-d82aaa7fd1,2026,1,,Quaest,Genial,2026-08-10,2026-08-13,,2004,,main,Flávio Bolsonaro,31.0,total,18.0,,,https://pt.wikipedia.org/w/index.php?title=Pesquisas_de_opini%C3%A3o_para_a_elei%C3%A7%C3%A3o_presidencial_no_Brasil_em_2026&oldid=73082572,wikipedia_revision,73082572,2026-09-29T15:02:36Z,unverified,,9ca942a568882bbd6b774a0d5553b585fd3c21e22108b84064e56abca54efbeb,others_split_from_footnote;blank_null_includes_undecided
2026-1-d82aaa7fd1,2026,1,,Quaest,Genial,2026-08-10,2026-08-13,,2004,,main,Ronaldo Caiado,4.0,total,18.0,,,https://pt.wikipedia.org/w/index.php?title=Pesquisas_de_opini%C3%A3o_para_a_elei%C3%A7%C3%A3o_presidencial_no_Brasil_em_2026&oldid=73082572,wikipedia_revision,73082572,2026-09-29T15:02:36Z,unverified,,9ca942a568882bbd6b774a0d5553b585fd3c21e22108b84064e56abca54efbeb,others_split_from_footnote;blank_null_includes_undecided
2026-1-d82aaa7fd1,2026,1,,Quaest,Genial,2026-08-10,2026-08-13,,2004,,main,Romeu Zema,2.0,total,18.0,,,https://pt.wikipedia.org/w/index.php?title=Pesquisas_de_opini%C3%A3o_para_a_elei%C3%A7%C3%A3o_presidencial_no_Brasil_em_2026&oldid=73082572,wikipedia_revision,73082572,2026-09-29T15:02:36Z,unverified,,9ca942a568882bbd6b774a0d5553b585fd3c21e22108b84064e56abca54efbeb,others_split_from_footnote;blank_null_includes_undecided
2026-1-d82aaa7fd1,2026,1,,Quaest,Genial,2026-08-10,2026-08-13,,2004,,main,Renan Santos,4.0,total,18.0,,,https://pt.wikipedia.org/w/index.php?title=Pesquisas_de_opini%C3%A3o_para_a_elei%C3%A7%C3%A3o_presidencial_no_Brasil_em_2026&oldid=73082572,wikipedia_revision,73082572,2026-09-29T15:02:36Z,unverified,,9ca942a568882bbd6b774a0d5553b585fd3c21e22108b84064e56abca54efbeb,others_split_from_footnote;blank_null_includes_undecided
2026-1-d82aaa7fd1,2026,1,,Quaest,Genial,2026-08-10,2026-08-13,,2004,,main,Augusto Cury,2.0,total,18.0,,,https://pt.wikipedia.org/w/index.php?title=Pesquisas_de_opini%C3%A3o_para_a_elei%C3%A7%C3%A3o_presidencial_no_Brasil_em_2026&oldid=73082572,wikipedia_revision,73082572,2026-09-29T15:02:36Z,unverified,,9ca942a568882bbd6b774a0d5553b585fd3c21e22108b84064e56abca54efbeb,others_split_from_footnote;blank_null_includes_undecided
2026-1-d82aaa7fd1,2026,1,,Quaest,Genial,2026-08-10,2026-08-13,,2004,,main,Samara Martins,1.0,total,18.0,,,https://pt.wikipedia.org/w/index.php?title=Pesquisas_de_opini%C3%A3o_para_a_elei%C3%A7%C3%A3o_presidencial_no_Brasil_em_2026&oldid=73082572,wikipedia_revision,73082572,2026-09-29T15:02:36Z,unverified,,9ca942a568882bbd6b774a0d5553b585fd3c21e22108b84064e56abca54efbeb,others_split_from_footnote;blank_null_includes_undecided
2026-1-d82aaa7fd1,2026,1,,Quaest,Genial,2026-08-10,2026-08-13,,2004,,main,Wilson Grassi,0.0,total,18.0,,,https://pt.wikipedia.org/w/index.php?title=Pesquisas_de_opini%C3%A3o_para_a_elei%C3%A7%C3%A3o_presidencial_no_Brasil_em_2026&oldid=73082572,wikipedia_revision,73082572,2026-09-29T15:02:36Z,unverified,,9ca942a568882bbd6b774a0d5553b585fd3c21e22108b84064e56abca54efbeb,others_split_from_footnote;blank_null_includes_undecided
2026-1-d82aaa7fd1,2026,1,,Quaest,Genial,2026-08-10,2026-08-13,,2004,,main,Clariana Barão,0.0,total,18.0,,,https://pt.wikipedia.org/w/index.php?title=Pesquisas_de_opini%C3%A3o_para_a_elei%C3%A7%C3%A3o_presidencial_no_Brasil_em_2026&oldid=73082572,wikipedia_revision,73082572,2026-09-29T15:02:36Z,unverified,,9ca942a568882bbd6b774a0d5553b585fd3c21e22108b84064e56abca54efbeb,others_split_from_footnote;blank_null_includes_undecided
2026-1-d82aaa7fd1,2026,1,,Quaest,Genial,2026-08-10,2026-08-13,,2004,,main,Hertz Dias,0.0,total,18.0,,,https://pt.wikipedia.org/w/index.php?title=Pesquisas_de_opini%C3%A3o_para_a_elei%C3%A7%C3%A3o_presidencial_no_Brasil_em_2026&oldid=73082572,wikipedia_revision,73082572,2026-09-29T15:02:36Z,unverified,,9ca942a568882bbd6b774a0d5553b585fd3c21e22108b84064e56abca54efbeb,others_split_from_footnote;blank_null_includes_undecided
2026-1-d82aaa7fd1,2026,1,,Quaest,Genial,2026-08-10,2026-08-13,,2004,,main,Edmilson Costa,0.0,total,18.0,,,https://pt.wikipedia.org/w/index.php?title=Pesquisas_de_opini%C3%A3o_para_a_elei%C3%A7%C3%A3o_presidencial_no_Brasil_em_2026&oldid=73082572,wikipedia_revision,73082572,2026-09-29T15:02:36Z,unverified,,9ca942a568882bbd6b774a0d5553b585fd3c21e22108b84064e56abca54efbeb,others_split_from_footnote;blank_null_includes_undecided
2026-1-d82aaa7fd1,2026,1,,Quaest,Genial,2026-08-10,2026-08-13,,2004,,main,Rui Costa Pimenta,0.0,total,18.0,,,https://pt.wikipedia.org/w/index.php?title=Pesquisas_de_opini%C3%A3o_para_a_elei%C3%A7%C3%A3o_presidencial_no_Brasil_em_2026&oldid=73082572,wikipedia_revision,73082572,2026-09-29T15:02:36Z,unverified,,9ca942a568882bbd6b774a0d5553b585fd3c21e22108b84064e56abca54efbeb,others_split_from_footnote;blank_null_includes_undecided
2026-1-d82aaa7fd1,2026,1,,Quaest,Genial,2026-08-10,2026-08-13,,2004,,main,Leonardo Avalanche,0.0,total,18.0,,,https://pt.wikipedia.org/w/index.php?title=Pesquisas_de_opini%C3%A3o_para_a_elei%C3%A7%C3%A3o_presidencial_no_Brasil_em_2026&oldid=73082572,wikipedia_revision,73082572,2026-09-29T15:02:36Z,unverified,,9ca942a568882bbd6b774a0d5553b585fd3c21e22108b84064e56abca54efbeb,others_split_from_footnote;blank_null_includes_undecided
2026-1-e89349b1ce,2026,1,,PoderData,Aya,2026-08-09,2026-08-12,,2400,,main,Lula,41.0,total,6.0,,,https://pt.wikipedia.org/w/index.php?title=Pesquisas_de_opini%C3%A3o_para_a_elei%C3%A7%C3%A3o_presidencial_no_Brasil_em_2026&oldid=73082572,wikipedia_revision,73082572,2026-09-29T15:02:36Z,unverified,,9ca942a568882bbd6b774a0d5553b585fd3c21e22108b84064e56abca54efbeb,others_split_from_footnote;blank_null_includes_undecided
2026-1-e89349b1ce,2026,1,,PoderData,Aya,2026-08-09,2026-08-12,,2400,,main,Flávio Bolsonaro,35.0,total,6.0,,,https://pt.wikipedia.org/w/index.php?title=Pesquisas_de_opini%C3%A3o_para_a_elei%C3%A7%C3%A3o_presidencial_no_Brasil_em_2026&oldid=73082572,wikipedia_revision,73082572,2026-09-29T15:02:36Z,unverified,,9ca942a568882bbd6b774a0d5553b585fd3c21e22108b84064e56abca54efbeb,others_split_from_footnote;blank_null_includes_undecided
2026-1-e89349b1ce,2026,1,,PoderData,Aya,2026-08-09,2026-08-12,,2400,,main,Ronaldo Caiado,4.0,total,6.0,,,https://pt.wikipedia.org/w/index.php?title=Pesquisas_de_opini%C3%A3o_para_a_elei%C3%A7%C3%A3o_presidencial_no_Brasil_em_2026&oldid=73082572,wikipedia_revision,73082572,2026-09-29T15:02:36Z,unverified,,9ca942a568882bbd6b774a0d5553b585fd3c21e22108b84064e56abca54efbeb,others_split_from_footnote;blank_null_includes_undecided
2026-1-e89349b1ce,2026,1,,PoderData,Aya,2026-08-09,2026-08-12,,2400,,main,Romeu Zema,3.0,total,6.0,,,https://pt.wikipedia.org/w/index.php?title=Pesquisas_de_opini%C3%A3o_para_a_elei%C3%A7%C3%A3o_presidencial_no_Brasil_em_2026&oldid=73082572,wikipedia_revision,73082572,2026-09-29T15:02:36Z,unverified,,9ca942a568882bbd6b774a0d5553b585fd3c21e22108b84064e56abca54efbeb,others_split_from_footnote;blank_null_includes_undecided
2026-1-e89349b1ce,2026,1,,PoderData,Aya,2026-08-09,2026-08-12,,2400,,main,Renan Santos,4.0,total,6.0,,,https://pt.wikipedia.org/w/index.php?title=Pesquisas_de_opini%C3%A3o_para_a_elei%C3%A7%C3%A3o_presidencial_no_Brasil_em_2026&oldid=73082572,wikipedia_revision,73082572,2026-09-29T15:02:36Z,unverified,,9ca942a568882bbd6b774a0d5553b585fd3c21e22108b84064e56abca54efbeb,others_split_from_footnote;blank_null_includes_undecided
2026-1-e89349b1ce,2026,1,,PoderData,Aya,2026-08-09,2026-08-12,,2400,,main,Augusto Cury,3.0,total,6.0,,,https://pt.wikipedia.org/w/index.php?title=Pesquisas_de_opini%C3%A3o_para_a_elei%C3%A7%C3%A3o_presidencial_no_Brasil_em_2026&oldid=73082572,wikipedia_revision,73082572,2026-09-29T15:02:36Z,unverified,,9ca942a568882bbd6b774a0d5553b585fd3c21e22108b84064e56abca54efbeb,others_split_from_footnote;blank_null_includes_undecided
2026-1-e89349b1ce,2026,1,,PoderData,Aya,2026-08-09,2026-08-12,,2400,,main,Clariana Barão,1.0,total,6.0,,,https://pt.wikipedia.org/w/index.php?title=Pesquisas_de_opini%C3%A3o_para_a_elei%C3%A7%C3%A3o_presidencial_no_Brasil_em_2026&oldid=73082572,wikipedia_revision,73082572,2026-09-29T15:02:36Z,unverified,,9ca942a568882bbd6b774a0d5553b585fd3c21e22108b84064e56abca54efbeb,others_split_from_footnote;blank_null_includes_undecided
2026-1-e89349b1ce,2026,1,,PoderData,Aya,2026-08-09,2026-08-12,,2400,,main,Rui Costa Pimenta,1.0,total,6.0,,,https://pt.wikipedia.org/w/index.php?title=Pesquisas_de_opini%C3%A3o_para_a_elei%C3%A7%C3%A3o_presidencial_no_Brasil_em_2026&oldid=73082572,wikipedia_revision,73082572,2026-09-29T15:02:36Z,unverified,,9ca942a568882bbd6b774a0d5553b585fd3c21e22108b84064e56abca54efbeb,others_split_from_footnote;blank_null_includes_undecided
2026-1-e89349b1ce,2026,1,,PoderData,Aya,2026-08-09,2026-08-12,,2400,,main,Leonardo Avalanche,1.0,total,6.0,,,https://pt.wikipedia.org/w/index.php?title=Pesquisas_de_opini%C3%A3o_para_a_elei%C3%A7%C3%A3o_presidencial_no_Brasil_em_2026&oldid=73082572,wikipedia_revision,73082572,2026-09-29T15:02:36Z,unverified,,9ca942a568882bbd6b774a0d5553b585fd3c21e22108b84064e56abca54efbeb,others_split_from_footnote;blank_null_includes_undecided
2026-1-3a33dad45d,2026,1,,Gerp,,2026-08-06,2026-08-10,,2400,,main,Lula,38.0,total,11.0,,,https://pt.wikipedia.org/w/index.php?title=Pesquisas_de_opini%C3%A3o_para_a_elei%C3%A7%C3%A3o_presidencial_no_Brasil_em_2026&oldid=73082572,wikipedia_revision,73082572,2026-09-29T15:02:36Z,unverified,,9ca942a568882bbd6b774a0d5553b585fd3c21e22108b84064e56abca54efbeb,others_column_named_candidate;blank_null_includes_undecided
2026-1-3a33dad45d,2026,1,,Gerp,,2026-08-06,2026-08-10,,2400,,main,Flávio Bolsonaro,38.0,total,11.0,,,https://pt.wikipedia.org/w/index.php?title=Pesquisas_de_opini%C3%A3o_para_a_elei%C3%A7%C3%A3o_presidencial_no_Brasil_em_2026&oldid=73082572,wikipedia_revision,73082572,2026-09-29T15:02:36Z,unverified,,9ca942a568882bbd6b774a0d5553b585fd3c21e22108b84064e56abca54efbeb,others_column_named_candidate;blank_null_includes_undecided
2026-1-3a33dad45d,2026,1,,Gerp,,2026-08-06,2026-08-10,,2400,,main,Ronaldo Caiado,4.0,total,11.0,,,https://pt.wikipedia.org/w/index.php?title=Pesquisas_de_opini%C3%A3o_para_a_elei%C3%A7%C3%A3o_presidencial_no_Brasil_em_2026&oldid=73082572,wikipedia_revision,73082572,2026-09-29T15:02:36Z,unverified,,9ca942a568882bbd6b774a0d5553b585fd3c21e22108b84064e56abca54efbeb,others_column_named_candidate;blank_null_includes_undecided
2026-1-3a33dad45d,2026,1,,Gerp,,2026-08-06,2026-08-10,,2400,,main,Romeu Zema,2.0,total,11.0,,,https://pt.wikipedia.org/w/index.php?title=Pesquisas_de_opini%C3%A3o_para_a_elei%C3%A7%C3%A3o_presidencial_no_Brasil_em_2026&oldid=73082572,wikipedia_revision,73082572,2026-09-29T15:02:36Z,unverified,,9ca942a568882bbd6b774a0d5553b585fd3c21e22108b84064e56abca54efbeb,others_column_named_candidate;blank_null_includes_undecided
2026-1-3a33dad45d,2026,1,,Gerp,,2026-08-06,2026-08-10,,2400,,main,Renan Santos,5.0,total,11.0,,,https://pt.wikipedia.org/w/index.php?title=Pesquisas_de_opini%C3%A3o_para_a_elei%C3%A7%C3%A3o_presidencial_no_Brasil_em_2026&oldid=73082572,wikipedia_revision,73082572,2026-09-29T15:02:36Z,unverified,,9ca942a568882bbd6b774a0d5553b585fd3c21e22108b84064e56abca54efbeb,others_column_named_candidate;blank_null_includes_undecided
2026-1-3a33dad45d,2026,1,,Gerp,,2026-08-06,2026-08-10,,2400,,main,Augusto Cury,1.0,total,11.0,,,https://pt.wikipedia.org/w/index.php?title=Pesquisas_de_opini%C3%A3o_para_a_elei%C3%A7%C3%A3o_presidencial_no_Brasil_em_2026&oldid=73082572,wikipedia_revision,73082572,2026-09-29T15:02:36Z,unverified,,9ca942a568882bbd6b774a0d5553b585fd3c21e22108b84064e56abca54efbeb,others_column_named_candidate;blank_null_includes_undecided
2026-1-3a33dad45d,2026,1,,Gerp,,2026-08-06,2026-08-10,,2400,,main,Samara Martins,0.0,total,11.0,,,https://pt.wikipedia.org/w/index.php?title=Pesquisas_de_opini%C3%A3o_para_a_elei%C3%A7%C3%A3o_presidencial_no_Brasil_em_2026&oldid=73082572,wikipedia_revision,73082572,2026-09-29T15:02:36Z,unverified,,9ca942a568882bbd6b774a0d5553b585fd3c21e22108b84064e56abca54efbeb,others_column_named_candidate;blank_null_includes_undecided
2026-1-3a33dad45d,2026,1,,Gerp,,2026-08-06,2026-08-10,,2400,,main,Hertz Dias,0.0,total,11.0,,,https://pt.wikipedia.org/w/index.php?title=Pesquisas_de_opini%C3%A3o_para_a_elei%C3%A7%C3%A3o_presidencial_no_Brasil_em_2026&oldid=73082572,wikipedia_revision,73082572,2026-09-29T15:02:36Z,unverified,,9ca942a568882bbd6b774a0d5553b585fd3c21e22108b84064e56abca54efbeb,others_column_named_candidate;blank_null_includes_undecided
2026-1-3a33dad45d,2026,1,,Gerp,,2026-08-06,2026-08-10,,2400,,main,Edmilson Costa,0.0,total,11.0,,,https://pt.wikipedia.org/w/index.php?title=Pesquisas_de_opini%C3%A3o_para_a_elei%C3%A7%C3%A3o_presidencial_no_Brasil_em_2026&oldid=73082572,wikipedia_revision,73082572,2026-09-29T15:02:36Z,unverified,,9ca942a568882bbd6b774a0d5553b585fd3c21e22108b84064e56abca54efbeb,others_column_named_candidate;blank_null_includes_undecided
2026-1-3a33dad45d,2026,1,,Gerp,,2026-08-06,2026-08-10,,2400,,main,Rui Costa Pimenta,0.0,total,11.0,,,https://pt.wikipedia.org/w/index.php?title=Pesquisas_de_opini%C3%A3o_para_a_elei%C3%A7%C3%A3o_presidencial_no_Brasil_em_2026&oldid=73082572,wikipedia_revision,73082572,2026-09-29T15:02:36Z,unverified,,9ca942a568882bbd6b774a0d5553b585fd3c21e22108b84064e56abca54efbeb,others_column_named_candidate;blank_null_includes_undecided
2026-1-3a33dad45d,2026,1,,Gerp,,2026-08-06,2026-08-10,,2400,,main,Cabo Daciolo,1.0,total,11.0,,,https://pt.wikipedia.org/w/index.php?title=Pesquisas_de_opini%C3%A3o_para_a_elei%C3%A7%C3%A3o_presidencial_no_Brasil_em_2026&oldid=73082572,wikipedia_revision,73082572,2026-09-29T15:02:36Z,unverified,,9ca942a568882bbd6b774a0d5553b585fd3c21e22108b84064e56abca54efbeb,others_column_named_candidate;blank_null_includes_undecided
2026-1-d2831f4b6b,2026,1,,MDA,CNT,2026-08-05,2026-08-09,,2002,,main,Lula,42.4,total,14.0,,,https://pt.wikipedia.org/w/index.php?title=Pesquisas_de_opini%C3%A3o_para_a_elei%C3%A7%C3%A3o_presidencial_no_Brasil_em_2026&oldid=73082572,wikipedia_revision,73082572,2026-09-29T15:02:36Z,unverified,,9ca942a568882bbd6b774a0d5553b585fd3c21e22108b84064e56abca54efbeb,blank_null_includes_undecided
2026-1-d2831f4b6b,2026,1,,MDA,CNT,2026-08-05,2026-08-09,,2002,,main,Flávio Bolsonaro,28.7,total,14.0,,,https://pt.wikipedia.org/w/index.php?title=Pesquisas_de_opini%C3%A3o_para_a_elei%C3%A7%C3%A3o_presidencial_no_Brasil_em_2026&oldid=73082572,wikipedia_revision,73082572,2026-09-29T15:02:36Z,unverified,,9ca942a568882bbd6b774a0d5553b585fd3c21e22108b84064e56abca54efbeb,blank_null_includes_undecided
2026-1-d2831f4b6b,2026,1,,MDA,CNT,2026-08-05,2026-08-09,,2002,,main,Ronaldo Caiado,4.0,total,14.0,,,https://pt.wikipedia.org/w/index.php?title=Pesquisas_de_opini%C3%A3o_para_a_elei%C3%A7%C3%A3o_presidencial_no_Brasil_em_2026&oldid=73082572,wikipedia_revision,73082572,2026-09-29T15:02:36Z,unverified,,9ca942a568882bbd6b774a0d5553b585fd3c21e22108b84064e56abca54efbeb,blank_null_includes_undecided
2026-1-d2831f4b6b,2026,1,,MDA,CNT,2026-08-05,2026-08-09,,2002,,main,Romeu Zema,3.3,total,14.0,,,https://pt.wikipedia.org/w/index.php?title=Pesquisas_de_opini%C3%A3o_para_a_elei%C3%A7%C3%A3o_presidencial_no_Brasil_em_2026&oldid=73082572,wikipedia_revision,73082572,2026-09-29T15:02:36Z,unverified,,9ca942a568882bbd6b774a0d5553b585fd3c21e22108b84064e56abca54efbeb,blank_null_includes_undecided
2026-1-d2831f4b6b,2026,1,,MDA,CNT,2026-08-05,2026-08-09,,2002,,main,Renan Santos,2.8,total,14.0,,,https://pt.wikipedia.org/w/index.php?title=Pesquisas_de_opini%C3%A3o_para_a_elei%C3%A7%C3%A3o_presidencial_no_Brasil_em_2026&oldid=73082572,wikipedia_revision,73082572,2026-09-29T15:02:36Z,unverified,,9ca942a568882bbd6b774a0d5553b585fd3c21e22108b84064e56abca54efbeb,blank_null_includes_undecided
2026-1-d2831f4b6b,2026,1,,MDA,CNT,2026-08-05,2026-08-09,,2002,,main,Augusto Cury,1.2,total,14.0,,,https://pt.wikipedia.org/w/index.php?title=Pesquisas_de_opini%C3%A3o_para_a_elei%C3%A7%C3%A3o_presidencial_no_Brasil_em_2026&oldid=73082572,wikipedia_revision,73082572,2026-09-29T15:02:36Z,unverified,,9ca942a568882bbd6b774a0d5553b585fd3c21e22108b84064e56abca54efbeb,blank_null_includes_undecided
2026-1-d2831f4b6b,2026,1,,MDA,CNT,2026-08-05,2026-08-09,,2002,,main,Samara Martins,1.6,total,14.0,,,https://pt.wikipedia.org/w/index.php?title=Pesquisas_de_opini%C3%A3o_para_a_elei%C3%A7%C3%A3o_presidencial_no_Brasil_em_2026&oldid=73082572,wikipedia_revision,73082572,2026-09-29T15:02:36Z,unverified,,9ca942a568882bbd6b774a0d5553b585fd3c21e22108b84064e56abca54efbeb,blank_null_includes_undecided
2026-1-d2831f4b6b,2026,1,,MDA,CNT,2026-08-05,2026-08-09,,2002,,main,Rui Costa Pimenta,0.9,total,14.0,,,https://pt.wikipedia.org/w/index.php?title=Pesquisas_de_opini%C3%A3o_para_a_elei%C3%A7%C3%A3o_presidencial_no_Brasil_em_2026&oldid=73082572,wikipedia_revision,73082572,2026-09-29T15:02:36Z,unverified,,9ca942a568882bbd6b774a0d5553b585fd3c21e22108b84064e56abca54efbeb,blank_null_includes_undecided
2026-1-d2831f4b6b,2026,1,,MDA,CNT,2026-08-05,2026-08-09,,2002,,main,__others__,0.9,total,14.0,,,https://pt.wikipedia.org/w/index.php?title=Pesquisas_de_opini%C3%A3o_para_a_elei%C3%A7%C3%A3o_presidencial_no_Brasil_em_2026&oldid=73082572,wikipedia_revision,73082572,2026-09-29T15:02:36Z,unverified,,9ca942a568882bbd6b774a0d5553b585fd3c21e22108b84064e56abca54efbeb,blank_null_includes_undecided
2026-1-d10de68708,2026,1,,Nexus,BTG Pactual,2026-08-07,2026-08-09,,2001,,main,Lula,40.0,total,8.0,,,https://pt.wikipedia.org/w/index.php?title=Pesquisas_de_opini%C3%A3o_para_a_elei%C3%A7%C3%A3o_presidencial_no_Brasil_em_2026&oldid=73082572,wikipedia_revision,73082572,2026-09-29T15:02:36Z,unverified,,9ca942a568882bbd6b774a0d5553b585fd3c21e22108b84064e56abca54efbeb,others_split_from_footnote;blank_null_includes_undecided
2026-1-d10de68708,2026,1,,Nexus,BTG Pactual,2026-08-07,2026-08-09,,2001,,main,Flávio Bolsonaro,35.0,total,8.0,,,https://pt.wikipedia.org/w/index.php?title=Pesquisas_de_opini%C3%A3o_para_a_elei%C3%A7%C3%A3o_presidencial_no_Brasil_em_2026&oldid=73082572,wikipedia_revision,73082572,2026-09-29T15:02:36Z,unverified,,9ca942a568882bbd6b774a0d5553b585fd3c21e22108b84064e56abca54efbeb,others_split_from_footnote;blank_null_includes_undecided
2026-1-d10de68708,2026,1,,Nexus,BTG Pactual,2026-08-07,2026-08-09,,2001,,main,Ronaldo Caiado,5.0,total,8.0,,,https://pt.wikipedia.org/w/index.php?title=Pesquisas_de_opini%C3%A3o_para_a_elei%C3%A7%C3%A3o_presidencial_no_Brasil_em_2026&oldid=73082572,wikipedia_revision,73082572,2026-09-29T15:02:36Z,unverified,,9ca942a568882bbd6b774a0d5553b585fd3c21e22108b84064e56abca54efbeb,others_split_from_footnote;blank_null_includes_undecided
2026-1-d10de68708,2026,1,,Nexus,BTG Pactual,2026-08-07,2026-08-09,,2001,,main,Romeu Zema,3.0,total,8.0,,,https://pt.wikipedia.org/w/index.php?title=Pesquisas_de_opini%C3%A3o_para_a_elei%C3%A7%C3%A3o_presidencial_no_Brasil_em_2026&oldid=73082572,wikipedia_revision,73082572,2026-09-29T15:02:36Z,unverified,,9ca942a568882bbd6b774a0d5553b585fd3c21e22108b84064e56abca54efbeb,others_split_from_footnote;blank_null_includes_undecided
2026-1-d10de68708,2026,1,,Nexus,BTG Pactual,2026-08-07,2026-08-09,,2001,,main,Renan Santos,4.0,total,8.0,,,https://pt.wikipedia.org/w/index.php?title=Pesquisas_de_opini%C3%A3o_para_a_elei%C3%A7%C3%A3o_presidencial_no_Brasil_em_2026&oldid=73082572,wikipedia_revision,73082572,2026-09-29T15:02:36Z,unverified,,9ca942a568882bbd6b774a0d5553b585fd3c21e22108b84064e56abca54efbeb,others_split_from_footnote;blank_null_includes_undecided
2026-1-d10de68708,2026,1,,Nexus,BTG Pactual,2026-08-07,2026-08-09,,2001,,main,Augusto Cury,1.0,total,8.0,,,https://pt.wikipedia.org/w/index.php?title=Pesquisas_de_opini%C3%A3o_para_a_elei%C3%A7%C3%A3o_presidencial_no_Brasil_em_2026&oldid=73082572,wikipedia_revision,73082572,2026-09-29T15:02:36Z,unverified,,9ca942a568882bbd6b774a0d5553b585fd3c21e22108b84064e56abca54efbeb,others_split_from_footnote;blank_null_includes_undecided
2026-1-d10de68708,2026,1,,Nexus,BTG Pactual,2026-08-07,2026-08-09,,2001,,main,Samara Martins,2.0,total,8.0,,,https://pt.wikipedia.org/w/index.php?title=Pesquisas_de_opini%C3%A3o_para_a_elei%C3%A7%C3%A3o_presidencial_no_Brasil_em_2026&oldid=73082572,wikipedia_revision,73082572,2026-09-29T15:02:36Z,unverified,,9ca942a568882bbd6b774a0d5553b585fd3c21e22108b84064e56abca54efbeb,others_split_from_footnote;blank_null_includes_undecided
2026-1-d10de68708,2026,1,,Nexus,BTG Pactual,2026-08-07,2026-08-09,,2001,,main,Wilson Grassi,0.0,total,8.0,,,https://pt.wikipedia.org/w/index.php?title=Pesquisas_de_opini%C3%A3o_para_a_elei%C3%A7%C3%A3o_presidencial_no_Brasil_em_2026&oldid=73082572,wikipedia_revision,73082572,2026-09-29T15:02:36Z,unverified,,9ca942a568882bbd6b774a0d5553b585fd3c21e22108b84064e56abca54efbeb,others_split_from_footnote;blank_null_includes_undecided
2026-1-d10de68708,2026,1,,Nexus,BTG Pactual,2026-08-07,2026-08-09,,2001,,main,Hertz Dias,0.0,total,8.0,,,https://pt.wikipedia.org/w/index.php?title=Pesquisas_de_opini%C3%A3o_para_a_elei%C3%A7%C3%A3o_presidencial_no_Brasil_em_2026&oldid=73082572,wikipedia_revision,73082572,2026-09-29T15:02:36Z,unverified,,9ca942a568882bbd6b774a0d5553b585fd3c21e22108b84064e56abca54efbeb,others_split_from_footnote;blank_null_includes_undecided
2026-1-d10de68708,2026,1,,Nexus,BTG Pactual,2026-08-07,2026-08-09,,2001,,main,Edmilson Costa,0.0,total,8.0,,,https://pt.wikipedia.org/w/index.php?title=Pesquisas_de_opini%C3%A3o_para_a_elei%C3%A7%C3%A3o_presidencial_no_Brasil_em_2026&oldid=73082572,wikipedia_revision,73082572,2026-09-29T15:02:36Z,unverified,,9ca942a568882bbd6b774a0d5553b585fd3c21e22108b84064e56abca54efbeb,others_split_from_footnote;blank_null_includes_undecided
2026-1-d10de68708,2026,1,,Nexus,BTG Pactual,2026-08-07,2026-08-09,,2001,,main,Rui Costa Pimenta,0.0,total,8.0,,,https://pt.wikipedia.org/w/index.php?title=Pesquisas_de_opini%C3%A3o_para_a_elei%C3%A7%C3%A3o_presidencial_no_Brasil_em_2026&oldid=73082572,wikipedia_revision,73082572,2026-09-29T15:02:36Z,unverified,,9ca942a568882bbd6b774a0d5553b585fd3c21e22108b84064e56abca54efbeb,others_split_from_footnote;blank_null_includes_undecided
2026-1-d10de68708,2026,1,,Nexus,BTG Pactual,2026-08-07,2026-08-09,,2001,,main,Cabo Daciolo,1.0,total,8.0,,,https://pt.wikipedia.org/w/index.php?title=Pesquisas_de_opini%C3%A3o_para_a_elei%C3%A7%C3%A3o_presidencial_no_Brasil_em_2026&oldid=73082572,wikipedia_revision,73082572,2026-09-29T15:02:36Z,unverified,,9ca942a568882bbd6b774a0d5553b585fd3c21e22108b84064e56abca54efbeb,others_split_from_footnote;blank_null_includes_undecided
2026-1-d10de68708,2026,1,,Nexus,BTG Pactual,2026-08-07,2026-08-09,,2001,,main,Heró Bezerra,0.0,total,8.0,,,https://pt.wikipedia.org/w/index.php?title=Pesquisas_de_opini%C3%A3o_para_a_elei%C3%A7%C3%A3o_presidencial_no_Brasil_em_2026&oldid=73082572,wikipedia_revision,73082572,2026-09-29T15:02:36Z,unverified,,9ca942a568882bbd6b774a0d5553b585fd3c21e22108b84064e56abca54efbeb,others_split_from_footnote;blank_null_includes_undecided
2026-1-00ceb2aeb9,2026,1,,Futura,Apex,2026-08-03,2026-08-07,,2000,,"without Edmilson Costa, Hertz Dias, Rui Costa Pimenta, Samara Martins",Lula,36.3,total,12.2,,,https://pt.wikipedia.org/w/index.php?title=Pesquisas_de_opini%C3%A3o_para_a_elei%C3%A7%C3%A3o_presidencial_no_Brasil_em_2026&oldid=73082572,wikipedia_revision,73082572,2026-09-29T15:02:36Z,unverified,,9ca942a568882bbd6b774a0d5553b585fd3c21e22108b84064e56abca54efbeb,others_column_named_candidate;blank_null_includes_undecided
2026-1-00ceb2aeb9,2026,1,,Futura,Apex,2026-08-03,2026-08-07,,2000,,"without Edmilson Costa, Hertz Dias, Rui Costa Pimenta, Samara Martins",Flávio Bolsonaro,32.7,total,12.2,,,https://pt.wikipedia.org/w/index.php?title=Pesquisas_de_opini%C3%A3o_para_a_elei%C3%A7%C3%A3o_presidencial_no_Brasil_em_2026&oldid=73082572,wikipedia_revision,73082572,2026-09-29T15:02:36Z,unverified,,9ca942a568882bbd6b774a0d5553b585fd3c21e22108b84064e56abca54efbeb,others_column_named_candidate;blank_null_includes_undecided
2026-1-00ceb2aeb9,2026,1,,Futura,Apex,2026-08-03,2026-08-07,,2000,,"without Edmilson Costa, Hertz Dias, Rui Costa Pimenta, Samara Martins",Ronaldo Caiado,7.7,total,12.2,,,https://pt.wikipedia.org/w/index.php?title=Pesquisas_de_opini%C3%A3o_para_a_elei%C3%A7%C3%A3o_presidencial_no_Brasil_em_2026&oldid=73082572,wikipedia_revision,73082572,2026-09-29T15:02:36Z,unverified,,9ca942a568882bbd6b774a0d5553b585fd3c21e22108b84064e56abca54efbeb,others_column_named_candidate;blank_null_includes_undecided
2026-1-00ceb2aeb9,2026,1,,Futura,Apex,2026-08-03,2026-08-07,,2000,,"without Edmilson Costa, Hertz Dias, Rui Costa Pimenta, Samara Martins",Romeu Zema,4.4,total,12.2,,,https://pt.wikipedia.org/w/index.php?title=Pesquisas_de_opini%C3%A3o_para_a_elei%C3%A7%C3%A3o_presidencial_no_Brasil_em_2026&oldid=73082572,wikipedia_revision,73082572,2026-09-29T15:02:36Z,unverified,,9ca942a568882bbd6b774a0d5553b585fd3c21e22108b84064e56abca54efbeb,others_column_named_candidate;blank_null_includes_undecided
2026-1-00ceb2aeb9,2026,1,,Futura,Apex,2026-08-03,2026-08-07,,2000,,"without Edmilson Costa, Hertz Dias, Rui Costa Pimenta, Samara Martins",Renan Santos,3.8,total,12.2,,,https://pt.wikipedia.org/w/index.php?title=Pesquisas_de_opini%C3%A3o_para_a_elei%C3%A7%C3%A3o_presidencial_no_Brasil_em_2026&oldid=73082572,wikipedia_revision,73082572,2026-09-29T15:02:36Z,unverified,,9ca942a568882bbd6b774a0d5553b585fd3c21e22108b84064e56abca54efbeb,others_column_named_candidate;blank_null_includes_undecided
2026-1-00ceb2aeb9,2026,1,,Futura,Apex,2026-08-03,2026-08-07,,2000,,"without Edmilson Costa, Hertz Dias, Rui Costa Pimenta, Samara Martins",Augusto Cury,1.6,total,12.2,,,https://pt.wikipedia.org/w/index.php?title=Pesquisas_de_opini%C3%A3o_para_a_elei%C3%A7%C3%A3o_presidencial_no_Brasil_em_2026&oldid=73082572,wikipedia_revision,73082572,2026-09-29T15:02:36Z,unverified,,9ca942a568882bbd6b774a0d5553b585fd3c21e22108b84064e56abca54efbeb,others_column_named_candidate;blank_null_includes_undecided
2026-1-00ceb2aeb9,2026,1,,Futura,Apex,2026-08-03,2026-08-07,,2000,,"without Edmilson Costa, Hertz Dias, Rui Costa Pimenta, Samara Martins",Cabo Daciolo,1.2,total,12.2,,,https://pt.wikipedia.org/w/index.php?title=Pesquisas_de_opini%C3%A3o_para_a_elei%C3%A7%C3%A3o_presidencial_no_Brasil_em_2026&oldid=73082572,wikipedia_revision,73082572,2026-09-29T15:02:36Z,unverified,,9ca942a568882bbd6b774a0d5553b585fd3c21e22108b84064e56abca54efbeb,others_column_named_candidate;blank_null_includes_undecided
2026-1-00ceb2aeb9,2026,1,,Futura,Apex,2026-08-03,2026-08-07,,2000,,full,Lula,38.8,total,11.0,,,https://pt.wikipedia.org/w/index.php?title=Pesquisas_de_opini%C3%A3o_para_a_elei%C3%A7%C3%A3o_presidencial_no_Brasil_em_2026&oldid=73082572,wikipedia_revision,73082572,2026-09-29T15:02:36Z,unverified,,9ca942a568882bbd6b774a0d5553b585fd3c21e22108b84064e56abca54efbeb,others_column_named_candidate;blank_null_includes_undecided
2026-1-00ceb2aeb9,2026,1,,Futura,Apex,2026-08-03,2026-08-07,,2000,,full,Flávio Bolsonaro,34.1,total,11.0,,,https://pt.wikipedia.org/w/index.php?title=Pesquisas_de_opini%C3%A3o_para_a_elei%C3%A7%C3%A3o_presidencial_no_Brasil_em_2026&oldid=73082572,wikipedia_revision,73082572,2026-09-29T15:02:36Z,unverified,,9ca942a568882bbd6b774a0d5553b585fd3c21e22108b84064e56abca54efbeb,others_column_named_candidate;blank_null_includes_undecided
2026-1-00ceb2aeb9,2026,1,,Futura,Apex,2026-08-03,2026-08-07,,2000,,full,Ronaldo Caiado,5.9,total,11.0,,,https://pt.wikipedia.org/w/index.php?title=Pesquisas_de_opini%C3%A3o_para_a_elei%C3%A7%C3%A3o_presidencial_no_Brasil_em_2026&oldid=73082572,wikipedia_revision,73082572,2026-09-29T15:02:36Z,unverified,,9ca942a568882bbd6b774a0d5553b585fd3c21e22108b84064e56abca54efbeb,others_column_named_candidate;blank_null_includes_undecided
2026-1-00ceb2aeb9,2026,1,,Futura,Apex,2026-08-03,2026-08-07,,2000,,full,Romeu Zema,3.6,total,11.0,,,https://pt.wikipedia.org/w/index.php?title=Pesquisas_de_opini%C3%A3o_para_a_elei%C3%A7%C3%A3o_presidencial_no_Brasil_em_2026&oldid=73082572,wikipedia_revision,73082572,2026-09-29T15:02:36Z,unverified,,9ca942a568882bbd6b774a0d5553b585fd3c21e22108b84064e56abca54efbeb,others_column_named_candidate;blank_null_includes_undecided
2026-1-00ceb2aeb9,2026,1,,Futura,Apex,2026-08-03,2026-08-07,,2000,,full,Renan Santos,3.6,total,11.0,,,https://pt.wikipedia.org/w/index.php?title=Pesquisas_de_opini%C3%A3o_para_a_elei%C3%A7%C3%A3o_presidencial_no_Brasil_em_2026&oldid=73082572,wikipedia_revision,73082572,2026-09-29T15:02:36Z,unverified,,9ca942a568882bbd6b774a0d5553b585fd3c21e22108b84064e56abca54efbeb,others_column_named_candidate;blank_null_includes_undecided
2026-1-00ceb2aeb9,2026,1,,Futura,Apex,2026-08-03,2026-08-07,,2000,,full,Augusto Cury,1.2,total,11.0,,,https://pt.wikipedia.org/w/index.php?title=Pesquisas_de_opini%C3%A3o_para_a_elei%C3%A7%C3%A3o_presidencial_no_Brasil_em_2026&oldid=73082572,wikipedia_revision,73082572,2026-09-29T15:02:36Z,unverified,,9ca942a568882bbd6b774a0d5553b585fd3c21e22108b84064e56abca54efbeb,others_column_named_candidate;blank_null_includes_undecided
2026-1-00ceb2aeb9,2026,1,,Futura,Apex,2026-08-03,2026-08-07,,2000,,full,Samara Martins,0.7,total,11.0,,,https://pt.wikipedia.org/w/index.php?title=Pesquisas_de_opini%C3%A3o_para_a_elei%C3%A7%C3%A3o_presidencial_no_Brasil_em_2026&oldid=73082572,wikipedia_revision,73082572,2026-09-29T15:02:36Z,unverified,,9ca942a568882bbd6b774a0d5553b585fd3c21e22108b84064e56abca54efbeb,others_column_named_candidate;blank_null_includes_undecided
2026-1-00ceb2aeb9,2026,1,,Futura,Apex,2026-08-03,2026-08-07,,2000,,full,Hertz Dias,0.0,total,11.0,,,https://pt.wikipedia.org/w/index.php?title=Pesquisas_de_opini%C3%A3o_para_a_elei%C3%A7%C3%A3o_presidencial_no_Brasil_em_2026&oldid=73082572,wikipedia_revision,73082572,2026-09-29T15:02:36Z,unverified,,9ca942a568882bbd6b774a0d5553b585fd3c21e22108b84064e56abca54efbeb,others_column_named_candidate;blank_null_includes_undecided
2026-1-00ceb2aeb9,2026,1,,Futura,Apex,2026-08-03,2026-08-07,,2000,,full,Edmilson Costa,0.1,total,11.0,,,https://pt.wikipedia.org/w/index.php?title=Pesquisas_de_opini%C3%A3o_para_a_elei%C3%A7%C3%A3o_presidencial_no_Brasil_em_2026&oldid=73082572,wikipedia_revision,73082572,2026-09-29T15:02:36Z,unverified,,9ca942a568882bbd6b774a0d5553b585fd3c21e22108b84064e56abca54efbeb,others_column_named_candidate;blank_null_includes_undecided
2026-1-00ceb2aeb9,2026,1,,Futura,Apex,2026-08-03,2026-08-07,,2000,,full,Rui Costa Pimenta,0.8,total,11.0,,,https://pt.wikipedia.org/w/index.php?title=Pesquisas_de_opini%C3%A3o_para_a_elei%C3%A7%C3%A3o_presidencial_no_Brasil_em_2026&oldid=73082572,wikipedia_revision,73082572,2026-09-29T15:02:36Z,unverified,,9ca942a568882bbd6b774a0d5553b585fd3c21e22108b84064e56abca54efbeb,others_column_named_candidate;blank_null_includes_undecided
2026-1-00ceb2aeb9,2026,1,,Futura,Apex,2026-08-03,2026-08-07,,2000,,full,Cabo Daciolo,0.4,total,11.0,,,https://pt.wikipedia.org/w/index.php?title=Pesquisas_de_opini%C3%A3o_para_a_elei%C3%A7%C3%A3o_presidencial_no_Brasil_em_2026&oldid=73082572,wikipedia_revision,73082572,2026-09-29T15:02:36Z,unverified,,9ca942a568882bbd6b774a0d5553b585fd3c21e22108b84064e56abca54efbeb,others_column_named_candidate;blank_null_includes_undecided
2026-1-4e309ad38b,2026,1,,Palver,,2026-08-03,2026-08-07,,5000,,full,Lula,44.0,total,1.0,,,https://pt.wikipedia.org/w/index.php?title=Pesquisas_de_opini%C3%A3o_para_a_elei%C3%A7%C3%A3o_presidencial_no_Brasil_em_2026&oldid=73082572,wikipedia_revision,73082572,2026-09-29T15:02:36Z,unverified,,9ca942a568882bbd6b774a0d5553b585fd3c21e22108b84064e56abca54efbeb,others_column_named_candidate;blank_null_includes_undecided
2026-1-4e309ad38b,2026,1,,Palver,,2026-08-03,2026-08-07,,5000,,full,Flávio Bolsonaro,40.0,total,1.0,,,https://pt.wikipedia.org/w/index.php?title=Pesquisas_de_opini%C3%A3o_para_a_elei%C3%A7%C3%A3o_presidencial_no_Brasil_em_2026&oldid=73082572,wikipedia_revision,73082572,2026-09-29T15:02:36Z,unverified,,9ca942a568882bbd6b774a0d5553b585fd3c21e22108b84064e56abca54efbeb,others_column_named_candidate;blank_null_includes_undecided
2026-1-4e309ad38b,2026,1,,Palver,,2026-08-03,2026-08-07,,5000,,full,Ronaldo Caiado,2.0,total,1.0,,,https://pt.wikipedia.org/w/index.php?title=Pesquisas_de_opini%C3%A3o_para_a_elei%C3%A7%C3%A3o_presidencial_no_Brasil_em_2026&oldid=73082572,wikipedia_revision,73082572,2026-09-29T15:02:36Z,unverified,,9ca942a568882bbd6b774a0d5553b585fd3c21e22108b84064e56abca54efbeb,others_column_named_candidate;blank_null_includes_undecided
2026-1-4e309ad38b,2026,1,,Palver,,2026-08-03,2026-08-07,,5000,,full,Romeu Zema,1.0,total,1.0,,,https://pt.wikipedia.org/w/index.php?title=Pesquisas_de_opini%C3%A3o_para_a_elei%C3%A7%C3%A3o_presidencial_no_Brasil_em_2026&oldid=73082572,wikipedia_revision,73082572,2026-09-29T15:02:36Z,unverified,,9ca942a568882bbd6b774a0d5553b585fd3c21e22108b84064e56abca54efbeb,others_column_named_candidate;blank_null_includes_undecided
2026-1-4e309ad38b,2026,1,,Palver,,2026-08-03,2026-08-07,,5000,,full,Renan Santos,10.0,total,1.0,,,https://pt.wikipedia.org/w/index.php?title=Pesquisas_de_opini%C3%A3o_para_a_elei%C3%A7%C3%A3o_presidencial_no_Brasil_em_2026&oldid=73082572,wikipedia_revision,73082572,2026-09-29T15:02:36Z,unverified,,9ca942a568882bbd6b774a0d5553b585fd3c21e22108b84064e56abca54efbeb,others_column_named_candidate;blank_null_includes_undecided
2026-1-4e309ad38b,2026,1,,Palver,,2026-08-03,2026-08-07,,5000,,full,Augusto Cury,0.0,total,1.0,,,https://pt.wikipedia.org/w/index.php?title=Pesquisas_de_opini%C3%A3o_para_a_elei%C3%A7%C3%A3o_presidencial_no_Brasil_em_2026&oldid=73082572,wikipedia_revision,73082572,2026-09-29T15:02:36Z,unverified,,9ca942a568882bbd6b774a0d5553b585fd3c21e22108b84064e56abca54efbeb,others_column_named_candidate;blank_null_includes_undecided
2026-1-4e309ad38b,2026,1,,Palver,,2026-08-03,2026-08-07,,5000,,full,Samara Martins,1.0,total,1.0,,,https://pt.wikipedia.org/w/index.php?title=Pesquisas_de_opini%C3%A3o_para_a_elei%C3%A7%C3%A3o_presidencial_no_Brasil_em_2026&oldid=73082572,wikipedia_revision,73082572,2026-09-29T15:02:36Z,unverified,,9ca942a568882bbd6b774a0d5553b585fd3c21e22108b84064e56abca54efbeb,others_column_named_candidate;blank_null_includes_undecided
2026-1-4e309ad38b,2026,1,,Palver,,2026-08-03,2026-08-07,,5000,,full,Hertz Dias,0.0,total,1.0,,,https://pt.wikipedia.org/w/index.php?title=Pesquisas_de_opini%C3%A3o_para_a_elei%C3%A7%C3%A3o_presidencial_no_Brasil_em_2026&oldid=73082572,wikipedia_revision,73082572,2026-09-29T15:02:36Z,unverified,,9ca942a568882bbd6b774a0d5553b585fd3c21e22108b84064e56abca54efbeb,others_column_named_candidate;blank_null_includes_undecided
2026-1-4e309ad38b,2026,1,,Palver,,2026-08-03,2026-08-07,,5000,,full,Rui Costa Pimenta,0.0,total,1.0,,,https://pt.wikipedia.org/w/index.php?title=Pesquisas_de_opini%C3%A3o_para_a_elei%C3%A7%C3%A3o_presidencial_no_Brasil_em_2026&oldid=73082572,wikipedia_revision,73082572,2026-09-29T15:02:36Z,unverified,,9ca942a568882bbd6b774a0d5553b585fd3c21e22108b84064e56abca54efbeb,others_column_named_candidate;blank_null_includes_undecided
2026-1-4e309ad38b,2026,1,,Palver,,2026-08-03,2026-08-07,,5000,,full,Cabo Daciolo,0.0,total,1.0,,,https://pt.wikipedia.org/w/index.php?title=Pesquisas_de_opini%C3%A3o_para_a_elei%C3%A7%C3%A3o_presidencial_no_Brasil_em_2026&oldid=73082572,wikipedia_revision,73082572,2026-09-29T15:02:36Z,unverified,,9ca942a568882bbd6b774a0d5553b585fd3c21e22108b84064e56abca54efbeb,others_column_named_candidate;blank_null_includes_undecided
2026-1-4e309ad38b,2026,1,,Palver,,2026-08-03,2026-08-07,,5000,,"without Augusto Cury, Cabo Daciolo, Hertz Dias, Rui Costa Pimenta, Samara Martins",Lula,45.0,total,1.0,,,https://pt.wikipedia.org/w/index.php?title=Pesquisas_de_opini%C3%A3o_para_a_elei%C3%A7%C3%A3o_presidencial_no_Brasil_em_2026&oldid=73082572,wikipedia_revision,73082572,2026-09-29T15:02:36Z,unverified,,9ca942a568882bbd6b774a0d5553b585fd3c21e22108b84064e56abca54efbeb,blank_null_includes_undecided
2026-1-4e309ad38b,2026,1,,Palver,,2026-08-03,2026-08-07,,5000,,"without Augusto Cury, Cabo Daciolo, Hertz Dias, Rui Costa Pimenta, Samara Martins",Flávio Bolsonaro,40.0,total,1.0,,,https://pt.wikipedia.org/w/index.php?title=Pesquisas_de_opini%C3%A3o_para_a_elei%C3%A7%C3%A3o_presidencial_no_Brasil_em_2026&oldid=73082572,wikipedia_revision,73082572,2026-09-29T15:02:36Z,unverified,,9ca942a568882bbd6b774a0d5553b585fd3c21e22108b84064e56abca54efbeb,blank_null_includes_undecided
2026-1-4e309ad38b,2026,1,,Palver,,2026-08-03,2026-08-07,,5000,,"without Augusto Cury, Cabo Daciolo, Hertz Dias, Rui Costa Pimenta, Samara Martins",Ronaldo Caiado,2.0,total,1.0,,,https://pt.wikipedia.org/w/index.php?title=Pesquisas_de_opini%C3%A3o_para_a_elei%C3%A7%C3%A3o_presidencial_no_Brasil_em_2026&oldid=73082572,wikipedia_revision,73082572,2026-09-29T15:02:36Z,unverified,,9ca942a568882bbd6b774a0d5553b585fd3c21e22108b84064e56abca54efbeb,blank_null_includes_undecided
2026-1-4e309ad38b,2026,1,,Palver,,2026-08-03,2026-08-07,,5000,,"without Augusto Cury, Cabo Daciolo, Hertz Dias, Rui Costa Pimenta, Samara Martins",Romeu Zema,1.0,total,1.0,,,https://pt.wikipedia.org/w/index.php?title=Pesquisas_de_opini%C3%A3o_para_a_elei%C3%A7%C3%A3o_presidencial_no_Brasil_em_2026&oldid=73082572,wikipedia_revision,73082572,2026-09-29T15:02:36Z,unverified,,9ca942a568882bbd6b774a0d5553b585fd3c21e22108b84064e56abca54efbeb,blank_null_includes_undecided
2026-1-4e309ad38b,2026,1,,Palver,,2026-08-03,2026-08-07,,5000,,"without Augusto Cury, Cabo Daciolo, Hertz Dias, Rui Costa Pimenta, Samara Martins",Renan Santos,10.0,total,1.0,,,https://pt.wikipedia.org/w/index.php?title=Pesquisas_de_opini%C3%A3o_para_a_elei%C3%A7%C3%A3o_presidencial_no_Brasil_em_2026&oldid=73082572,wikipedia_revision,73082572,2026-09-29T15:02:36Z,unverified,,9ca942a568882bbd6b774a0d5553b585fd3c21e22108b84064e56abca54efbeb,blank_null_includes_undecided
2026-1-8e01035f49,2026,1,,Ideia,Meio,2026-07-31,2026-08-03,,1500,,main,Lula,43.0,total,6.0,,,https://pt.wikipedia.org/w/index.php?title=Pesquisas_de_opini%C3%A3o_para_a_elei%C3%A7%C3%A3o_presidencial_no_Brasil_em_2026&oldid=73082572,wikipedia_revision,73082572,2026-09-29T15:02:36Z,unverified,,9ca942a568882bbd6b774a0d5553b585fd3c21e22108b84064e56abca54efbeb,others_column_named_candidate;blank_null_includes_undecided
2026-1-8e01035f49,2026,1,,Ideia,Meio,2026-07-31,2026-08-03,,1500,,main,Flávio Bolsonaro,35.0,total,6.0,,,https://pt.wikipedia.org/w/index.php?title=Pesquisas_de_opini%C3%A3o_para_a_elei%C3%A7%C3%A3o_presidencial_no_Brasil_em_2026&oldid=73082572,wikipedia_revision,73082572,2026-09-29T15:02:36Z,unverified,,9ca942a568882bbd6b774a0d5553b585fd3c21e22108b84064e56abca54efbeb,others_column_named_candidate;blank_null_includes_undecided
2026-1-8e01035f49,2026,1,,Ideia,Meio,2026-07-31,2026-08-03,,1500,,main,Ronaldo Caiado,5.7,total,6.0,,,https://pt.wikipedia.org/w/index.php?title=Pesquisas_de_opini%C3%A3o_para_a_elei%C3%A7%C3%A3o_presidencial_no_Brasil_em_2026&oldid=73082572,wikipedia_revision,73082572,2026-09-29T15:02:36Z,unverified,,9ca942a568882bbd6b774a0d5553b585fd3c21e22108b84064e56abca54efbeb,others_column_named_candidate;blank_null_includes_undecided
2026-1-8e01035f49,2026,1,,Ideia,Meio,2026-07-31,2026-08-03,,1500,,main,Romeu Zema,2.6,total,6.0,,,https://pt.wikipedia.org/w/index.php?title=Pesquisas_de_opini%C3%A3o_para_a_elei%C3%A7%C3%A3o_presidencial_no_Brasil_em_2026&oldid=73082572,wikipedia_revision,73082572,2026-09-29T15:02:36Z,unverified,,9ca942a568882bbd6b774a0d5553b585fd3c21e22108b84064e56abca54efbeb,others_column_named_candidate;blank_null_includes_undecided
2026-1-8e01035f49,2026,1,,Ideia,Meio,2026-07-31,2026-08-03,,1500,,main,Renan Santos,4.7,total,6.0,,,https://pt.wikipedia.org/w/index.php?title=Pesquisas_de_opini%C3%A3o_para_a_elei%C3%A7%C3%A3o_presidencial_no_Brasil_em_2026&oldid=73082572,wikipedia_revision,73082572,2026-09-29T15:02:36Z,unverified,,9ca942a568882bbd6b774a0d5553b585fd3c21e22108b84064e56abca54efbeb,others_column_named_candidate;blank_null_includes_undecided
2026-1-8e01035f49,2026,1,,Ideia,Meio,2026-07-31,2026-08-03,,1500,,main,Augusto Cury,1.7,total,6.0,,,https://pt.wikipedia.org/w/index.php?title=Pesquisas_de_opini%C3%A3o_para_a_elei%C3%A7%C3%A3o_presidencial_no_Brasil_em_2026&oldid=73082572,wikipedia_revision,73082572,2026-09-29T15:02:36Z,unverified,,9ca942a568882bbd6b774a0d5553b585fd3c21e22108b84064e56abca54efbeb,others_column_named_candidate;blank_null_includes_undecided
2026-1-8e01035f49,2026,1,,Ideia,Meio,2026-07-31,2026-08-03,,1500,,main,Samara Martins,0.3,total,6.0,,,https://pt.wikipedia.org/w/index.php?title=Pesquisas_de_opini%C3%A3o_para_a_elei%C3%A7%C3%A3o_presidencial_no_Brasil_em_2026&oldid=73082572,wikipedia_revision,73082572,2026-09-29T15:02:36Z,unverified,,9ca942a568882bbd6b774a0d5553b585fd3c21e22108b84064e56abca54efbeb,others_column_named_candidate;blank_null_includes_undecided
2026-1-8e01035f49,2026,1,,Ideia,Meio,2026-07-31,2026-08-03,,1500,,main,Hertz Dias,0.1,total,6.0,,,https://pt.wikipedia.org/w/index.php?title=Pesquisas_de_opini%C3%A3o_para_a_elei%C3%A7%C3%A3o_presidencial_no_Brasil_em_2026&oldid=73082572,wikipedia_revision,73082572,2026-09-29T15:02:36Z,unverified,,9ca942a568882bbd6b774a0d5553b585fd3c21e22108b84064e56abca54efbeb,others_column_named_candidate;blank_null_includes_undecided
2026-1-8e01035f49,2026,1,,Ideia,Meio,2026-07-31,2026-08-03,,1500,,main,Edmilson Costa,0.2,total,6.0,,,https://pt.wikipedia.org/w/index.php?title=Pesquisas_de_opini%C3%A3o_para_a_elei%C3%A7%C3%A3o_presidencial_no_Brasil_em_2026&oldid=73082572,wikipedia_revision,73082572,2026-09-29T15:02:36Z,unverified,,9ca942a568882bbd6b774a0d5553b585fd3c21e22108b84064e56abca54efbeb,others_column_named_candidate;blank_null_includes_undecided
2026-1-8e01035f49,2026,1,,Ideia,Meio,2026-07-31,2026-08-03,,1500,,main,Rui Costa Pimenta,0.1,total,6.0,,,https://pt.wikipedia.org/w/index.php?title=Pesquisas_de_opini%C3%A3o_para_a_elei%C3%A7%C3%A3o_presidencial_no_Brasil_em_2026&oldid=73082572,wikipedia_revision,73082572,2026-09-29T15:02:36Z,unverified,,9ca942a568882bbd6b774a0d5553b585fd3c21e22108b84064e56abca54efbeb,others_column_named_candidate;blank_null_includes_undecided
2026-1-8e01035f49,2026,1,,Ideia,Meio,2026-07-31,2026-08-03,,1500,,main,Cabo Daciolo,0.6,total,6.0,,,https://pt.wikipedia.org/w/index.php?title=Pesquisas_de_opini%C3%A3o_para_a_elei%C3%A7%C3%A3o_presidencial_no_Brasil_em_2026&oldid=73082572,wikipedia_revision,73082572,2026-09-29T15:02:36Z,unverified,,9ca942a568882bbd6b774a0d5553b585fd3c21e22108b84064e56abca54efbeb,others_column_named_candidate;blank_null_includes_undecided
2026-1-943a728306,2026,1,,Quaest,Genial,2026-07-31,2026-08-03,,2004,,main,Lula,39.0,total,18.0,,,https://pt.wikipedia.org/w/index.php?title=Pesquisas_de_opini%C3%A3o_para_a_elei%C3%A7%C3%A3o_presidencial_no_Brasil_em_2026&oldid=73082572,wikipedia_revision,73082572,2026-09-29T15:02:36Z,unverified,,9ca942a568882bbd6b774a0d5553b585fd3c21e22108b84064e56abca54efbeb,others_split_from_footnote;blank_null_includes_undecided
2026-1-943a728306,2026,1,,Quaest,Genial,2026-07-31,2026-08-03,,2004,,main,Flávio Bolsonaro,30.0,total,18.0,,,https://pt.wikipedia.org/w/index.php?title=Pesquisas_de_opini%C3%A3o_para_a_elei%C3%A7%C3%A3o_presidencial_no_Brasil_em_2026&oldid=73082572,wikipedia_revision,73082572,2026-09-29T15:02:36Z,unverified,,9ca942a568882bbd6b774a0d5553b585fd3c21e22108b84064e56abca54efbeb,others_split_from_footnote;blank_null_includes_undecided
2026-1-943a728306,2026,1,,Quaest,Genial,2026-07-31,2026-08-03,,2004,,main,Ronaldo Caiado,4.0,total,18.0,,,https://pt.wikipedia.org/w/index.php?title=Pesquisas_de_opini%C3%A3o_para_a_elei%C3%A7%C3%A3o_presidencial_no_Brasil_em_2026&oldid=73082572,wikipedia_revision,73082572,2026-09-29T15:02:36Z,unverified,,9ca942a568882bbd6b774a0d5553b585fd3c21e22108b84064e56abca54efbeb,others_split_from_footnote;blank_null_includes_undecided
2026-1-943a728306,2026,1,,Quaest,Genial,2026-07-31,2026-08-03,,2004,,main,Romeu Zema,2.0,total,18.0,,,https://pt.wikipedia.org/w/index.php?title=Pesquisas_de_opini%C3%A3o_para_a_elei%C3%A7%C3%A3o_presidencial_no_Brasil_em_2026&oldid=73082572,wikipedia_revision,73082572,2026-09-29T15:02:36Z,unverified,,9ca942a568882bbd6b774a0d5553b585fd3c21e22108b84064e56abca54efbeb,others_split_from_footnote;blank_null_includes_undecided
2026-1-943a728306,2026,1,,Quaest,Genial,2026-07-31,2026-08-03,,2004,,main,Renan Santos,4.0,total,18.0,,,https://pt.wikipedia.org/w/index.php?title=Pesquisas_de_opini%C3%A3o_para_a_elei%C3%A7%C3%A3o_presidencial_no_Brasil_em_2026&oldid=73082572,wikipedia_revision,73082572,2026-09-29T15:02:36Z,unverified,,9ca942a568882bbd6b774a0d5553b585fd3c21e22108b84064e56abca54efbeb,others_split_from_footnote;blank_null_includes_undecided
2026-1-943a728306,2026,1,,Quaest,Genial,2026-07-31,2026-08-03,,2004,,main,Augusto Cury,1.0,total,18.0,,,https://pt.wikipedia.org/w/index.php?title=Pesquisas_de_opini%C3%A3o_para_a_elei%C3%A7%C3%A3o_presidencial_no_Brasil_em_2026&oldid=73082572,wikipedia_revision,73082572,2026-09-29T15:02:36Z,unverified,,9ca942a568882bbd6b774a0d5553b585fd3c21e22108b84064e56abca54efbeb,others_split_from_footnote;blank_null_includes_undecided
2026-1-943a728306,2026,1,,Quaest,Genial,2026-07-31,2026-08-03,,2004,,main,Samara Martins,1.0,total,18.0,,,https://pt.wikipedia.org/w/index.php?title=Pesquisas_de_opini%C3%A3o_para_a_elei%C3%A7%C3%A3o_presidencial_no_Brasil_em_2026&oldid=73082572,wikipedia_revision,73082572,2026-09-29T15:02:36Z,unverified,,9ca942a568882bbd6b774a0d5553b585fd3c21e22108b84064e56abca54efbeb,others_split_from_footnote;blank_null_includes_undecided
2026-1-943a728306,2026,1,,Quaest,Genial,2026-07-31,2026-08-03,,2004,,main,Clariana Barão,0.0,total,18.0,,,https://pt.wikipedia.org/w/index.php?title=Pesquisas_de_opini%C3%A3o_para_a_elei%C3%A7%C3%A3o_presidencial_no_Brasil_em_2026&oldid=73082572,wikipedia_revision,73082572,2026-09-29T15:02:36Z,unverified,,9ca942a568882bbd6b774a0d5553b585fd3c21e22108b84064e56abca54efbeb,others_split_from_footnote;blank_null_includes_undecided
2026-1-943a728306,2026,1,,Quaest,Genial,2026-07-31,2026-08-03,,2004,,main,Hertz Dias,0.0,total,18.0,,,https://pt.wikipedia.org/w/index.php?title=Pesquisas_de_opini%C3%A3o_para_a_elei%C3%A7%C3%A3o_presidencial_no_Brasil_em_2026&oldid=73082572,wikipedia_revision,73082572,2026-09-29T15:02:36Z,unverified,,9ca942a568882bbd6b774a0d5553b585fd3c21e22108b84064e56abca54efbeb,others_split_from_footnote;blank_null_includes_undecided
2026-1-943a728306,2026,1,,Quaest,Genial,2026-07-31,2026-08-03,,2004,,main,Edmilson Costa,0.0,total,18.0,,,https://pt.wikipedia.org/w/index.php?title=Pesquisas_de_opini%C3%A3o_para_a_elei%C3%A7%C3%A3o_presidencial_no_Brasil_em_2026&oldid=73082572,wikipedia_revision,73082572,2026-09-29T15:02:36Z,unverified,,9ca942a568882bbd6b774a0d5553b585fd3c21e22108b84064e56abca54efbeb,others_split_from_footnote;blank_null_includes_undecided
2026-1-943a728306,2026,1,,Quaest,Genial,2026-07-31,2026-08-03,,2004,,main,Cabo Daciolo,1.0,total,18.0,,,https://pt.wikipedia.org/w/index.php?title=Pesquisas_de_opini%C3%A3o_para_a_elei%C3%A7%C3%A3o_presidencial_no_Brasil_em_2026&oldid=73082572,wikipedia_revision,73082572,2026-09-29T15:02:36Z,unverified,,9ca942a568882bbd6b774a0d5553b585fd3c21e22108b84064e56abca54efbeb,others_split_from_footnote;blank_null_includes_undecided
2026-1-943a728306,2026,1,,Quaest,Genial,2026-07-31,2026-08-03,,2004,,main,Leonardo Avalanche,0.0,total,18.0,,,https://pt.wikipedia.org/w/index.php?title=Pesquisas_de_opini%C3%A3o_para_a_elei%C3%A7%C3%A3o_presidencial_no_Brasil_em_2026&oldid=73082572,wikipedia_revision,73082572,2026-09-29T15:02:36Z,unverified,,9ca942a568882bbd6b774a0d5553b585fd3c21e22108b84064e56abca54efbeb,others_split_from_footnote;blank_null_includes_undecided
2026-1-978dab5b1a,2026,1,,Nexus,BTG Pactual,2026-07-31,2026-08-02,,2002,,main,Lula,41.0,total,7.0,,,https://pt.wikipedia.org/w/index.php?title=Pesquisas_de_opini%C3%A3o_para_a_elei%C3%A7%C3%A3o_presidencial_no_Brasil_em_2026&oldid=73082572,wikipedia_revision,73082572,2026-09-29T15:02:36Z,unverified,,9ca942a568882bbd6b774a0d5553b585fd3c21e22108b84064e56abca54efbeb,others_split_from_footnote;blank_null_includes_undecided
2026-1-978dab5b1a,2026,1,,Nexus,BTG Pactual,2026-07-31,2026-08-02,,2002,,main,Flávio Bolsonaro,37.0,total,7.0,,,https://pt.wikipedia.org/w/index.php?title=Pesquisas_de_opini%C3%A3o_para_a_elei%C3%A7%C3%A3o_presidencial_no_Brasil_em_2026&oldid=73082572,wikipedia_revision,73082572,2026-09-29T15:02:36Z,unverified,,9ca942a568882bbd6b774a0d5553b585fd3c21e22108b84064e56abca54efbeb,others_split_from_footnote;blank_null_includes_undecided
2026-1-978dab5b1a,2026,1,,Nexus,BTG Pactual,2026-07-31,2026-08-02,,2002,,main,Ronaldo Caiado,5.0,total,7.0,,,https://pt.wikipedia.org/w/index.php?title=Pesquisas_de_opini%C3%A3o_para_a_elei%C3%A7%C3%A3o_presidencial_no_Brasil_em_2026&oldid=73082572,wikipedia_revision,73082572,2026-09-29T15:02:36Z,unverified,,9ca942a568882bbd6b774a0d5553b585fd3c21e22108b84064e56abca54efbeb,others_split_from_footnote;blank_null_includes_undecided
2026-1-978dab5b1a,2026,1,,Nexus,BTG Pactual,2026-07-31,2026-08-02,,2002,,main,Romeu Zema,3.0,total,7.0,,,https://pt.wikipedia.org/w/index.php?title=Pesquisas_de_opini%C3%A3o_para_a_elei%C3%A7%C3%A3o_presidencial_no_Brasil_em_2026&oldid=73082572,wikipedia_revision,73082572,2026-09-29T15:02:36Z,unverified,,9ca942a568882bbd6b774a0d5553b585fd3c21e22108b84064e56abca54efbeb,others_split_from_footnote;blank_null_includes_undecided
2026-1-978dab5b1a,2026,1,,Nexus,BTG Pactual,2026-07-31,2026-08-02,,2002,,main,Renan Santos,4.0,total,7.0,,,https://pt.wikipedia.org/w/index.php?title=Pesquisas_de_opini%C3%A3o_para_a_elei%C3%A7%C3%A3o_presidencial_no_Brasil_em_2026&oldid=73082572,wikipedia_revision,73082572,2026-09-29T15:02:36Z,unverified,,9ca942a568882bbd6b774a0d5553b585fd3c21e22108b84064e56abca54efbeb,others_split_from_footnote;blank_null_includes_undecided
2026-1-978dab5b1a,2026,1,,Nexus,BTG Pactual,2026-07-31,2026-08-02,,2002,,main,Augusto Cury,1.0,total,7.0,,,https://pt.wikipedia.org/w/index.php?title=Pesquisas_de_opini%C3%A3o_para_a_elei%C3%A7%C3%A3o_presidencial_no_Brasil_em_2026&oldid=73082572,wikipedia_revision,73082572,2026-09-29T15:02:36Z,unverified,,9ca942a568882bbd6b774a0d5553b585fd3c21e22108b84064e56abca54efbeb,others_split_from_footnote;blank_null_includes_undecided
2026-1-978dab5b1a,2026,1,,Nexus,BTG Pactual,2026-07-31,2026-08-02,,2002,,main,Samara Martins,1.0,total,7.0,,,https://pt.wikipedia.org/w/index.php?title=Pesquisas_de_opini%C3%A3o_para_a_elei%C3%A7%C3%A3o_presidencial_no_Brasil_em_2026&oldid=73082572,wikipedia_revision,73082572,2026-09-29T15:02:36Z,unverified,,9ca942a568882bbd6b774a0d5553b585fd3c21e22108b84064e56abca54efbeb,others_split_from_footnote;blank_null_includes_undecided
2026-1-978dab5b1a,2026,1,,Nexus,BTG Pactual,2026-07-31,2026-08-02,,2002,,main,Hertz Dias,0.0,total,7.0,,,https://pt.wikipedia.org/w/index.php?title=Pesquisas_de_opini%C3%A3o_para_a_elei%C3%A7%C3%A3o_presidencial_no_Brasil_em_2026&oldid=73082572,wikipedia_revision,73082572,2026-09-29T15:02:36Z,unverified,,9ca942a568882bbd6b774a0d5553b585fd3c21e22108b84064e56abca54efbeb,others_split_from_footnote;blank_null_includes_undecided
2026-1-978dab5b1a,2026,1,,Nexus,BTG Pactual,2026-07-31,2026-08-02,,2002,,main,Edmilson Costa,0.0,total,7.0,,,https://pt.wikipedia.org/w/index.php?title=Pesquisas_de_opini%C3%A3o_para_a_elei%C3%A7%C3%A3o_presidencial_no_Brasil_em_2026&oldid=73082572,wikipedia_revision,73082572,2026-09-29T15:02:36Z,unverified,,9ca942a568882bbd6b774a0d5553b585fd3c21e22108b84064e56abca54efbeb,others_split_from_footnote;blank_null_includes_undecided
2026-1-978dab5b1a,2026,1,,Nexus,BTG Pactual,2026-07-31,2026-08-02,,2002,,main,Rui Costa Pimenta,0.0,total,7.0,,,https://pt.wikipedia.org/w/index.php?title=Pesquisas_de_opini%C3%A3o_para_a_elei%C3%A7%C3%A3o_presidencial_no_Brasil_em_2026&oldid=73082572,wikipedia_revision,73082572,2026-09-29T15:02:36Z,unverified,,9ca942a568882bbd6b774a0d5553b585fd3c21e22108b84064e56abca54efbeb,others_split_from_footnote;blank_null_includes_undecided
2026-1-978dab5b1a,2026,1,,Nexus,BTG Pactual,2026-07-31,2026-08-02,,2002,,main,Cabo Daciolo,1.0,total,7.0,,,https://pt.wikipedia.org/w/index.php?title=Pesquisas_de_opini%C3%A3o_para_a_elei%C3%A7%C3%A3o_presidencial_no_Brasil_em_2026&oldid=73082572,wikipedia_revision,73082572,2026-09-29T15:02:36Z,unverified,,9ca942a568882bbd6b774a0d5553b585fd3c21e22108b84064e56abca54efbeb,others_split_from_footnote;blank_null_includes_undecided
2026-1-978dab5b1a,2026,1,,Nexus,BTG Pactual,2026-07-31,2026-08-02,,2002,,main,Heró Bezerra,0.0,total,7.0,,,https://pt.wikipedia.org/w/index.php?title=Pesquisas_de_opini%C3%A3o_para_a_elei%C3%A7%C3%A3o_presidencial_no_Brasil_em_2026&oldid=73082572,wikipedia_revision,73082572,2026-09-29T15:02:36Z,unverified,,9ca942a568882bbd6b774a0d5553b585fd3c21e22108b84064e56abca54efbeb,others_split_from_footnote;blank_null_includes_undecided
2026-1-e26a990164,2026,1,,Alfa Inteligência,TMC,2026-07-23,2026-07-28,,2700,,main,Lula,43.0,total,10.0,,,https://pt.wikipedia.org/w/index.php?title=Pesquisas_de_opini%C3%A3o_para_a_elei%C3%A7%C3%A3o_presidencial_no_Brasil_em_2026&oldid=73082572,wikipedia_revision,73082572,2026-09-29T15:02:36Z,unverified,,9ca942a568882bbd6b774a0d5553b585fd3c21e22108b84064e56abca54efbeb,blank_null_includes_undecided
2026-1-e26a990164,2026,1,,Alfa Inteligência,TMC,2026-07-23,2026-07-28,,2700,,main,Flávio Bolsonaro,29.0,total,10.0,,,https://pt.wikipedia.org/w/index.php?title=Pesquisas_de_opini%C3%A3o_para_a_elei%C3%A7%C3%A3o_presidencial_no_Brasil_em_2026&oldid=73082572,wikipedia_revision,73082572,2026-09-29T15:02:36Z,unverified,,9ca942a568882bbd6b774a0d5553b585fd3c21e22108b84064e56abca54efbeb,blank_null_includes_undecided
2026-1-e26a990164,2026,1,,Alfa Inteligência,TMC,2026-07-23,2026-07-28,,2700,,main,Ronaldo Caiado,7.0,total,10.0,,,https://pt.wikipedia.org/w/index.php?title=Pesquisas_de_opini%C3%A3o_para_a_elei%C3%A7%C3%A3o_presidencial_no_Brasil_em_2026&oldid=73082572,wikipedia_revision,73082572,2026-09-29T15:02:36Z,unverified,,9ca942a568882bbd6b774a0d5553b585fd3c21e22108b84064e56abca54efbeb,blank_null_includes_undecided
2026-1-e26a990164,2026,1,,Alfa Inteligência,TMC,2026-07-23,2026-07-28,,2700,,main,Romeu Zema,6.0,total,10.0,,,https://pt.wikipedia.org/w/index.php?title=Pesquisas_de_opini%C3%A3o_para_a_elei%C3%A7%C3%A3o_presidencial_no_Brasil_em_2026&oldid=73082572,wikipedia_revision,73082572,2026-09-29T15:02:36Z,unverified,,9ca942a568882bbd6b774a0d5553b585fd3c21e22108b84064e56abca54efbeb,blank_null_includes_undecided
2026-1-e26a990164,2026,1,,Alfa Inteligência,TMC,2026-07-23,2026-07-28,,2700,,main,Renan Santos,3.0,total,10.0,,,https://pt.wikipedia.org/w/index.php?title=Pesquisas_de_opini%C3%A3o_para_a_elei%C3%A7%C3%A3o_presidencial_no_Brasil_em_2026&oldid=73082572,wikipedia_revision,73082572,2026-09-29T15:02:36Z,unverified,,9ca942a568882bbd6b774a0d5553b585fd3c21e22108b84064e56abca54efbeb,blank_null_includes_undecided
2026-1-e26a990164,2026,1,,Alfa Inteligência,TMC,2026-07-23,2026-07-28,,2700,,main,Augusto Cury,1.0,total,10.0,,,https://pt.wikipedia.org/w/index.php?title=Pesquisas_de_opini%C3%A3o_para_a_elei%C3%A7%C3%A3o_presidencial_no_Brasil_em_2026&oldid=73082572,wikipedia_revision,73082572,2026-09-29T15:02:36Z,unverified,,9ca942a568882bbd6b774a0d5553b585fd3c21e22108b84064e56abca54efbeb,blank_null_includes_undecided
2026-1-e26a990164,2026,1,,Alfa Inteligência,TMC,2026-07-23,2026-07-28,,2700,,main,__others__,1.0,total,10.0,,,https://pt.wikipedia.org/w/index.php?title=Pesquisas_de_opini%C3%A3o_para_a_elei%C3%A7%C3%A3o_presidencial_no_Brasil_em_2026&oldid=73082572,wikipedia_revision,73082572,2026-09-29T15:02:36Z,unverified,,9ca942a568882bbd6b774a0d5553b585fd3c21e22108b84064e56abca54efbeb,blank_null_includes_undecided
2026-1-e517709f7b,2026,1,,PoderData,Aya,2026-07-26,2026-07-28,,2400,,main,Lula,41.0,total,9.0,,,https://pt.wikipedia.org/w/index.php?title=Pesquisas_de_opini%C3%A3o_para_a_elei%C3%A7%C3%A3o_presidencial_no_Brasil_em_2026&oldid=73082572,wikipedia_revision,73082572,2026-09-29T15:02:36Z,unverified,,9ca942a568882bbd6b774a0d5553b585fd3c21e22108b84064e56abca54efbeb,blank_null_includes_undecided
2026-1-e517709f7b,2026,1,,PoderData,Aya,2026-07-26,2026-07-28,,2400,,main,Flávio Bolsonaro,35.0,total,9.0,,,https://pt.wikipedia.org/w/index.php?title=Pesquisas_de_opini%C3%A3o_para_a_elei%C3%A7%C3%A3o_presidencial_no_Brasil_em_2026&oldid=73082572,wikipedia_revision,73082572,2026-09-29T15:02:36Z,unverified,,9ca942a568882bbd6b774a0d5553b585fd3c21e22108b84064e56abca54efbeb,blank_null_includes_undecided
2026-1-e517709f7b,2026,1,,PoderData,Aya,2026-07-26,2026-07-28,,2400,,main,Ronaldo Caiado,5.0,total,9.0,,,https://pt.wikipedia.org/w/index.php?title=Pesquisas_de_opini%C3%A3o_para_a_elei%C3%A7%C3%A3o_presidencial_no_Brasil_em_2026&oldid=73082572,wikipedia_revision,73082572,2026-09-29T15:02:36Z,unverified,,9ca942a568882bbd6b774a0d5553b585fd3c21e22108b84064e56abca54efbeb,blank_null_includes_undecided
2026-1-e517709f7b,2026,1,,PoderData,Aya,2026-07-26,2026-07-28,,2400,,main,Romeu Zema,3.0,total,9.0,,,https://pt.wikipedia.org/w/index.php?title=Pesquisas_de_opini%C3%A3o_para_a_elei%C3%A7%C3%A3o_presidencial_no_Brasil_em_2026&oldid=73082572,wikipedia_revision,73082572,2026-09-29T15:02:36Z,unverified,,9ca942a568882bbd6b774a0d5553b585fd3c21e22108b84064e56abca54efbeb,blank_null_includes_undecided
2026-1-e517709f7b,2026,1,,PoderData,Aya,2026-07-26,2026-07-28,,2400,,main,Renan Santos,4.0,total,9.0,,,https://pt.wikipedia.org/w/index.php?title=Pesquisas_de_opini%C3%A3o_para_a_elei%C3%A7%C3%A3o_presidencial_no_Brasil_em_2026&oldid=73082572,wikipedia_revision,73082572,2026-09-29T15:02:36Z,unverified,,9ca942a568882bbd6b774a0d5553b585fd3c21e22108b84064e56abca54efbeb,blank_null_includes_undecided
2026-1-e517709f7b,2026,1,,PoderData,Aya,2026-07-26,2026-07-28,,2400,,main,Augusto Cury,3.0,total,9.0,,,https://pt.wikipedia.org/w/index.php?title=Pesquisas_de_opini%C3%A3o_para_a_elei%C3%A7%C3%A3o_presidencial_no_Brasil_em_2026&oldid=73082572,wikipedia_revision,73082572,2026-09-29T15:02:36Z,unverified,,9ca942a568882bbd6b774a0d5553b585fd3c21e22108b84064e56abca54efbeb,blank_null_includes_undecided
2026-1-606898fddf,2026,1,,Vox Brasil,,2026-07-26,2026-07-28,,2100,,main,Lula,40.5,total,11.9,,,https://pt.wikipedia.org/w/index.php?title=Pesquisas_de_opini%C3%A3o_para_a_elei%C3%A7%C3%A3o_presidencial_no_Brasil_em_2026&oldid=73082572,wikipedia_revision,73082572,2026-09-29T15:02:36Z,unverified,,9ca942a568882bbd6b774a0d5553b585fd3c21e22108b84064e56abca54efbeb,others_split_from_footnote;blank_null_includes_undecided
2026-1-606898fddf,2026,1,,Vox Brasil,,2026-07-26,2026-07-28,,2100,,main,Flávio Bolsonaro,31.2,total,11.9,,,https://pt.wikipedia.org/w/index.php?title=Pesquisas_de_opini%C3%A3o_para_a_elei%C3%A7%C3%A3o_presidencial_no_Brasil_em_2026&oldid=73082572,wikipedia_revision,73082572,2026-09-29T15:02:36Z,unverified,,9ca942a568882bbd6b774a0d5553b585fd3c21e22108b84064e56abca54efbeb,others_split_from_footnote;blank_null_includes_undecided
2026-1-606898fddf,2026,1,,Vox Brasil,,2026-07-26,2026-07-28,,2100,,main,Ronaldo Caiado,5.5,total,11.9,,,https://pt.wikipedia.org/w/index.php?title=Pesquisas_de_opini%C3%A3o_para_a_elei%C3%A7%C3%A3o_presidencial_no_Brasil_em_2026&oldid=73082572,wikipedia_revision,73082572,2026-09-29T15:02:36Z,unverified,,9ca942a568882bbd6b774a0d5553b585fd3c21e22108b84064e56abca54efbeb,others_split_from_footnote;blank_null_includes_undecided
2026-1-606898fddf,2026,1,,Vox Brasil,,2026-07-26,2026-07-28,,2100,,main,Romeu Zema,3.2,total,11.9,,,https://pt.wikipedia.org/w/index.php?title=Pesquisas_de_opini%C3%A3o_para_a_elei%C3%A7%C3%A3o_presidencial_no_Brasil_em_2026&oldid=73082572,wikipedia_revision,73082572,2026-09-29T15:02:36Z,unverified,,9ca942a568882bbd6b774a0d5553b585fd3c21e22108b84064e56abca54efbeb,others_split_from_footnote;blank_null_includes_undecided
2026-1-606898fddf,2026,1,,Vox Brasil,,2026-07-26,2026-07-28,,2100,,main,Renan Santos,3.0,total,11.9,,,https://pt.wikipedia.org/w/index.php?title=Pesquisas_de_opini%C3%A3o_para_a_elei%C3%A7%C3%A3o_presidencial_no_Brasil_em_2026&oldid=73082572,wikipedia_revision,73082572,2026-09-29T15:02:36Z,unverified,,9ca942a568882bbd6b774a0d5553b585fd3c21e22108b84064e56abca54efbeb,others_split_from_footnote;blank_null_includes_undecided
2026-1-606898fddf,2026,1,,Vox Brasil,,2026-07-26,2026-07-28,,2100,,main,Cabo Daciolo,0.9,total,11.9,,,https://pt.wikipedia.org/w/index.php?title=Pesquisas_de_opini%C3%A3o_para_a_elei%C3%A7%C3%A3o_presidencial_no_Brasil_em_2026&oldid=73082572,wikipedia_revision,73082572,2026-09-29T15:02:36Z,unverified,,9ca942a568882bbd6b774a0d5553b585fd3c21e22108b84064e56abca54efbeb,others_split_from_footnote;blank_null_includes_undecided
2026-1-606898fddf,2026,1,,Vox Brasil,,2026-07-26,2026-07-28,,2100,,main,Augusto Cury,1.1,total,11.9,,,https://pt.wikipedia.org/w/index.php?title=Pesquisas_de_opini%C3%A3o_para_a_elei%C3%A7%C3%A3o_presidencial_no_Brasil_em_2026&oldid=73082572,wikipedia_revision,73082572,2026-09-29T15:02:36Z,unverified,,9ca942a568882bbd6b774a0d5553b585fd3c21e22108b84064e56abca54efbeb,others_split_from_footnote;blank_null_includes_undecided
2026-1-606898fddf,2026,1,,Vox Brasil,,2026-07-26,2026-07-28,,2100,,main,Samara Martins,0.2,total,11.9,,,https://pt.wikipedia.org/w/index.php?title=Pesquisas_de_opini%C3%A3o_para_a_elei%C3%A7%C3%A3o_presidencial_no_Brasil_em_2026&oldid=73082572,wikipedia_revision,73082572,2026-09-29T15:02:36Z,unverified,,9ca942a568882bbd6b774a0d5553b585fd3c21e22108b84064e56abca54efbeb,others_split_from_footnote;blank_null_includes_undecided
2026-1-606898fddf,2026,1,,Vox Brasil,,2026-07-26,2026-07-28,,2100,,main,Hertz Dias,0.3,total,11.9,,,https://pt.wikipedia.org/w/index.php?title=Pesquisas_de_opini%C3%A3o_para_a_elei%C3%A7%C3%A3o_presidencial_no_Brasil_em_2026&oldid=73082572,wikipedia_revision,73082572,2026-09-29T15:02:36Z,unverified,,9ca942a568882bbd6b774a0d5553b585fd3c21e22108b84064e56abca54efbeb,others_split_from_footnote;blank_null_includes_undecided
2026-1-606898fddf,2026,1,,Vox Brasil,,2026-07-26,2026-07-28,,2100,,main,Edmilson Costa,0.6,total,11.9,,,https://pt.wikipedia.org/w/index.php?title=Pesquisas_de_opini%C3%A3o_para_a_elei%C3%A7%C3%A3o_presidencial_no_Brasil_em_2026&oldid=73082572,wikipedia_revision,73082572,2026-09-29T15:02:36Z,unverified,,9ca942a568882bbd6b774a0d5553b585fd3c21e22108b84064e56abca54efbeb,others_split_from_footnote;blank_null_includes_undecided
2026-1-606898fddf,2026,1,,Vox Brasil,,2026-07-26,2026-07-28,,2100,,main,Rui Costa Pimenta,0.4,total,11.9,,,https://pt.wikipedia.org/w/index.php?title=Pesquisas_de_opini%C3%A3o_para_a_elei%C3%A7%C3%A3o_presidencial_no_Brasil_em_2026&oldid=73082572,wikipedia_revision,73082572,2026-09-29T15:02:36Z,unverified,,9ca942a568882bbd6b774a0d5553b585fd3c21e22108b84064e56abca54efbeb,others_split_from_footnote;blank_null_includes_undecided
2026-1-606898fddf,2026,1,,Vox Brasil,,2026-07-26,2026-07-28,,2100,,main,Clariana Barão,0.7,total,11.9,,,https://pt.wikipedia.org/w/index.php?title=Pesquisas_de_opini%C3%A3o_para_a_elei%C3%A7%C3%A3o_presidencial_no_Brasil_em_2026&oldid=73082572,wikipedia_revision,73082572,2026-09-29T15:02:36Z,unverified,,9ca942a568882bbd6b774a0d5553b585fd3c21e22108b84064e56abca54efbeb,others_split_from_footnote;blank_null_includes_undecided
2026-1-606898fddf,2026,1,,Vox Brasil,,2026-07-26,2026-07-28,,2100,,main,Leonardo Avalanche,0.5,total,11.9,,,https://pt.wikipedia.org/w/index.php?title=Pesquisas_de_opini%C3%A3o_para_a_elei%C3%A7%C3%A3o_presidencial_no_Brasil_em_2026&oldid=73082572,wikipedia_revision,73082572,2026-09-29T15:02:36Z,unverified,,9ca942a568882bbd6b774a0d5553b585fd3c21e22108b84064e56abca54efbeb,others_split_from_footnote;blank_null_includes_undecided
2026-1-822ee1a020,2026,1,,AtlasIntel,,2026-07-22,2026-07-27,,5021,,without Fernando Haddad,Lula,44.9,total,1.6,,,https://pt.wikipedia.org/w/index.php?title=Pesquisas_de_opini%C3%A3o_para_a_elei%C3%A7%C3%A3o_presidencial_no_Brasil_em_2026&oldid=73082572,wikipedia_revision,73082572,2026-09-29T15:02:36Z,unverified,,9ca942a568882bbd6b774a0d5553b585fd3c21e22108b84064e56abca54efbeb,blank_null_includes_undecided
2026-1-822ee1a020,2026,1,,AtlasIntel,,2026-07-22,2026-07-27,,5021,,without Fernando Haddad,Flávio Bolsonaro,35.8,total,1.6,,,https://pt.wikipedia.org/w/index.php?title=Pesquisas_de_opini%C3%A3o_para_a_elei%C3%A7%C3%A3o_presidencial_no_Brasil_em_2026&oldid=73082572,wikipedia_revision,73082572,2026-09-29T15:02:36Z,unverified,,9ca942a568882bbd6b774a0d5553b585fd3c21e22108b84064e56abca54efbeb,blank_null_includes_undecided
2026-1-822ee1a020,2026,1,,AtlasIntel,,2026-07-22,2026-07-27,,5021,,without Fernando Haddad,Ronaldo Caiado,3.1,total,1.6,,,https://pt.wikipedia.org/w/index.php?title=Pesquisas_de_opini%C3%A3o_para_a_elei%C3%A7%C3%A3o_presidencial_no_Brasil_em_2026&oldid=73082572,wikipedia_revision,73082572,2026-09-29T15:02:36Z,unverified,,9ca942a568882bbd6b774a0d5553b585fd3c21e22108b84064e56abca54efbeb,blank_null_includes_undecided
2026-1-822ee1a020,2026,1,,AtlasIntel,,2026-07-22,2026-07-27,,5021,,without Fernando Haddad,Romeu Zema,2.8,total,1.6,,,https://pt.wikipedia.org/w/index.php?title=Pesquisas_de_opini%C3%A3o_para_a_elei%C3%A7%C3%A3o_presidencial_no_Brasil_em_2026&oldid=73082572,wikipedia_revision,73082572,2026-09-29T15:02:36Z,unverified,,9ca942a568882bbd6b774a0d5553b585fd3c21e22108b84064e56abca54efbeb,blank_null_includes_undecided
2026-1-822ee1a020,2026,1,,AtlasIntel,,2026-07-22,2026-07-27,,5021,,without Fernando Haddad,Renan Santos,7.8,total,1.6,,,https://pt.wikipedia.org/w/index.php?title=Pesquisas_de_opini%C3%A3o_para_a_elei%C3%A7%C3%A3o_presidencial_no_Brasil_em_2026&oldid=73082572,wikipedia_revision,73082572,2026-09-29T15:02:36Z,unverified,,9ca942a568882bbd6b774a0d5553b585fd3c21e22108b84064e56abca54efbeb,blank_null_includes_undecided
2026-1-822ee1a020,2026,1,,AtlasIntel,,2026-07-22,2026-07-27,,5021,,without Fernando Haddad,Cabo Daciolo,0.1,total,1.6,,,https://pt.wikipedia.org/w/index.php?title=Pesquisas_de_opini%C3%A3o_para_a_elei%C3%A7%C3%A3o_presidencial_no_Brasil_em_2026&oldid=73082572,wikipedia_revision,73082572,2026-09-29T15:02:36Z,unverified,,9ca942a568882bbd6b774a0d5553b585fd3c21e22108b84064e56abca54efbeb,blank_null_includes_undecided
2026-1-822ee1a020,2026,1,,AtlasIntel,,2026-07-22,2026-07-27,,5021,,without Fernando Haddad,Augusto Cury,1.6,total,1.6,,,https://pt.wikipedia.org/w/index.php?title=Pesquisas_de_opini%C3%A3o_para_a_elei%C3%A7%C3%A3o_presidencial_no_Brasil_em_2026&oldid=73082572,wikipedia_revision,73082572,2026-09-29T15:02:36Z,unverified,,9ca942a568882bbd6b774a0d5553b585fd3c21e22108b84064e56abca54efbeb,blank_null_includes_undecided
2026-1-822ee1a020,2026,1,,AtlasIntel,,2026-07-22,2026-07-27,,5021,,without Fernando Haddad,Samara Martins,2.1,total,1.6,,,https://pt.wikipedia.org/w/index.php?title=Pesquisas_de_opini%C3%A3o_para_a_elei%C3%A7%C3%A3o_presidencial_no_Brasil_em_2026&oldid=73082572,wikipedia_revision,73082572,2026-09-29T15:02:36Z,unverified,,9ca942a568882bbd6b774a0d5553b585fd3c21e22108b84064e56abca54efbeb,blank_null_includes_undecided
2026-1-822ee1a020,2026,1,,AtlasIntel,,2026-07-22,2026-07-27,,5021,,without Fernando Haddad,Hertz Dias,0.1,total,1.6,,,https://pt.wikipedia.org/w/index.php?title=Pesquisas_de_opini%C3%A3o_para_a_elei%C3%A7%C3%A3o_presidencial_no_Brasil_em_2026&oldid=73082572,wikipedia_revision,73082572,2026-09-29T15:02:36Z,unverified,,9ca942a568882bbd6b774a0d5553b585fd3c21e22108b84064e56abca54efbeb,blank_null_includes_undecided
2026-1-822ee1a020,2026,1,,AtlasIntel,,2026-07-22,2026-07-27,,5021,,without Fernando Haddad,Edmilson Costa,0.0,total,1.6,,,https://pt.wikipedia.org/w/index.php?title=Pesquisas_de_opini%C3%A3o_para_a_elei%C3%A7%C3%A3o_presidencial_no_Brasil_em_2026&oldid=73082572,wikipedia_revision,73082572,2026-09-29T15:02:36Z,unverified,,9ca942a568882bbd6b774a0d5553b585fd3c21e22108b84064e56abca54efbeb,blank_null_includes_undecided
2026-1-822ee1a020,2026,1,,AtlasIntel,,2026-07-22,2026-07-27,,5021,,without Fernando Haddad,Rui Costa Pimenta,0.0,total,1.6,,,https://pt.wikipedia.org/w/index.php?title=Pesquisas_de_opini%C3%A3o_para_a_elei%C3%A7%C3%A3o_presidencial_no_Brasil_em_2026&oldid=73082572,wikipedia_revision,73082572,2026-09-29T15:02:36Z,unverified,,9ca942a568882bbd6b774a0d5553b585fd3c21e22108b84064e56abca54efbeb,blank_null_includes_undecided
2026-1-822ee1a020,2026,1,,AtlasIntel,,2026-07-22,2026-07-27,,5021,,with Lula,Lula,47.4,total,1.6,,,https://pt.wikipedia.org/w/index.php?title=Pesquisas_de_opini%C3%A3o_para_a_elei%C3%A7%C3%A3o_presidencial_no_Brasil_em_2026&oldid=73082572,wikipedia_revision,73082572,2026-09-29T15:02:36Z,unverified,,9ca942a568882bbd6b774a0d5553b585fd3c21e22108b84064e56abca54efbeb,blank_null_includes_undecided
2026-1-822ee1a020,2026,1,,AtlasIntel,,2026-07-22,2026-07-27,,5021,,with Lula,Flávio Bolsonaro,37.0,total,1.6,,,https://pt.wikipedia.org/w/index.php?title=Pesquisas_de_opini%C3%A3o_para_a_elei%C3%A7%C3%A3o_presidencial_no_Brasil_em_2026&oldid=73082572,wikipedia_revision,73082572,2026-09-29T15:02:36Z,unverified,,9ca942a568882bbd6b774a0d5553b585fd3c21e22108b84064e56abca54efbeb,blank_null_includes_undecided
2026-1-822ee1a020,2026,1,,AtlasIntel,,2026-07-22,2026-07-27,,5021,,with Lula,Ronaldo Caiado,3.3,total,1.6,,,https://pt.wikipedia.org/w/index.php?title=Pesquisas_de_opini%C3%A3o_para_a_elei%C3%A7%C3%A3o_presidencial_no_Brasil_em_2026&oldid=73082572,wikipedia_revision,73082572,2026-09-29T15:02:36Z,unverified,,9ca942a568882bbd6b774a0d5553b585fd3c21e22108b84064e56abca54efbeb,blank_null_includes_undecided
2026-1-822ee1a020,2026,1,,AtlasIntel,,2026-07-22,2026-07-27,,5021,,with Lula,Romeu Zema,2.9,total,1.6,,,https://pt.wikipedia.org/w/index.php?title=Pesquisas_de_opini%C3%A3o_para_a_elei%C3%A7%C3%A3o_presidencial_no_Brasil_em_2026&oldid=73082572,wikipedia_revision,73082572,2026-09-29T15:02:36Z,unverified,,9ca942a568882bbd6b774a0d5553b585fd3c21e22108b84064e56abca54efbeb,blank_null_includes_undecided
2026-1-822ee1a020,2026,1,,AtlasIntel,,2026-07-22,2026-07-27,,5021,,with Lula,Renan Santos,7.8,total,1.6,,,https://pt.wikipedia.org/w/index.php?title=Pesquisas_de_opini%C3%A3o_para_a_elei%C3%A7%C3%A3o_presidencial_no_Brasil_em_2026&oldid=73082572,wikipedia_revision,73082572,2026-09-29T15:02:36Z,unverified,,9ca942a568882bbd6b774a0d5553b585fd3c21e22108b84064e56abca54efbeb,blank_null_includes_undecided
2026-1-822ee1a020,2026,1,,AtlasIntel,,2026-07-22,2026-07-27,,5021,,with Fernando Haddad,Flávio Bolsonaro,36.9,total,7.1,,,https://pt.wikipedia.org/w/index.php?title=Pesquisas_de_opini%C3%A3o_para_a_elei%C3%A7%C3%A3o_presidencial_no_Brasil_em_2026&oldid=73082572,wikipedia_revision,73082572,2026-09-29T15:02:36Z,unverified,,9ca942a568882bbd6b774a0d5553b585fd3c21e22108b84064e56abca54efbeb,others_column_named_candidate;blank_null_includes_undecided
2026-1-822ee1a020,2026,1,,AtlasIntel,,2026-07-22,2026-07-27,,5021,,with Fernando Haddad,Ronaldo Caiado,4.2,total,7.1,,,https://pt.wikipedia.org/w/index.php?title=Pesquisas_de_opini%C3%A3o_para_a_elei%C3%A7%C3%A3o_presidencial_no_Brasil_em_2026&oldid=73082572,wikipedia_revision,73082572,2026-09-29T15:02:36Z,unverified,,9ca942a568882bbd6b774a0d5553b585fd3c21e22108b84064e56abca54efbeb,others_column_named_candidate;blank_null_includes_undecided
2026-1-822ee1a020,2026,1,,AtlasIntel,,2026-07-22,2026-07-27,,5021,,with Fernando Haddad,Romeu Zema,3.0,total,7.1,,,https://pt.wikipedia.org/w/index.php?title=Pesquisas_de_opini%C3%A3o_para_a_elei%C3%A7%C3%A3o_presidencial_no_Brasil_em_2026&oldid=73082572,wikipedia_revision,73082572,2026-09-29T15:02:36Z,unverified,,9ca942a568882bbd6b774a0d5553b585fd3c21e22108b84064e56abca54efbeb,others_column_named_candidate;blank_null_includes_undecided
2026-1-822ee1a020,2026,1,,AtlasIntel,,2026-07-22,2026-07-27,,5021,,with Fernando Haddad,Renan Santos,8.5,total,7.1,,,https://pt.wikipedia.org/w/index.php?title=Pesquisas_de_opini%C3%A3o_para_a_elei%C3%A7%C3%A3o_presidencial_no_Brasil_em_2026&oldid=73082572,wikipedia_revision,73082572,2026-09-29T15:02:36Z,unverified,,9ca942a568882bbd6b774a0d5553b585fd3c21e22108b84064e56abca54efbeb,others_column_named_candidate;blank_null_includes_undecided
2026-1-822ee1a020,2026,1,,AtlasIntel,,2026-07-22,2026-07-27,,5021,,with Fernando Haddad,Fernando Haddad,40.3,total,7.1,,,https://pt.wikipedia.org/w/index.php?title=Pesquisas_de_opini%C3%A3o_para_a_elei%C3%A7%C3%A3o_presidencial_no_Brasil_em_2026&oldid=73082572,wikipedia_revision,73082572,2026-09-29T15:02:36Z,unverified,,9ca942a568882bbd6b774a0d5553b585fd3c21e22108b84064e56abca54efbeb,others_column_named_candidate;blank_null_includes_undecided
2026-1-8d80305fec,2026,1,,Nexus,BTG,2026-07-24,2026-07-26,,2004,,main,Lula,42.0,total,8.0,,,https://pt.wikipedia.org/w/index.php?title=Pesquisas_de_opini%C3%A3o_para_a_elei%C3%A7%C3%A3o_presidencial_no_Brasil_em_2026&oldid=73082572,wikipedia_revision,73082572,2026-09-29T15:02:36Z,unverified,,9ca942a568882bbd6b774a0d5553b585fd3c21e22108b84064e56abca54efbeb,blank_null_includes_undecided
2026-1-8d80305fec,2026,1,,Nexus,BTG,2026-07-24,2026-07-26,,2004,,main,Flávio Bolsonaro,33.0,total,8.0,,,https://pt.wikipedia.org/w/index.php?title=Pesquisas_de_opini%C3%A3o_para_a_elei%C3%A7%C3%A3o_presidencial_no_Brasil_em_2026&oldid=73082572,wikipedia_revision,73082572,2026-09-29T15:02:36Z,unverified,,9ca942a568882bbd6b774a0d5553b585fd3c21e22108b84064e56abca54efbeb,blank_null_includes_undecided
2026-1-8d80305fec,2026,1,,Nexus,BTG,2026-07-24,2026-07-26,,2004,,main,Ronaldo Caiado,6.0,total,8.0,,,https://pt.wikipedia.org/w/index.php?title=Pesquisas_de_opini%C3%A3o_para_a_elei%C3%A7%C3%A3o_presidencial_no_Brasil_em_2026&oldid=73082572,wikipedia_revision,73082572,2026-09-29T15:02:36Z,unverified,,9ca942a568882bbd6b774a0d5553b585fd3c21e22108b84064e56abca54efbeb,blank_null_includes_undecided
2026-1-8d80305fec,2026,1,,Nexus,BTG,2026-07-24,2026-07-26,,2004,,main,Romeu Zema,3.0,total,8.0,,,https://pt.wikipedia.org/w/index.php?title=Pesquisas_de_opini%C3%A3o_para_a_elei%C3%A7%C3%A3o_presidencial_no_Brasil_em_2026&oldid=73082572,wikipedia_revision,73082572,2026-09-29T15:02:36Z,unverified,,9ca942a568882bbd6b774a0d5553b585fd3c21e22108b84064e56abca54efbeb,blank_null_includes_undecided
2026-1-8d80305fec,2026,1,,Nexus,BTG,2026-07-24,2026-07-26,,2004,,main,Renan Santos,5.0,total,8.0,,,https://pt.wikipedia.org/w/index.php?title=Pesquisas_de_opini%C3%A3o_para_a_elei%C3%A7%C3%A3o_presidencial_no_Brasil_em_2026&oldid=73082572,wikipedia_revision,73082572,2026-09-29T15:02:36Z,unverified,,9ca942a568882bbd6b774a0d5553b585fd3c21e22108b84064e56abca54efbeb,blank_null_includes_undecided
2026-1-8d80305fec,2026,1,,Nexus,BTG,2026-07-24,2026-07-26,,2004,,main,Cabo Daciolo,1.0,total,8.0,,,https://pt.wikipedia.org/w/index.php?title=Pesquisas_de_opini%C3%A3o_para_a_elei%C3%A7%C3%A3o_presidencial_no_Brasil_em_2026&oldid=73082572,wikipedia_revision,73082572,2026-09-29T15:02:36Z,unverified,,9ca942a568882bbd6b774a0d5553b585fd3c21e22108b84064e56abca54efbeb,blank_null_includes_undecided
2026-1-8d80305fec,2026,1,,Nexus,BTG,2026-07-24,2026-07-26,,2004,,main,Augusto Cury,2.0,total,8.0,,,https://pt.wikipedia.org/w/index.php?title=Pesquisas_de_opini%C3%A3o_para_a_elei%C3%A7%C3%A3o_presidencial_no_Brasil_em_2026&oldid=73082572,wikipedia_revision,73082572,2026-09-29T15:02:36Z,unverified,,9ca942a568882bbd6b774a0d5553b585fd3c21e22108b84064e56abca54efbeb,blank_null_includes_undecided
2026-1-73ef1d83fd,2026,1,,Datafolha,,2026-07-22,2026-07-24,,2004,,main,Lula,40.0,total,11.0,,,https://pt.wikipedia.org/w/index.php?title=Pesquisas_de_opini%C3%A3o_para_a_elei%C3%A7%C3%A3o_presidencial_no_Brasil_em_2026&oldid=73082572,wikipedia_revision,73082572,2026-09-29T15:02:36Z,unverified,,9ca942a568882bbd6b774a0d5553b585fd3c21e22108b84064e56abca54efbeb,others_column_named_candidate;blank_null_includes_undecided
2026-1-73ef1d83fd,2026,1,,Datafolha,,2026-07-22,2026-07-24,,2004,,main,Flávio Bolsonaro,32.0,total,11.0,,,https://pt.wikipedia.org/w/index.php?title=Pesquisas_de_opini%C3%A3o_para_a_elei%C3%A7%C3%A3o_presidencial_no_Brasil_em_2026&oldid=73082572,wikipedia_revision,73082572,2026-09-29T15:02:36Z,unverified,,9ca942a568882bbd6b774a0d5553b585fd3c21e22108b84064e56abca54efbeb,others_column_named_candidate;blank_null_includes_undecided
2026-1-73ef1d83fd,2026,1,,Datafolha,,2026-07-22,2026-07-24,,2004,,main,Ronaldo Caiado,4.0,total,11.0,,,https://pt.wikipedia.org/w/index.php?title=Pesquisas_de_opini%C3%A3o_para_a_elei%C3%A7%C3%A3o_presidencial_no_Brasil_em_2026&oldid=73082572,wikipedia_revision,73082572,2026-09-29T15:02:36Z,unverified,,9ca942a568882bbd6b774a0d5553b585fd3c21e22108b84064e56abca54efbeb,others_column_named_candidate;blank_null_includes_undecided
2026-1-73ef1d83fd,2026,1,,Datafolha,,2026-07-22,2026-07-24,,2004,,main,Romeu Zema,3.0,total,11.0,,,https://pt.wikipedia.org/w/index.php?title=Pesquisas_de_opini%C3%A3o_para_a_elei%C3%A7%C3%A3o_presidencial_no_Brasil_em_2026&oldid=73082572,wikipedia_revision,73082572,2026-09-29T15:02:36Z,unverified,,9ca942a568882bbd6b774a0d5553b585fd3c21e22108b84064e56abca54efbeb,others_column_named_candidate;blank_null_includes_undecided
2026-1-73ef1d83fd,2026,1,,Datafolha,,2026-07-22,2026-07-24,,2004,,main,Renan Santos,3.0,total,11.0,,,https://pt.wikipedia.org/w/index.php?title=Pesquisas_de_opini%C3%A3o_para_a_elei%C3%A7%C3%A3o_presidencial_no_Brasil_em_2026&oldid=73082572,wikipedia_revision,73082572,2026-09-29T15:02:36Z,unverified,,9ca942a568882bbd6b774a0d5553b585fd3c21e22108b84064e56abca54efbeb,others_column_named_candidate;blank_null_includes_undecided
2026-1-73ef1d83fd,2026,1,,Datafolha,,2026-07-22,2026-07-24,,2004,,main,Cabo Daciolo,1.0,total,11.0,,,https://pt.wikipedia.org/w/index.php?title=Pesquisas_de_opini%C3%A3o_para_a_elei%C3%A7%C3%A3o_presidencial_no_Brasil_em_2026&oldid=73082572,wikipedia_revision,73082572,2026-09-29T15:02:36Z,unverified,,9ca942a568882bbd6b774a0d5553b585fd3c21e22108b84064e56abca54efbeb,others_column_named_candidate;blank_null_includes_undecided
2026-1-73ef1d83fd,2026,1,,Datafolha,,2026-07-22,2026-07-24,,2004,,main,Augusto Cury,2.0,total,11.0,,,https://pt.wikipedia.org/w/index.php?title=Pesquisas_de_opini%C3%A3o_para_a_elei%C3%A7%C3%A3o_presidencial_no_Brasil_em_2026&oldid=73082572,wikipedia_revision,73082572,2026-09-29T15:02:36Z,unverified,,9ca942a568882bbd6b774a0d5553b585fd3c21e22108b84064e56abca54efbeb,others_column_named_candidate;blank_null_includes_undecided
2026-1-73ef1d83fd,2026,1,,Datafolha,,2026-07-22,2026-07-24,,2004,,main,Samara Martins,1.0,total,11.0,,,https://pt.wikipedia.org/w/index.php?title=Pesquisas_de_opini%C3%A3o_para_a_elei%C3%A7%C3%A3o_presidencial_no_Brasil_em_2026&oldid=73082572,wikipedia_revision,73082572,2026-09-29T15:02:36Z,unverified,,9ca942a568882bbd6b774a0d5553b585fd3c21e22108b84064e56abca54efbeb,others_column_named_candidate;blank_null_includes_undecided
2026-1-73ef1d83fd,2026,1,,Datafolha,,2026-07-22,2026-07-24,,2004,,main,Hertz Dias,0.0,total,11.0,,,https://pt.wikipedia.org/w/index.php?title=Pesquisas_de_opini%C3%A3o_para_a_elei%C3%A7%C3%A3o_presidencial_no_Brasil_em_2026&oldid=73082572,wikipedia_revision,73082572,2026-09-29T15:02:36Z,unverified,,9ca942a568882bbd6b774a0d5553b585fd3c21e22108b84064e56abca54efbeb,others_column_named_candidate;blank_null_includes_undecided
2026-1-73ef1d83fd,2026,1,,Datafolha,,2026-07-22,2026-07-24,,2004,,main,Edmilson Costa,0.0,total,11.0,,,https://pt.wikipedia.org/w/index.php?title=Pesquisas_de_opini%C3%A3o_para_a_elei%C3%A7%C3%A3o_presidencial_no_Brasil_em_2026&oldid=73082572,wikipedia_revision,73082572,2026-09-29T15:02:36Z,unverified,,9ca942a568882bbd6b774a0d5553b585fd3c21e22108b84064e56abca54efbeb,others_column_named_candidate;blank_null_includes_undecided
2026-1-73ef1d83fd,2026,1,,Datafolha,,2026-07-22,2026-07-24,,2004,,main,Rui Costa Pimenta,1.0,total,11.0,,,https://pt.wikipedia.org/w/index.php?title=Pesquisas_de_opini%C3%A3o_para_a_elei%C3%A7%C3%A3o_presidencial_no_Brasil_em_2026&oldid=73082572,wikipedia_revision,73082572,2026-09-29T15:02:36Z,unverified,,9ca942a568882bbd6b774a0d5553b585fd3c21e22108b84064e56abca54efbeb,others_column_named_candidate;blank_null_includes_undecided
2026-1-73ef1d83fd,2026,1,,Datafolha,,2026-07-22,2026-07-24,,2004,,main,Leonardo Avalanche,0.0,total,11.0,,,https://pt.wikipedia.org/w/index.php?title=Pesquisas_de_opini%C3%A3o_para_a_elei%C3%A7%C3%A3o_presidencial_no_Brasil_em_2026&oldid=73082572,wikipedia_revision,73082572,2026-09-29T15:02:36Z,unverified,,9ca942a568882bbd6b774a0d5553b585fd3c21e22108b84064e56abca54efbeb,others_column_named_candidate;blank_null_includes_undecided
2026-1-4fb79fdd8b,2026,1,,Real Time Big Data,,2026-07-18,2026-07-20,,2000,,main,Lula,40.0,total,6.0,,,https://pt.wikipedia.org/w/index.php?title=Pesquisas_de_opini%C3%A3o_para_a_elei%C3%A7%C3%A3o_presidencial_no_Brasil_em_2026&oldid=73082572,wikipedia_revision,73082572,2026-09-29T15:02:36Z,unverified,,9ca942a568882bbd6b774a0d5553b585fd3c21e22108b84064e56abca54efbeb,blank_null_includes_undecided
2026-1-4fb79fdd8b,2026,1,,Real Time Big Data,,2026-07-18,2026-07-20,,2000,,main,Flávio Bolsonaro,33.0,total,6.0,,,https://pt.wikipedia.org/w/index.php?title=Pesquisas_de_opini%C3%A3o_para_a_elei%C3%A7%C3%A3o_presidencial_no_Brasil_em_2026&oldid=73082572,wikipedia_revision,73082572,2026-09-29T15:02:36Z,unverified,,9ca942a568882bbd6b774a0d5553b585fd3c21e22108b84064e56abca54efbeb,blank_null_includes_undecided
2026-1-4fb79fdd8b,2026,1,,Real Time Big Data,,2026-07-18,2026-07-20,,2000,,main,Ronaldo Caiado,7.0,total,6.0,,,https://pt.wikipedia.org/w/index.php?title=Pesquisas_de_opini%C3%A3o_para_a_elei%C3%A7%C3%A3o_presidencial_no_Brasil_em_2026&oldid=73082572,wikipedia_revision,73082572,2026-09-29T15:02:36Z,unverified,,9ca942a568882bbd6b774a0d5553b585fd3c21e22108b84064e56abca54efbeb,blank_null_includes_undecided
2026-1-4fb79fdd8b,2026,1,,Real Time Big Data,,2026-07-18,2026-07-20,,2000,,main,Romeu Zema,2.0,total,6.0,,,https://pt.wikipedia.org/w/index.php?title=Pesquisas_de_opini%C3%A3o_para_a_elei%C3%A7%C3%A3o_presidencial_no_Brasil_em_2026&oldid=73082572,wikipedia_revision,73082572,2026-09-29T15:02:36Z,unverified,,9ca942a568882bbd6b774a0d5553b585fd3c21e22108b84064e56abca54efbeb,blank_null_includes_undecided
2026-1-4fb79fdd8b,2026,1,,Real Time Big Data,,2026-07-18,2026-07-20,,2000,,main,Renan Santos,9.0,total,6.0,,,https://pt.wikipedia.org/w/index.php?title=Pesquisas_de_opini%C3%A3o_para_a_elei%C3%A7%C3%A3o_presidencial_no_Brasil_em_2026&oldid=73082572,wikipedia_revision,73082572,2026-09-29T15:02:36Z,unverified,,9ca942a568882bbd6b774a0d5553b585fd3c21e22108b84064e56abca54efbeb,blank_null_includes_undecided
2026-1-4fb79fdd8b,2026,1,,Real Time Big Data,,2026-07-18,2026-07-20,,2000,,main,Augusto Cury,1.0,total,6.0,,,https://pt.wikipedia.org/w/index.php?title=Pesquisas_de_opini%C3%A3o_para_a_elei%C3%A7%C3%A3o_presidencial_no_Brasil_em_2026&oldid=73082572,wikipedia_revision,73082572,2026-09-29T15:02:36Z,unverified,,9ca942a568882bbd6b774a0d5553b585fd3c21e22108b84064e56abca54efbeb,blank_null_includes_undecided
2026-1-4fb79fdd8b,2026,1,,Real Time Big Data,,2026-07-18,2026-07-20,,2000,,main,Joaquim Barbosa,1.0,total,6.0,,,https://pt.wikipedia.org/w/index.php?title=Pesquisas_de_opini%C3%A3o_para_a_elei%C3%A7%C3%A3o_presidencial_no_Brasil_em_2026&oldid=73082572,wikipedia_revision,73082572,2026-09-29T15:02:36Z,unverified,,9ca942a568882bbd6b774a0d5553b585fd3c21e22108b84064e56abca54efbeb,blank_null_includes_undecided
2026-1-4fb79fdd8b,2026,1,,Real Time Big Data,,2026-07-18,2026-07-20,,2000,,main,__others__,1.0,total,6.0,,,https://pt.wikipedia.org/w/index.php?title=Pesquisas_de_opini%C3%A3o_para_a_elei%C3%A7%C3%A3o_presidencial_no_Brasil_em_2026&oldid=73082572,wikipedia_revision,73082572,2026-09-29T15:02:36Z,unverified,,9ca942a568882bbd6b774a0d5553b585fd3c21e22108b84064e56abca54efbeb,blank_null_includes_undecided
2026-1-a081857600,2026,1,,Indexa,,2026-07-16,2026-07-19,,2000,,main,Lula,41.0,total,15.0,,,https://pt.wikipedia.org/w/index.php?title=Pesquisas_de_opini%C3%A3o_para_a_elei%C3%A7%C3%A3o_presidencial_no_Brasil_em_2026&oldid=73082572,wikipedia_revision,73082572,2026-09-29T15:02:36Z,unverified,,9ca942a568882bbd6b774a0d5553b585fd3c21e22108b84064e56abca54efbeb,blank_null_includes_undecided
2026-1-a081857600,2026,1,,Indexa,,2026-07-16,2026-07-19,,2000,,main,Flávio Bolsonaro,30.0,total,15.0,,,https://pt.wikipedia.org/w/index.php?title=Pesquisas_de_opini%C3%A3o_para_a_elei%C3%A7%C3%A3o_presidencial_no_Brasil_em_2026&oldid=73082572,wikipedia_revision,73082572,2026-09-29T15:02:36Z,unverified,,9ca942a568882bbd6b774a0d5553b585fd3c21e22108b84064e56abca54efbeb,blank_null_includes_undecided
2026-1-a081857600,2026,1,,Indexa,,2026-07-16,2026-07-19,,2000,,main,Ronaldo Caiado,6.0,total,15.0,,,https://pt.wikipedia.org/w/index.php?title=Pesquisas_de_opini%C3%A3o_para_a_elei%C3%A7%C3%A3o_presidencial_no_Brasil_em_2026&oldid=73082572,wikipedia_revision,73082572,2026-09-29T15:02:36Z,unverified,,9ca942a568882bbd6b774a0d5553b585fd3c21e22108b84064e56abca54efbeb,blank_null_includes_undecided
2026-1-a081857600,2026,1,,Indexa,,2026-07-16,2026-07-19,,2000,,main,Romeu Zema,3.0,total,15.0,,,https://pt.wikipedia.org/w/index.php?title=Pesquisas_de_opini%C3%A3o_para_a_elei%C3%A7%C3%A3o_presidencial_no_Brasil_em_2026&oldid=73082572,wikipedia_revision,73082572,2026-09-29T15:02:36Z,unverified,,9ca942a568882bbd6b774a0d5553b585fd3c21e22108b84064e56abca54efbeb,blank_null_includes_undecided
2026-1-a081857600,2026,1,,Indexa,,2026-07-16,2026-07-19,,2000,,main,Renan Santos,3.0,total,15.0,,,https://pt.wikipedia.org/w/index.php?title=Pesquisas_de_opini%C3%A3o_para_a_elei%C3%A7%C3%A3o_presidencial_no_Brasil_em_2026&oldid=73082572,wikipedia_revision,73082572,2026-09-29T15:02:36Z,unverified,,9ca942a568882bbd6b774a0d5553b585fd3c21e22108b84064e56abca54efbeb,blank_null_includes_undecided
2026-1-a081857600,2026,1,,Indexa,,2026-07-16,2026-07-19,,2000,,main,Cabo Daciolo,0.0,total,15.0,,,https://pt.wikipedia.org/w/index.php?title=Pesquisas_de_opini%C3%A3o_para_a_elei%C3%A7%C3%A3o_presidencial_no_Brasil_em_2026&oldid=73082572,wikipedia_revision,73082572,2026-09-29T15:02:36Z,unverified,,9ca942a568882bbd6b774a0d5553b585fd3c21e22108b84064e56abca54efbeb,blank_null_includes_undecided
2026-1-a081857600,2026,1,,Indexa,,2026-07-16,2026-07-19,,2000,,main,Augusto Cury,1.0,total,15.0,,,https://pt.wikipedia.org/w/index.php?title=Pesquisas_de_opini%C3%A3o_para_a_elei%C3%A7%C3%A3o_presidencial_no_Brasil_em_2026&oldid=73082572,wikipedia_revision,73082572,2026-09-29T15:02:36Z,unverified,,9ca942a568882bbd6b774a0d5553b585fd3c21e22108b84064e56abca54efbeb,blank_null_includes_undecided
2026-1-a081857600,2026,1,,Indexa,,2026-07-16,2026-07-19,,2000,,main,Joaquim Barbosa,1.0,total,15.0,,,https://pt.wikipedia.org/w/index.php?title=Pesquisas_de_opini%C3%A3o_para_a_elei%C3%A7%C3%A3o_presidencial_no_Brasil_em_2026&oldid=73082572,wikipedia_revision,73082572,2026-09-29T15:02:36Z,unverified,,9ca942a568882bbd6b774a0d5553b585fd3c21e22108b84064e56abca54efbeb,blank_null_includes_undecided
2026-1-a081857600,2026,1,,Indexa,,2026-07-16,2026-07-19,,2000,,main,Samara Martins,0.0,total,15.0,,,https://pt.wikipedia.org/w/index.php?title=Pesquisas_de_opini%C3%A3o_para_a_elei%C3%A7%C3%A3o_presidencial_no_Brasil_em_2026&oldid=73082572,wikipedia_revision,73082572,2026-09-29T15:02:36Z,unverified,,9ca942a568882bbd6b774a0d5553b585fd3c21e22108b84064e56abca54efbeb,blank_null_includes_undecided
2026-1-a081857600,2026,1,,Indexa,,2026-07-16,2026-07-19,,2000,,main,Hertz Dias,0.0,total,15.0,,,https://pt.wikipedia.org/w/index.php?title=Pesquisas_de_opini%C3%A3o_para_a_elei%C3%A7%C3%A3o_presidencial_no_Brasil_em_2026&oldid=73082572,wikipedia_revision,73082572,2026-09-29T15:02:36Z,unverified,,9ca942a568882bbd6b774a0d5553b585fd3c21e22108b84064e56abca54efbeb,blank_null_includes_undecided
2026-1-f9eb8cc6d0,2026,1,,Gerp,,2026-07-15,2026-07-17,,2000,,main,Lula,38.0,total,12.0,,,https://pt.wikipedia.org/w/index.php?title=Pesquisas_de_opini%C3%A3o_para_a_elei%C3%A7%C3%A3o_presidencial_no_Brasil_em_2026&oldid=73082572,wikipedia_revision,73082572,2026-09-29T15:02:36Z,unverified,,9ca942a568882bbd6b774a0d5553b585fd3c21e22108b84064e56abca54efbeb,blank_null_includes_undecided
2026-1-f9eb8cc6d0,2026,1,,Gerp,,2026-07-15,2026-07-17,,2000,,main,Flávio Bolsonaro,38.0,total,12.0,,,https://pt.wikipedia.org/w/index.php?title=Pesquisas_de_opini%C3%A3o_para_a_elei%C3%A7%C3%A3o_presidencial_no_Brasil_em_2026&oldid=73082572,wikipedia_revision,73082572,2026-09-29T15:02:36Z,unverified,,9ca942a568882bbd6b774a0d5553b585fd3c21e22108b84064e56abca54efbeb,blank_null_includes_undecided
2026-1-f9eb8cc6d0,2026,1,,Gerp,,2026-07-15,2026-07-17,,2000,,main,Ronaldo Caiado,3.0,total,12.0,,,https://pt.wikipedia.org/w/index.php?title=Pesquisas_de_opini%C3%A3o_para_a_elei%C3%A7%C3%A3o_presidencial_no_Brasil_em_2026&oldid=73082572,wikipedia_revision,73082572,2026-09-29T15:02:36Z,unverified,,9ca942a568882bbd6b774a0d5553b585fd3c21e22108b84064e56abca54efbeb,blank_null_includes_undecided
2026-1-f9eb8cc6d0,2026,1,,Gerp,,2026-07-15,2026-07-17,,2000,,main,Romeu Zema,3.0,total,12.0,,,https://pt.wikipedia.org/w/index.php?title=Pesquisas_de_opini%C3%A3o_para_a_elei%C3%A7%C3%A3o_presidencial_no_Brasil_em_2026&oldid=73082572,wikipedia_revision,73082572,2026-09-29T15:02:36Z,unverified,,9ca942a568882bbd6b774a0d5553b585fd3c21e22108b84064e56abca54efbeb,blank_null_includes_undecided
2026-1-f9eb8cc6d0,2026,1,,Gerp,,2026-07-15,2026-07-17,,2000,,main,Renan Santos,3.0,total,12.0,,,https://pt.wikipedia.org/w/index.php?title=Pesquisas_de_opini%C3%A3o_para_a_elei%C3%A7%C3%A3o_presidencial_no_Brasil_em_2026&oldid=73082572,wikipedia_revision,73082572,2026-09-29T15:02:36Z,unverified,,9ca942a568882bbd6b774a0d5553b585fd3c21e22108b84064e56abca54efbeb,blank_null_includes_undecided
2026-1-f9eb8cc6d0,2026,1,,Gerp,,2026-07-15,2026-07-17,,2000,,main,Cabo Daciolo,1.0,total,12.0,,,https://pt.wikipedia.org/w/index.php?title=Pesquisas_de_opini%C3%A3o_para_a_elei%C3%A7%C3%A3o_presidencial_no_Brasil_em_2026&oldid=73082572,wikipedia_revision,73082572,2026-09-29T15:02:36Z,unverified,,9ca942a568882bbd6b774a0d5553b585fd3c21e22108b84064e56abca54efbeb,blank_null_includes_undecided
2026-1-f9eb8cc6d0,2026,1,,Gerp,,2026-07-15,2026-07-17,,2000,,main,Augusto Cury,1.0,total,12.0,,,https://pt.wikipedia.org/w/index.php?title=Pesquisas_de_opini%C3%A3o_para_a_elei%C3%A7%C3%A3o_presidencial_no_Brasil_em_2026&oldid=73082572,wikipedia_revision,73082572,2026-09-29T15:02:36Z,unverified,,9ca942a568882bbd6b774a0d5553b585fd3c21e22108b84064e56abca54efbeb,blank_null_includes_undecided
2026-1-f9eb8cc6d0,2026,1,,Gerp,,2026-07-15,2026-07-17,,2000,,main,Joaquim Barbosa,1.0,total,12.0,,,https://pt.wikipedia.org/w/index.php?title=Pesquisas_de_opini%C3%A3o_para_a_elei%C3%A7%C3%A3o_presidencial_no_Brasil_em_2026&oldid=73082572,wikipedia_revision,73082572,2026-09-29T15:02:36Z,unverified,,9ca942a568882bbd6b774a0d5553b585fd3c21e22108b84064e56abca54efbeb,blank_null_includes_undecided
2026-1-f9eb8cc6d0,2026,1,,Gerp,,2026-07-15,2026-07-17,,2000,,main,Samara Martins,1.0,total,12.0,,,https://pt.wikipedia.org/w/index.php?title=Pesquisas_de_opini%C3%A3o_para_a_elei%C3%A7%C3%A3o_presidencial_no_Brasil_em_2026&oldid=73082572,wikipedia_revision,73082572,2026-09-29T15:02:36Z,unverified,,9ca942a568882bbd6b774a0d5553b585fd3c21e22108b84064e56abca54efbeb,blank_null_includes_undecided
2026-1-f9eb8cc6d0,2026,1,,Gerp,,2026-07-15,2026-07-17,,2000,,main,Rui Costa Pimenta,0.0,total,12.0,,,https://pt.wikipedia.org/w/index.php?title=Pesquisas_de_opini%C3%A3o_para_a_elei%C3%A7%C3%A3o_presidencial_no_Brasil_em_2026&oldid=73082572,wikipedia_revision,73082572,2026-09-29T15:02:36Z,unverified,,9ca942a568882bbd6b774a0d5553b585fd3c21e22108b84064e56abca54efbeb,blank_null_includes_undecided
2026-1-3c59b859ee,2026,1,,PoderData,Aya,2026-07-12,2026-07-15,,2400,,main,Lula,40.0,total,10.0,,,https://pt.wikipedia.org/w/index.php?title=Pesquisas_de_opini%C3%A3o_para_a_elei%C3%A7%C3%A3o_presidencial_no_Brasil_em_2026&oldid=73082572,wikipedia_revision,73082572,2026-09-29T15:02:36Z,unverified,,9ca942a568882bbd6b774a0d5553b585fd3c21e22108b84064e56abca54efbeb,blank_null_includes_undecided
2026-1-3c59b859ee,2026,1,,PoderData,Aya,2026-07-12,2026-07-15,,2400,,main,Flávio Bolsonaro,34.0,total,10.0,,,https://pt.wikipedia.org/w/index.php?title=Pesquisas_de_opini%C3%A3o_para_a_elei%C3%A7%C3%A3o_presidencial_no_Brasil_em_2026&oldid=73082572,wikipedia_revision,73082572,2026-09-29T15:02:36Z,unverified,,9ca942a568882bbd6b774a0d5553b585fd3c21e22108b84064e56abca54efbeb,blank_null_includes_undecided
2026-1-3c59b859ee,2026,1,,PoderData,Aya,2026-07-12,2026-07-15,,2400,,main,Ronaldo Caiado,4.0,total,10.0,,,https://pt.wikipedia.org/w/index.php?title=Pesquisas_de_opini%C3%A3o_para_a_elei%C3%A7%C3%A3o_presidencial_no_Brasil_em_2026&oldid=73082572,wikipedia_revision,73082572,2026-09-29T15:02:36Z,unverified,,9ca942a568882bbd6b774a0d5553b585fd3c21e22108b84064e56abca54efbeb,blank_null_includes_undecided
2026-1-3c59b859ee,2026,1,,PoderData,Aya,2026-07-12,2026-07-15,,2400,,main,Romeu Zema,4.0,total,10.0,,,https://pt.wikipedia.org/w/index.php?title=Pesquisas_de_opini%C3%A3o_para_a_elei%C3%A7%C3%A3o_presidencial_no_Brasil_em_2026&oldid=73082572,wikipedia_revision,73082572,2026-09-29T15:02:36Z,unverified,,9ca942a568882bbd6b774a0d5553b585fd3c21e22108b84064e56abca54efbeb,blank_null_includes_undecided
2026-1-3c59b859ee,2026,1,,PoderData,Aya,2026-07-12,2026-07-15,,2400,,main,Renan Santos,6.0,total,10.0,,,https://pt.wikipedia.org/w/index.php?title=Pesquisas_de_opini%C3%A3o_para_a_elei%C3%A7%C3%A3o_presidencial_no_Brasil_em_2026&oldid=73082572,wikipedia_revision,73082572,2026-09-29T15:02:36Z,unverified,,9ca942a568882bbd6b774a0d5553b585fd3c21e22108b84064e56abca54efbeb,blank_null_includes_undecided
2026-1-3c59b859ee,2026,1,,PoderData,Aya,2026-07-12,2026-07-15,,2400,,main,Augusto Cury,3.0,total,10.0,,,https://pt.wikipedia.org/w/index.php?title=Pesquisas_de_opini%C3%A3o_para_a_elei%C3%A7%C3%A3o_presidencial_no_Brasil_em_2026&oldid=73082572,wikipedia_revision,73082572,2026-09-29T15:02:36Z,unverified,,9ca942a568882bbd6b774a0d5553b585fd3c21e22108b84064e56abca54efbeb,blank_null_includes_undecided
2026-1-ae91cdd069,2026,1,,Quaest,,2026-07-10,2026-07-13,,2004,,main,Lula,40.0,total,19.0,,,https://pt.wikipedia.org/w/index.php?title=Pesquisas_de_opini%C3%A3o_para_a_elei%C3%A7%C3%A3o_presidencial_no_Brasil_em_2026&oldid=73082572,wikipedia_revision,73082572,2026-09-29T15:02:36Z,unverified,,9ca942a568882bbd6b774a0d5553b585fd3c21e22108b84064e56abca54efbeb,others_column_named_candidate;blank_null_includes_undecided
2026-1-ae91cdd069,2026,1,,Quaest,,2026-07-10,2026-07-13,,2004,,main,Flávio Bolsonaro,28.0,total,19.0,,,https://pt.wikipedia.org/w/index.php?title=Pesquisas_de_opini%C3%A3o_para_a_elei%C3%A7%C3%A3o_presidencial_no_Brasil_em_2026&oldid=73082572,wikipedia_revision,73082572,2026-09-29T15:02:36Z,unverified,,9ca942a568882bbd6b774a0d5553b585fd3c21e22108b84064e56abca54efbeb,others_column_named_candidate;blank_null_includes_undecided
2026-1-ae91cdd069,2026,1,,Quaest,,2026-07-10,2026-07-13,,2004,,main,Ronaldo Caiado,4.0,total,19.0,,,https://pt.wikipedia.org/w/index.php?title=Pesquisas_de_opini%C3%A3o_para_a_elei%C3%A7%C3%A3o_presidencial_no_Brasil_em_2026&oldid=73082572,wikipedia_revision,73082572,2026-09-29T15:02:36Z,unverified,,9ca942a568882bbd6b774a0d5553b585fd3c21e22108b84064e56abca54efbeb,others_column_named_candidate;blank_null_includes_undecided
2026-1-ae91cdd069,2026,1,,Quaest,,2026-07-10,2026-07-13,,2004,,main,Romeu Zema,2.0,total,19.0,,,https://pt.wikipedia.org/w/index.php?title=Pesquisas_de_opini%C3%A3o_para_a_elei%C3%A7%C3%A3o_presidencial_no_Brasil_em_2026&oldid=73082572,wikipedia_revision,73082572,2026-09-29T15:02:36Z,unverified,,9ca942a568882bbd6b774a0d5553b585fd3c21e22108b84064e56abca54efbeb,others_column_named_candidate;blank_null_includes_undecided
2026-1-ae91cdd069,2026,1,,Quaest,,2026-07-10,2026-07-13,,2004,,main,Renan Santos,3.0,total,19.0,,,https://pt.wikipedia.org/w/index.php?title=Pesquisas_de_opini%C3%A3o_para_a_elei%C3%A7%C3%A3o_presidencial_no_Brasil_em_2026&oldid=73082572,wikipedia_revision,73082572,2026-09-29T15:02:36Z,unverified,,9ca942a568882bbd6b774a0d5553b585fd3c21e22108b84064e56abca54efbeb,others_column_named_candidate;blank_null_includes_undecided
2026-1-ae91cdd069,2026,1,,Quaest,,2026-07-10,2026-07-13,,2004,,main,Cabo Daciolo,1.0,total,19.0,,,https://pt.wikipedia.org/w/index.php?title=Pesquisas_de_opini%C3%A3o_para_a_elei%C3%A7%C3%A3o_presidencial_no_Brasil_em_2026&oldid=73082572,wikipedia_revision,73082572,2026-09-29T15:02:36Z,unverified,,9ca942a568882bbd6b774a0d5553b585fd3c21e22108b84064e56abca54efbeb,others_column_named_candidate;blank_null_includes_undecided
2026-1-ae91cdd069,2026,1,,Quaest,,2026-07-10,2026-07-13,,2004,,main,Augusto Cury,1.0,total,19.0,,,https://pt.wikipedia.org/w/index.php?title=Pesquisas_de_opini%C3%A3o_para_a_elei%C3%A7%C3%A3o_presidencial_no_Brasil_em_2026&oldid=73082572,wikipedia_revision,73082572,2026-09-29T15:02:36Z,unverified,,9ca942a568882bbd6b774a0d5553b585fd3c21e22108b84064e56abca54efbeb,others_column_named_candidate;blank_null_includes_undecided
2026-1-ae91cdd069,2026,1,,Quaest,,2026-07-10,2026-07-13,,2004,,main,Joaquim Barbosa,1.0,total,19.0,,,https://pt.wikipedia.org/w/index.php?title=Pesquisas_de_opini%C3%A3o_para_a_elei%C3%A7%C3%A3o_presidencial_no_Brasil_em_2026&oldid=73082572,wikipedia_revision,73082572,2026-09-29T15:02:36Z,unverified,,9ca942a568882bbd6b774a0d5553b585fd3c21e22108b84064e56abca54efbeb,others_column_named_candidate;blank_null_includes_undecided
2026-1-ae91cdd069,2026,1,,Quaest,,2026-07-10,2026-07-13,,2004,,main,Samara Martins,1.0,total,19.0,,,https://pt.wikipedia.org/w/index.php?title=Pesquisas_de_opini%C3%A3o_para_a_elei%C3%A7%C3%A3o_presidencial_no_Brasil_em_2026&oldid=73082572,wikipedia_revision,73082572,2026-09-29T15:02:36Z,unverified,,9ca942a568882bbd6b774a0d5553b585fd3c21e22108b84064e56abca54efbeb,others_column_named_candidate;blank_null_includes_undecided
2026-1-ae91cdd069,2026,1,,Quaest,,2026-07-10,2026-07-13,,2004,,main,Hertz Dias,0.0,total,19.0,,,https://pt.wikipedia.org/w/index.php?title=Pesquisas_de_opini%C3%A3o_para_a_elei%C3%A7%C3%A3o_presidencial_no_Brasil_em_2026&oldid=73082572,wikipedia_revision,73082572,2026-09-29T15:02:36Z,unverified,,9ca942a568882bbd6b774a0d5553b585fd3c21e22108b84064e56abca54efbeb,others_column_named_candidate;blank_null_includes_undecided
2026-1-ae91cdd069,2026,1,,Quaest,,2026-07-10,2026-07-13,,2004,,main,Edmilson Costa,0.0,total,19.0,,,https://pt.wikipedia.org/w/index.php?title=Pesquisas_de_opini%C3%A3o_para_a_elei%C3%A7%C3%A3o_presidencial_no_Brasil_em_2026&oldid=73082572,wikipedia_revision,73082572,2026-09-29T15:02:36Z,unverified,,9ca942a568882bbd6b774a0d5553b585fd3c21e22108b84064e56abca54efbeb,others_column_named_candidate;blank_null_includes_undecided
2026-1-ae91cdd069,2026,1,,Quaest,,2026-07-10,2026-07-13,,2004,,main,Heró Bezerra,0.0,total,19.0,,,https://pt.wikipedia.org/w/index.php?title=Pesquisas_de_opini%C3%A3o_para_a_elei%C3%A7%C3%A3o_presidencial_no_Brasil_em_2026&oldid=73082572,wikipedia_revision,73082572,2026-09-29T15:02:36Z,unverified,,9ca942a568882bbd6b774a0d5553b585fd3c21e22108b84064e56abca54efbeb,others_column_named_candidate;blank_null_includes_undecided
2026-1-b96a41988d,2026,1,,Nexus,BTG Pactual,2026-07-10,2026-07-12,,2003,,main,Lula,40.0,total,9.0,,,https://pt.wikipedia.org/w/index.php?title=Pesquisas_de_opini%C3%A3o_para_a_elei%C3%A7%C3%A3o_presidencial_no_Brasil_em_2026&oldid=73082572,wikipedia_revision,73082572,2026-09-29T15:02:36Z,unverified,,9ca942a568882bbd6b774a0d5553b585fd3c21e22108b84064e56abca54efbeb,blank_null_includes_undecided
2026-1-b96a41988d,2026,1,,Nexus,BTG Pactual,2026-07-10,2026-07-12,,2003,,main,Flávio Bolsonaro,34.0,total,9.0,,,https://pt.wikipedia.org/w/index.php?title=Pesquisas_de_opini%C3%A3o_para_a_elei%C3%A7%C3%A3o_presidencial_no_Brasil_em_2026&oldid=73082572,wikipedia_revision,73082572,2026-09-29T15:02:36Z,unverified,,9ca942a568882bbd6b774a0d5553b585fd3c21e22108b84064e56abca54efbeb,blank_null_includes_undecided
2026-1-b96a41988d,2026,1,,Nexus,BTG Pactual,2026-07-10,2026-07-12,,2003,,main,Ronaldo Caiado,5.0,total,9.0,,,https://pt.wikipedia.org/w/index.php?title=Pesquisas_de_opini%C3%A3o_para_a_elei%C3%A7%C3%A3o_presidencial_no_Brasil_em_2026&oldid=73082572,wikipedia_revision,73082572,2026-09-29T15:02:36Z,unverified,,9ca942a568882bbd6b774a0d5553b585fd3c21e22108b84064e56abca54efbeb,blank_null_includes_undecided
2026-1-b96a41988d,2026,1,,Nexus,BTG Pactual,2026-07-10,2026-07-12,,2003,,main,Romeu Zema,4.0,total,9.0,,,https://pt.wikipedia.org/w/index.php?title=Pesquisas_de_opini%C3%A3o_para_a_elei%C3%A7%C3%A3o_presidencial_no_Brasil_em_2026&oldid=73082572,wikipedia_revision,73082572,2026-09-29T15:02:36Z,unverified,,9ca942a568882bbd6b774a0d5553b585fd3c21e22108b84064e56abca54efbeb,blank_null_includes_undecided
2026-1-b96a41988d,2026,1,,Nexus,BTG Pactual,2026-07-10,2026-07-12,,2003,,main,Renan Santos,4.0,total,9.0,,,https://pt.wikipedia.org/w/index.php?title=Pesquisas_de_opini%C3%A3o_para_a_elei%C3%A7%C3%A3o_presidencial_no_Brasil_em_2026&oldid=73082572,wikipedia_revision,73082572,2026-09-29T15:02:36Z,unverified,,9ca942a568882bbd6b774a0d5553b585fd3c21e22108b84064e56abca54efbeb,blank_null_includes_undecided
2026-1-b96a41988d,2026,1,,Nexus,BTG Pactual,2026-07-10,2026-07-12,,2003,,main,Aécio Neves,1.0,total,9.0,,,https://pt.wikipedia.org/w/index.php?title=Pesquisas_de_opini%C3%A3o_para_a_elei%C3%A7%C3%A3o_presidencial_no_Brasil_em_2026&oldid=73082572,wikipedia_revision,73082572,2026-09-29T15:02:36Z,unverified,,9ca942a568882bbd6b774a0d5553b585fd3c21e22108b84064e56abca54efbeb,blank_null_includes_undecided
2026-1-b96a41988d,2026,1,,Nexus,BTG Pactual,2026-07-10,2026-07-12,,2003,,main,Cabo Daciolo,0.0,total,9.0,,,https://pt.wikipedia.org/w/index.php?title=Pesquisas_de_opini%C3%A3o_para_a_elei%C3%A7%C3%A3o_presidencial_no_Brasil_em_2026&oldid=73082572,wikipedia_revision,73082572,2026-09-29T15:02:36Z,unverified,,9ca942a568882bbd6b774a0d5553b585fd3c21e22108b84064e56abca54efbeb,blank_null_includes_undecided
2026-1-b96a41988d,2026,1,,Nexus,BTG Pactual,2026-07-10,2026-07-12,,2003,,main,Augusto Cury,2.0,total,9.0,,,https://pt.wikipedia.org/w/index.php?title=Pesquisas_de_opini%C3%A3o_para_a_elei%C3%A7%C3%A3o_presidencial_no_Brasil_em_2026&oldid=73082572,wikipedia_revision,73082572,2026-09-29T15:02:36Z,unverified,,9ca942a568882bbd6b774a0d5553b585fd3c21e22108b84064e56abca54efbeb,blank_null_includes_undecided
2026-1-b96a41988d,2026,1,,Nexus,BTG Pactual,2026-07-10,2026-07-12,,2003,,main,Joaquim Barbosa,2.0,total,9.0,,,https://pt.wikipedia.org/w/index.php?title=Pesquisas_de_opini%C3%A3o_para_a_elei%C3%A7%C3%A3o_presidencial_no_Brasil_em_2026&oldid=73082572,wikipedia_revision,73082572,2026-09-29T15:02:36Z,unverified,,9ca942a568882bbd6b774a0d5553b585fd3c21e22108b84064e56abca54efbeb,blank_null_includes_undecided
2026-1-ded3a46419,2026,1,,Futura,Apex,2026-07-07,2026-07-11,,2000,,full,Lula,40.1,total,8.7,,,https://pt.wikipedia.org/w/index.php?title=Pesquisas_de_opini%C3%A3o_para_a_elei%C3%A7%C3%A3o_presidencial_no_Brasil_em_2026&oldid=73082572,wikipedia_revision,73082572,2026-09-29T15:02:36Z,unverified,,9ca942a568882bbd6b774a0d5553b585fd3c21e22108b84064e56abca54efbeb,blank_null_includes_undecided
2026-1-ded3a46419,2026,1,,Futura,Apex,2026-07-07,2026-07-11,,2000,,full,Flávio Bolsonaro,36.8,total,8.7,,,https://pt.wikipedia.org/w/index.php?title=Pesquisas_de_opini%C3%A3o_para_a_elei%C3%A7%C3%A3o_presidencial_no_Brasil_em_2026&oldid=73082572,wikipedia_revision,73082572,2026-09-29T15:02:36Z,unverified,,9ca942a568882bbd6b774a0d5553b585fd3c21e22108b84064e56abca54efbeb,blank_null_includes_undecided
2026-1-ded3a46419,2026,1,,Futura,Apex,2026-07-07,2026-07-11,,2000,,full,Ronaldo Caiado,5.0,total,8.7,,,https://pt.wikipedia.org/w/index.php?title=Pesquisas_de_opini%C3%A3o_para_a_elei%C3%A7%C3%A3o_presidencial_no_Brasil_em_2026&oldid=73082572,wikipedia_revision,73082572,2026-09-29T15:02:36Z,unverified,,9ca942a568882bbd6b774a0d5553b585fd3c21e22108b84064e56abca54efbeb,blank_null_includes_undecided
2026-1-ded3a46419,2026,1,,Futura,Apex,2026-07-07,2026-07-11,,2000,,full,Romeu Zema,3.7,total,8.7,,,https://pt.wikipedia.org/w/index.php?title=Pesquisas_de_opini%C3%A3o_para_a_elei%C3%A7%C3%A3o_presidencial_no_Brasil_em_2026&oldid=73082572,wikipedia_revision,73082572,2026-09-29T15:02:36Z,unverified,,9ca942a568882bbd6b774a0d5553b585fd3c21e22108b84064e56abca54efbeb,blank_null_includes_undecided
2026-1-ded3a46419,2026,1,,Futura,Apex,2026-07-07,2026-07-11,,2000,,full,Renan Santos,2.6,total,8.7,,,https://pt.wikipedia.org/w/index.php?title=Pesquisas_de_opini%C3%A3o_para_a_elei%C3%A7%C3%A3o_presidencial_no_Brasil_em_2026&oldid=73082572,wikipedia_revision,73082572,2026-09-29T15:02:36Z,unverified,,9ca942a568882bbd6b774a0d5553b585fd3c21e22108b84064e56abca54efbeb,blank_null_includes_undecided
2026-1-ded3a46419,2026,1,,Futura,Apex,2026-07-07,2026-07-11,,2000,,full,Cabo Daciolo,0.7,total,8.7,,,https://pt.wikipedia.org/w/index.php?title=Pesquisas_de_opini%C3%A3o_para_a_elei%C3%A7%C3%A3o_presidencial_no_Brasil_em_2026&oldid=73082572,wikipedia_revision,73082572,2026-09-29T15:02:36Z,unverified,,9ca942a568882bbd6b774a0d5553b585fd3c21e22108b84064e56abca54efbeb,blank_null_includes_undecided
2026-1-ded3a46419,2026,1,,Futura,Apex,2026-07-07,2026-07-11,,2000,,full,Augusto Cury,1.1,total,8.7,,,https://pt.wikipedia.org/w/index.php?title=Pesquisas_de_opini%C3%A3o_para_a_elei%C3%A7%C3%A3o_presidencial_no_Brasil_em_2026&oldid=73082572,wikipedia_revision,73082572,2026-09-29T15:02:36Z,unverified,,9ca942a568882bbd6b774a0d5553b585fd3c21e22108b84064e56abca54efbeb,blank_null_includes_undecided
2026-1-ded3a46419,2026,1,,Futura,Apex,2026-07-07,2026-07-11,,2000,,full,Joaquim Barbosa,1.4,total,8.7,,,https://pt.wikipedia.org/w/index.php?title=Pesquisas_de_opini%C3%A3o_para_a_elei%C3%A7%C3%A3o_presidencial_no_Brasil_em_2026&oldid=73082572,wikipedia_revision,73082572,2026-09-29T15:02:36Z,unverified,,9ca942a568882bbd6b774a0d5553b585fd3c21e22108b84064e56abca54efbeb,blank_null_includes_undecided
2026-1-ded3a46419,2026,1,,Futura,Apex,2026-07-07,2026-07-11,,2000,,"with Flávio Bolsonaro, Ronaldo Caiado",Lula,37.1,total,10.2,,,https://pt.wikipedia.org/w/index.php?title=Pesquisas_de_opini%C3%A3o_para_a_elei%C3%A7%C3%A3o_presidencial_no_Brasil_em_2026&oldid=73082572,wikipedia_revision,73082572,2026-09-29T15:02:36Z,unverified,,9ca942a568882bbd6b774a0d5553b585fd3c21e22108b84064e56abca54efbeb,blank_null_includes_undecided
2026-1-ded3a46419,2026,1,,Futura,Apex,2026-07-07,2026-07-11,,2000,,"with Flávio Bolsonaro, Ronaldo Caiado",Flávio Bolsonaro,35.7,total,10.2,,,https://pt.wikipedia.org/w/index.php?title=Pesquisas_de_opini%C3%A3o_para_a_elei%C3%A7%C3%A3o_presidencial_no_Brasil_em_2026&oldid=73082572,wikipedia_revision,73082572,2026-09-29T15:02:36Z,unverified,,9ca942a568882bbd6b774a0d5553b585fd3c21e22108b84064e56abca54efbeb,blank_null_includes_undecided
2026-1-ded3a46419,2026,1,,Futura,Apex,2026-07-07,2026-07-11,,2000,,"with Flávio Bolsonaro, Ronaldo Caiado",Ronaldo Caiado,7.9,total,10.2,,,https://pt.wikipedia.org/w/index.php?title=Pesquisas_de_opini%C3%A3o_para_a_elei%C3%A7%C3%A3o_presidencial_no_Brasil_em_2026&oldid=73082572,wikipedia_revision,73082572,2026-09-29T15:02:36Z,unverified,,9ca942a568882bbd6b774a0d5553b585fd3c21e22108b84064e56abca54efbeb,blank_null_includes_undecided
2026-1-ded3a46419,2026,1,,Futura,Apex,2026-07-07,2026-07-11,,2000,,"with Flávio Bolsonaro, Ronaldo Caiado",Romeu Zema,5.0,total,10.2,,,https://pt.wikipedia.org/w/index.php?title=Pesquisas_de_opini%C3%A3o_para_a_elei%C3%A7%C3%A3o_presidencial_no_Brasil_em_2026&oldid=73082572,wikipedia_revision,73082572,2026-09-29T15:02:36Z,unverified,,9ca942a568882bbd6b774a0d5553b585fd3c21e22108b84064e56abca54efbeb,blank_null_includes_undecided
2026-1-ded3a46419,2026,1,,Futura,Apex,2026-07-07,2026-07-11,,2000,,"with Flávio Bolsonaro, Ronaldo Caiado",Renan Santos,3.4,total,10.2,,,https://pt.wikipedia.org/w/index.php?title=Pesquisas_de_opini%C3%A3o_para_a_elei%C3%A7%C3%A3o_presidencial_no_Brasil_em_2026&oldid=73082572,wikipedia_revision,73082572,2026-09-29T15:02:36Z,unverified,,9ca942a568882bbd6b774a0d5553b585fd3c21e22108b84064e56abca54efbeb,blank_null_includes_undecided
2026-1-ded3a46419,2026,1,,Futura,Apex,2026-07-07,2026-07-11,,2000,,with Ronaldo Caiado,Lula,42.1,total,21.4,,,https://pt.wikipedia.org/w/index.php?title=Pesquisas_de_opini%C3%A3o_para_a_elei%C3%A7%C3%A3o_presidencial_no_Brasil_em_2026&oldid=73082572,wikipedia_revision,73082572,2026-09-29T15:02:36Z,unverified,,9ca942a568882bbd6b774a0d5553b585fd3c21e22108b84064e56abca54efbeb,blank_null_includes_undecided
2026-1-ded3a46419,2026,1,,Futura,Apex,2026-07-07,2026-07-11,,2000,,with Ronaldo Caiado,Ronaldo Caiado,16.5,total,21.4,,,https://pt.wikipedia.org/w/index.php?title=Pesquisas_de_opini%C3%A3o_para_a_elei%C3%A7%C3%A3o_presidencial_no_Brasil_em_2026&oldid=73082572,wikipedia_revision,73082572,2026-09-29T15:02:36Z,unverified,,9ca942a568882bbd6b774a0d5553b585fd3c21e22108b84064e56abca54efbeb,blank_null_includes_undecided
2026-1-ded3a46419,2026,1,,Futura,Apex,2026-07-07,2026-07-11,,2000,,with Ronaldo Caiado,Romeu Zema,14.0,total,21.4,,,https://pt.wikipedia.org/w/index.php?title=Pesquisas_de_opini%C3%A3o_para_a_elei%C3%A7%C3%A3o_presidencial_no_Brasil_em_2026&oldid=73082572,wikipedia_revision,73082572,2026-09-29T15:02:36Z,unverified,,9ca942a568882bbd6b774a0d5553b585fd3c21e22108b84064e56abca54efbeb,blank_null_includes_undecided
2026-1-ded3a46419,2026,1,,Futura,Apex,2026-07-07,2026-07-11,,2000,,with Ronaldo Caiado,Renan Santos,6.0,total,21.4,,,https://pt.wikipedia.org/w/index.php?title=Pesquisas_de_opini%C3%A3o_para_a_elei%C3%A7%C3%A3o_presidencial_no_Brasil_em_2026&oldid=73082572,wikipedia_revision,73082572,2026-09-29T15:02:36Z,unverified,,9ca942a568882bbd6b774a0d5553b585fd3c21e22108b84064e56abca54efbeb,blank_null_includes_undecided
2026-1-ded3a46419,2026,1,,Futura,Apex,2026-07-07,2026-07-11,,2000,,with Flávio Bolsonaro,Lula,42.6,total,8.7,,,https://pt.wikipedia.org/w/index.php?title=Pesquisas_de_opini%C3%A3o_para_a_elei%C3%A7%C3%A3o_presidencial_no_Brasil_em_2026&oldid=73082572,wikipedia_revision,73082572,2026-09-29T15:02:36Z,unverified,,9ca942a568882bbd6b774a0d5553b585fd3c21e22108b84064e56abca54efbeb,blank_null_includes_undecided
2026-1-ded3a46419,2026,1,,Futura,Apex,2026-07-07,2026-07-11,,2000,,with Flávio Bolsonaro,Flávio Bolsonaro,38.6,total,8.7,,,https://pt.wikipedia.org/w/index.php?title=Pesquisas_de_opini%C3%A3o_para_a_elei%C3%A7%C3%A3o_presidencial_no_Brasil_em_2026&oldid=73082572,wikipedia_revision,73082572,2026-09-29T15:02:36Z,unverified,,9ca942a568882bbd6b774a0d5553b585fd3c21e22108b84064e56abca54efbeb,blank_null_includes_undecided
2026-1-ded3a46419,2026,1,,Futura,Apex,2026-07-07,2026-07-11,,2000,,with Flávio Bolsonaro,Romeu Zema,6.2,total,8.7,,,https://pt.wikipedia.org/w/index.php?title=Pesquisas_de_opini%C3%A3o_para_a_elei%C3%A7%C3%A3o_presidencial_no_Brasil_em_2026&oldid=73082572,wikipedia_revision,73082572,2026-09-29T15:02:36Z,unverified,,9ca942a568882bbd6b774a0d5553b585fd3c21e22108b84064e56abca54efbeb,blank_null_includes_undecided
2026-1-ded3a46419,2026,1,,Futura,Apex,2026-07-07,2026-07-11,,2000,,with Flávio Bolsonaro,Renan Santos,3.9,total,8.7,,,https://pt.wikipedia.org/w/index.php?title=Pesquisas_de_opini%C3%A3o_para_a_elei%C3%A7%C3%A3o_presidencial_no_Brasil_em_2026&oldid=73082572,wikipedia_revision,73082572,2026-09-29T15:02:36Z,unverified,,9ca942a568882bbd6b774a0d5553b585fd3c21e22108b84064e56abca54efbeb,blank_null_includes_undecided
2026-1-be9e661c3d,2026,1,,Gerp,,2026-07-03,2026-07-07,,2000,,"with Flávio Bolsonaro, Lula",Lula,36.0,total,17.0,,,https://pt.wikipedia.org/w/index.php?title=Pesquisas_de_opini%C3%A3o_para_a_elei%C3%A7%C3%A3o_presidencial_no_Brasil_em_2026&oldid=73082572,wikipedia_revision,73082572,2026-09-29T15:02:36Z,unverified,,9ca942a568882bbd6b774a0d5553b585fd3c21e22108b84064e56abca54efbeb,blank_null_includes_undecided
2026-1-be9e661c3d,2026,1,,Gerp,,2026-07-03,2026-07-07,,2000,,"with Flávio Bolsonaro, Lula",Flávio Bolsonaro,36.0,total,17.0,,,https://pt.wikipedia.org/w/index.php?title=Pesquisas_de_opini%C3%A3o_para_a_elei%C3%A7%C3%A3o_presidencial_no_Brasil_em_2026&oldid=73082572,wikipedia_revision,73082572,2026-09-29T15:02:36Z,unverified,,9ca942a568882bbd6b774a0d5553b585fd3c21e22108b84064e56abca54efbeb,blank_null_includes_undecided
2026-1-be9e661c3d,2026,1,,Gerp,,2026-07-03,2026-07-07,,2000,,"with Flávio Bolsonaro, Lula",Ronaldo Caiado,4.0,total,17.0,,,https://pt.wikipedia.org/w/index.php?title=Pesquisas_de_opini%C3%A3o_para_a_elei%C3%A7%C3%A3o_presidencial_no_Brasil_em_2026&oldid=73082572,wikipedia_revision,73082572,2026-09-29T15:02:36Z,unverified,,9ca942a568882bbd6b774a0d5553b585fd3c21e22108b84064e56abca54efbeb,blank_null_includes_undecided
2026-1-be9e661c3d,2026,1,,Gerp,,2026-07-03,2026-07-07,,2000,,"with Flávio Bolsonaro, Lula",Romeu Zema,2.0,total,17.0,,,https://pt.wikipedia.org/w/index.php?title=Pesquisas_de_opini%C3%A3o_para_a_elei%C3%A7%C3%A3o_presidencial_no_Brasil_em_2026&oldid=73082572,wikipedia_revision,73082572,2026-09-29T15:02:36Z,unverified,,9ca942a568882bbd6b774a0d5553b585fd3c21e22108b84064e56abca54efbeb,blank_null_includes_undecided
2026-1-be9e661c3d,2026,1,,Gerp,,2026-07-03,2026-07-07,,2000,,"with Flávio Bolsonaro, Lula",Renan Santos,2.0,total,17.0,,,https://pt.wikipedia.org/w/index.php?title=Pesquisas_de_opini%C3%A3o_para_a_elei%C3%A7%C3%A3o_presidencial_no_Brasil_em_2026&oldid=73082572,wikipedia_revision,73082572,2026-09-29T15:02:36Z,unverified,,9ca942a568882bbd6b774a0d5553b585fd3c21e22108b84064e56abca54efbeb,blank_null_includes_undecided
2026-1-be9e661c3d,2026,1,,Gerp,,2026-07-03,2026-07-07,,2000,,"with Flávio Bolsonaro, Lula",Aécio Neves,0.0,total,17.0,,,https://pt.wikipedia.org/w/index.php?title=Pesquisas_de_opini%C3%A3o_para_a_elei%C3%A7%C3%A3o_presidencial_no_Brasil_em_2026&oldid=73082572,wikipedia_revision,73082572,2026-09-29T15:02:36Z,unverified,,9ca942a568882bbd6b774a0d5553b585fd3c21e22108b84064e56abca54efbeb,blank_null_includes_undecided
2026-1-be9e661c3d,2026,1,,Gerp,,2026-07-03,2026-07-07,,2000,,"with Flávio Bolsonaro, Lula",Cabo Daciolo,0.0,total,17.0,,,https://pt.wikipedia.org/w/index.php?title=Pesquisas_de_opini%C3%A3o_para_a_elei%C3%A7%C3%A3o_presidencial_no_Brasil_em_2026&oldid=73082572,wikipedia_revision,73082572,2026-09-29T15:02:36Z,unverified,,9ca942a568882bbd6b774a0d5553b585fd3c21e22108b84064e56abca54efbeb,blank_null_includes_undecided
2026-1-be9e661c3d,2026,1,,Gerp,,2026-07-03,2026-07-07,,2000,,"with Flávio Bolsonaro, Lula",Augusto Cury,1.0,total,17.0,,,https://pt.wikipedia.org/w/index.php?title=Pesquisas_de_opini%C3%A3o_para_a_elei%C3%A7%C3%A3o_presidencial_no_Brasil_em_2026&oldid=73082572,wikipedia_revision,73082572,2026-09-29T15:02:36Z,unverified,,9ca942a568882bbd6b774a0d5553b585fd3c21e22108b84064e56abca54efbeb,blank_null_includes_undecided
2026-1-be9e661c3d,2026,1,,Gerp,,2026-07-03,2026-07-07,,2000,,"with Flávio Bolsonaro, Lula",Joaquim Barbosa,1.0,total,17.0,,,https://pt.wikipedia.org/w/index.php?title=Pesquisas_de_opini%C3%A3o_para_a_elei%C3%A7%C3%A3o_presidencial_no_Brasil_em_2026&oldid=73082572,wikipedia_revision,73082572,2026-09-29T15:02:36Z,unverified,,9ca942a568882bbd6b774a0d5553b585fd3c21e22108b84064e56abca54efbeb,blank_null_includes_undecided
2026-1-be9e661c3d,2026,1,,Gerp,,2026-07-03,2026-07-07,,2000,,"with Flávio Bolsonaro, Lula",Samara Martins,0.0,total,17.0,,,https://pt.wikipedia.org/w/index.php?title=Pesquisas_de_opini%C3%A3o_para_a_elei%C3%A7%C3%A3o_presidencial_no_Brasil_em_2026&oldid=73082572,wikipedia_revision,73082572,2026-09-29T15:02:36Z,unverified,,9ca942a568882bbd6b774a0d5553b585fd3c21e22108b84064e56abca54efbeb,blank_null_includes_undecided
2026-1-be9e661c3d,2026,1,,Gerp,,2026-07-03,2026-07-07,,2000,,"with Flávio Bolsonaro, Lula",Rui Costa Pimenta,0.0,total,17.0,,,https://pt.wikipedia.org/w/index.php?title=Pesquisas_de_opini%C3%A3o_para_a_elei%C3%A7%C3%A3o_presidencial_no_Brasil_em_2026&oldid=73082572,wikipedia_revision,73082572,2026-09-29T15:02:36Z,unverified,,9ca942a568882bbd6b774a0d5553b585fd3c21e22108b84064e56abca54efbeb,blank_null_includes_undecided
2026-1-be9e661c3d,2026,1,,Gerp,,2026-07-03,2026-07-07,,2000,,"with Lula, Michelle Bolsonaro",Lula,37.0,total,17.0,,,https://pt.wikipedia.org/w/index.php?title=Pesquisas_de_opini%C3%A3o_para_a_elei%C3%A7%C3%A3o_presidencial_no_Brasil_em_2026&oldid=73082572,wikipedia_revision,73082572,2026-09-29T15:02:36Z,unverified,,9ca942a568882bbd6b774a0d5553b585fd3c21e22108b84064e56abca54efbeb,others_column_named_candidate;blank_null_includes_undecided
2026-1-be9e661c3d,2026,1,,Gerp,,2026-07-03,2026-07-07,,2000,,"with Lula, Michelle Bolsonaro",Ronaldo Caiado,4.0,total,17.0,,,https://pt.wikipedia.org/w/index.php?title=Pesquisas_de_opini%C3%A3o_para_a_elei%C3%A7%C3%A3o_presidencial_no_Brasil_em_2026&oldid=73082572,wikipedia_revision,73082572,2026-09-29T15:02:36Z,unverified,,9ca942a568882bbd6b774a0d5553b585fd3c21e22108b84064e56abca54efbeb,others_column_named_candidate;blank_null_includes_undecided
2026-1-be9e661c3d,2026,1,,Gerp,,2026-07-03,2026-07-07,,2000,,"with Lula, Michelle Bolsonaro",Romeu Zema,3.0,total,17.0,,,https://pt.wikipedia.org/w/index.php?title=Pesquisas_de_opini%C3%A3o_para_a_elei%C3%A7%C3%A3o_presidencial_no_Brasil_em_2026&oldid=73082572,wikipedia_revision,73082572,2026-09-29T15:02:36Z,unverified,,9ca942a568882bbd6b774a0d5553b585fd3c21e22108b84064e56abca54efbeb,others_column_named_candidate;blank_null_includes_undecided
2026-1-be9e661c3d,2026,1,,Gerp,,2026-07-03,2026-07-07,,2000,,"with Lula, Michelle Bolsonaro",Renan Santos,2.0,total,17.0,,,https://pt.wikipedia.org/w/index.php?title=Pesquisas_de_opini%C3%A3o_para_a_elei%C3%A7%C3%A3o_presidencial_no_Brasil_em_2026&oldid=73082572,wikipedia_revision,73082572,2026-09-29T15:02:36Z,unverified,,9ca942a568882bbd6b774a0d5553b585fd3c21e22108b84064e56abca54efbeb,others_column_named_candidate;blank_null_includes_undecided
2026-1-be9e661c3d,2026,1,,Gerp,,2026-07-03,2026-07-07,,2000,,"with Lula, Michelle Bolsonaro",Aécio Neves,1.0,total,17.0,,,https://pt.wikipedia.org/w/index.php?title=Pesquisas_de_opini%C3%A3o_para_a_elei%C3%A7%C3%A3o_presidencial_no_Brasil_em_2026&oldid=73082572,wikipedia_revision,73082572,2026-09-29T15:02:36Z,unverified,,9ca942a568882bbd6b774a0d5553b585fd3c21e22108b84064e56abca54efbeb,others_column_named_candidate;blank_null_includes_undecided
2026-1-be9e661c3d,2026,1,,Gerp,,2026-07-03,2026-07-07,,2000,,"with Lula, Michelle Bolsonaro",Cabo Daciolo,1.0,total,17.0,,,https://pt.wikipedia.org/w/index.php?title=Pesquisas_de_opini%C3%A3o_para_a_elei%C3%A7%C3%A3o_presidencial_no_Brasil_em_2026&oldid=73082572,wikipedia_revision,73082572,2026-09-29T15:02:36Z,unverified,,9ca942a568882bbd6b774a0d5553b585fd3c21e22108b84064e56abca54efbeb,others_column_named_candidate;blank_null_includes_undecided
2026-1-be9e661c3d,2026,1,,Gerp,,2026-07-03,2026-07-07,,2000,,"with Lula, Michelle Bolsonaro",Augusto Cury,1.0,total,17.0,,,https://pt.wikipedia.org/w/index.php?title=Pesquisas_de_opini%C3%A3o_para_a_elei%C3%A7%C3%A3o_presidencial_no_Brasil_em_2026&oldid=73082572,wikipedia_revision,73082572,2026-09-29T15:02:36Z,unverified,,9ca942a568882bbd6b774a0d5553b585fd3c21e22108b84064e56abca54efbeb,others_column_named_candidate;blank_null_includes_undecided
2026-1-be9e661c3d,2026,1,,Gerp,,2026-07-03,2026-07-07,,2000,,"with Lula, Michelle Bolsonaro",Joaquim Barbosa,1.0,total,17.0,,,https://pt.wikipedia.org/w/index.php?title=Pesquisas_de_opini%C3%A3o_para_a_elei%C3%A7%C3%A3o_presidencial_no_Brasil_em_2026&oldid=73082572,wikipedia_revision,73082572,2026-09-29T15:02:36Z,unverified,,9ca942a568882bbd6b774a0d5553b585fd3c21e22108b84064e56abca54efbeb,others_column_named_candidate;blank_null_includes_undecided
2026-1-be9e661c3d,2026,1,,Gerp,,2026-07-03,2026-07-07,,2000,,"with Lula, Michelle Bolsonaro",Samara Martins,0.0,total,17.0,,,https://pt.wikipedia.org/w/index.php?title=Pesquisas_de_opini%C3%A3o_para_a_elei%C3%A7%C3%A3o_presidencial_no_Brasil_em_2026&oldid=73082572,wikipedia_revision,73082572,2026-09-29T15:02:36Z,unverified,,9ca942a568882bbd6b774a0d5553b585fd3c21e22108b84064e56abca54efbeb,others_column_named_candidate;blank_null_includes_undecided
2026-1-be9e661c3d,2026,1,,Gerp,,2026-07-03,2026-07-07,,2000,,"with Lula, Michelle Bolsonaro",Rui Costa Pimenta,0.0,total,17.0,,,https://pt.wikipedia.org/w/index.php?title=Pesquisas_de_opini%C3%A3o_para_a_elei%C3%A7%C3%A3o_presidencial_no_Brasil_em_2026&oldid=73082572,wikipedia_revision,73082572,2026-09-29T15:02:36Z,unverified,,9ca942a568882bbd6b774a0d5553b585fd3c21e22108b84064e56abca54efbeb,others_column_named_candidate;blank_null_includes_undecided
2026-1-be9e661c3d,2026,1,,Gerp,,2026-07-03,2026-07-07,,2000,,"with Lula, Michelle Bolsonaro",Michelle Bolsonaro,33.0,total,17.0,,,https://pt.wikipedia.org/w/index.php?title=Pesquisas_de_opini%C3%A3o_para_a_elei%C3%A7%C3%A3o_presidencial_no_Brasil_em_2026&oldid=73082572,wikipedia_revision,73082572,2026-09-29T15:02:36Z,unverified,,9ca942a568882bbd6b774a0d5553b585fd3c21e22108b84064e56abca54efbeb,others_column_named_candidate;blank_null_includes_undecided
2026-1-be9e661c3d,2026,1,,Gerp,,2026-07-03,2026-07-07,,2000,,"with Lula, Rogério Marinho",Lula,34.0,total,26.0,,,https://pt.wikipedia.org/w/index.php?title=Pesquisas_de_opini%C3%A3o_para_a_elei%C3%A7%C3%A3o_presidencial_no_Brasil_em_2026&oldid=73082572,wikipedia_revision,73082572,2026-09-29T15:02:36Z,unverified,,9ca942a568882bbd6b774a0d5553b585fd3c21e22108b84064e56abca54efbeb,others_column_named_candidate;blank_null_includes_undecided
2026-1-be9e661c3d,2026,1,,Gerp,,2026-07-03,2026-07-07,,2000,,"with Lula, Rogério Marinho",Ronaldo Caiado,7.0,total,26.0,,,https://pt.wikipedia.org/w/index.php?title=Pesquisas_de_opini%C3%A3o_para_a_elei%C3%A7%C3%A3o_presidencial_no_Brasil_em_2026&oldid=73082572,wikipedia_revision,73082572,2026-09-29T15:02:36Z,unverified,,9ca942a568882bbd6b774a0d5553b585fd3c21e22108b84064e56abca54efbeb,others_column_named_candidate;blank_null_includes_undecided
2026-1-be9e661c3d,2026,1,,Gerp,,2026-07-03,2026-07-07,,2000,,"with Lula, Rogério Marinho",Romeu Zema,6.0,total,26.0,,,https://pt.wikipedia.org/w/index.php?title=Pesquisas_de_opini%C3%A3o_para_a_elei%C3%A7%C3%A3o_presidencial_no_Brasil_em_2026&oldid=73082572,wikipedia_revision,73082572,2026-09-29T15:02:36Z,unverified,,9ca942a568882bbd6b774a0d5553b585fd3c21e22108b84064e56abca54efbeb,others_column_named_candidate;blank_null_includes_undecided
2026-1-be9e661c3d,2026,1,,Gerp,,2026-07-03,2026-07-07,,2000,,"with Lula, Rogério Marinho",Renan Santos,3.0,total,26.0,,,https://pt.wikipedia.org/w/index.php?title=Pesquisas_de_opini%C3%A3o_para_a_elei%C3%A7%C3%A3o_presidencial_no_Brasil_em_2026&oldid=73082572,wikipedia_revision,73082572,2026-09-29T15:02:36Z,unverified,,9ca942a568882bbd6b774a0d5553b585fd3c21e22108b84064e56abca54efbeb,others_column_named_candidate;blank_null_includes_undecided
2026-1-be9e661c3d,2026,1,,Gerp,,2026-07-03,2026-07-07,,2000,,"with Lula, Rogério Marinho",Aécio Neves,2.0,total,26.0,,,https://pt.wikipedia.org/w/index.php?title=Pesquisas_de_opini%C3%A3o_para_a_elei%C3%A7%C3%A3o_presidencial_no_Brasil_em_2026&oldid=73082572,wikipedia_revision,73082572,2026-09-29T15:02:36Z,unverified,,9ca942a568882bbd6b774a0d5553b585fd3c21e22108b84064e56abca54efbeb,others_column_named_candidate;blank_null_includes_undecided
2026-1-be9e661c3d,2026,1,,Gerp,,2026-07-03,2026-07-07,,2000,,"with Lula, Rogério Marinho",Cabo Daciolo,2.0,total,26.0,,,https://pt.wikipedia.org/w/index.php?title=Pesquisas_de_opini%C3%A3o_para_a_elei%C3%A7%C3%A3o_presidencial_no_Brasil_em_2026&oldid=73082572,wikipedia_revision,73082572,2026-09-29T15:02:36Z,unverified,,9ca942a568882bbd6b774a0d5553b585fd3c21e22108b84064e56abca54efbeb,others_column_named_candidate;blank_null_includes_undecided
2026-1-be9e661c3d,2026,1,,Gerp,,2026-07-03,2026-07-07,,2000,,"with Lula, Rogério Marinho",Augusto Cury,2.0,total,26.0,,,https://pt.wikipedia.org/w/index.php?title=Pesquisas_de_opini%C3%A3o_para_a_elei%C3%A7%C3%A3o_presidencial_no_Brasil_em_2026&oldid=73082572,wikipedia_revision,73082572,2026-09-29T15:02:36Z,unverified,,9ca942a568882bbd6b774a0d5553b585fd3c21e22108b84064e56abca54efbeb,others_column_named_candidate;blank_null_includes_undecided
2026-1-be9e661c3d,2026,1,,Gerp,,2026-07-03,2026-07-07,,2000,,"with Lula, Rogério Marinho",Joaquim Barbosa,1.0,total,26.0,,,https://pt.wikipedia.org/w/index.php?title=Pesquisas_de_opini%C3%A3o_para_a_elei%C3%A7%C3%A3o_presidencial_no_Brasil_em_2026&oldid=73082572,wikipedia_revision,73082572,2026-09-29T15:02:36Z,unverified,,9ca942a568882bbd6b774a0d5553b585fd3c21e22108b84064e56abca54efbeb,others_column_named_candidate;blank_null_includes_undecided
2026-1-be9e661c3d,2026,1,,Gerp,,2026-07-03,2026-07-07,,2000,,"with Lula, Rogério Marinho",Samara Martins,0.0,total,26.0,,,https://pt.wikipedia.org/w/index.php?title=Pesquisas_de_opini%C3%A3o_para_a_elei%C3%A7%C3%A3o_presidencial_no_Brasil_em_2026&oldid=73082572,wikipedia_revision,73082572,2026-09-29T15:02:36Z,unverified,,9ca942a568882bbd6b774a0d5553b585fd3c21e22108b84064e56abca54efbeb,others_column_named_candidate;blank_null_includes_undecided
2026-1-be9e661c3d,2026,1,,Gerp,,2026-07-03,2026-07-07,,2000,,"with Lula, Rogério Marinho",Rui Costa Pimenta,0.0,total,26.0,,,https://pt.wikipedia.org/w/index.php?title=Pesquisas_de_opini%C3%A3o_para_a_elei%C3%A7%C3%A3o_presidencial_no_Brasil_em_2026&oldid=73082572,wikipedia_revision,73082572,2026-09-29T15:02:36Z,unverified,,9ca942a568882bbd6b774a0d5553b585fd3c21e22108b84064e56abca54efbeb,others_column_named_candidate;blank_null_includes_undecided
2026-1-be9e661c3d,2026,1,,Gerp,,2026-07-03,2026-07-07,,2000,,"with Lula, Rogério Marinho",Rogério Marinho,18.0,total,26.0,,,https://pt.wikipedia.org/w/index.php?title=Pesquisas_de_opini%C3%A3o_para_a_elei%C3%A7%C3%A3o_presidencial_no_Brasil_em_2026&oldid=73082572,wikipedia_revision,73082572,2026-09-29T15:02:36Z,unverified,,9ca942a568882bbd6b774a0d5553b585fd3c21e22108b84064e56abca54efbeb,others_column_named_candidate;blank_null_includes_undecided
2026-1-be9e661c3d,2026,1,,Gerp,,2026-07-03,2026-07-07,,2000,,"with Damares Alves, Lula",Lula,34.0,total,27.0,,,https://pt.wikipedia.org/w/index.php?title=Pesquisas_de_opini%C3%A3o_para_a_elei%C3%A7%C3%A3o_presidencial_no_Brasil_em_2026&oldid=73082572,wikipedia_revision,73082572,2026-09-29T15:02:36Z,unverified,,9ca942a568882bbd6b774a0d5553b585fd3c21e22108b84064e56abca54efbeb,others_column_named_candidate;blank_null_includes_undecided
2026-1-be9e661c3d,2026,1,,Gerp,,2026-07-03,2026-07-07,,2000,,"with Damares Alves, Lula",Ronaldo Caiado,7.0,total,27.0,,,https://pt.wikipedia.org/w/index.php?title=Pesquisas_de_opini%C3%A3o_para_a_elei%C3%A7%C3%A3o_presidencial_no_Brasil_em_2026&oldid=73082572,wikipedia_revision,73082572,2026-09-29T15:02:36Z,unverified,,9ca942a568882bbd6b774a0d5553b585fd3c21e22108b84064e56abca54efbeb,others_column_named_candidate;blank_null_includes_undecided
2026-1-be9e661c3d,2026,1,,Gerp,,2026-07-03,2026-07-07,,2000,,"with Damares Alves, Lula",Romeu Zema,5.0,total,27.0,,,https://pt.wikipedia.org/w/index.php?title=Pesquisas_de_opini%C3%A3o_para_a_elei%C3%A7%C3%A3o_presidencial_no_Brasil_em_2026&oldid=73082572,wikipedia_revision,73082572,2026-09-29T15:02:36Z,unverified,,9ca942a568882bbd6b774a0d5553b585fd3c21e22108b84064e56abca54efbeb,others_column_named_candidate;blank_null_includes_undecided
2026-1-be9e661c3d,2026,1,,Gerp,,2026-07-03,2026-07-07,,2000,,"with Damares Alves, Lula",Renan Santos,2.0,total,27.0,,,https://pt.wikipedia.org/w/index.php?title=Pesquisas_de_opini%C3%A3o_para_a_elei%C3%A7%C3%A3o_presidencial_no_Brasil_em_2026&oldid=73082572,wikipedia_revision,73082572,2026-09-29T15:02:36Z,unverified,,9ca942a568882bbd6b774a0d5553b585fd3c21e22108b84064e56abca54efbeb,others_column_named_candidate;blank_null_includes_undecided
2026-1-be9e661c3d,2026,1,,Gerp,,2026-07-03,2026-07-07,,2000,,"with Damares Alves, Lula",Aécio Neves,2.0,total,27.0,,,https://pt.wikipedia.org/w/index.php?title=Pesquisas_de_opini%C3%A3o_para_a_elei%C3%A7%C3%A3o_presidencial_no_Brasil_em_2026&oldid=73082572,wikipedia_revision,73082572,2026-09-29T15:02:36Z,unverified,,9ca942a568882bbd6b774a0d5553b585fd3c21e22108b84064e56abca54efbeb,others_column_named_candidate;blank_null_includes_undecided
2026-1-be9e661c3d,2026,1,,Gerp,,2026-07-03,2026-07-07,,2000,,"with Damares Alves, Lula",Cabo Daciolo,1.0,total,27.0,,,https://pt.wikipedia.org/w/index.php?title=Pesquisas_de_opini%C3%A3o_para_a_elei%C3%A7%C3%A3o_presidencial_no_Brasil_em_2026&oldid=73082572,wikipedia_revision,73082572,2026-09-29T15:02:36Z,unverified,,9ca942a568882bbd6b774a0d5553b585fd3c21e22108b84064e56abca54efbeb,others_column_named_candidate;blank_null_includes_undecided
2026-1-be9e661c3d,2026,1,,Gerp,,2026-07-03,2026-07-07,,2000,,"with Damares Alves, Lula",Augusto Cury,2.0,total,27.0,,,https://pt.wikipedia.org/w/index.php?title=Pesquisas_de_opini%C3%A3o_para_a_elei%C3%A7%C3%A3o_presidencial_no_Brasil_em_2026&oldid=73082572,wikipedia_revision,73082572,2026-09-29T15:02:36Z,unverified,,9ca942a568882bbd6b774a0d5553b585fd3c21e22108b84064e56abca54efbeb,others_column_named_candidate;blank_null_includes_undecided
2026-1-be9e661c3d,2026,1,,Gerp,,2026-07-03,2026-07-07,,2000,,"with Damares Alves, Lula",Joaquim Barbosa,1.0,total,27.0,,,https://pt.wikipedia.org/w/index.php?title=Pesquisas_de_opini%C3%A3o_para_a_elei%C3%A7%C3%A3o_presidencial_no_Brasil_em_2026&oldid=73082572,wikipedia_revision,73082572,2026-09-29T15:02:36Z,unverified,,9ca942a568882bbd6b774a0d5553b585fd3c21e22108b84064e56abca54efbeb,others_column_named_candidate;blank_null_includes_undecided
2026-1-be9e661c3d,2026,1,,Gerp,,2026-07-03,2026-07-07,,2000,,"with Damares Alves, Lula",Samara Martins,0.0,total,27.0,,,https://pt.wikipedia.org/w/index.php?title=Pesquisas_de_opini%C3%A3o_para_a_elei%C3%A7%C3%A3o_presidencial_no_Brasil_em_2026&oldid=73082572,wikipedia_revision,73082572,2026-09-29T15:02:36Z,unverified,,9ca942a568882bbd6b774a0d5553b585fd3c21e22108b84064e56abca54efbeb,others_column_named_candidate;blank_null_includes_undecided
2026-1-be9e661c3d,2026,1,,Gerp,,2026-07-03,2026-07-07,,2000,,"with Damares Alves, Lula",Rui Costa Pimenta,0.0,total,27.0,,,https://pt.wikipedia.org/w/index.php?title=Pesquisas_de_opini%C3%A3o_para_a_elei%C3%A7%C3%A3o_presidencial_no_Brasil_em_2026&oldid=73082572,wikipedia_revision,73082572,2026-09-29T15:02:36Z,unverified,,9ca942a568882bbd6b774a0d5553b585fd3c21e22108b84064e56abca54efbeb,others_column_named_candidate;blank_null_includes_undecided
2026-1-be9e661c3d,2026,1,,Gerp,,2026-07-03,2026-07-07,,2000,,"with Damares Alves, Lula",Damares Alves,19.0,total,27.0,,,https://pt.wikipedia.org/w/index.php?title=Pesquisas_de_opini%C3%A3o_para_a_elei%C3%A7%C3%A3o_presidencial_no_Brasil_em_2026&oldid=73082572,wikipedia_revision,73082572,2026-09-29T15:02:36Z,unverified,,9ca942a568882bbd6b774a0d5553b585fd3c21e22108b84064e56abca54efbeb,others_column_named_candidate;blank_null_includes_undecided
2026-1-be9e661c3d,2026,1,,Gerp,,2026-07-03,2026-07-07,,2000,,"with Hertz Dias, Lula, Marcos Pontes",Lula,34.0,total,28.0,,,https://pt.wikipedia.org/w/index.php?title=Pesquisas_de_opini%C3%A3o_para_a_elei%C3%A7%C3%A3o_presidencial_no_Brasil_em_2026&oldid=73082572,wikipedia_revision,73082572,2026-09-29T15:02:36Z,unverified,,9ca942a568882bbd6b774a0d5553b585fd3c21e22108b84064e56abca54efbeb,others_column_named_candidate;blank_null_includes_undecided
2026-1-be9e661c3d,2026,1,,Gerp,,2026-07-03,2026-07-07,,2000,,"with Hertz Dias, Lula, Marcos Pontes",Ronaldo Caiado,7.0,total,28.0,,,https://pt.wikipedia.org/w/index.php?title=Pesquisas_de_opini%C3%A3o_para_a_elei%C3%A7%C3%A3o_presidencial_no_Brasil_em_2026&oldid=73082572,wikipedia_revision,73082572,2026-09-29T15:02:36Z,unverified,,9ca942a568882bbd6b774a0d5553b585fd3c21e22108b84064e56abca54efbeb,others_column_named_candidate;blank_null_includes_undecided
2026-1-be9e661c3d,2026,1,,Gerp,,2026-07-03,2026-07-07,,2000,,"with Hertz Dias, Lula, Marcos Pontes",Romeu Zema,5.0,total,28.0,,,https://pt.wikipedia.org/w/index.php?title=Pesquisas_de_opini%C3%A3o_para_a_elei%C3%A7%C3%A3o_presidencial_no_Brasil_em_2026&oldid=73082572,wikipedia_revision,73082572,2026-09-29T15:02:36Z,unverified,,9ca942a568882bbd6b774a0d5553b585fd3c21e22108b84064e56abca54efbeb,others_column_named_candidate;blank_null_includes_undecided
2026-1-be9e661c3d,2026,1,,Gerp,,2026-07-03,2026-07-07,,2000,,"with Hertz Dias, Lula, Marcos Pontes",Renan Santos,2.0,total,28.0,,,https://pt.wikipedia.org/w/index.php?title=Pesquisas_de_opini%C3%A3o_para_a_elei%C3%A7%C3%A3o_presidencial_no_Brasil_em_2026&oldid=73082572,wikipedia_revision,73082572,2026-09-29T15:02:36Z,unverified,,9ca942a568882bbd6b774a0d5553b585fd3c21e22108b84064e56abca54efbeb,others_column_named_candidate;blank_null_includes_undecided
2026-1-be9e661c3d,2026,1,,Gerp,,2026-07-03,2026-07-07,,2000,,"with Hertz Dias, Lula, Marcos Pontes",Aécio Neves,1.0,total,28.0,,,https://pt.wikipedia.org/w/index.php?title=Pesquisas_de_opini%C3%A3o_para_a_elei%C3%A7%C3%A3o_presidencial_no_Brasil_em_2026&oldid=73082572,wikipedia_revision,73082572,2026-09-29T15:02:36Z,unverified,,9ca942a568882bbd6b774a0d5553b585fd3c21e22108b84064e56abca54efbeb,others_column_named_candidate;blank_null_includes_undecided
2026-1-be9e661c3d,2026,1,,Gerp,,2026-07-03,2026-07-07,,2000,,"with Hertz Dias, Lula, Marcos Pontes",Cabo Daciolo,1.0,total,28.0,,,https://pt.wikipedia.org/w/index.php?title=Pesquisas_de_opini%C3%A3o_para_a_elei%C3%A7%C3%A3o_presidencial_no_Brasil_em_2026&oldid=73082572,wikipedia_revision,73082572,2026-09-29T15:02:36Z,unverified,,9ca942a568882bbd6b774a0d5553b585fd3c21e22108b84064e56abca54efbeb,others_column_named_candidate;blank_null_includes_undecided
2026-1-be9e661c3d,2026,1,,Gerp,,2026-07-03,2026-07-07,,2000,,"with Hertz Dias, Lula, Marcos Pontes",Augusto Cury,1.0,total,28.0,,,https://pt.wikipedia.org/w/index.php?title=Pesquisas_de_opini%C3%A3o_para_a_elei%C3%A7%C3%A3o_presidencial_no_Brasil_em_2026&oldid=73082572,wikipedia_revision,73082572,2026-09-29T15:02:36Z,unverified,,9ca942a568882bbd6b774a0d5553b585fd3c21e22108b84064e56abca54efbeb,others_column_named_candidate;blank_null_includes_undecided
2026-1-be9e661c3d,2026,1,,Gerp,,2026-07-03,2026-07-07,,2000,,"with Hertz Dias, Lula, Marcos Pontes",Joaquim Barbosa,1.0,total,28.0,,,https://pt.wikipedia.org/w/index.php?title=Pesquisas_de_opini%C3%A3o_para_a_elei%C3%A7%C3%A3o_presidencial_no_Brasil_em_2026&oldid=73082572,wikipedia_revision,73082572,2026-09-29T15:02:36Z,unverified,,9ca942a568882bbd6b774a0d5553b585fd3c21e22108b84064e56abca54efbeb,others_column_named_candidate;blank_null_includes_undecided
2026-1-be9e661c3d,2026,1,,Gerp,,2026-07-03,2026-07-07,,2000,,"with Hertz Dias, Lula, Marcos Pontes",Samara Martins,0.0,total,28.0,,,https://pt.wikipedia.org/w/index.php?title=Pesquisas_de_opini%C3%A3o_para_a_elei%C3%A7%C3%A3o_presidencial_no_Brasil_em_2026&oldid=73082572,wikipedia_revision,73082572,2026-09-29T15:02:36Z,unverified,,9ca942a568882bbd6b774a0d5553b585fd3c21e22108b84064e56abca54efbeb,others_column_named_candidate;blank_null_includes_undecided
2026-1-be9e661c3d,2026,1,,Gerp,,2026-07-03,2026-07-07,,2000,,"with Hertz Dias, Lula, Marcos Pontes",Hertz Dias,0.0,total,28.0,,,https://pt.wikipedia.org/w/index.php?title=Pesquisas_de_opini%C3%A3o_para_a_elei%C3%A7%C3%A3o_presidencial_no_Brasil_em_2026&oldid=73082572,wikipedia_revision,73082572,2026-09-29T15:02:36Z,unverified,,9ca942a568882bbd6b774a0d5553b585fd3c21e22108b84064e56abca54efbeb,others_column_named_candidate;blank_null_includes_undecided
2026-1-be9e661c3d,2026,1,,Gerp,,2026-07-03,2026-07-07,,2000,,"with Hertz Dias, Lula, Marcos Pontes",Rui Costa Pimenta,0.0,total,28.0,,,https://pt.wikipedia.org/w/index.php?title=Pesquisas_de_opini%C3%A3o_para_a_elei%C3%A7%C3%A3o_presidencial_no_Brasil_em_2026&oldid=73082572,wikipedia_revision,73082572,2026-09-29T15:02:36Z,unverified,,9ca942a568882bbd6b774a0d5553b585fd3c21e22108b84064e56abca54efbeb,others_column_named_candidate;blank_null_includes_undecided
2026-1-be9e661c3d,2026,1,,Gerp,,2026-07-03,2026-07-07,,2000,,"with Hertz Dias, Lula, Marcos Pontes",Marcos Pontes,18.0,total,28.0,,,https://pt.wikipedia.org/w/index.php?title=Pesquisas_de_opini%C3%A3o_para_a_elei%C3%A7%C3%A3o_presidencial_no_Brasil_em_2026&oldid=73082572,wikipedia_revision,73082572,2026-09-29T15:02:36Z,unverified,,9ca942a568882bbd6b774a0d5553b585fd3c21e22108b84064e56abca54efbeb,others_column_named_candidate;blank_null_includes_undecided
2026-1-be9e661c3d,2026,1,,Gerp,,2026-07-03,2026-07-07,,2000,,"with Fernando Haddad, Flávio Bolsonaro",Flávio Bolsonaro,30.0,total,26.0,,,https://pt.wikipedia.org/w/index.php?title=Pesquisas_de_opini%C3%A3o_para_a_elei%C3%A7%C3%A3o_presidencial_no_Brasil_em_2026&oldid=73082572,wikipedia_revision,73082572,2026-09-29T15:02:36Z,unverified,,9ca942a568882bbd6b774a0d5553b585fd3c21e22108b84064e56abca54efbeb,others_column_named_candidate;blank_null_includes_undecided
2026-1-be9e661c3d,2026,1,,Gerp,,2026-07-03,2026-07-07,,2000,,"with Fernando Haddad, Flávio Bolsonaro",Ronaldo Caiado,5.0,total,26.0,,,https://pt.wikipedia.org/w/index.php?title=Pesquisas_de_opini%C3%A3o_para_a_elei%C3%A7%C3%A3o_presidencial_no_Brasil_em_2026&oldid=73082572,wikipedia_revision,73082572,2026-09-29T15:02:36Z,unverified,,9ca942a568882bbd6b774a0d5553b585fd3c21e22108b84064e56abca54efbeb,others_column_named_candidate;blank_null_includes_undecided
2026-1-be9e661c3d,2026,1,,Gerp,,2026-07-03,2026-07-07,,2000,,"with Fernando Haddad, Flávio Bolsonaro",Romeu Zema,2.0,total,26.0,,,https://pt.wikipedia.org/w/index.php?title=Pesquisas_de_opini%C3%A3o_para_a_elei%C3%A7%C3%A3o_presidencial_no_Brasil_em_2026&oldid=73082572,wikipedia_revision,73082572,2026-09-29T15:02:36Z,unverified,,9ca942a568882bbd6b774a0d5553b585fd3c21e22108b84064e56abca54efbeb,others_column_named_candidate;blank_null_includes_undecided
2026-1-be9e661c3d,2026,1,,Gerp,,2026-07-03,2026-07-07,,2000,,"with Fernando Haddad, Flávio Bolsonaro",Renan Santos,3.0,total,26.0,,,https://pt.wikipedia.org/w/index.php?title=Pesquisas_de_opini%C3%A3o_para_a_elei%C3%A7%C3%A3o_presidencial_no_Brasil_em_2026&oldid=73082572,wikipedia_revision,73082572,2026-09-29T15:02:36Z,unverified,,9ca942a568882bbd6b774a0d5553b585fd3c21e22108b84064e56abca54efbeb,others_column_named_candidate;blank_null_includes_undecided
2026-1-be9e661c3d,2026,1,,Gerp,,2026-07-03,2026-07-07,,2000,,"with Fernando Haddad, Flávio Bolsonaro",Aécio Neves,2.0,total,26.0,,,https://pt.wikipedia.org/w/index.php?title=Pesquisas_de_opini%C3%A3o_para_a_elei%C3%A7%C3%A3o_presidencial_no_Brasil_em_2026&oldid=73082572,wikipedia_revision,73082572,2026-09-29T15:02:36Z,unverified,,9ca942a568882bbd6b774a0d5553b585fd3c21e22108b84064e56abca54efbeb,others_column_named_candidate;blank_null_includes_undecided
2026-1-be9e661c3d,2026,1,,Gerp,,2026-07-03,2026-07-07,,2000,,"with Fernando Haddad, Flávio Bolsonaro",Cabo Daciolo,1.0,total,26.0,,,https://pt.wikipedia.org/w/index.php?title=Pesquisas_de_opini%C3%A3o_para_a_elei%C3%A7%C3%A3o_presidencial_no_Brasil_em_2026&oldid=73082572,wikipedia_revision,73082572,2026-09-29T15:02:36Z,unverified,,9ca942a568882bbd6b774a0d5553b585fd3c21e22108b84064e56abca54efbeb,others_column_named_candidate;blank_null_includes_undecided
2026-1-be9e661c3d,2026,1,,Gerp,,2026-07-03,2026-07-07,,2000,,"with Fernando Haddad, Flávio Bolsonaro",Augusto Cury,1.0,total,26.0,,,https://pt.wikipedia.org/w/index.php?title=Pesquisas_de_opini%C3%A3o_para_a_elei%C3%A7%C3%A3o_presidencial_no_Brasil_em_2026&oldid=73082572,wikipedia_revision,73082572,2026-09-29T15:02:36Z,unverified,,9ca942a568882bbd6b774a0d5553b585fd3c21e22108b84064e56abca54efbeb,others_column_named_candidate;blank_null_includes_undecided
2026-1-be9e661c3d,2026,1,,Gerp,,2026-07-03,2026-07-07,,2000,,"with Fernando Haddad, Flávio Bolsonaro",Joaquim Barbosa,1.0,total,26.0,,,https://pt.wikipedia.org/w/index.php?title=Pesquisas_de_opini%C3%A3o_para_a_elei%C3%A7%C3%A3o_presidencial_no_Brasil_em_2026&oldid=73082572,wikipedia_revision,73082572,2026-09-29T15:02:36Z,unverified,,9ca942a568882bbd6b774a0d5553b585fd3c21e22108b84064e56abca54efbeb,others_column_named_candidate;blank_null_includes_undecided
2026-1-be9e661c3d,2026,1,,Gerp,,2026-07-03,2026-07-07,,2000,,"with Fernando Haddad, Flávio Bolsonaro",Samara Martins,0.0,total,26.0,,,https://pt.wikipedia.org/w/index.php?title=Pesquisas_de_opini%C3%A3o_para_a_elei%C3%A7%C3%A3o_presidencial_no_Brasil_em_2026&oldid=73082572,wikipedia_revision,73082572,2026-09-29T15:02:36Z,unverified,,9ca942a568882bbd6b774a0d5553b585fd3c21e22108b84064e56abca54efbeb,others_column_named_candidate;blank_null_includes_undecided
2026-1-be9e661c3d,2026,1,,Gerp,,2026-07-03,2026-07-07,,2000,,"with Fernando Haddad, Flávio Bolsonaro",Rui Costa Pimenta,0.0,total,26.0,,,https://pt.wikipedia.org/w/index.php?title=Pesquisas_de_opini%C3%A3o_para_a_elei%C3%A7%C3%A3o_presidencial_no_Brasil_em_2026&oldid=73082572,wikipedia_revision,73082572,2026-09-29T15:02:36Z,unverified,,9ca942a568882bbd6b774a0d5553b585fd3c21e22108b84064e56abca54efbeb,others_column_named_candidate;blank_null_includes_undecided
2026-1-be9e661c3d,2026,1,,Gerp,,2026-07-03,2026-07-07,,2000,,"with Fernando Haddad, Flávio Bolsonaro",Fernando Haddad,28.0,total,26.0,,,https://pt.wikipedia.org/w/index.php?title=Pesquisas_de_opini%C3%A3o_para_a_elei%C3%A7%C3%A3o_presidencial_no_Brasil_em_2026&oldid=73082572,wikipedia_revision,73082572,2026-09-29T15:02:36Z,unverified,,9ca942a568882bbd6b774a0d5553b585fd3c21e22108b84064e56abca54efbeb,others_column_named_candidate;blank_null_includes_undecided
2026-1-be9e661c3d,2026,1,,Gerp,,2026-07-03,2026-07-07,,2000,,"with Flávio Bolsonaro, Geraldo Alckmin",Flávio Bolsonaro,31.0,total,27.0,,,https://pt.wikipedia.org/w/index.php?title=Pesquisas_de_opini%C3%A3o_para_a_elei%C3%A7%C3%A3o_presidencial_no_Brasil_em_2026&oldid=73082572,wikipedia_revision,73082572,2026-09-29T15:02:36Z,unverified,,9ca942a568882bbd6b774a0d5553b585fd3c21e22108b84064e56abca54efbeb,others_column_named_candidate;blank_null_includes_undecided
2026-1-be9e661c3d,2026,1,,Gerp,,2026-07-03,2026-07-07,,2000,,"with Flávio Bolsonaro, Geraldo Alckmin",Ronaldo Caiado,4.0,total,27.0,,,https://pt.wikipedia.org/w/index.php?title=Pesquisas_de_opini%C3%A3o_para_a_elei%C3%A7%C3%A3o_presidencial_no_Brasil_em_2026&oldid=73082572,wikipedia_revision,73082572,2026-09-29T15:02:36Z,unverified,,9ca942a568882bbd6b774a0d5553b585fd3c21e22108b84064e56abca54efbeb,others_column_named_candidate;blank_null_includes_undecided
2026-1-be9e661c3d,2026,1,,Gerp,,2026-07-03,2026-07-07,,2000,,"with Flávio Bolsonaro, Geraldo Alckmin",Romeu Zema,3.0,total,27.0,,,https://pt.wikipedia.org/w/index.php?title=Pesquisas_de_opini%C3%A3o_para_a_elei%C3%A7%C3%A3o_presidencial_no_Brasil_em_2026&oldid=73082572,wikipedia_revision,73082572,2026-09-29T15:02:36Z,unverified,,9ca942a568882bbd6b774a0d5553b585fd3c21e22108b84064e56abca54efbeb,others_column_named_candidate;blank_null_includes_undecided
2026-1-be9e661c3d,2026,1,,Gerp,,2026-07-03,2026-07-07,,2000,,"with Flávio Bolsonaro, Geraldo Alckmin",Renan Santos,3.0,total,27.0,,,https://pt.wikipedia.org/w/index.php?title=Pesquisas_de_opini%C3%A3o_para_a_elei%C3%A7%C3%A3o_presidencial_no_Brasil_em_2026&oldid=73082572,wikipedia_revision,73082572,2026-09-29T15:02:36Z,unverified,,9ca942a568882bbd6b774a0d5553b585fd3c21e22108b84064e56abca54efbeb,others_column_named_candidate;blank_null_includes_undecided
2026-1-be9e661c3d,2026,1,,Gerp,,2026-07-03,2026-07-07,,2000,,"with Flávio Bolsonaro, Geraldo Alckmin",Aécio Neves,1.0,total,27.0,,,https://pt.wikipedia.org/w/index.php?title=Pesquisas_de_opini%C3%A3o_para_a_elei%C3%A7%C3%A3o_presidencial_no_Brasil_em_2026&oldid=73082572,wikipedia_revision,73082572,2026-09-29T15:02:36Z,unverified,,9ca942a568882bbd6b774a0d5553b585fd3c21e22108b84064e56abca54efbeb,others_column_named_candidate;blank_null_includes_undecided
2026-1-be9e661c3d,2026,1,,Gerp,,2026-07-03,2026-07-07,,2000,,"with Flávio Bolsonaro, Geraldo Alckmin",Cabo Daciolo,1.0,total,27.0,,,https://pt.wikipedia.org/w/index.php?title=Pesquisas_de_opini%C3%A3o_para_a_elei%C3%A7%C3%A3o_presidencial_no_Brasil_em_2026&oldid=73082572,wikipedia_revision,73082572,2026-09-29T15:02:36Z,unverified,,9ca942a568882bbd6b774a0d5553b585fd3c21e22108b84064e56abca54efbeb,others_column_named_candidate;blank_null_includes_undecided
2026-1-be9e661c3d,2026,1,,Gerp,,2026-07-03,2026-07-07,,2000,,"with Flávio Bolsonaro, Geraldo Alckmin",Augusto Cury,1.0,total,27.0,,,https://pt.wikipedia.org/w/index.php?title=Pesquisas_de_opini%C3%A3o_para_a_elei%C3%A7%C3%A3o_presidencial_no_Brasil_em_2026&oldid=73082572,wikipedia_revision,73082572,2026-09-29T15:02:36Z,unverified,,9ca942a568882bbd6b774a0d5553b585fd3c21e22108b84064e56abca54efbeb,others_column_named_candidate;blank_null_includes_undecided
2026-1-be9e661c3d,2026,1,,Gerp,,2026-07-03,2026-07-07,,2000,,"with Flávio Bolsonaro, Geraldo Alckmin",Joaquim Barbosa,1.0,total,27.0,,,https://pt.wikipedia.org/w/index.php?title=Pesquisas_de_opini%C3%A3o_para_a_elei%C3%A7%C3%A3o_presidencial_no_Brasil_em_2026&oldid=73082572,wikipedia_revision,73082572,2026-09-29T15:02:36Z,unverified,,9ca942a568882bbd6b774a0d5553b585fd3c21e22108b84064e56abca54efbeb,others_column_named_candidate;blank_null_includes_undecided
2026-1-be9e661c3d,2026,1,,Gerp,,2026-07-03,2026-07-07,,2000,,"with Flávio Bolsonaro, Geraldo Alckmin",Samara Martins,0.0,total,27.0,,,https://pt.wikipedia.org/w/index.php?title=Pesquisas_de_opini%C3%A3o_para_a_elei%C3%A7%C3%A3o_presidencial_no_Brasil_em_2026&oldid=73082572,wikipedia_revision,73082572,2026-09-29T15:02:36Z,unverified,,9ca942a568882bbd6b774a0d5553b585fd3c21e22108b84064e56abca54efbeb,others_column_named_candidate;blank_null_includes_undecided
2026-1-be9e661c3d,2026,1,,Gerp,,2026-07-03,2026-07-07,,2000,,"with Flávio Bolsonaro, Geraldo Alckmin",Rui Costa Pimenta,0.0,total,27.0,,,https://pt.wikipedia.org/w/index.php?title=Pesquisas_de_opini%C3%A3o_para_a_elei%C3%A7%C3%A3o_presidencial_no_Brasil_em_2026&oldid=73082572,wikipedia_revision,73082572,2026-09-29T15:02:36Z,unverified,,9ca942a568882bbd6b774a0d5553b585fd3c21e22108b84064e56abca54efbeb,others_column_named_candidate;blank_null_includes_undecided
2026-1-be9e661c3d,2026,1,,Gerp,,2026-07-03,2026-07-07,,2000,,"with Flávio Bolsonaro, Geraldo Alckmin",Geraldo Alckmin,27.0,total,27.0,,,https://pt.wikipedia.org/w/index.php?title=Pesquisas_de_opini%C3%A3o_para_a_elei%C3%A7%C3%A3o_presidencial_no_Brasil_em_2026&oldid=73082572,wikipedia_revision,73082572,2026-09-29T15:02:36Z,unverified,,9ca942a568882bbd6b774a0d5553b585fd3c21e22108b84064e56abca54efbeb,others_column_named_candidate;blank_null_includes_undecided
2026-1-b8216efae8,2026,1,,Ideia,Meio,2026-07-03,2026-07-06,,2000,,without Michelle Bolsonaro,Lula,40.4,total,13.6,,,https://pt.wikipedia.org/w/index.php?title=Pesquisas_de_opini%C3%A3o_para_a_elei%C3%A7%C3%A3o_presidencial_no_Brasil_em_2026&oldid=73082572,wikipedia_revision,73082572,2026-09-29T15:02:36Z,unverified,,9ca942a568882bbd6b774a0d5553b585fd3c21e22108b84064e56abca54efbeb,blank_null_includes_undecided
2026-1-b8216efae8,2026,1,,Ideia,Meio,2026-07-03,2026-07-06,,2000,,without Michelle Bolsonaro,Flávio Bolsonaro,32.0,total,13.6,,,https://pt.wikipedia.org/w/index.php?title=Pesquisas_de_opini%C3%A3o_para_a_elei%C3%A7%C3%A3o_presidencial_no_Brasil_em_2026&oldid=73082572,wikipedia_revision,73082572,2026-09-29T15:02:36Z,unverified,,9ca942a568882bbd6b774a0d5553b585fd3c21e22108b84064e56abca54efbeb,blank_null_includes_undecided
2026-1-b8216efae8,2026,1,,Ideia,Meio,2026-07-03,2026-07-06,,2000,,without Michelle Bolsonaro,Ronaldo Caiado,4.0,total,13.6,,,https://pt.wikipedia.org/w/index.php?title=Pesquisas_de_opini%C3%A3o_para_a_elei%C3%A7%C3%A3o_presidencial_no_Brasil_em_2026&oldid=73082572,wikipedia_revision,73082572,2026-09-29T15:02:36Z,unverified,,9ca942a568882bbd6b774a0d5553b585fd3c21e22108b84064e56abca54efbeb,blank_null_includes_undecided
2026-1-b8216efae8,2026,1,,Ideia,Meio,2026-07-03,2026-07-06,,2000,,without Michelle Bolsonaro,Romeu Zema,2.5,total,13.6,,,https://pt.wikipedia.org/w/index.php?title=Pesquisas_de_opini%C3%A3o_para_a_elei%C3%A7%C3%A3o_presidencial_no_Brasil_em_2026&oldid=73082572,wikipedia_revision,73082572,2026-09-29T15:02:36Z,unverified,,9ca942a568882bbd6b774a0d5553b585fd3c21e22108b84064e56abca54efbeb,blank_null_includes_undecided
2026-1-b8216efae8,2026,1,,Ideia,Meio,2026-07-03,2026-07-06,,2000,,without Michelle Bolsonaro,Renan Santos,2.0,total,13.6,,,https://pt.wikipedia.org/w/index.php?title=Pesquisas_de_opini%C3%A3o_para_a_elei%C3%A7%C3%A3o_presidencial_no_Brasil_em_2026&oldid=73082572,wikipedia_revision,73082572,2026-09-29T15:02:36Z,unverified,,9ca942a568882bbd6b774a0d5553b585fd3c21e22108b84064e56abca54efbeb,blank_null_includes_undecided
2026-1-b8216efae8,2026,1,,Ideia,Meio,2026-07-03,2026-07-06,,2000,,without Michelle Bolsonaro,Aécio Neves,2.0,total,13.6,,,https://pt.wikipedia.org/w/index.php?title=Pesquisas_de_opini%C3%A3o_para_a_elei%C3%A7%C3%A3o_presidencial_no_Brasil_em_2026&oldid=73082572,wikipedia_revision,73082572,2026-09-29T15:02:36Z,unverified,,9ca942a568882bbd6b774a0d5553b585fd3c21e22108b84064e56abca54efbeb,blank_null_includes_undecided
2026-1-b8216efae8,2026,1,,Ideia,Meio,2026-07-03,2026-07-06,,2000,,without Michelle Bolsonaro,Cabo Daciolo,0.5,total,13.6,,,https://pt.wikipedia.org/w/index.php?title=Pesquisas_de_opini%C3%A3o_para_a_elei%C3%A7%C3%A3o_presidencial_no_Brasil_em_2026&oldid=73082572,wikipedia_revision,73082572,2026-09-29T15:02:36Z,unverified,,9ca942a568882bbd6b774a0d5553b585fd3c21e22108b84064e56abca54efbeb,blank_null_includes_undecided
2026-1-b8216efae8,2026,1,,Ideia,Meio,2026-07-03,2026-07-06,,2000,,without Michelle Bolsonaro,Augusto Cury,1.5,total,13.6,,,https://pt.wikipedia.org/w/index.php?title=Pesquisas_de_opini%C3%A3o_para_a_elei%C3%A7%C3%A3o_presidencial_no_Brasil_em_2026&oldid=73082572,wikipedia_revision,73082572,2026-09-29T15:02:36Z,unverified,,9ca942a568882bbd6b774a0d5553b585fd3c21e22108b84064e56abca54efbeb,blank_null_includes_undecided
2026-1-b8216efae8,2026,1,,Ideia,Meio,2026-07-03,2026-07-06,,2000,,without Michelle Bolsonaro,Joaquim Barbosa,0.5,total,13.6,,,https://pt.wikipedia.org/w/index.php?title=Pesquisas_de_opini%C3%A3o_para_a_elei%C3%A7%C3%A3o_presidencial_no_Brasil_em_2026&oldid=73082572,wikipedia_revision,73082572,2026-09-29T15:02:36Z,unverified,,9ca942a568882bbd6b774a0d5553b585fd3c21e22108b84064e56abca54efbeb,blank_null_includes_undecided
2026-1-b8216efae8,2026,1,,Ideia,Meio,2026-07-03,2026-07-06,,2000,,without Michelle Bolsonaro,Samara Martins,0.4,total,13.6,,,https://pt.wikipedia.org/w/index.php?title=Pesquisas_de_opini%C3%A3o_para_a_elei%C3%A7%C3%A3o_presidencial_no_Brasil_em_2026&oldid=73082572,wikipedia_revision,73082572,2026-09-29T15:02:36Z,unverified,,9ca942a568882bbd6b774a0d5553b585fd3c21e22108b84064e56abca54efbeb,blank_null_includes_undecided
2026-1-b8216efae8,2026,1,,Ideia,Meio,2026-07-03,2026-07-06,,2000,,without Michelle Bolsonaro,Hertz Dias,0.1,total,13.6,,,https://pt.wikipedia.org/w/index.php?title=Pesquisas_de_opini%C3%A3o_para_a_elei%C3%A7%C3%A3o_presidencial_no_Brasil_em_2026&oldid=73082572,wikipedia_revision,73082572,2026-09-29T15:02:36Z,unverified,,9ca942a568882bbd6b774a0d5553b585fd3c21e22108b84064e56abca54efbeb,blank_null_includes_undecided
2026-1-b8216efae8,2026,1,,Ideia,Meio,2026-07-03,2026-07-06,,2000,,without Michelle Bolsonaro,Edmilson Costa,0.1,total,13.6,,,https://pt.wikipedia.org/w/index.php?title=Pesquisas_de_opini%C3%A3o_para_a_elei%C3%A7%C3%A3o_presidencial_no_Brasil_em_2026&oldid=73082572,wikipedia_revision,73082572,2026-09-29T15:02:36Z,unverified,,9ca942a568882bbd6b774a0d5553b585fd3c21e22108b84064e56abca54efbeb,blank_null_includes_undecided
2026-1-b8216efae8,2026,1,,Ideia,Meio,2026-07-03,2026-07-06,,2000,,without Michelle Bolsonaro,Rui Costa Pimenta,0.4,total,13.6,,,https://pt.wikipedia.org/w/index.php?title=Pesquisas_de_opini%C3%A3o_para_a_elei%C3%A7%C3%A3o_presidencial_no_Brasil_em_2026&oldid=73082572,wikipedia_revision,73082572,2026-09-29T15:02:36Z,unverified,,9ca942a568882bbd6b774a0d5553b585fd3c21e22108b84064e56abca54efbeb,blank_null_includes_undecided
2026-1-b8216efae8,2026,1,,Ideia,Meio,2026-07-03,2026-07-06,,2000,,without Michelle Bolsonaro,__others__,0.0,total,13.6,,,https://pt.wikipedia.org/w/index.php?title=Pesquisas_de_opini%C3%A3o_para_a_elei%C3%A7%C3%A3o_presidencial_no_Brasil_em_2026&oldid=73082572,wikipedia_revision,73082572,2026-09-29T15:02:36Z,unverified,,9ca942a568882bbd6b774a0d5553b585fd3c21e22108b84064e56abca54efbeb,blank_null_includes_undecided
2026-1-b8216efae8,2026,1,,Ideia,Meio,2026-07-03,2026-07-06,,2000,,without Flávio Bolsonaro,Lula,40.4,total,8.3,,,https://pt.wikipedia.org/w/index.php?title=Pesquisas_de_opini%C3%A3o_para_a_elei%C3%A7%C3%A3o_presidencial_no_Brasil_em_2026&oldid=73082572,wikipedia_revision,73082572,2026-09-29T15:02:36Z,unverified,,9ca942a568882bbd6b774a0d5553b585fd3c21e22108b84064e56abca54efbeb,others_column_named_candidate;blank_null_includes_undecided
2026-1-b8216efae8,2026,1,,Ideia,Meio,2026-07-03,2026-07-06,,2000,,without Flávio Bolsonaro,Ronaldo Caiado,7.0,total,8.3,,,https://pt.wikipedia.org/w/index.php?title=Pesquisas_de_opini%C3%A3o_para_a_elei%C3%A7%C3%A3o_presidencial_no_Brasil_em_2026&oldid=73082572,wikipedia_revision,73082572,2026-09-29T15:02:36Z,unverified,,9ca942a568882bbd6b774a0d5553b585fd3c21e22108b84064e56abca54efbeb,others_column_named_candidate;blank_null_includes_undecided
2026-1-b8216efae8,2026,1,,Ideia,Meio,2026-07-03,2026-07-06,,2000,,without Flávio Bolsonaro,Romeu Zema,4.4,total,8.3,,,https://pt.wikipedia.org/w/index.php?title=Pesquisas_de_opini%C3%A3o_para_a_elei%C3%A7%C3%A3o_presidencial_no_Brasil_em_2026&oldid=73082572,wikipedia_revision,73082572,2026-09-29T15:02:36Z,unverified,,9ca942a568882bbd6b774a0d5553b585fd3c21e22108b84064e56abca54efbeb,others_column_named_candidate;blank_null_includes_undecided
2026-1-b8216efae8,2026,1,,Ideia,Meio,2026-07-03,2026-07-06,,2000,,without Flávio Bolsonaro,Renan Santos,3.5,total,8.3,,,https://pt.wikipedia.org/w/index.php?title=Pesquisas_de_opini%C3%A3o_para_a_elei%C3%A7%C3%A3o_presidencial_no_Brasil_em_2026&oldid=73082572,wikipedia_revision,73082572,2026-09-29T15:02:36Z,unverified,,9ca942a568882bbd6b774a0d5553b585fd3c21e22108b84064e56abca54efbeb,others_column_named_candidate;blank_null_includes_undecided
2026-1-b8216efae8,2026,1,,Ideia,Meio,2026-07-03,2026-07-06,,2000,,without Flávio Bolsonaro,Aécio Neves,3.2,total,8.3,,,https://pt.wikipedia.org/w/index.php?title=Pesquisas_de_opini%C3%A3o_para_a_elei%C3%A7%C3%A3o_presidencial_no_Brasil_em_2026&oldid=73082572,wikipedia_revision,73082572,2026-09-29T15:02:36Z,unverified,,9ca942a568882bbd6b774a0d5553b585fd3c21e22108b84064e56abca54efbeb,others_column_named_candidate;blank_null_includes_undecided
2026-1-b8216efae8,2026,1,,Ideia,Meio,2026-07-03,2026-07-06,,2000,,without Flávio Bolsonaro,Cabo Daciolo,0.4,total,8.3,,,https://pt.wikipedia.org/w/index.php?title=Pesquisas_de_opini%C3%A3o_para_a_elei%C3%A7%C3%A3o_presidencial_no_Brasil_em_2026&oldid=73082572,wikipedia_revision,73082572,2026-09-29T15:02:36Z,unverified,,9ca942a568882bbd6b774a0d5553b585fd3c21e22108b84064e56abca54efbeb,others_column_named_candidate;blank_null_includes_undecided
2026-1-b8216efae8,2026,1,,Ideia,Meio,2026-07-03,2026-07-06,,2000,,without Flávio Bolsonaro,Augusto Cury,2.5,total,8.3,,,https://pt.wikipedia.org/w/index.php?title=Pesquisas_de_opini%C3%A3o_para_a_elei%C3%A7%C3%A3o_presidencial_no_Brasil_em_2026&oldid=73082572,wikipedia_revision,73082572,2026-09-29T15:02:36Z,unverified,,9ca942a568882bbd6b774a0d5553b585fd3c21e22108b84064e56abca54efbeb,others_column_named_candidate;blank_null_includes_undecided
2026-1-b8216efae8,2026,1,,Ideia,Meio,2026-07-03,2026-07-06,,2000,,without Flávio Bolsonaro,Joaquim Barbosa,0.6,total,8.3,,,https://pt.wikipedia.org/w/index.php?title=Pesquisas_de_opini%C3%A3o_para_a_elei%C3%A7%C3%A3o_presidencial_no_Brasil_em_2026&oldid=73082572,wikipedia_revision,73082572,2026-09-29T15:02:36Z,unverified,,9ca942a568882bbd6b774a0d5553b585fd3c21e22108b84064e56abca54efbeb,others_column_named_candidate;blank_null_includes_undecided
2026-1-b8216efae8,2026,1,,Ideia,Meio,2026-07-03,2026-07-06,,2000,,without Flávio Bolsonaro,Samara Martins,0.1,total,8.3,,,https://pt.wikipedia.org/w/index.php?title=Pesquisas_de_opini%C3%A3o_para_a_elei%C3%A7%C3%A3o_presidencial_no_Brasil_em_2026&oldid=73082572,wikipedia_revision,73082572,2026-09-29T15:02:36Z,unverified,,9ca942a568882bbd6b774a0d5553b585fd3c21e22108b84064e56abca54efbeb,others_column_named_candidate;blank_null_includes_undecided
2026-1-b8216efae8,2026,1,,Ideia,Meio,2026-07-03,2026-07-06,,2000,,without Flávio Bolsonaro,Hertz Dias,0.1,total,8.3,,,https://pt.wikipedia.org/w/index.php?title=Pesquisas_de_opini%C3%A3o_para_a_elei%C3%A7%C3%A3o_presidencial_no_Brasil_em_2026&oldid=73082572,wikipedia_revision,73082572,2026-09-29T15:02:36Z,unverified,,9ca942a568882bbd6b774a0d5553b585fd3c21e22108b84064e56abca54efbeb,others_column_named_candidate;blank_null_includes_undecided
2026-1-b8216efae8,2026,1,,Ideia,Meio,2026-07-03,2026-07-06,,2000,,without Flávio Bolsonaro,Edmilson Costa,0.1,total,8.3,,,https://pt.wikipedia.org/w/index.php?title=Pesquisas_de_opini%C3%A3o_para_a_elei%C3%A7%C3%A3o_presidencial_no_Brasil_em_2026&oldid=73082572,wikipedia_revision,73082572,2026-09-29T15:02:36Z,unverified,,9ca942a568882bbd6b774a0d5553b585fd3c21e22108b84064e56abca54efbeb,others_column_named_candidate;blank_null_includes_undecided
2026-1-b8216efae8,2026,1,,Ideia,Meio,2026-07-03,2026-07-06,,2000,,without Flávio Bolsonaro,Rui Costa Pimenta,0.1,total,8.3,,,https://pt.wikipedia.org/w/index.php?title=Pesquisas_de_opini%C3%A3o_para_a_elei%C3%A7%C3%A3o_presidencial_no_Brasil_em_2026&oldid=73082572,wikipedia_revision,73082572,2026-09-29T15:02:36Z,unverified,,9ca942a568882bbd6b774a0d5553b585fd3c21e22108b84064e56abca54efbeb,others_column_named_candidate;blank_null_includes_undecided
2026-1-b8216efae8,2026,1,,Ideia,Meio,2026-07-03,2026-07-06,,2000,,without Flávio Bolsonaro,Michelle Bolsonaro,29.4,total,8.3,,,https://pt.wikipedia.org/w/index.php?title=Pesquisas_de_opini%C3%A3o_para_a_elei%C3%A7%C3%A3o_presidencial_no_Brasil_em_2026&oldid=73082572,wikipedia_revision,73082572,2026-09-29T15:02:36Z,unverified,,9ca942a568882bbd6b774a0d5553b585fd3c21e22108b84064e56abca54efbeb,others_column_named_candidate;blank_null_includes_undecided
2026-1-b6595ee9f5,2026,1,,AtlasIntel,,2026-06-26,2026-06-30,,4999,,"without Ciro Gomes, Fernando Haddad, Jair Bolsonaro, Michelle Bolsonaro, Simone Tebet",Lula,46.3,total,1.2,,,https://pt.wikipedia.org/w/index.php?title=Pesquisas_de_opini%C3%A3o_para_a_elei%C3%A7%C3%A3o_presidencial_no_Brasil_em_2026&oldid=73082572,wikipedia_revision,73082572,2026-09-29T15:02:36Z,unverified,,9ca942a568882bbd6b774a0d5553b585fd3c21e22108b84064e56abca54efbeb,pollster_name_normalised_from:Atlasinstel;blank_null_includes_undecided
2026-1-b6595ee9f5,2026,1,,AtlasIntel,,2026-06-26,2026-06-30,,4999,,"without Ciro Gomes, Fernando Haddad, Jair Bolsonaro, Michelle Bolsonaro, Simone Tebet",Flávio Bolsonaro,36.6,total,1.2,,,https://pt.wikipedia.org/w/index.php?title=Pesquisas_de_opini%C3%A3o_para_a_elei%C3%A7%C3%A3o_presidencial_no_Brasil_em_2026&oldid=73082572,wikipedia_revision,73082572,2026-09-29T15:02:36Z,unverified,,9ca942a568882bbd6b774a0d5553b585fd3c21e22108b84064e56abca54efbeb,pollster_name_normalised_from:Atlasinstel;blank_null_includes_undecided
2026-1-b6595ee9f5,2026,1,,AtlasIntel,,2026-06-26,2026-06-30,,4999,,"without Ciro Gomes, Fernando Haddad, Jair Bolsonaro, Michelle Bolsonaro, Simone Tebet",Ronaldo Caiado,2.9,total,1.2,,,https://pt.wikipedia.org/w/index.php?title=Pesquisas_de_opini%C3%A3o_para_a_elei%C3%A7%C3%A3o_presidencial_no_Brasil_em_2026&oldid=73082572,wikipedia_revision,73082572,2026-09-29T15:02:36Z,unverified,,9ca942a568882bbd6b774a0d5553b585fd3c21e22108b84064e56abca54efbeb,pollster_name_normalised_from:Atlasinstel;blank_null_includes_undecided
2026-1-b6595ee9f5,2026,1,,AtlasIntel,,2026-06-26,2026-06-30,,4999,,"without Ciro Gomes, Fernando Haddad, Jair Bolsonaro, Michelle Bolsonaro, Simone Tebet",Romeu Zema,2.0,total,1.2,,,https://pt.wikipedia.org/w/index.php?title=Pesquisas_de_opini%C3%A3o_para_a_elei%C3%A7%C3%A3o_presidencial_no_Brasil_em_2026&oldid=73082572,wikipedia_revision,73082572,2026-09-29T15:02:36Z,unverified,,9ca942a568882bbd6b774a0d5553b585fd3c21e22108b84064e56abca54efbeb,pollster_name_normalised_from:Atlasinstel;blank_null_includes_undecided
2026-1-b6595ee9f5,2026,1,,AtlasIntel,,2026-06-26,2026-06-30,,4999,,"without Ciro Gomes, Fernando Haddad, Jair Bolsonaro, Michelle Bolsonaro, Simone Tebet",Renan Santos,7.8,total,1.2,,,https://pt.wikipedia.org/w/index.php?title=Pesquisas_de_opini%C3%A3o_para_a_elei%C3%A7%C3%A3o_presidencial_no_Brasil_em_2026&oldid=73082572,wikipedia_revision,73082572,2026-09-29T15:02:36Z,unverified,,9ca942a568882bbd6b774a0d5553b585fd3c21e22108b84064e56abca54efbeb,pollster_name_normalised_from:Atlasinstel;blank_null_includes_undecided
2026-1-b6595ee9f5,2026,1,,AtlasIntel,,2026-06-26,2026-06-30,,4999,,"without Ciro Gomes, Fernando Haddad, Jair Bolsonaro, Michelle Bolsonaro, Simone Tebet",Aécio Neves,0.7,total,1.2,,,https://pt.wikipedia.org/w/index.php?title=Pesquisas_de_opini%C3%A3o_para_a_elei%C3%A7%C3%A3o_presidencial_no_Brasil_em_2026&oldid=73082572,wikipedia_revision,73082572,2026-09-29T15:02:36Z,unverified,,9ca942a568882bbd6b774a0d5553b585fd3c21e22108b84064e56abca54efbeb,pollster_name_normalised_from:Atlasinstel;blank_null_includes_undecided
2026-1-b6595ee9f5,2026,1,,AtlasIntel,,2026-06-26,2026-06-30,,4999,,"without Ciro Gomes, Fernando Haddad, Jair Bolsonaro, Michelle Bolsonaro, Simone Tebet",Cabo Daciolo,0.3,total,1.2,,,https://pt.wikipedia.org/w/index.php?title=Pesquisas_de_opini%C3%A3o_para_a_elei%C3%A7%C3%A3o_presidencial_no_Brasil_em_2026&oldid=73082572,wikipedia_revision,73082572,2026-09-29T15:02:36Z,unverified,,9ca942a568882bbd6b774a0d5553b585fd3c21e22108b84064e56abca54efbeb,pollster_name_normalised_from:Atlasinstel;blank_null_includes_undecided
2026-1-b6595ee9f5,2026,1,,AtlasIntel,,2026-06-26,2026-06-30,,4999,,"without Ciro Gomes, Fernando Haddad, Jair Bolsonaro, Michelle Bolsonaro, Simone Tebet",Augusto Cury,0.5,total,1.2,,,https://pt.wikipedia.org/w/index.php?title=Pesquisas_de_opini%C3%A3o_para_a_elei%C3%A7%C3%A3o_presidencial_no_Brasil_em_2026&oldid=73082572,wikipedia_revision,73082572,2026-09-29T15:02:36Z,unverified,,9ca942a568882bbd6b774a0d5553b585fd3c21e22108b84064e56abca54efbeb,pollster_name_normalised_from:Atlasinstel;blank_null_includes_undecided
2026-1-b6595ee9f5,2026,1,,AtlasIntel,,2026-06-26,2026-06-30,,4999,,"without Ciro Gomes, Fernando Haddad, Jair Bolsonaro, Michelle Bolsonaro, Simone Tebet",Joaquim Barbosa,1.0,total,1.2,,,https://pt.wikipedia.org/w/index.php?title=Pesquisas_de_opini%C3%A3o_para_a_elei%C3%A7%C3%A3o_presidencial_no_Brasil_em_2026&oldid=73082572,wikipedia_revision,73082572,2026-09-29T15:02:36Z,unverified,,9ca942a568882bbd6b774a0d5553b585fd3c21e22108b84064e56abca54efbeb,pollster_name_normalised_from:Atlasinstel;blank_null_includes_undecided
2026-1-b6595ee9f5,2026,1,,AtlasIntel,,2026-06-26,2026-06-30,,4999,,"without Ciro Gomes, Fernando Haddad, Jair Bolsonaro, Michelle Bolsonaro, Simone Tebet",Samara Martins,0.6,total,1.2,,,https://pt.wikipedia.org/w/index.php?title=Pesquisas_de_opini%C3%A3o_para_a_elei%C3%A7%C3%A3o_presidencial_no_Brasil_em_2026&oldid=73082572,wikipedia_revision,73082572,2026-09-29T15:02:36Z,unverified,,9ca942a568882bbd6b774a0d5553b585fd3c21e22108b84064e56abca54efbeb,pollster_name_normalised_from:Atlasinstel;blank_null_includes_undecided
2026-1-b6595ee9f5,2026,1,,AtlasIntel,,2026-06-26,2026-06-30,,4999,,"without Ciro Gomes, Fernando Haddad, Jair Bolsonaro, Michelle Bolsonaro, Simone Tebet",Hertz Dias,0.0,total,1.2,,,https://pt.wikipedia.org/w/index.php?title=Pesquisas_de_opini%C3%A3o_para_a_elei%C3%A7%C3%A3o_presidencial_no_Brasil_em_2026&oldid=73082572,wikipedia_revision,73082572,2026-09-29T15:02:36Z,unverified,,9ca942a568882bbd6b774a0d5553b585fd3c21e22108b84064e56abca54efbeb,pollster_name_normalised_from:Atlasinstel;blank_null_includes_undecided
2026-1-b6595ee9f5,2026,1,,AtlasIntel,,2026-06-26,2026-06-30,,4999,,"without Ciro Gomes, Fernando Haddad, Jair Bolsonaro, Michelle Bolsonaro, Simone Tebet",Edmilson Costa,0.0,total,1.2,,,https://pt.wikipedia.org/w/index.php?title=Pesquisas_de_opini%C3%A3o_para_a_elei%C3%A7%C3%A3o_presidencial_no_Brasil_em_2026&oldid=73082572,wikipedia_revision,73082572,2026-09-29T15:02:36Z,unverified,,9ca942a568882bbd6b774a0d5553b585fd3c21e22108b84064e56abca54efbeb,pollster_name_normalised_from:Atlasinstel;blank_null_includes_undecided
2026-1-b6595ee9f5,2026,1,,AtlasIntel,,2026-06-26,2026-06-30,,4999,,"without Ciro Gomes, Fernando Haddad, Jair Bolsonaro, Michelle Bolsonaro, Simone Tebet",Rui Costa Pimenta,0.1,total,1.2,,,https://pt.wikipedia.org/w/index.php?title=Pesquisas_de_opini%C3%A3o_para_a_elei%C3%A7%C3%A3o_presidencial_no_Brasil_em_2026&oldid=73082572,wikipedia_revision,73082572,2026-09-29T15:02:36Z,unverified,,9ca942a568882bbd6b774a0d5553b585fd3c21e22108b84064e56abca54efbeb,pollster_name_normalised_from:Atlasinstel;blank_null_includes_undecided
2026-1-b6595ee9f5,2026,1,,AtlasIntel,,2026-06-26,2026-06-30,,4999,,"with Flávio Bolsonaro, Joaquim Barbosa, Lula, Renan Santos, Romeu Zema, Ronaldo Caiado",Lula,47.2,total,1.3,,,https://pt.wikipedia.org/w/index.php?title=Pesquisas_de_opini%C3%A3o_para_a_elei%C3%A7%C3%A3o_presidencial_no_Brasil_em_2026&oldid=73082572,wikipedia_revision,73082572,2026-09-29T15:02:36Z,unverified,,9ca942a568882bbd6b774a0d5553b585fd3c21e22108b84064e56abca54efbeb,pollster_name_normalised_from:Atlasinstel;blank_null_includes_undecided
2026-1-b6595ee9f5,2026,1,,AtlasIntel,,2026-06-26,2026-06-30,,4999,,"with Flávio Bolsonaro, Joaquim Barbosa, Lula, Renan Santos, Romeu Zema, Ronaldo Caiado",Flávio Bolsonaro,36.3,total,1.3,,,https://pt.wikipedia.org/w/index.php?title=Pesquisas_de_opini%C3%A3o_para_a_elei%C3%A7%C3%A3o_presidencial_no_Brasil_em_2026&oldid=73082572,wikipedia_revision,73082572,2026-09-29T15:02:36Z,unverified,,9ca942a568882bbd6b774a0d5553b585fd3c21e22108b84064e56abca54efbeb,pollster_name_normalised_from:Atlasinstel;blank_null_includes_undecided
2026-1-b6595ee9f5,2026,1,,AtlasIntel,,2026-06-26,2026-06-30,,4999,,"with Flávio Bolsonaro, Joaquim Barbosa, Lula, Renan Santos, Romeu Zema, Ronaldo Caiado",Ronaldo Caiado,3.1,total,1.3,,,https://pt.wikipedia.org/w/index.php?title=Pesquisas_de_opini%C3%A3o_para_a_elei%C3%A7%C3%A3o_presidencial_no_Brasil_em_2026&oldid=73082572,wikipedia_revision,73082572,2026-09-29T15:02:36Z,unverified,,9ca942a568882bbd6b774a0d5553b585fd3c21e22108b84064e56abca54efbeb,pollster_name_normalised_from:Atlasinstel;blank_null_includes_undecided
2026-1-b6595ee9f5,2026,1,,AtlasIntel,,2026-06-26,2026-06-30,,4999,,"with Flávio Bolsonaro, Joaquim Barbosa, Lula, Renan Santos, Romeu Zema, Ronaldo Caiado",Romeu Zema,3.0,total,1.3,,,https://pt.wikipedia.org/w/index.php?title=Pesquisas_de_opini%C3%A3o_para_a_elei%C3%A7%C3%A3o_presidencial_no_Brasil_em_2026&oldid=73082572,wikipedia_revision,73082572,2026-09-29T15:02:36Z,unverified,,9ca942a568882bbd6b774a0d5553b585fd3c21e22108b84064e56abca54efbeb,pollster_name_normalised_from:Atlasinstel;blank_null_includes_undecided
2026-1-b6595ee9f5,2026,1,,AtlasIntel,,2026-06-26,2026-06-30,,4999,,"with Flávio Bolsonaro, Joaquim Barbosa, Lula, Renan Santos, Romeu Zema, Ronaldo Caiado",Renan Santos,7.8,total,1.3,,,https://pt.wikipedia.org/w/index.php?title=Pesquisas_de_opini%C3%A3o_para_a_elei%C3%A7%C3%A3o_presidencial_no_Brasil_em_2026&oldid=73082572,wikipedia_revision,73082572,2026-09-29T15:02:36Z,unverified,,9ca942a568882bbd6b774a0d5553b585fd3c21e22108b84064e56abca54efbeb,pollster_name_normalised_from:Atlasinstel;blank_null_includes_undecided
2026-1-b6595ee9f5,2026,1,,AtlasIntel,,2026-06-26,2026-06-30,,4999,,"with Flávio Bolsonaro, Joaquim Barbosa, Lula, Renan Santos, Romeu Zema, Ronaldo Caiado",Joaquim Barbosa,1.2,total,1.3,,,https://pt.wikipedia.org/w/index.php?title=Pesquisas_de_opini%C3%A3o_para_a_elei%C3%A7%C3%A3o_presidencial_no_Brasil_em_2026&oldid=73082572,wikipedia_revision,73082572,2026-09-29T15:02:36Z,unverified,,9ca942a568882bbd6b774a0d5553b585fd3c21e22108b84064e56abca54efbeb,pollster_name_normalised_from:Atlasinstel;blank_null_includes_undecided
2026-1-b6595ee9f5,2026,1,,AtlasIntel,,2026-06-26,2026-06-30,,4999,,"with Joaquim Barbosa, Lula, Michelle Bolsonaro, Renan Santos, Romeu Zema, Ronaldo Caiado",Lula,47.1,total,7.1,,,https://pt.wikipedia.org/w/index.php?title=Pesquisas_de_opini%C3%A3o_para_a_elei%C3%A7%C3%A3o_presidencial_no_Brasil_em_2026&oldid=73082572,wikipedia_revision,73082572,2026-09-29T15:02:36Z,unverified,,9ca942a568882bbd6b774a0d5553b585fd3c21e22108b84064e56abca54efbeb,pollster_name_normalised_from:Atlasinstel;others_column_named_candidate;blank_null_includes_undecided
2026-1-b6595ee9f5,2026,1,,AtlasIntel,,2026-06-26,2026-06-30,,4999,,"with Joaquim Barbosa, Lula, Michelle Bolsonaro, Renan Santos, Romeu Zema, Ronaldo Caiado",Ronaldo Caiado,8.1,total,7.1,,,https://pt.wikipedia.org/w/index.php?title=Pesquisas_de_opini%C3%A3o_para_a_elei%C3%A7%C3%A3o_presidencial_no_Brasil_em_2026&oldid=73082572,wikipedia_revision,73082572,2026-09-29T15:02:36Z,unverified,,9ca942a568882bbd6b774a0d5553b585fd3c21e22108b84064e56abca54efbeb,pollster_name_normalised_from:Atlasinstel;others_column_named_candidate;blank_null_includes_undecided
2026-1-b6595ee9f5,2026,1,,AtlasIntel,,2026-06-26,2026-06-30,,4999,,"with Joaquim Barbosa, Lula, Michelle Bolsonaro, Renan Santos, Romeu Zema, Ronaldo Caiado",Romeu Zema,8.6,total,7.1,,,https://pt.wikipedia.org/w/index.php?title=Pesquisas_de_opini%C3%A3o_para_a_elei%C3%A7%C3%A3o_presidencial_no_Brasil_em_2026&oldid=73082572,wikipedia_revision,73082572,2026-09-29T15:02:36Z,unverified,,9ca942a568882bbd6b774a0d5553b585fd3c21e22108b84064e56abca54efbeb,pollster_name_normalised_from:Atlasinstel;others_column_named_candidate;blank_null_includes_undecided
2026-1-b6595ee9f5,2026,1,,AtlasIntel,,2026-06-26,2026-06-30,,4999,,"with Joaquim Barbosa, Lula, Michelle Bolsonaro, Renan Santos, Romeu Zema, Ronaldo Caiado",Renan Santos,8.1,total,7.1,,,https://pt.wikipedia.org/w/index.php?title=Pesquisas_de_opini%C3%A3o_para_a_elei%C3%A7%C3%A3o_presidencial_no_Brasil_em_2026&oldid=73082572,wikipedia_revision,73082572,2026-09-29T15:02:36Z,unverified,,9ca942a568882bbd6b774a0d5553b585fd3c21e22108b84064e56abca54efbeb,pollster_name_normalised_from:Atlasinstel;others_column_named_candidate;blank_null_includes_undecided
2026-1-b6595ee9f5,2026,1,,AtlasIntel,,2026-06-26,2026-06-30,,4999,,"with Joaquim Barbosa, Lula, Michelle Bolsonaro, Renan Santos, Romeu Zema, Ronaldo Caiado",Joaquim Barbosa,1.7,total,7.1,,,https://pt.wikipedia.org/w/index.php?title=Pesquisas_de_opini%C3%A3o_para_a_elei%C3%A7%C3%A3o_presidencial_no_Brasil_em_2026&oldid=73082572,wikipedia_revision,73082572,2026-09-29T15:02:36Z,unverified,,9ca942a568882bbd6b774a0d5553b585fd3c21e22108b84064e56abca54efbeb,pollster_name_normalised_from:Atlasinstel;others_column_named_candidate;blank_null_includes_undecided
2026-1-b6595ee9f5,2026,1,,AtlasIntel,,2026-06-26,2026-06-30,,4999,,"with Joaquim Barbosa, Lula, Michelle Bolsonaro, Renan Santos, Romeu Zema, Ronaldo Caiado",Michelle Bolsonaro,19.3,total,7.1,,,https://pt.wikipedia.org/w/index.php?title=Pesquisas_de_opini%C3%A3o_para_a_elei%C3%A7%C3%A3o_presidencial_no_Brasil_em_2026&oldid=73082572,wikipedia_revision,73082572,2026-09-29T15:02:36Z,unverified,,9ca942a568882bbd6b774a0d5553b585fd3c21e22108b84064e56abca54efbeb,pollster_name_normalised_from:Atlasinstel;others_column_named_candidate;blank_null_includes_undecided
2026-1-b6595ee9f5,2026,1,,AtlasIntel,,2026-06-26,2026-06-30,,4999,,"with Fernando Haddad, Flávio Bolsonaro, Joaquim Barbosa, Renan Santos, Romeu Zema, Ronaldo Caiado",Flávio Bolsonaro,36.7,total,4.0,,,https://pt.wikipedia.org/w/index.php?title=Pesquisas_de_opini%C3%A3o_para_a_elei%C3%A7%C3%A3o_presidencial_no_Brasil_em_2026&oldid=73082572,wikipedia_revision,73082572,2026-09-29T15:02:36Z,unverified,,9ca942a568882bbd6b774a0d5553b585fd3c21e22108b84064e56abca54efbeb,pollster_name_normalised_from:Atlasinstel;others_column_named_candidate;blank_null_includes_undecided
2026-1-b6595ee9f5,2026,1,,AtlasIntel,,2026-06-26,2026-06-30,,4999,,"with Fernando Haddad, Flávio Bolsonaro, Joaquim Barbosa, Renan Santos, Romeu Zema, Ronaldo Caiado",Ronaldo Caiado,4.7,total,4.0,,,https://pt.wikipedia.org/w/index.php?title=Pesquisas_de_opini%C3%A3o_para_a_elei%C3%A7%C3%A3o_presidencial_no_Brasil_em_2026&oldid=73082572,wikipedia_revision,73082572,2026-09-29T15:02:36Z,unverified,,9ca942a568882bbd6b774a0d5553b585fd3c21e22108b84064e56abca54efbeb,pollster_name_normalised_from:Atlasinstel;others_column_named_candidate;blank_null_includes_undecided
2026-1-b6595ee9f5,2026,1,,AtlasIntel,,2026-06-26,2026-06-30,,4999,,"with Fernando Haddad, Flávio Bolsonaro, Joaquim Barbosa, Renan Santos, Romeu Zema, Ronaldo Caiado",Romeu Zema,2.5,total,4.0,,,https://pt.wikipedia.org/w/index.php?title=Pesquisas_de_opini%C3%A3o_para_a_elei%C3%A7%C3%A3o_presidencial_no_Brasil_em_2026&oldid=73082572,wikipedia_revision,73082572,2026-09-29T15:02:36Z,unverified,,9ca942a568882bbd6b774a0d5553b585fd3c21e22108b84064e56abca54efbeb,pollster_name_normalised_from:Atlasinstel;others_column_named_candidate;blank_null_includes_undecided
2026-1-b6595ee9f5,2026,1,,AtlasIntel,,2026-06-26,2026-06-30,,4999,,"with Fernando Haddad, Flávio Bolsonaro, Joaquim Barbosa, Renan Santos, Romeu Zema, Ronaldo Caiado",Renan Santos,9.8,total,4.0,,,https://pt.wikipedia.org/w/index.php?title=Pesquisas_de_opini%C3%A3o_para_a_elei%C3%A7%C3%A3o_presidencial_no_Brasil_em_2026&oldid=73082572,wikipedia_revision,73082572,2026-09-29T15:02:36Z,unverified,,9ca942a568882bbd6b774a0d5553b585fd3c21e22108b84064e56abca54efbeb,pollster_name_normalised_from:Atlasinstel;others_column_named_candidate;blank_null_includes_undecided
2026-1-b6595ee9f5,2026,1,,AtlasIntel,,2026-06-26,2026-06-30,,4999,,"with Fernando Haddad, Flávio Bolsonaro, Joaquim Barbosa, Renan Santos, Romeu Zema, Ronaldo Caiado",Joaquim Barbosa,2.6,total,4.0,,,https://pt.wikipedia.org/w/index.php?title=Pesquisas_de_opini%C3%A3o_para_a_elei%C3%A7%C3%A3o_presidencial_no_Brasil_em_2026&oldid=73082572,wikipedia_revision,73082572,2026-09-29T15:02:36Z,unverified,,9ca942a568882bbd6b774a0d5553b585fd3c21e22108b84064e56abca54efbeb,pollster_name_normalised_from:Atlasinstel;others_column_named_candidate;blank_null_includes_undecided
2026-1-b6595ee9f5,2026,1,,AtlasIntel,,2026-06-26,2026-06-30,,4999,,"with Fernando Haddad, Flávio Bolsonaro, Joaquim Barbosa, Renan Santos, Romeu Zema, Ronaldo Caiado",Fernando Haddad,39.7,total,4.0,,,https://pt.wikipedia.org/w/index.php?title=Pesquisas_de_opini%C3%A3o_para_a_elei%C3%A7%C3%A3o_presidencial_no_Brasil_em_2026&oldid=73082572,wikipedia_revision,73082572,2026-09-29T15:02:36Z,unverified,,9ca942a568882bbd6b774a0d5553b585fd3c21e22108b84064e56abca54efbeb,pollster_name_normalised_from:Atlasinstel;others_column_named_candidate;blank_null_includes_undecided
2026-1-b6595ee9f5,2026,1,,AtlasIntel,,2026-06-26,2026-06-30,,4999,,"with Ciro Gomes, Jair Bolsonaro, Lula, Simone Tebet",Lula,44.4,total,5.6,,,https://pt.wikipedia.org/w/index.php?title=Pesquisas_de_opini%C3%A3o_para_a_elei%C3%A7%C3%A3o_presidencial_no_Brasil_em_2026&oldid=73082572,wikipedia_revision,73082572,2026-09-29T15:02:36Z,unverified,,9ca942a568882bbd6b774a0d5553b585fd3c21e22108b84064e56abca54efbeb,pollster_name_normalised_from:Atlasinstel;others_split_from_footnote;blank_null_includes_undecided
2026-1-b6595ee9f5,2026,1,,AtlasIntel,,2026-06-26,2026-06-30,,4999,,"with Ciro Gomes, Jair Bolsonaro, Lula, Simone Tebet",Jair Bolsonaro,41.4,total,5.6,,,https://pt.wikipedia.org/w/index.php?title=Pesquisas_de_opini%C3%A3o_para_a_elei%C3%A7%C3%A3o_presidencial_no_Brasil_em_2026&oldid=73082572,wikipedia_revision,73082572,2026-09-29T15:02:36Z,unverified,,9ca942a568882bbd6b774a0d5553b585fd3c21e22108b84064e56abca54efbeb,pollster_name_normalised_from:Atlasinstel;others_split_from_footnote;blank_null_includes_undecided
2026-1-b6595ee9f5,2026,1,,AtlasIntel,,2026-06-26,2026-06-30,,4999,,"with Ciro Gomes, Jair Bolsonaro, Lula, Simone Tebet",Simone Tebet,3.9,total,5.6,,,https://pt.wikipedia.org/w/index.php?title=Pesquisas_de_opini%C3%A3o_para_a_elei%C3%A7%C3%A3o_presidencial_no_Brasil_em_2026&oldid=73082572,wikipedia_revision,73082572,2026-09-29T15:02:36Z,unverified,,9ca942a568882bbd6b774a0d5553b585fd3c21e22108b84064e56abca54efbeb,pollster_name_normalised_from:Atlasinstel;others_split_from_footnote;blank_null_includes_undecided
2026-1-b6595ee9f5,2026,1,,AtlasIntel,,2026-06-26,2026-06-30,,4999,,"with Ciro Gomes, Jair Bolsonaro, Lula, Simone Tebet",Ciro Gomes,3.9,total,5.6,,,https://pt.wikipedia.org/w/index.php?title=Pesquisas_de_opini%C3%A3o_para_a_elei%C3%A7%C3%A3o_presidencial_no_Brasil_em_2026&oldid=73082572,wikipedia_revision,73082572,2026-09-29T15:02:36Z,unverified,,9ca942a568882bbd6b774a0d5553b585fd3c21e22108b84064e56abca54efbeb,pollster_name_normalised_from:Atlasinstel;others_split_from_footnote;blank_null_includes_undecided
2026-1-b6595ee9f5,2026,1,,AtlasIntel,,2026-06-26,2026-06-30,,4999,,"with Ciro Gomes, Jair Bolsonaro, Lula, Simone Tebet",__others__,0.7,total,5.6,,,https://pt.wikipedia.org/w/index.php?title=Pesquisas_de_opini%C3%A3o_para_a_elei%C3%A7%C3%A3o_presidencial_no_Brasil_em_2026&oldid=73082572,wikipedia_revision,73082572,2026-09-29T15:02:36Z,unverified,,9ca942a568882bbd6b774a0d5553b585fd3c21e22108b84064e56abca54efbeb,pollster_name_normalised_from:Atlasinstel;others_split_from_footnote;blank_null_includes_undecided
2026-1-b522ebde3b,2026,1,,Nexus,BTG,2026-06-26,2026-06-28,,2009,,full,Lula,42.0,total,8.0,,,https://pt.wikipedia.org/w/index.php?title=Pesquisas_de_opini%C3%A3o_para_a_elei%C3%A7%C3%A3o_presidencial_no_Brasil_em_2026&oldid=73082572,wikipedia_revision,73082572,2026-09-29T15:02:36Z,unverified,,9ca942a568882bbd6b774a0d5553b585fd3c21e22108b84064e56abca54efbeb,blank_null_includes_undecided
2026-1-b522ebde3b,2026,1,,Nexus,BTG,2026-06-26,2026-06-28,,2009,,full,Flávio Bolsonaro,35.0,total,8.0,,,https://pt.wikipedia.org/w/index.php?title=Pesquisas_de_opini%C3%A3o_para_a_elei%C3%A7%C3%A3o_presidencial_no_Brasil_em_2026&oldid=73082572,wikipedia_revision,73082572,2026-09-29T15:02:36Z,unverified,,9ca942a568882bbd6b774a0d5553b585fd3c21e22108b84064e56abca54efbeb,blank_null_includes_undecided
2026-1-b522ebde3b,2026,1,,Nexus,BTG,2026-06-26,2026-06-28,,2009,,full,Ronaldo Caiado,5.0,total,8.0,,,https://pt.wikipedia.org/w/index.php?title=Pesquisas_de_opini%C3%A3o_para_a_elei%C3%A7%C3%A3o_presidencial_no_Brasil_em_2026&oldid=73082572,wikipedia_revision,73082572,2026-09-29T15:02:36Z,unverified,,9ca942a568882bbd6b774a0d5553b585fd3c21e22108b84064e56abca54efbeb,blank_null_includes_undecided
2026-1-b522ebde3b,2026,1,,Nexus,BTG,2026-06-26,2026-06-28,,2009,,full,Romeu Zema,3.0,total,8.0,,,https://pt.wikipedia.org/w/index.php?title=Pesquisas_de_opini%C3%A3o_para_a_elei%C3%A7%C3%A3o_presidencial_no_Brasil_em_2026&oldid=73082572,wikipedia_revision,73082572,2026-09-29T15:02:36Z,unverified,,9ca942a568882bbd6b774a0d5553b585fd3c21e22108b84064e56abca54efbeb,blank_null_includes_undecided
2026-1-b522ebde3b,2026,1,,Nexus,BTG,2026-06-26,2026-06-28,,2009,,full,Renan Santos,4.0,total,8.0,,,https://pt.wikipedia.org/w/index.php?title=Pesquisas_de_opini%C3%A3o_para_a_elei%C3%A7%C3%A3o_presidencial_no_Brasil_em_2026&oldid=73082572,wikipedia_revision,73082572,2026-09-29T15:02:36Z,unverified,,9ca942a568882bbd6b774a0d5553b585fd3c21e22108b84064e56abca54efbeb,blank_null_includes_undecided
2026-1-b522ebde3b,2026,1,,Nexus,BTG,2026-06-26,2026-06-28,,2009,,full,Aécio Neves,1.0,total,8.0,,,https://pt.wikipedia.org/w/index.php?title=Pesquisas_de_opini%C3%A3o_para_a_elei%C3%A7%C3%A3o_presidencial_no_Brasil_em_2026&oldid=73082572,wikipedia_revision,73082572,2026-09-29T15:02:36Z,unverified,,9ca942a568882bbd6b774a0d5553b585fd3c21e22108b84064e56abca54efbeb,blank_null_includes_undecided
2026-1-b522ebde3b,2026,1,,Nexus,BTG,2026-06-26,2026-06-28,,2009,,full,Cabo Daciolo,1.0,total,8.0,,,https://pt.wikipedia.org/w/index.php?title=Pesquisas_de_opini%C3%A3o_para_a_elei%C3%A7%C3%A3o_presidencial_no_Brasil_em_2026&oldid=73082572,wikipedia_revision,73082572,2026-09-29T15:02:36Z,unverified,,9ca942a568882bbd6b774a0d5553b585fd3c21e22108b84064e56abca54efbeb,blank_null_includes_undecided
2026-1-b522ebde3b,2026,1,,Nexus,BTG,2026-06-26,2026-06-28,,2009,,full,Augusto Cury,1.0,total,8.0,,,https://pt.wikipedia.org/w/index.php?title=Pesquisas_de_opini%C3%A3o_para_a_elei%C3%A7%C3%A3o_presidencial_no_Brasil_em_2026&oldid=73082572,wikipedia_revision,73082572,2026-09-29T15:02:36Z,unverified,,9ca942a568882bbd6b774a0d5553b585fd3c21e22108b84064e56abca54efbeb,blank_null_includes_undecided
2026-1-b522ebde3b,2026,1,,Nexus,BTG,2026-06-26,2026-06-28,,2009,,full,Joaquim Barbosa,1.0,total,8.0,,,https://pt.wikipedia.org/w/index.php?title=Pesquisas_de_opini%C3%A3o_para_a_elei%C3%A7%C3%A3o_presidencial_no_Brasil_em_2026&oldid=73082572,wikipedia_revision,73082572,2026-09-29T15:02:36Z,unverified,,9ca942a568882bbd6b774a0d5553b585fd3c21e22108b84064e56abca54efbeb,blank_null_includes_undecided
2026-1-b522ebde3b,2026,1,,Nexus,BTG,2026-06-26,2026-06-28,,2009,,"without Aécio Neves, Augusto Cury, Cabo Daciolo",Lula,42.0,total,8.0,,,https://pt.wikipedia.org/w/index.php?title=Pesquisas_de_opini%C3%A3o_para_a_elei%C3%A7%C3%A3o_presidencial_no_Brasil_em_2026&oldid=73082572,wikipedia_revision,73082572,2026-09-29T15:02:36Z,unverified,,9ca942a568882bbd6b774a0d5553b585fd3c21e22108b84064e56abca54efbeb,blank_null_includes_undecided
2026-1-b522ebde3b,2026,1,,Nexus,BTG,2026-06-26,2026-06-28,,2009,,"without Aécio Neves, Augusto Cury, Cabo Daciolo",Flávio Bolsonaro,35.0,total,8.0,,,https://pt.wikipedia.org/w/index.php?title=Pesquisas_de_opini%C3%A3o_para_a_elei%C3%A7%C3%A3o_presidencial_no_Brasil_em_2026&oldid=73082572,wikipedia_revision,73082572,2026-09-29T15:02:36Z,unverified,,9ca942a568882bbd6b774a0d5553b585fd3c21e22108b84064e56abca54efbeb,blank_null_includes_undecided
2026-1-b522ebde3b,2026,1,,Nexus,BTG,2026-06-26,2026-06-28,,2009,,"without Aécio Neves, Augusto Cury, Cabo Daciolo",Ronaldo Caiado,5.0,total,8.0,,,https://pt.wikipedia.org/w/index.php?title=Pesquisas_de_opini%C3%A3o_para_a_elei%C3%A7%C3%A3o_presidencial_no_Brasil_em_2026&oldid=73082572,wikipedia_revision,73082572,2026-09-29T15:02:36Z,unverified,,9ca942a568882bbd6b774a0d5553b585fd3c21e22108b84064e56abca54efbeb,blank_null_includes_undecided
2026-1-b522ebde3b,2026,1,,Nexus,BTG,2026-06-26,2026-06-28,,2009,,"without Aécio Neves, Augusto Cury, Cabo Daciolo",Romeu Zema,3.0,total,8.0,,,https://pt.wikipedia.org/w/index.php?title=Pesquisas_de_opini%C3%A3o_para_a_elei%C3%A7%C3%A3o_presidencial_no_Brasil_em_2026&oldid=73082572,wikipedia_revision,73082572,2026-09-29T15:02:36Z,unverified,,9ca942a568882bbd6b774a0d5553b585fd3c21e22108b84064e56abca54efbeb,blank_null_includes_undecided
2026-1-b522ebde3b,2026,1,,Nexus,BTG,2026-06-26,2026-06-28,,2009,,"without Aécio Neves, Augusto Cury, Cabo Daciolo",Renan Santos,5.0,total,8.0,,,https://pt.wikipedia.org/w/index.php?title=Pesquisas_de_opini%C3%A3o_para_a_elei%C3%A7%C3%A3o_presidencial_no_Brasil_em_2026&oldid=73082572,wikipedia_revision,73082572,2026-09-29T15:02:36Z,unverified,,9ca942a568882bbd6b774a0d5553b585fd3c21e22108b84064e56abca54efbeb,blank_null_includes_undecided
2026-1-b522ebde3b,2026,1,,Nexus,BTG,2026-06-26,2026-06-28,,2009,,"without Aécio Neves, Augusto Cury, Cabo Daciolo",Joaquim Barbosa,2.0,total,8.0,,,https://pt.wikipedia.org/w/index.php?title=Pesquisas_de_opini%C3%A3o_para_a_elei%C3%A7%C3%A3o_presidencial_no_Brasil_em_2026&oldid=73082572,wikipedia_revision,73082572,2026-09-29T15:02:36Z,unverified,,9ca942a568882bbd6b774a0d5553b585fd3c21e22108b84064e56abca54efbeb,blank_null_includes_undecided
2026-1-bf16d6d21d,2026,1,,Vox Brasil,,2026-06-23,2026-06-25,,2100,,main,Lula,38.3,total,14.3,,,https://pt.wikipedia.org/w/index.php?title=Pesquisas_de_opini%C3%A3o_para_a_elei%C3%A7%C3%A3o_presidencial_no_Brasil_em_2026&oldid=73082572,wikipedia_revision,73082572,2026-09-29T15:02:36Z,unverified,,9ca942a568882bbd6b774a0d5553b585fd3c21e22108b84064e56abca54efbeb,blank_null_includes_undecided
2026-1-bf16d6d21d,2026,1,,Vox Brasil,,2026-06-23,2026-06-25,,2100,,main,Flávio Bolsonaro,32.2,total,14.3,,,https://pt.wikipedia.org/w/index.php?title=Pesquisas_de_opini%C3%A3o_para_a_elei%C3%A7%C3%A3o_presidencial_no_Brasil_em_2026&oldid=73082572,wikipedia_revision,73082572,2026-09-29T15:02:36Z,unverified,,9ca942a568882bbd6b774a0d5553b585fd3c21e22108b84064e56abca54efbeb,blank_null_includes_undecided
2026-1-bf16d6d21d,2026,1,,Vox Brasil,,2026-06-23,2026-06-25,,2100,,main,Ronaldo Caiado,5.1,total,14.3,,,https://pt.wikipedia.org/w/index.php?title=Pesquisas_de_opini%C3%A3o_para_a_elei%C3%A7%C3%A3o_presidencial_no_Brasil_em_2026&oldid=73082572,wikipedia_revision,73082572,2026-09-29T15:02:36Z,unverified,,9ca942a568882bbd6b774a0d5553b585fd3c21e22108b84064e56abca54efbeb,blank_null_includes_undecided
2026-1-bf16d6d21d,2026,1,,Vox Brasil,,2026-06-23,2026-06-25,,2100,,main,Romeu Zema,3.8,total,14.3,,,https://pt.wikipedia.org/w/index.php?title=Pesquisas_de_opini%C3%A3o_para_a_elei%C3%A7%C3%A3o_presidencial_no_Brasil_em_2026&oldid=73082572,wikipedia_revision,73082572,2026-09-29T15:02:36Z,unverified,,9ca942a568882bbd6b774a0d5553b585fd3c21e22108b84064e56abca54efbeb,blank_null_includes_undecided
2026-1-bf16d6d21d,2026,1,,Vox Brasil,,2026-06-23,2026-06-25,,2100,,main,Renan Santos,2.5,total,14.3,,,https://pt.wikipedia.org/w/index.php?title=Pesquisas_de_opini%C3%A3o_para_a_elei%C3%A7%C3%A3o_presidencial_no_Brasil_em_2026&oldid=73082572,wikipedia_revision,73082572,2026-09-29T15:02:36Z,unverified,,9ca942a568882bbd6b774a0d5553b585fd3c21e22108b84064e56abca54efbeb,blank_null_includes_undecided
2026-1-bf16d6d21d,2026,1,,Vox Brasil,,2026-06-23,2026-06-25,,2100,,main,Aécio Neves,1.7,total,14.3,,,https://pt.wikipedia.org/w/index.php?title=Pesquisas_de_opini%C3%A3o_para_a_elei%C3%A7%C3%A3o_presidencial_no_Brasil_em_2026&oldid=73082572,wikipedia_revision,73082572,2026-09-29T15:02:36Z,unverified,,9ca942a568882bbd6b774a0d5553b585fd3c21e22108b84064e56abca54efbeb,blank_null_includes_undecided
2026-1-bf16d6d21d,2026,1,,Vox Brasil,,2026-06-23,2026-06-25,,2100,,main,Cabo Daciolo,0.5,total,14.3,,,https://pt.wikipedia.org/w/index.php?title=Pesquisas_de_opini%C3%A3o_para_a_elei%C3%A7%C3%A3o_presidencial_no_Brasil_em_2026&oldid=73082572,wikipedia_revision,73082572,2026-09-29T15:02:36Z,unverified,,9ca942a568882bbd6b774a0d5553b585fd3c21e22108b84064e56abca54efbeb,blank_null_includes_undecided
2026-1-bf16d6d21d,2026,1,,Vox Brasil,,2026-06-23,2026-06-25,,2100,,main,Augusto Cury,0.7,total,14.3,,,https://pt.wikipedia.org/w/index.php?title=Pesquisas_de_opini%C3%A3o_para_a_elei%C3%A7%C3%A3o_presidencial_no_Brasil_em_2026&oldid=73082572,wikipedia_revision,73082572,2026-09-29T15:02:36Z,unverified,,9ca942a568882bbd6b774a0d5553b585fd3c21e22108b84064e56abca54efbeb,blank_null_includes_undecided
2026-1-bf16d6d21d,2026,1,,Vox Brasil,,2026-06-23,2026-06-25,,2100,,main,Joaquim Barbosa,0.9,total,14.3,,,https://pt.wikipedia.org/w/index.php?title=Pesquisas_de_opini%C3%A3o_para_a_elei%C3%A7%C3%A3o_presidencial_no_Brasil_em_2026&oldid=73082572,wikipedia_revision,73082572,2026-09-29T15:02:36Z,unverified,,9ca942a568882bbd6b774a0d5553b585fd3c21e22108b84064e56abca54efbeb,blank_null_includes_undecided
2026-1-cfc69f115c,2026,1,,PoderData,Aya,2026-06-21,2026-06-24,,2400,,main,Lula,40.0,total,8.0,,,https://pt.wikipedia.org/w/index.php?title=Pesquisas_de_opini%C3%A3o_para_a_elei%C3%A7%C3%A3o_presidencial_no_Brasil_em_2026&oldid=73082572,wikipedia_revision,73082572,2026-09-29T15:02:36Z,unverified,,9ca942a568882bbd6b774a0d5553b585fd3c21e22108b84064e56abca54efbeb,blank_null_includes_undecided
2026-1-cfc69f115c,2026,1,,PoderData,Aya,2026-06-21,2026-06-24,,2400,,main,Flávio Bolsonaro,36.0,total,8.0,,,https://pt.wikipedia.org/w/index.php?title=Pesquisas_de_opini%C3%A3o_para_a_elei%C3%A7%C3%A3o_presidencial_no_Brasil_em_2026&oldid=73082572,wikipedia_revision,73082572,2026-09-29T15:02:36Z,unverified,,9ca942a568882bbd6b774a0d5553b585fd3c21e22108b84064e56abca54efbeb,blank_null_includes_undecided
2026-1-cfc69f115c,2026,1,,PoderData,Aya,2026-06-21,2026-06-24,,2400,,main,Ronaldo Caiado,4.0,total,8.0,,,https://pt.wikipedia.org/w/index.php?title=Pesquisas_de_opini%C3%A3o_para_a_elei%C3%A7%C3%A3o_presidencial_no_Brasil_em_2026&oldid=73082572,wikipedia_revision,73082572,2026-09-29T15:02:36Z,unverified,,9ca942a568882bbd6b774a0d5553b585fd3c21e22108b84064e56abca54efbeb,blank_null_includes_undecided
2026-1-cfc69f115c,2026,1,,PoderData,Aya,2026-06-21,2026-06-24,,2400,,main,Romeu Zema,3.0,total,8.0,,,https://pt.wikipedia.org/w/index.php?title=Pesquisas_de_opini%C3%A3o_para_a_elei%C3%A7%C3%A3o_presidencial_no_Brasil_em_2026&oldid=73082572,wikipedia_revision,73082572,2026-09-29T15:02:36Z,unverified,,9ca942a568882bbd6b774a0d5553b585fd3c21e22108b84064e56abca54efbeb,blank_null_includes_undecided
2026-1-cfc69f115c,2026,1,,PoderData,Aya,2026-06-21,2026-06-24,,2400,,main,Renan Santos,4.0,total,8.0,,,https://pt.wikipedia.org/w/index.php?title=Pesquisas_de_opini%C3%A3o_para_a_elei%C3%A7%C3%A3o_presidencial_no_Brasil_em_2026&oldid=73082572,wikipedia_revision,73082572,2026-09-29T15:02:36Z,unverified,,9ca942a568882bbd6b774a0d5553b585fd3c21e22108b84064e56abca54efbeb,blank_null_includes_undecided
2026-1-cfc69f115c,2026,1,,PoderData,Aya,2026-06-21,2026-06-24,,2400,,main,Augusto Cury,3.0,total,8.0,,,https://pt.wikipedia.org/w/index.php?title=Pesquisas_de_opini%C3%A3o_para_a_elei%C3%A7%C3%A3o_presidencial_no_Brasil_em_2026&oldid=73082572,wikipedia_revision,73082572,2026-09-29T15:02:36Z,unverified,,9ca942a568882bbd6b774a0d5553b585fd3c21e22108b84064e56abca54efbeb,blank_null_includes_undecided
2026-1-cfc69f115c,2026,1,,PoderData,Aya,2026-06-21,2026-06-24,,2400,,main,Joaquim Barbosa,3.0,total,8.0,,,https://pt.wikipedia.org/w/index.php?title=Pesquisas_de_opini%C3%A3o_para_a_elei%C3%A7%C3%A3o_presidencial_no_Brasil_em_2026&oldid=73082572,wikipedia_revision,73082572,2026-09-29T15:02:36Z,unverified,,9ca942a568882bbd6b774a0d5553b585fd3c21e22108b84064e56abca54efbeb,blank_null_includes_undecided
2026-1-6a48520cf2,2026,1,,Gerp,,2026-06-15,2026-06-20,,2000,,main,Lula,37.0,total,17.0,,,https://pt.wikipedia.org/w/index.php?title=Pesquisas_de_opini%C3%A3o_para_a_elei%C3%A7%C3%A3o_presidencial_no_Brasil_em_2026&oldid=73082572,wikipedia_revision,73082572,2026-09-29T15:02:36Z,unverified,,9ca942a568882bbd6b774a0d5553b585fd3c21e22108b84064e56abca54efbeb,blank_null_includes_undecided
2026-1-6a48520cf2,2026,1,,Gerp,,2026-06-15,2026-06-20,,2000,,main,Flávio Bolsonaro,34.0,total,17.0,,,https://pt.wikipedia.org/w/index.php?title=Pesquisas_de_opini%C3%A3o_para_a_elei%C3%A7%C3%A3o_presidencial_no_Brasil_em_2026&oldid=73082572,wikipedia_revision,73082572,2026-09-29T15:02:36Z,unverified,,9ca942a568882bbd6b774a0d5553b585fd3c21e22108b84064e56abca54efbeb,blank_null_includes_undecided
2026-1-6a48520cf2,2026,1,,Gerp,,2026-06-15,2026-06-20,,2000,,main,Ronaldo Caiado,4.0,total,17.0,,,https://pt.wikipedia.org/w/index.php?title=Pesquisas_de_opini%C3%A3o_para_a_elei%C3%A7%C3%A3o_presidencial_no_Brasil_em_2026&oldid=73082572,wikipedia_revision,73082572,2026-09-29T15:02:36Z,unverified,,9ca942a568882bbd6b774a0d5553b585fd3c21e22108b84064e56abca54efbeb,blank_null_includes_undecided
2026-1-6a48520cf2,2026,1,,Gerp,,2026-06-15,2026-06-20,,2000,,main,Romeu Zema,3.0,total,17.0,,,https://pt.wikipedia.org/w/index.php?title=Pesquisas_de_opini%C3%A3o_para_a_elei%C3%A7%C3%A3o_presidencial_no_Brasil_em_2026&oldid=73082572,wikipedia_revision,73082572,2026-09-29T15:02:36Z,unverified,,9ca942a568882bbd6b774a0d5553b585fd3c21e22108b84064e56abca54efbeb,blank_null_includes_undecided
2026-1-6a48520cf2,2026,1,,Gerp,,2026-06-15,2026-06-20,,2000,,main,Renan Santos,3.0,total,17.0,,,https://pt.wikipedia.org/w/index.php?title=Pesquisas_de_opini%C3%A3o_para_a_elei%C3%A7%C3%A3o_presidencial_no_Brasil_em_2026&oldid=73082572,wikipedia_revision,73082572,2026-09-29T15:02:36Z,unverified,,9ca942a568882bbd6b774a0d5553b585fd3c21e22108b84064e56abca54efbeb,blank_null_includes_undecided
2026-1-6a48520cf2,2026,1,,Gerp,,2026-06-15,2026-06-20,,2000,,main,Cabo Daciolo,1.0,total,17.0,,,https://pt.wikipedia.org/w/index.php?title=Pesquisas_de_opini%C3%A3o_para_a_elei%C3%A7%C3%A3o_presidencial_no_Brasil_em_2026&oldid=73082572,wikipedia_revision,73082572,2026-09-29T15:02:36Z,unverified,,9ca942a568882bbd6b774a0d5553b585fd3c21e22108b84064e56abca54efbeb,blank_null_includes_undecided
2026-1-6a48520cf2,2026,1,,Gerp,,2026-06-15,2026-06-20,,2000,,main,Augusto Cury,1.0,total,17.0,,,https://pt.wikipedia.org/w/index.php?title=Pesquisas_de_opini%C3%A3o_para_a_elei%C3%A7%C3%A3o_presidencial_no_Brasil_em_2026&oldid=73082572,wikipedia_revision,73082572,2026-09-29T15:02:36Z,unverified,,9ca942a568882bbd6b774a0d5553b585fd3c21e22108b84064e56abca54efbeb,blank_null_includes_undecided
2026-1-6a48520cf2,2026,1,,Gerp,,2026-06-15,2026-06-20,,2000,,main,Joaquim Barbosa,1.0,total,17.0,,,https://pt.wikipedia.org/w/index.php?title=Pesquisas_de_opini%C3%A3o_para_a_elei%C3%A7%C3%A3o_presidencial_no_Brasil_em_2026&oldid=73082572,wikipedia_revision,73082572,2026-09-29T15:02:36Z,unverified,,9ca942a568882bbd6b774a0d5553b585fd3c21e22108b84064e56abca54efbeb,blank_null_includes_undecided
2026-1-6a48520cf2,2026,1,,Gerp,,2026-06-15,2026-06-20,,2000,,main,Samara Martins,1.0,total,17.0,,,https://pt.wikipedia.org/w/index.php?title=Pesquisas_de_opini%C3%A3o_para_a_elei%C3%A7%C3%A3o_presidencial_no_Brasil_em_2026&oldid=73082572,wikipedia_revision,73082572,2026-09-29T15:02:36Z,unverified,,9ca942a568882bbd6b774a0d5553b585fd3c21e22108b84064e56abca54efbeb,blank_null_includes_undecided
2026-1-6a48520cf2,2026,1,,Gerp,,2026-06-15,2026-06-20,,2000,,main,Rui Costa Pimenta,0.0,total,17.0,,,https://pt.wikipedia.org/w/index.php?title=Pesquisas_de_opini%C3%A3o_para_a_elei%C3%A7%C3%A3o_presidencial_no_Brasil_em_2026&oldid=73082572,wikipedia_revision,73082572,2026-09-29T15:02:36Z,unverified,,9ca942a568882bbd6b774a0d5553b585fd3c21e22108b84064e56abca54efbeb,blank_null_includes_undecided
2026-1-77db11abec,2026,1,,Indexa,,2026-06-18,2026-06-20,,2000,,main,Lula,42.0,total,14.0,,,https://pt.wikipedia.org/w/index.php?title=Pesquisas_de_opini%C3%A3o_para_a_elei%C3%A7%C3%A3o_presidencial_no_Brasil_em_2026&oldid=73082572,wikipedia_revision,73082572,2026-09-29T15:02:36Z,unverified,,9ca942a568882bbd6b774a0d5553b585fd3c21e22108b84064e56abca54efbeb,blank_null_includes_undecided
2026-1-77db11abec,2026,1,,Indexa,,2026-06-18,2026-06-20,,2000,,main,Flávio Bolsonaro,31.0,total,14.0,,,https://pt.wikipedia.org/w/index.php?title=Pesquisas_de_opini%C3%A3o_para_a_elei%C3%A7%C3%A3o_presidencial_no_Brasil_em_2026&oldid=73082572,wikipedia_revision,73082572,2026-09-29T15:02:36Z,unverified,,9ca942a568882bbd6b774a0d5553b585fd3c21e22108b84064e56abca54efbeb,blank_null_includes_undecided
2026-1-77db11abec,2026,1,,Indexa,,2026-06-18,2026-06-20,,2000,,main,Ronaldo Caiado,5.0,total,14.0,,,https://pt.wikipedia.org/w/index.php?title=Pesquisas_de_opini%C3%A3o_para_a_elei%C3%A7%C3%A3o_presidencial_no_Brasil_em_2026&oldid=73082572,wikipedia_revision,73082572,2026-09-29T15:02:36Z,unverified,,9ca942a568882bbd6b774a0d5553b585fd3c21e22108b84064e56abca54efbeb,blank_null_includes_undecided
2026-1-77db11abec,2026,1,,Indexa,,2026-06-18,2026-06-20,,2000,,main,Romeu Zema,3.0,total,14.0,,,https://pt.wikipedia.org/w/index.php?title=Pesquisas_de_opini%C3%A3o_para_a_elei%C3%A7%C3%A3o_presidencial_no_Brasil_em_2026&oldid=73082572,wikipedia_revision,73082572,2026-09-29T15:02:36Z,unverified,,9ca942a568882bbd6b774a0d5553b585fd3c21e22108b84064e56abca54efbeb,blank_null_includes_undecided
2026-1-77db11abec,2026,1,,Indexa,,2026-06-18,2026-06-20,,2000,,main,Renan Santos,3.0,total,14.0,,,https://pt.wikipedia.org/w/index.php?title=Pesquisas_de_opini%C3%A3o_para_a_elei%C3%A7%C3%A3o_presidencial_no_Brasil_em_2026&oldid=73082572,wikipedia_revision,73082572,2026-09-29T15:02:36Z,unverified,,9ca942a568882bbd6b774a0d5553b585fd3c21e22108b84064e56abca54efbeb,blank_null_includes_undecided
2026-1-77db11abec,2026,1,,Indexa,,2026-06-18,2026-06-20,,2000,,main,Cabo Daciolo,0.0,total,14.0,,,https://pt.wikipedia.org/w/index.php?title=Pesquisas_de_opini%C3%A3o_para_a_elei%C3%A7%C3%A3o_presidencial_no_Brasil_em_2026&oldid=73082572,wikipedia_revision,73082572,2026-09-29T15:02:36Z,unverified,,9ca942a568882bbd6b774a0d5553b585fd3c21e22108b84064e56abca54efbeb,blank_null_includes_undecided
2026-1-77db11abec,2026,1,,Indexa,,2026-06-18,2026-06-20,,2000,,main,Augusto Cury,1.0,total,14.0,,,https://pt.wikipedia.org/w/index.php?title=Pesquisas_de_opini%C3%A3o_para_a_elei%C3%A7%C3%A3o_presidencial_no_Brasil_em_2026&oldid=73082572,wikipedia_revision,73082572,2026-09-29T15:02:36Z,unverified,,9ca942a568882bbd6b774a0d5553b585fd3c21e22108b84064e56abca54efbeb,blank_null_includes_undecided
2026-1-77db11abec,2026,1,,Indexa,,2026-06-18,2026-06-20,,2000,,main,Joaquim Barbosa,1.0,total,14.0,,,https://pt.wikipedia.org/w/index.php?title=Pesquisas_de_opini%C3%A3o_para_a_elei%C3%A7%C3%A3o_presidencial_no_Brasil_em_2026&oldid=73082572,wikipedia_revision,73082572,2026-09-29T15:02:36Z,unverified,,9ca942a568882bbd6b774a0d5553b585fd3c21e22108b84064e56abca54efbeb,blank_null_includes_undecided
2026-1-77db11abec,2026,1,,Indexa,,2026-06-18,2026-06-20,,2000,,main,Samara Martins,0.0,total,14.0,,,https://pt.wikipedia.org/w/index.php?title=Pesquisas_de_opini%C3%A3o_para_a_elei%C3%A7%C3%A3o_presidencial_no_Brasil_em_2026&oldid=73082572,wikipedia_revision,73082572,2026-09-29T15:02:36Z,unverified,,9ca942a568882bbd6b774a0d5553b585fd3c21e22108b84064e56abca54efbeb,blank_null_includes_undecided
2026-1-932cab5ba7,2026,1,,Datafolha,,2026-06-17,2026-06-19,,2004,,main,Lula,41.0,total,11.0,,,https://pt.wikipedia.org/w/index.php?title=Pesquisas_de_opini%C3%A3o_para_a_elei%C3%A7%C3%A3o_presidencial_no_Brasil_em_2026&oldid=73082572,wikipedia_revision,73082572,2026-09-29T15:02:36Z,unverified,,9ca942a568882bbd6b774a0d5553b585fd3c21e22108b84064e56abca54efbeb,blank_null_includes_undecided
2026-1-932cab5ba7,2026,1,,Datafolha,,2026-06-17,2026-06-19,,2004,,main,Flávio Bolsonaro,31.0,total,11.0,,,https://pt.wikipedia.org/w/index.php?title=Pesquisas_de_opini%C3%A3o_para_a_elei%C3%A7%C3%A3o_presidencial_no_Brasil_em_2026&oldid=73082572,wikipedia_revision,73082572,2026-09-29T15:02:36Z,unverified,,9ca942a568882bbd6b774a0d5553b585fd3c21e22108b84064e56abca54efbeb,blank_null_includes_undecided
2026-1-932cab5ba7,2026,1,,Datafolha,,2026-06-17,2026-06-19,,2004,,main,Ronaldo Caiado,3.0,total,11.0,,,https://pt.wikipedia.org/w/index.php?title=Pesquisas_de_opini%C3%A3o_para_a_elei%C3%A7%C3%A3o_presidencial_no_Brasil_em_2026&oldid=73082572,wikipedia_revision,73082572,2026-09-29T15:02:36Z,unverified,,9ca942a568882bbd6b774a0d5553b585fd3c21e22108b84064e56abca54efbeb,blank_null_includes_undecided
2026-1-932cab5ba7,2026,1,,Datafolha,,2026-06-17,2026-06-19,,2004,,main,Romeu Zema,2.0,total,11.0,,,https://pt.wikipedia.org/w/index.php?title=Pesquisas_de_opini%C3%A3o_para_a_elei%C3%A7%C3%A3o_presidencial_no_Brasil_em_2026&oldid=73082572,wikipedia_revision,73082572,2026-09-29T15:02:36Z,unverified,,9ca942a568882bbd6b774a0d5553b585fd3c21e22108b84064e56abca54efbeb,blank_null_includes_undecided
2026-1-932cab5ba7,2026,1,,Datafolha,,2026-06-17,2026-06-19,,2004,,main,Renan Santos,3.0,total,11.0,,,https://pt.wikipedia.org/w/index.php?title=Pesquisas_de_opini%C3%A3o_para_a_elei%C3%A7%C3%A3o_presidencial_no_Brasil_em_2026&oldid=73082572,wikipedia_revision,73082572,2026-09-29T15:02:36Z,unverified,,9ca942a568882bbd6b774a0d5553b585fd3c21e22108b84064e56abca54efbeb,blank_null_includes_undecided
2026-1-932cab5ba7,2026,1,,Datafolha,,2026-06-17,2026-06-19,,2004,,main,Aécio Neves,2.0,total,11.0,,,https://pt.wikipedia.org/w/index.php?title=Pesquisas_de_opini%C3%A3o_para_a_elei%C3%A7%C3%A3o_presidencial_no_Brasil_em_2026&oldid=73082572,wikipedia_revision,73082572,2026-09-29T15:02:36Z,unverified,,9ca942a568882bbd6b774a0d5553b585fd3c21e22108b84064e56abca54efbeb,blank_null_includes_undecided
2026-1-932cab5ba7,2026,1,,Datafolha,,2026-06-17,2026-06-19,,2004,,main,Cabo Daciolo,1.0,total,11.0,,,https://pt.wikipedia.org/w/index.php?title=Pesquisas_de_opini%C3%A3o_para_a_elei%C3%A7%C3%A3o_presidencial_no_Brasil_em_2026&oldid=73082572,wikipedia_revision,73082572,2026-09-29T15:02:36Z,unverified,,9ca942a568882bbd6b774a0d5553b585fd3c21e22108b84064e56abca54efbeb,blank_null_includes_undecided
2026-1-932cab5ba7,2026,1,,Datafolha,,2026-06-17,2026-06-19,,2004,,main,Augusto Cury,2.0,total,11.0,,,https://pt.wikipedia.org/w/index.php?title=Pesquisas_de_opini%C3%A3o_para_a_elei%C3%A7%C3%A3o_presidencial_no_Brasil_em_2026&oldid=73082572,wikipedia_revision,73082572,2026-09-29T15:02:36Z,unverified,,9ca942a568882bbd6b774a0d5553b585fd3c21e22108b84064e56abca54efbeb,blank_null_includes_undecided
2026-1-932cab5ba7,2026,1,,Datafolha,,2026-06-17,2026-06-19,,2004,,main,Joaquim Barbosa,1.0,total,11.0,,,https://pt.wikipedia.org/w/index.php?title=Pesquisas_de_opini%C3%A3o_para_a_elei%C3%A7%C3%A3o_presidencial_no_Brasil_em_2026&oldid=73082572,wikipedia_revision,73082572,2026-09-29T15:02:36Z,unverified,,9ca942a568882bbd6b774a0d5553b585fd3c21e22108b84064e56abca54efbeb,blank_null_includes_undecided
2026-1-932cab5ba7,2026,1,,Datafolha,,2026-06-17,2026-06-19,,2004,,main,Samara Martins,2.0,total,11.0,,,https://pt.wikipedia.org/w/index.php?title=Pesquisas_de_opini%C3%A3o_para_a_elei%C3%A7%C3%A3o_presidencial_no_Brasil_em_2026&oldid=73082572,wikipedia_revision,73082572,2026-09-29T15:02:36Z,unverified,,9ca942a568882bbd6b774a0d5553b585fd3c21e22108b84064e56abca54efbeb,blank_null_includes_undecided
2026-1-932cab5ba7,2026,1,,Datafolha,,2026-06-17,2026-06-19,,2004,,main,Hertz Dias,0.0,total,11.0,,,https://pt.wikipedia.org/w/index.php?title=Pesquisas_de_opini%C3%A3o_para_a_elei%C3%A7%C3%A3o_presidencial_no_Brasil_em_2026&oldid=73082572,wikipedia_revision,73082572,2026-09-29T15:02:36Z,unverified,,9ca942a568882bbd6b774a0d5553b585fd3c21e22108b84064e56abca54efbeb,blank_null_includes_undecided
2026-1-932cab5ba7,2026,1,,Datafolha,,2026-06-17,2026-06-19,,2004,,main,Edmilson Costa,0.0,total,11.0,,,https://pt.wikipedia.org/w/index.php?title=Pesquisas_de_opini%C3%A3o_para_a_elei%C3%A7%C3%A3o_presidencial_no_Brasil_em_2026&oldid=73082572,wikipedia_revision,73082572,2026-09-29T15:02:36Z,unverified,,9ca942a568882bbd6b774a0d5553b585fd3c21e22108b84064e56abca54efbeb,blank_null_includes_undecided
2026-1-932cab5ba7,2026,1,,Datafolha,,2026-06-17,2026-06-19,,2004,,main,Rui Costa Pimenta,1.0,total,11.0,,,https://pt.wikipedia.org/w/index.php?title=Pesquisas_de_opini%C3%A3o_para_a_elei%C3%A7%C3%A3o_presidencial_no_Brasil_em_2026&oldid=73082572,wikipedia_revision,73082572,2026-09-29T15:02:36Z,unverified,,9ca942a568882bbd6b774a0d5553b585fd3c21e22108b84064e56abca54efbeb,blank_null_includes_undecided
2026-1-381281d83c,2026,1,,American Analytics,,2026-06-11,2026-06-15,,2000,,main,Lula,38.0,total,19.0,,,https://pt.wikipedia.org/w/index.php?title=Pesquisas_de_opini%C3%A3o_para_a_elei%C3%A7%C3%A3o_presidencial_no_Brasil_em_2026&oldid=73082572,wikipedia_revision,73082572,2026-09-29T15:02:36Z,unverified,,9ca942a568882bbd6b774a0d5553b585fd3c21e22108b84064e56abca54efbeb,blank_null_includes_undecided
2026-1-381281d83c,2026,1,,American Analytics,,2026-06-11,2026-06-15,,2000,,main,Flávio Bolsonaro,30.0,total,19.0,,,https://pt.wikipedia.org/w/index.php?title=Pesquisas_de_opini%C3%A3o_para_a_elei%C3%A7%C3%A3o_presidencial_no_Brasil_em_2026&oldid=73082572,wikipedia_revision,73082572,2026-09-29T15:02:36Z,unverified,,9ca942a568882bbd6b774a0d5553b585fd3c21e22108b84064e56abca54efbeb,blank_null_includes_undecided
2026-1-381281d83c,2026,1,,American Analytics,,2026-06-11,2026-06-15,,2000,,main,Ronaldo Caiado,4.0,total,19.0,,,https://pt.wikipedia.org/w/index.php?title=Pesquisas_de_opini%C3%A3o_para_a_elei%C3%A7%C3%A3o_presidencial_no_Brasil_em_2026&oldid=73082572,wikipedia_revision,73082572,2026-09-29T15:02:36Z,unverified,,9ca942a568882bbd6b774a0d5553b585fd3c21e22108b84064e56abca54efbeb,blank_null_includes_undecided
2026-1-381281d83c,2026,1,,American Analytics,,2026-06-11,2026-06-15,,2000,,main,Romeu Zema,2.0,total,19.0,,,https://pt.wikipedia.org/w/index.php?title=Pesquisas_de_opini%C3%A3o_para_a_elei%C3%A7%C3%A3o_presidencial_no_Brasil_em_2026&oldid=73082572,wikipedia_revision,73082572,2026-09-29T15:02:36Z,unverified,,9ca942a568882bbd6b774a0d5553b585fd3c21e22108b84064e56abca54efbeb,blank_null_includes_undecided
2026-1-381281d83c,2026,1,,American Analytics,,2026-06-11,2026-06-15,,2000,,main,Renan Santos,3.0,total,19.0,,,https://pt.wikipedia.org/w/index.php?title=Pesquisas_de_opini%C3%A3o_para_a_elei%C3%A7%C3%A3o_presidencial_no_Brasil_em_2026&oldid=73082572,wikipedia_revision,73082572,2026-09-29T15:02:36Z,unverified,,9ca942a568882bbd6b774a0d5553b585fd3c21e22108b84064e56abca54efbeb,blank_null_includes_undecided
2026-1-381281d83c,2026,1,,American Analytics,,2026-06-11,2026-06-15,,2000,,main,Joaquim Barbosa,2.0,total,19.0,,,https://pt.wikipedia.org/w/index.php?title=Pesquisas_de_opini%C3%A3o_para_a_elei%C3%A7%C3%A3o_presidencial_no_Brasil_em_2026&oldid=73082572,wikipedia_revision,73082572,2026-09-29T15:02:36Z,unverified,,9ca942a568882bbd6b774a0d5553b585fd3c21e22108b84064e56abca54efbeb,blank_null_includes_undecided
2026-1-381281d83c,2026,1,,American Analytics,,2026-06-11,2026-06-15,,2000,,main,__others__,1.0,total,19.0,,,https://pt.wikipedia.org/w/index.php?title=Pesquisas_de_opini%C3%A3o_para_a_elei%C3%A7%C3%A3o_presidencial_no_Brasil_em_2026&oldid=73082572,wikipedia_revision,73082572,2026-09-29T15:02:36Z,unverified,,9ca942a568882bbd6b774a0d5553b585fd3c21e22108b84064e56abca54efbeb,blank_null_includes_undecided
2026-1-14cfb8a463,2026,1,,MDA,CNT,2026-06-10,2026-06-14,,2002,,main,Lula,41.8,total,14.9,,,https://pt.wikipedia.org/w/index.php?title=Pesquisas_de_opini%C3%A3o_para_a_elei%C3%A7%C3%A3o_presidencial_no_Brasil_em_2026&oldid=73082572,wikipedia_revision,73082572,2026-09-29T15:02:36Z,unverified,,9ca942a568882bbd6b774a0d5553b585fd3c21e22108b84064e56abca54efbeb,others_column_named_candidate;blank_null_includes_undecided
2026-1-14cfb8a463,2026,1,,MDA,CNT,2026-06-10,2026-06-14,,2002,,main,Flávio Bolsonaro,28.2,total,14.9,,,https://pt.wikipedia.org/w/index.php?title=Pesquisas_de_opini%C3%A3o_para_a_elei%C3%A7%C3%A3o_presidencial_no_Brasil_em_2026&oldid=73082572,wikipedia_revision,73082572,2026-09-29T15:02:36Z,unverified,,9ca942a568882bbd6b774a0d5553b585fd3c21e22108b84064e56abca54efbeb,others_column_named_candidate;blank_null_includes_undecided
2026-1-14cfb8a463,2026,1,,MDA,CNT,2026-06-10,2026-06-14,,2002,,main,Ronaldo Caiado,4.0,total,14.9,,,https://pt.wikipedia.org/w/index.php?title=Pesquisas_de_opini%C3%A3o_para_a_elei%C3%A7%C3%A3o_presidencial_no_Brasil_em_2026&oldid=73082572,wikipedia_revision,73082572,2026-09-29T15:02:36Z,unverified,,9ca942a568882bbd6b774a0d5553b585fd3c21e22108b84064e56abca54efbeb,others_column_named_candidate;blank_null_includes_undecided
2026-1-14cfb8a463,2026,1,,MDA,CNT,2026-06-10,2026-06-14,,2002,,main,Romeu Zema,2.8,total,14.9,,,https://pt.wikipedia.org/w/index.php?title=Pesquisas_de_opini%C3%A3o_para_a_elei%C3%A7%C3%A3o_presidencial_no_Brasil_em_2026&oldid=73082572,wikipedia_revision,73082572,2026-09-29T15:02:36Z,unverified,,9ca942a568882bbd6b774a0d5553b585fd3c21e22108b84064e56abca54efbeb,others_column_named_candidate;blank_null_includes_undecided
2026-1-14cfb8a463,2026,1,,MDA,CNT,2026-06-10,2026-06-14,,2002,,main,Renan Santos,2.0,total,14.9,,,https://pt.wikipedia.org/w/index.php?title=Pesquisas_de_opini%C3%A3o_para_a_elei%C3%A7%C3%A3o_presidencial_no_Brasil_em_2026&oldid=73082572,wikipedia_revision,73082572,2026-09-29T15:02:36Z,unverified,,9ca942a568882bbd6b774a0d5553b585fd3c21e22108b84064e56abca54efbeb,others_column_named_candidate;blank_null_includes_undecided
2026-1-14cfb8a463,2026,1,,MDA,CNT,2026-06-10,2026-06-14,,2002,,main,Augusto Cury,1.8,total,14.9,,,https://pt.wikipedia.org/w/index.php?title=Pesquisas_de_opini%C3%A3o_para_a_elei%C3%A7%C3%A3o_presidencial_no_Brasil_em_2026&oldid=73082572,wikipedia_revision,73082572,2026-09-29T15:02:36Z,unverified,,9ca942a568882bbd6b774a0d5553b585fd3c21e22108b84064e56abca54efbeb,others_column_named_candidate;blank_null_includes_undecided
2026-1-14cfb8a463,2026,1,,MDA,CNT,2026-06-10,2026-06-14,,2002,,main,Joaquim Barbosa,2.3,total,14.9,,,https://pt.wikipedia.org/w/index.php?title=Pesquisas_de_opini%C3%A3o_para_a_elei%C3%A7%C3%A3o_presidencial_no_Brasil_em_2026&oldid=73082572,wikipedia_revision,73082572,2026-09-29T15:02:36Z,unverified,,9ca942a568882bbd6b774a0d5553b585fd3c21e22108b84064e56abca54efbeb,others_column_named_candidate;blank_null_includes_undecided
2026-1-14cfb8a463,2026,1,,MDA,CNT,2026-06-10,2026-06-14,,2002,,main,Michel Temer,1.9,total,14.9,,,https://pt.wikipedia.org/w/index.php?title=Pesquisas_de_opini%C3%A3o_para_a_elei%C3%A7%C3%A3o_presidencial_no_Brasil_em_2026&oldid=73082572,wikipedia_revision,73082572,2026-09-29T15:02:36Z,unverified,,9ca942a568882bbd6b774a0d5553b585fd3c21e22108b84064e56abca54efbeb,others_column_named_candidate;blank_null_includes_undecided
2026-1-b4006192a0,2026,1,,Nexus,BTG,2026-06-12,2026-06-14,,2017,,full,Lula,42.0,total,8.0,,,https://pt.wikipedia.org/w/index.php?title=Pesquisas_de_opini%C3%A3o_para_a_elei%C3%A7%C3%A3o_presidencial_no_Brasil_em_2026&oldid=73082572,wikipedia_revision,73082572,2026-09-29T15:02:36Z,unverified,,9ca942a568882bbd6b774a0d5553b585fd3c21e22108b84064e56abca54efbeb,blank_null_includes_undecided
2026-1-b4006192a0,2026,1,,Nexus,BTG,2026-06-12,2026-06-14,,2017,,full,Flávio Bolsonaro,33.0,total,8.0,,,https://pt.wikipedia.org/w/index.php?title=Pesquisas_de_opini%C3%A3o_para_a_elei%C3%A7%C3%A3o_presidencial_no_Brasil_em_2026&oldid=73082572,wikipedia_revision,73082572,2026-09-29T15:02:36Z,unverified,,9ca942a568882bbd6b774a0d5553b585fd3c21e22108b84064e56abca54efbeb,blank_null_includes_undecided
2026-1-b4006192a0,2026,1,,Nexus,BTG,2026-06-12,2026-06-14,,2017,,full,Ronaldo Caiado,4.0,total,8.0,,,https://pt.wikipedia.org/w/index.php?title=Pesquisas_de_opini%C3%A3o_para_a_elei%C3%A7%C3%A3o_presidencial_no_Brasil_em_2026&oldid=73082572,wikipedia_revision,73082572,2026-09-29T15:02:36Z,unverified,,9ca942a568882bbd6b774a0d5553b585fd3c21e22108b84064e56abca54efbeb,blank_null_includes_undecided
2026-1-b4006192a0,2026,1,,Nexus,BTG,2026-06-12,2026-06-14,,2017,,full,Romeu Zema,2.0,total,8.0,,,https://pt.wikipedia.org/w/index.php?title=Pesquisas_de_opini%C3%A3o_para_a_elei%C3%A7%C3%A3o_presidencial_no_Brasil_em_2026&oldid=73082572,wikipedia_revision,73082572,2026-09-29T15:02:36Z,unverified,,9ca942a568882bbd6b774a0d5553b585fd3c21e22108b84064e56abca54efbeb,blank_null_includes_undecided
2026-1-b4006192a0,2026,1,,Nexus,BTG,2026-06-12,2026-06-14,,2017,,full,Renan Santos,4.0,total,8.0,,,https://pt.wikipedia.org/w/index.php?title=Pesquisas_de_opini%C3%A3o_para_a_elei%C3%A7%C3%A3o_presidencial_no_Brasil_em_2026&oldid=73082572,wikipedia_revision,73082572,2026-09-29T15:02:36Z,unverified,,9ca942a568882bbd6b774a0d5553b585fd3c21e22108b84064e56abca54efbeb,blank_null_includes_undecided
2026-1-b4006192a0,2026,1,,Nexus,BTG,2026-06-12,2026-06-14,,2017,,full,Aécio Neves,1.0,total,8.0,,,https://pt.wikipedia.org/w/index.php?title=Pesquisas_de_opini%C3%A3o_para_a_elei%C3%A7%C3%A3o_presidencial_no_Brasil_em_2026&oldid=73082572,wikipedia_revision,73082572,2026-09-29T15:02:36Z,unverified,,9ca942a568882bbd6b774a0d5553b585fd3c21e22108b84064e56abca54efbeb,blank_null_includes_undecided
2026-1-b4006192a0,2026,1,,Nexus,BTG,2026-06-12,2026-06-14,,2017,,full,Cabo Daciolo,1.0,total,8.0,,,https://pt.wikipedia.org/w/index.php?title=Pesquisas_de_opini%C3%A3o_para_a_elei%C3%A7%C3%A3o_presidencial_no_Brasil_em_2026&oldid=73082572,wikipedia_revision,73082572,2026-09-29T15:02:36Z,unverified,,9ca942a568882bbd6b774a0d5553b585fd3c21e22108b84064e56abca54efbeb,blank_null_includes_undecided
2026-1-b4006192a0,2026,1,,Nexus,BTG,2026-06-12,2026-06-14,,2017,,full,Augusto Cury,2.0,total,8.0,,,https://pt.wikipedia.org/w/index.php?title=Pesquisas_de_opini%C3%A3o_para_a_elei%C3%A7%C3%A3o_presidencial_no_Brasil_em_2026&oldid=73082572,wikipedia_revision,73082572,2026-09-29T15:02:36Z,unverified,,9ca942a568882bbd6b774a0d5553b585fd3c21e22108b84064e56abca54efbeb,blank_null_includes_undecided
2026-1-b4006192a0,2026,1,,Nexus,BTG,2026-06-12,2026-06-14,,2017,,full,Joaquim Barbosa,2.0,total,8.0,,,https://pt.wikipedia.org/w/index.php?title=Pesquisas_de_opini%C3%A3o_para_a_elei%C3%A7%C3%A3o_presidencial_no_Brasil_em_2026&oldid=73082572,wikipedia_revision,73082572,2026-09-29T15:02:36Z,unverified,,9ca942a568882bbd6b774a0d5553b585fd3c21e22108b84064e56abca54efbeb,blank_null_includes_undecided
2026-1-b4006192a0,2026,1,,Nexus,BTG,2026-06-12,2026-06-14,,2017,,"without Aécio Neves, Augusto Cury, Cabo Daciolo",Lula,43.0,total,8.0,,,https://pt.wikipedia.org/w/index.php?title=Pesquisas_de_opini%C3%A3o_para_a_elei%C3%A7%C3%A3o_presidencial_no_Brasil_em_2026&oldid=73082572,wikipedia_revision,73082572,2026-09-29T15:02:36Z,unverified,,9ca942a568882bbd6b774a0d5553b585fd3c21e22108b84064e56abca54efbeb,blank_null_includes_undecided
2026-1-b4006192a0,2026,1,,Nexus,BTG,2026-06-12,2026-06-14,,2017,,"without Aécio Neves, Augusto Cury, Cabo Daciolo",Flávio Bolsonaro,34.0,total,8.0,,,https://pt.wikipedia.org/w/index.php?title=Pesquisas_de_opini%C3%A3o_para_a_elei%C3%A7%C3%A3o_presidencial_no_Brasil_em_2026&oldid=73082572,wikipedia_revision,73082572,2026-09-29T15:02:36Z,unverified,,9ca942a568882bbd6b774a0d5553b585fd3c21e22108b84064e56abca54efbeb,blank_null_includes_undecided
2026-1-b4006192a0,2026,1,,Nexus,BTG,2026-06-12,2026-06-14,,2017,,"without Aécio Neves, Augusto Cury, Cabo Daciolo",Ronaldo Caiado,4.0,total,8.0,,,https://pt.wikipedia.org/w/index.php?title=Pesquisas_de_opini%C3%A3o_para_a_elei%C3%A7%C3%A3o_presidencial_no_Brasil_em_2026&oldid=73082572,wikipedia_revision,73082572,2026-09-29T15:02:36Z,unverified,,9ca942a568882bbd6b774a0d5553b585fd3c21e22108b84064e56abca54efbeb,blank_null_includes_undecided
2026-1-b4006192a0,2026,1,,Nexus,BTG,2026-06-12,2026-06-14,,2017,,"without Aécio Neves, Augusto Cury, Cabo Daciolo",Romeu Zema,3.0,total,8.0,,,https://pt.wikipedia.org/w/index.php?title=Pesquisas_de_opini%C3%A3o_para_a_elei%C3%A7%C3%A3o_presidencial_no_Brasil_em_2026&oldid=73082572,wikipedia_revision,73082572,2026-09-29T15:02:36Z,unverified,,9ca942a568882bbd6b774a0d5553b585fd3c21e22108b84064e56abca54efbeb,blank_null_includes_undecided
2026-1-b4006192a0,2026,1,,Nexus,BTG,2026-06-12,2026-06-14,,2017,,"without Aécio Neves, Augusto Cury, Cabo Daciolo",Renan Santos,5.0,total,8.0,,,https://pt.wikipedia.org/w/index.php?title=Pesquisas_de_opini%C3%A3o_para_a_elei%C3%A7%C3%A3o_presidencial_no_Brasil_em_2026&oldid=73082572,wikipedia_revision,73082572,2026-09-29T15:02:36Z,unverified,,9ca942a568882bbd6b774a0d5553b585fd3c21e22108b84064e56abca54efbeb,blank_null_includes_undecided
2026-1-b4006192a0,2026,1,,Nexus,BTG,2026-06-12,2026-06-14,,2017,,"without Aécio Neves, Augusto Cury, Cabo Daciolo",Joaquim Barbosa,3.0,total,8.0,,,https://pt.wikipedia.org/w/index.php?title=Pesquisas_de_opini%C3%A3o_para_a_elei%C3%A7%C3%A3o_presidencial_no_Brasil_em_2026&oldid=73082572,wikipedia_revision,73082572,2026-09-29T15:02:36Z,unverified,,9ca942a568882bbd6b774a0d5553b585fd3c21e22108b84064e56abca54efbeb,blank_null_includes_undecided
2026-1-333e6b5819,2026,1,,Futura,Apex,2026-06-08,2026-06-12,,2000,,full,Lula,41.6,total,10.0,,,https://pt.wikipedia.org/w/index.php?title=Pesquisas_de_opini%C3%A3o_para_a_elei%C3%A7%C3%A3o_presidencial_no_Brasil_em_2026&oldid=73082572,wikipedia_revision,73082572,2026-09-29T15:02:36Z,unverified,,9ca942a568882bbd6b774a0d5553b585fd3c21e22108b84064e56abca54efbeb,blank_null_includes_undecided
2026-1-333e6b5819,2026,1,,Futura,Apex,2026-06-08,2026-06-12,,2000,,full,Flávio Bolsonaro,34.1,total,10.0,,,https://pt.wikipedia.org/w/index.php?title=Pesquisas_de_opini%C3%A3o_para_a_elei%C3%A7%C3%A3o_presidencial_no_Brasil_em_2026&oldid=73082572,wikipedia_revision,73082572,2026-09-29T15:02:36Z,unverified,,9ca942a568882bbd6b774a0d5553b585fd3c21e22108b84064e56abca54efbeb,blank_null_includes_undecided
2026-1-333e6b5819,2026,1,,Futura,Apex,2026-06-08,2026-06-12,,2000,,full,Ronaldo Caiado,4.5,total,10.0,,,https://pt.wikipedia.org/w/index.php?title=Pesquisas_de_opini%C3%A3o_para_a_elei%C3%A7%C3%A3o_presidencial_no_Brasil_em_2026&oldid=73082572,wikipedia_revision,73082572,2026-09-29T15:02:36Z,unverified,,9ca942a568882bbd6b774a0d5553b585fd3c21e22108b84064e56abca54efbeb,blank_null_includes_undecided
2026-1-333e6b5819,2026,1,,Futura,Apex,2026-06-08,2026-06-12,,2000,,full,Romeu Zema,3.5,total,10.0,,,https://pt.wikipedia.org/w/index.php?title=Pesquisas_de_opini%C3%A3o_para_a_elei%C3%A7%C3%A3o_presidencial_no_Brasil_em_2026&oldid=73082572,wikipedia_revision,73082572,2026-09-29T15:02:36Z,unverified,,9ca942a568882bbd6b774a0d5553b585fd3c21e22108b84064e56abca54efbeb,blank_null_includes_undecided
2026-1-333e6b5819,2026,1,,Futura,Apex,2026-06-08,2026-06-12,,2000,,full,Renan Santos,2.3,total,10.0,,,https://pt.wikipedia.org/w/index.php?title=Pesquisas_de_opini%C3%A3o_para_a_elei%C3%A7%C3%A3o_presidencial_no_Brasil_em_2026&oldid=73082572,wikipedia_revision,73082572,2026-09-29T15:02:36Z,unverified,,9ca942a568882bbd6b774a0d5553b585fd3c21e22108b84064e56abca54efbeb,blank_null_includes_undecided
2026-1-333e6b5819,2026,1,,Futura,Apex,2026-06-08,2026-06-12,,2000,,full,Cabo Daciolo,1.1,total,10.0,,,https://pt.wikipedia.org/w/index.php?title=Pesquisas_de_opini%C3%A3o_para_a_elei%C3%A7%C3%A3o_presidencial_no_Brasil_em_2026&oldid=73082572,wikipedia_revision,73082572,2026-09-29T15:02:36Z,unverified,,9ca942a568882bbd6b774a0d5553b585fd3c21e22108b84064e56abca54efbeb,blank_null_includes_undecided
2026-1-333e6b5819,2026,1,,Futura,Apex,2026-06-08,2026-06-12,,2000,,full,Augusto Cury,0.9,total,10.0,,,https://pt.wikipedia.org/w/index.php?title=Pesquisas_de_opini%C3%A3o_para_a_elei%C3%A7%C3%A3o_presidencial_no_Brasil_em_2026&oldid=73082572,wikipedia_revision,73082572,2026-09-29T15:02:36Z,unverified,,9ca942a568882bbd6b774a0d5553b585fd3c21e22108b84064e56abca54efbeb,blank_null_includes_undecided
2026-1-333e6b5819,2026,1,,Futura,Apex,2026-06-08,2026-06-12,,2000,,full,Joaquim Barbosa,2.1,total,10.0,,,https://pt.wikipedia.org/w/index.php?title=Pesquisas_de_opini%C3%A3o_para_a_elei%C3%A7%C3%A3o_presidencial_no_Brasil_em_2026&oldid=73082572,wikipedia_revision,73082572,2026-09-29T15:02:36Z,unverified,,9ca942a568882bbd6b774a0d5553b585fd3c21e22108b84064e56abca54efbeb,blank_null_includes_undecided
2026-1-333e6b5819,2026,1,,Futura,Apex,2026-06-08,2026-06-12,,2000,,with Flávio Bolsonaro,Lula,39.8,total,10.1,,,https://pt.wikipedia.org/w/index.php?title=Pesquisas_de_opini%C3%A3o_para_a_elei%C3%A7%C3%A3o_presidencial_no_Brasil_em_2026&oldid=73082572,wikipedia_revision,73082572,2026-09-29T15:02:36Z,unverified,,9ca942a568882bbd6b774a0d5553b585fd3c21e22108b84064e56abca54efbeb,blank_null_includes_undecided
2026-1-333e6b5819,2026,1,,Futura,Apex,2026-06-08,2026-06-12,,2000,,with Flávio Bolsonaro,Flávio Bolsonaro,32.8,total,10.1,,,https://pt.wikipedia.org/w/index.php?title=Pesquisas_de_opini%C3%A3o_para_a_elei%C3%A7%C3%A3o_presidencial_no_Brasil_em_2026&oldid=73082572,wikipedia_revision,73082572,2026-09-29T15:02:36Z,unverified,,9ca942a568882bbd6b774a0d5553b585fd3c21e22108b84064e56abca54efbeb,blank_null_includes_undecided
2026-1-333e6b5819,2026,1,,Futura,Apex,2026-06-08,2026-06-12,,2000,,with Flávio Bolsonaro,Ronaldo Caiado,8.5,total,10.1,,,https://pt.wikipedia.org/w/index.php?title=Pesquisas_de_opini%C3%A3o_para_a_elei%C3%A7%C3%A3o_presidencial_no_Brasil_em_2026&oldid=73082572,wikipedia_revision,73082572,2026-09-29T15:02:36Z,unverified,,9ca942a568882bbd6b774a0d5553b585fd3c21e22108b84064e56abca54efbeb,blank_null_includes_undecided
2026-1-333e6b5819,2026,1,,Futura,Apex,2026-06-08,2026-06-12,,2000,,with Flávio Bolsonaro,Romeu Zema,5.3,total,10.1,,,https://pt.wikipedia.org/w/index.php?title=Pesquisas_de_opini%C3%A3o_para_a_elei%C3%A7%C3%A3o_presidencial_no_Brasil_em_2026&oldid=73082572,wikipedia_revision,73082572,2026-09-29T15:02:36Z,unverified,,9ca942a568882bbd6b774a0d5553b585fd3c21e22108b84064e56abca54efbeb,blank_null_includes_undecided
2026-1-333e6b5819,2026,1,,Futura,Apex,2026-06-08,2026-06-12,,2000,,with Flávio Bolsonaro,Renan Santos,3.5,total,10.1,,,https://pt.wikipedia.org/w/index.php?title=Pesquisas_de_opini%C3%A3o_para_a_elei%C3%A7%C3%A3o_presidencial_no_Brasil_em_2026&oldid=73082572,wikipedia_revision,73082572,2026-09-29T15:02:36Z,unverified,,9ca942a568882bbd6b774a0d5553b585fd3c21e22108b84064e56abca54efbeb,blank_null_includes_undecided
2026-1-333e6b5819,2026,1,,Futura,Apex,2026-06-08,2026-06-12,,2000,,"without Augusto Cury, Cabo Daciolo, Flávio Bolsonaro, Joaquim Barbosa",Lula,42.7,total,21.5,,,https://pt.wikipedia.org/w/index.php?title=Pesquisas_de_opini%C3%A3o_para_a_elei%C3%A7%C3%A3o_presidencial_no_Brasil_em_2026&oldid=73082572,wikipedia_revision,73082572,2026-09-29T15:02:36Z,unverified,,9ca942a568882bbd6b774a0d5553b585fd3c21e22108b84064e56abca54efbeb,blank_null_includes_undecided
2026-1-333e6b5819,2026,1,,Futura,Apex,2026-06-08,2026-06-12,,2000,,"without Augusto Cury, Cabo Daciolo, Flávio Bolsonaro, Joaquim Barbosa",Ronaldo Caiado,16.5,total,21.5,,,https://pt.wikipedia.org/w/index.php?title=Pesquisas_de_opini%C3%A3o_para_a_elei%C3%A7%C3%A3o_presidencial_no_Brasil_em_2026&oldid=73082572,wikipedia_revision,73082572,2026-09-29T15:02:36Z,unverified,,9ca942a568882bbd6b774a0d5553b585fd3c21e22108b84064e56abca54efbeb,blank_null_includes_undecided
2026-1-333e6b5819,2026,1,,Futura,Apex,2026-06-08,2026-06-12,,2000,,"without Augusto Cury, Cabo Daciolo, Flávio Bolsonaro, Joaquim Barbosa",Romeu Zema,13.3,total,21.5,,,https://pt.wikipedia.org/w/index.php?title=Pesquisas_de_opini%C3%A3o_para_a_elei%C3%A7%C3%A3o_presidencial_no_Brasil_em_2026&oldid=73082572,wikipedia_revision,73082572,2026-09-29T15:02:36Z,unverified,,9ca942a568882bbd6b774a0d5553b585fd3c21e22108b84064e56abca54efbeb,blank_null_includes_undecided
2026-1-333e6b5819,2026,1,,Futura,Apex,2026-06-08,2026-06-12,,2000,,"without Augusto Cury, Cabo Daciolo, Flávio Bolsonaro, Joaquim Barbosa",Renan Santos,6.1,total,21.5,,,https://pt.wikipedia.org/w/index.php?title=Pesquisas_de_opini%C3%A3o_para_a_elei%C3%A7%C3%A3o_presidencial_no_Brasil_em_2026&oldid=73082572,wikipedia_revision,73082572,2026-09-29T15:02:36Z,unverified,,9ca942a568882bbd6b774a0d5553b585fd3c21e22108b84064e56abca54efbeb,blank_null_includes_undecided
2026-1-49a9a2fa67,2026,1,,Alfa Inteligência,,2026-06-05,2026-06-10,,1400,,main,Lula,40.0,total,8.0,,,https://pt.wikipedia.org/w/index.php?title=Pesquisas_de_opini%C3%A3o_para_a_elei%C3%A7%C3%A3o_presidencial_no_Brasil_em_2026&oldid=73082572,wikipedia_revision,73082572,2026-09-29T15:02:36Z,unverified,,9ca942a568882bbd6b774a0d5553b585fd3c21e22108b84064e56abca54efbeb,others_split_from_footnote;blank_null_includes_undecided
2026-1-49a9a2fa67,2026,1,,Alfa Inteligência,,2026-06-05,2026-06-10,,1400,,main,Flávio Bolsonaro,31.0,total,8.0,,,https://pt.wikipedia.org/w/index.php?title=Pesquisas_de_opini%C3%A3o_para_a_elei%C3%A7%C3%A3o_presidencial_no_Brasil_em_2026&oldid=73082572,wikipedia_revision,73082572,2026-09-29T15:02:36Z,unverified,,9ca942a568882bbd6b774a0d5553b585fd3c21e22108b84064e56abca54efbeb,others_split_from_footnote;blank_null_includes_undecided
2026-1-49a9a2fa67,2026,1,,Alfa Inteligência,,2026-06-05,2026-06-10,,1400,,main,Ronaldo Caiado,7.0,total,8.0,,,https://pt.wikipedia.org/w/index.php?title=Pesquisas_de_opini%C3%A3o_para_a_elei%C3%A7%C3%A3o_presidencial_no_Brasil_em_2026&oldid=73082572,wikipedia_revision,73082572,2026-09-29T15:02:36Z,unverified,,9ca942a568882bbd6b774a0d5553b585fd3c21e22108b84064e56abca54efbeb,others_split_from_footnote;blank_null_includes_undecided
2026-1-49a9a2fa67,2026,1,,Alfa Inteligência,,2026-06-05,2026-06-10,,1400,,main,Romeu Zema,7.0,total,8.0,,,https://pt.wikipedia.org/w/index.php?title=Pesquisas_de_opini%C3%A3o_para_a_elei%C3%A7%C3%A3o_presidencial_no_Brasil_em_2026&oldid=73082572,wikipedia_revision,73082572,2026-09-29T15:02:36Z,unverified,,9ca942a568882bbd6b774a0d5553b585fd3c21e22108b84064e56abca54efbeb,others_split_from_footnote;blank_null_includes_undecided
2026-1-49a9a2fa67,2026,1,,Alfa Inteligência,,2026-06-05,2026-06-10,,1400,,main,Renan Santos,2.0,total,8.0,,,https://pt.wikipedia.org/w/index.php?title=Pesquisas_de_opini%C3%A3o_para_a_elei%C3%A7%C3%A3o_presidencial_no_Brasil_em_2026&oldid=73082572,wikipedia_revision,73082572,2026-09-29T15:02:36Z,unverified,,9ca942a568882bbd6b774a0d5553b585fd3c21e22108b84064e56abca54efbeb,others_split_from_footnote;blank_null_includes_undecided
2026-1-49a9a2fa67,2026,1,,Alfa Inteligência,,2026-06-05,2026-06-10,,1400,,main,Joaquim Barbosa,3.0,total,8.0,,,https://pt.wikipedia.org/w/index.php?title=Pesquisas_de_opini%C3%A3o_para_a_elei%C3%A7%C3%A3o_presidencial_no_Brasil_em_2026&oldid=73082572,wikipedia_revision,73082572,2026-09-29T15:02:36Z,unverified,,9ca942a568882bbd6b774a0d5553b585fd3c21e22108b84064e56abca54efbeb,others_split_from_footnote;blank_null_includes_undecided
2026-1-49a9a2fa67,2026,1,,Alfa Inteligência,,2026-06-05,2026-06-10,,1400,,main,Tereza Cristina,1.0,total,8.0,,,https://pt.wikipedia.org/w/index.php?title=Pesquisas_de_opini%C3%A3o_para_a_elei%C3%A7%C3%A3o_presidencial_no_Brasil_em_2026&oldid=73082572,wikipedia_revision,73082572,2026-09-29T15:02:36Z,unverified,,9ca942a568882bbd6b774a0d5553b585fd3c21e22108b84064e56abca54efbeb,others_split_from_footnote;blank_null_includes_undecided
2026-1-49a9a2fa67,2026,1,,Alfa Inteligência,,2026-06-05,2026-06-10,,1400,,main,__others__,1.0,total,8.0,,,https://pt.wikipedia.org/w/index.php?title=Pesquisas_de_opini%C3%A3o_para_a_elei%C3%A7%C3%A3o_presidencial_no_Brasil_em_2026&oldid=73082572,wikipedia_revision,73082572,2026-09-29T15:02:36Z,unverified,,9ca942a568882bbd6b774a0d5553b585fd3c21e22108b84064e56abca54efbeb,others_split_from_footnote;blank_null_includes_undecided
2026-1-dcf6db3a74,2026,1,,Quaest,,2026-06-05,2026-06-08,,2004,,main,Lula,39.0,total,19.0,,,https://pt.wikipedia.org/w/index.php?title=Pesquisas_de_opini%C3%A3o_para_a_elei%C3%A7%C3%A3o_presidencial_no_Brasil_em_2026&oldid=73082572,wikipedia_revision,73082572,2026-09-29T15:02:36Z,unverified,,9ca942a568882bbd6b774a0d5553b585fd3c21e22108b84064e56abca54efbeb,others_column_named_candidate;blank_null_includes_undecided
2026-1-dcf6db3a74,2026,1,,Quaest,,2026-06-05,2026-06-08,,2004,,main,Flávio Bolsonaro,29.0,total,19.0,,,https://pt.wikipedia.org/w/index.php?title=Pesquisas_de_opini%C3%A3o_para_a_elei%C3%A7%C3%A3o_presidencial_no_Brasil_em_2026&oldid=73082572,wikipedia_revision,73082572,2026-09-29T15:02:36Z,unverified,,9ca942a568882bbd6b774a0d5553b585fd3c21e22108b84064e56abca54efbeb,others_column_named_candidate;blank_null_includes_undecided
2026-1-dcf6db3a74,2026,1,,Quaest,,2026-06-05,2026-06-08,,2004,,main,Ronaldo Caiado,3.0,total,19.0,,,https://pt.wikipedia.org/w/index.php?title=Pesquisas_de_opini%C3%A3o_para_a_elei%C3%A7%C3%A3o_presidencial_no_Brasil_em_2026&oldid=73082572,wikipedia_revision,73082572,2026-09-29T15:02:36Z,unverified,,9ca942a568882bbd6b774a0d5553b585fd3c21e22108b84064e56abca54efbeb,others_column_named_candidate;blank_null_includes_undecided
2026-1-dcf6db3a74,2026,1,,Quaest,,2026-06-05,2026-06-08,,2004,,main,Romeu Zema,2.0,total,19.0,,,https://pt.wikipedia.org/w/index.php?title=Pesquisas_de_opini%C3%A3o_para_a_elei%C3%A7%C3%A3o_presidencial_no_Brasil_em_2026&oldid=73082572,wikipedia_revision,73082572,2026-09-29T15:02:36Z,unverified,,9ca942a568882bbd6b774a0d5553b585fd3c21e22108b84064e56abca54efbeb,others_column_named_candidate;blank_null_includes_undecided
2026-1-dcf6db3a74,2026,1,,Quaest,,2026-06-05,2026-06-08,,2004,,main,Renan Santos,3.0,total,19.0,,,https://pt.wikipedia.org/w/index.php?title=Pesquisas_de_opini%C3%A3o_para_a_elei%C3%A7%C3%A3o_presidencial_no_Brasil_em_2026&oldid=73082572,wikipedia_revision,73082572,2026-09-29T15:02:36Z,unverified,,9ca942a568882bbd6b774a0d5553b585fd3c21e22108b84064e56abca54efbeb,others_column_named_candidate;blank_null_includes_undecided
2026-1-dcf6db3a74,2026,1,,Quaest,,2026-06-05,2026-06-08,,2004,,main,Aécio Neves,2.0,total,19.0,,,https://pt.wikipedia.org/w/index.php?title=Pesquisas_de_opini%C3%A3o_para_a_elei%C3%A7%C3%A3o_presidencial_no_Brasil_em_2026&oldid=73082572,wikipedia_revision,73082572,2026-09-29T15:02:36Z,unverified,,9ca942a568882bbd6b774a0d5553b585fd3c21e22108b84064e56abca54efbeb,others_column_named_candidate;blank_null_includes_undecided
2026-1-dcf6db3a74,2026,1,,Quaest,,2026-06-05,2026-06-08,,2004,,main,Cabo Daciolo,0.0,total,19.0,,,https://pt.wikipedia.org/w/index.php?title=Pesquisas_de_opini%C3%A3o_para_a_elei%C3%A7%C3%A3o_presidencial_no_Brasil_em_2026&oldid=73082572,wikipedia_revision,73082572,2026-09-29T15:02:36Z,unverified,,9ca942a568882bbd6b774a0d5553b585fd3c21e22108b84064e56abca54efbeb,others_column_named_candidate;blank_null_includes_undecided
2026-1-dcf6db3a74,2026,1,,Quaest,,2026-06-05,2026-06-08,,2004,,main,Augusto Cury,1.0,total,19.0,,,https://pt.wikipedia.org/w/index.php?title=Pesquisas_de_opini%C3%A3o_para_a_elei%C3%A7%C3%A3o_presidencial_no_Brasil_em_2026&oldid=73082572,wikipedia_revision,73082572,2026-09-29T15:02:36Z,unverified,,9ca942a568882bbd6b774a0d5553b585fd3c21e22108b84064e56abca54efbeb,others_column_named_candidate;blank_null_includes_undecided
2026-1-dcf6db3a74,2026,1,,Quaest,,2026-06-05,2026-06-08,,2004,,main,Joaquim Barbosa,1.0,total,19.0,,,https://pt.wikipedia.org/w/index.php?title=Pesquisas_de_opini%C3%A3o_para_a_elei%C3%A7%C3%A3o_presidencial_no_Brasil_em_2026&oldid=73082572,wikipedia_revision,73082572,2026-09-29T15:02:36Z,unverified,,9ca942a568882bbd6b774a0d5553b585fd3c21e22108b84064e56abca54efbeb,others_column_named_candidate;blank_null_includes_undecided
2026-1-dcf6db3a74,2026,1,,Quaest,,2026-06-05,2026-06-08,,2004,,main,Samara Martins,1.0,total,19.0,,,https://pt.wikipedia.org/w/index.php?title=Pesquisas_de_opini%C3%A3o_para_a_elei%C3%A7%C3%A3o_presidencial_no_Brasil_em_2026&oldid=73082572,wikipedia_revision,73082572,2026-09-29T15:02:36Z,unverified,,9ca942a568882bbd6b774a0d5553b585fd3c21e22108b84064e56abca54efbeb,others_column_named_candidate;blank_null_includes_undecided
2026-1-dcf6db3a74,2026,1,,Quaest,,2026-06-05,2026-06-08,,2004,,main,Edmilson Costa,0.0,total,19.0,,,https://pt.wikipedia.org/w/index.php?title=Pesquisas_de_opini%C3%A3o_para_a_elei%C3%A7%C3%A3o_presidencial_no_Brasil_em_2026&oldid=73082572,wikipedia_revision,73082572,2026-09-29T15:02:36Z,unverified,,9ca942a568882bbd6b774a0d5553b585fd3c21e22108b84064e56abca54efbeb,others_column_named_candidate;blank_null_includes_undecided
2026-1-dcf6db3a74,2026,1,,Quaest,,2026-06-05,2026-06-08,,2004,,main,Heró Bezerra,0.0,total,19.0,,,https://pt.wikipedia.org/w/index.php?title=Pesquisas_de_opini%C3%A3o_para_a_elei%C3%A7%C3%A3o_presidencial_no_Brasil_em_2026&oldid=73082572,wikipedia_revision,73082572,2026-09-29T15:02:36Z,unverified,,9ca942a568882bbd6b774a0d5553b585fd3c21e22108b84064e56abca54efbeb,others_column_named_candidate;blank_null_includes_undecided
2026-1-847fa79aec,2026,1,,Vox Brasil,,2026-06-01,2026-06-06,,2100,,main,Lula,42.1,total,5.2,,,https://pt.wikipedia.org/w/index.php?title=Pesquisas_de_opini%C3%A3o_para_a_elei%C3%A7%C3%A3o_presidencial_no_Brasil_em_2026&oldid=73082572,wikipedia_revision,73082572,2026-09-29T15:02:36Z,unverified,,9ca942a568882bbd6b774a0d5553b585fd3c21e22108b84064e56abca54efbeb,blank_null_includes_undecided
2026-1-847fa79aec,2026,1,,Vox Brasil,,2026-06-01,2026-06-06,,2100,,main,Flávio Bolsonaro,33.6,total,5.2,,,https://pt.wikipedia.org/w/index.php?title=Pesquisas_de_opini%C3%A3o_para_a_elei%C3%A7%C3%A3o_presidencial_no_Brasil_em_2026&oldid=73082572,wikipedia_revision,73082572,2026-09-29T15:02:36Z,unverified,,9ca942a568882bbd6b774a0d5553b585fd3c21e22108b84064e56abca54efbeb,blank_null_includes_undecided
2026-1-847fa79aec,2026,1,,Vox Brasil,,2026-06-01,2026-06-06,,2100,,main,Ronaldo Caiado,6.9,total,5.2,,,https://pt.wikipedia.org/w/index.php?title=Pesquisas_de_opini%C3%A3o_para_a_elei%C3%A7%C3%A3o_presidencial_no_Brasil_em_2026&oldid=73082572,wikipedia_revision,73082572,2026-09-29T15:02:36Z,unverified,,9ca942a568882bbd6b774a0d5553b585fd3c21e22108b84064e56abca54efbeb,blank_null_includes_undecided
2026-1-847fa79aec,2026,1,,Vox Brasil,,2026-06-01,2026-06-06,,2100,,main,Romeu Zema,5.1,total,5.2,,,https://pt.wikipedia.org/w/index.php?title=Pesquisas_de_opini%C3%A3o_para_a_elei%C3%A7%C3%A3o_presidencial_no_Brasil_em_2026&oldid=73082572,wikipedia_revision,73082572,2026-09-29T15:02:36Z,unverified,,9ca942a568882bbd6b774a0d5553b585fd3c21e22108b84064e56abca54efbeb,blank_null_includes_undecided
2026-1-847fa79aec,2026,1,,Vox Brasil,,2026-06-01,2026-06-06,,2100,,main,Renan Santos,3.1,total,5.2,,,https://pt.wikipedia.org/w/index.php?title=Pesquisas_de_opini%C3%A3o_para_a_elei%C3%A7%C3%A3o_presidencial_no_Brasil_em_2026&oldid=73082572,wikipedia_revision,73082572,2026-09-29T15:02:36Z,unverified,,9ca942a568882bbd6b774a0d5553b585fd3c21e22108b84064e56abca54efbeb,blank_null_includes_undecided
2026-1-847fa79aec,2026,1,,Vox Brasil,,2026-06-01,2026-06-06,,2100,,main,Aécio Neves,2.1,total,5.2,,,https://pt.wikipedia.org/w/index.php?title=Pesquisas_de_opini%C3%A3o_para_a_elei%C3%A7%C3%A3o_presidencial_no_Brasil_em_2026&oldid=73082572,wikipedia_revision,73082572,2026-09-29T15:02:36Z,unverified,,9ca942a568882bbd6b774a0d5553b585fd3c21e22108b84064e56abca54efbeb,blank_null_includes_undecided
2026-1-847fa79aec,2026,1,,Vox Brasil,,2026-06-01,2026-06-06,,2100,,main,Cabo Daciolo,0.3,total,5.2,,,https://pt.wikipedia.org/w/index.php?title=Pesquisas_de_opini%C3%A3o_para_a_elei%C3%A7%C3%A3o_presidencial_no_Brasil_em_2026&oldid=73082572,wikipedia_revision,73082572,2026-09-29T15:02:36Z,unverified,,9ca942a568882bbd6b774a0d5553b585fd3c21e22108b84064e56abca54efbeb,blank_null_includes_undecided
2026-1-847fa79aec,2026,1,,Vox Brasil,,2026-06-01,2026-06-06,,2100,,main,Augusto Cury,0.5,total,5.2,,,https://pt.wikipedia.org/w/index.php?title=Pesquisas_de_opini%C3%A3o_para_a_elei%C3%A7%C3%A3o_presidencial_no_Brasil_em_2026&oldid=73082572,wikipedia_revision,73082572,2026-09-29T15:02:36Z,unverified,,9ca942a568882bbd6b774a0d5553b585fd3c21e22108b84064e56abca54efbeb,blank_null_includes_undecided
2026-1-847fa79aec,2026,1,,Vox Brasil,,2026-06-01,2026-06-06,,2100,,main,Joaquim Barbosa,1.1,total,5.2,,,https://pt.wikipedia.org/w/index.php?title=Pesquisas_de_opini%C3%A3o_para_a_elei%C3%A7%C3%A3o_presidencial_no_Brasil_em_2026&oldid=73082572,wikipedia_revision,73082572,2026-09-29T15:02:36Z,unverified,,9ca942a568882bbd6b774a0d5553b585fd3c21e22108b84064e56abca54efbeb,blank_null_includes_undecided
2026-1-bcb88bca7d,2026,1,,Gerp,,2026-06-02,2026-06-05,,2000,,main,Lula,34.0,total,19.0,,,https://pt.wikipedia.org/w/index.php?title=Pesquisas_de_opini%C3%A3o_para_a_elei%C3%A7%C3%A3o_presidencial_no_Brasil_em_2026&oldid=73082572,wikipedia_revision,73082572,2026-09-29T15:02:36Z,unverified,,9ca942a568882bbd6b774a0d5553b585fd3c21e22108b84064e56abca54efbeb,others_column_named_candidate;blank_null_includes_undecided
2026-1-bcb88bca7d,2026,1,,Gerp,,2026-06-02,2026-06-05,,2000,,main,Flávio Bolsonaro,35.0,total,19.0,,,https://pt.wikipedia.org/w/index.php?title=Pesquisas_de_opini%C3%A3o_para_a_elei%C3%A7%C3%A3o_presidencial_no_Brasil_em_2026&oldid=73082572,wikipedia_revision,73082572,2026-09-29T15:02:36Z,unverified,,9ca942a568882bbd6b774a0d5553b585fd3c21e22108b84064e56abca54efbeb,others_column_named_candidate;blank_null_includes_undecided
2026-1-bcb88bca7d,2026,1,,Gerp,,2026-06-02,2026-06-05,,2000,,main,Ronaldo Caiado,2.0,total,19.0,,,https://pt.wikipedia.org/w/index.php?title=Pesquisas_de_opini%C3%A3o_para_a_elei%C3%A7%C3%A3o_presidencial_no_Brasil_em_2026&oldid=73082572,wikipedia_revision,73082572,2026-09-29T15:02:36Z,unverified,,9ca942a568882bbd6b774a0d5553b585fd3c21e22108b84064e56abca54efbeb,others_column_named_candidate;blank_null_includes_undecided
2026-1-bcb88bca7d,2026,1,,Gerp,,2026-06-02,2026-06-05,,2000,,main,Romeu Zema,2.0,total,19.0,,,https://pt.wikipedia.org/w/index.php?title=Pesquisas_de_opini%C3%A3o_para_a_elei%C3%A7%C3%A3o_presidencial_no_Brasil_em_2026&oldid=73082572,wikipedia_revision,73082572,2026-09-29T15:02:36Z,unverified,,9ca942a568882bbd6b774a0d5553b585fd3c21e22108b84064e56abca54efbeb,others_column_named_candidate;blank_null_includes_undecided
2026-1-bcb88bca7d,2026,1,,Gerp,,2026-06-02,2026-06-05,,2000,,main,Renan Santos,4.0,total,19.0,,,https://pt.wikipedia.org/w/index.php?title=Pesquisas_de_opini%C3%A3o_para_a_elei%C3%A7%C3%A3o_presidencial_no_Brasil_em_2026&oldid=73082572,wikipedia_revision,73082572,2026-09-29T15:02:36Z,unverified,,9ca942a568882bbd6b774a0d5553b585fd3c21e22108b84064e56abca54efbeb,others_column_named_candidate;blank_null_includes_undecided
2026-1-bcb88bca7d,2026,1,,Gerp,,2026-06-02,2026-06-05,,2000,,main,Cabo Daciolo,0.0,total,19.0,,,https://pt.wikipedia.org/w/index.php?title=Pesquisas_de_opini%C3%A3o_para_a_elei%C3%A7%C3%A3o_presidencial_no_Brasil_em_2026&oldid=73082572,wikipedia_revision,73082572,2026-09-29T15:02:36Z,unverified,,9ca942a568882bbd6b774a0d5553b585fd3c21e22108b84064e56abca54efbeb,others_column_named_candidate;blank_null_includes_undecided
2026-1-bcb88bca7d,2026,1,,Gerp,,2026-06-02,2026-06-05,,2000,,main,Augusto Cury,1.0,total,19.0,,,https://pt.wikipedia.org/w/index.php?title=Pesquisas_de_opini%C3%A3o_para_a_elei%C3%A7%C3%A3o_presidencial_no_Brasil_em_2026&oldid=73082572,wikipedia_revision,73082572,2026-09-29T15:02:36Z,unverified,,9ca942a568882bbd6b774a0d5553b585fd3c21e22108b84064e56abca54efbeb,others_column_named_candidate;blank_null_includes_undecided
2026-1-bcb88bca7d,2026,1,,Gerp,,2026-06-02,2026-06-05,,2000,,main,Joaquim Barbosa,2.0,total,19.0,,,https://pt.wikipedia.org/w/index.php?title=Pesquisas_de_opini%C3%A3o_para_a_elei%C3%A7%C3%A3o_presidencial_no_Brasil_em_2026&oldid=73082572,wikipedia_revision,73082572,2026-09-29T15:02:36Z,unverified,,9ca942a568882bbd6b774a0d5553b585fd3c21e22108b84064e56abca54efbeb,others_column_named_candidate;blank_null_includes_undecided
2026-1-bcb88bca7d,2026,1,,Gerp,,2026-06-02,2026-06-05,,2000,,main,Samara Martins,0.0,total,19.0,,,https://pt.wikipedia.org/w/index.php?title=Pesquisas_de_opini%C3%A3o_para_a_elei%C3%A7%C3%A3o_presidencial_no_Brasil_em_2026&oldid=73082572,wikipedia_revision,73082572,2026-09-29T15:02:36Z,unverified,,9ca942a568882bbd6b774a0d5553b585fd3c21e22108b84064e56abca54efbeb,others_column_named_candidate;blank_null_includes_undecided
2026-1-bcb88bca7d,2026,1,,Gerp,,2026-06-02,2026-06-05,,2000,,main,Edmilson Costa,0.0,total,19.0,,,https://pt.wikipedia.org/w/index.php?title=Pesquisas_de_opini%C3%A3o_para_a_elei%C3%A7%C3%A3o_presidencial_no_Brasil_em_2026&oldid=73082572,wikipedia_revision,73082572,2026-09-29T15:02:36Z,unverified,,9ca942a568882bbd6b774a0d5553b585fd3c21e22108b84064e56abca54efbeb,others_column_named_candidate;blank_null_includes_undecided
2026-1-bcb88bca7d,2026,1,,Gerp,,2026-06-02,2026-06-05,,2000,,main,Rui Costa Pimenta,0.0,total,19.0,,,https://pt.wikipedia.org/w/index.php?title=Pesquisas_de_opini%C3%A3o_para_a_elei%C3%A7%C3%A3o_presidencial_no_Brasil_em_2026&oldid=73082572,wikipedia_revision,73082572,2026-09-29T15:02:36Z,unverified,,9ca942a568882bbd6b774a0d5553b585fd3c21e22108b84064e56abca54efbeb,others_column_named_candidate;blank_null_includes_undecided
2026-1-bcb88bca7d,2026,1,,Gerp,,2026-06-02,2026-06-05,,2000,,main,Aldo Rebelo,0.0,total,19.0,,,https://pt.wikipedia.org/w/index.php?title=Pesquisas_de_opini%C3%A3o_para_a_elei%C3%A7%C3%A3o_presidencial_no_Brasil_em_2026&oldid=73082572,wikipedia_revision,73082572,2026-09-29T15:02:36Z,unverified,,9ca942a568882bbd6b774a0d5553b585fd3c21e22108b84064e56abca54efbeb,others_column_named_candidate;blank_null_includes_undecided
