poll_id,election,round,tse_br_id,pollster,contractor,field_start,field_end,publication_date,sample_size,methodology,scenario,candidate,share_reported,share_basis,blank_null,undecided,valid_vote_share,source_url,source_type,source_revision,retrieval_timestamp,verification_status,verification_source,source_hash,notes
2026-1-973219301b,2026,1,,AtlasIntel,,2026-09-23,2026-09-28,,5005,,main,Lula,45.3,total,2.1,,46.50924024640657,https://pt.wikipedia.org/w/index.php?title=Pesquisas_de_opini%C3%A3o_para_a_elei%C3%A7%C3%A3o_presidencial_no_Brasil_em_2026&oldid=73082572,wikipedia_revision,73082572.0,2026-09-29T15:02:36Z,unverified,,9ca942a568882bbd6b774a0d5553b585fd3c21e22108b84064e56abca54efbeb,"blank_null_includes_undecided;below_threshold:Samara Martins<0.5,Leonardo Avalanche<0.5,Wilson Grassi<0.5,Clariana Barão<0.5,Hertz Dias<0.5,Edmilson Costa<0.5,Rui Costa Pimenta<0.5"
2026-1-973219301b,2026,1,,AtlasIntel,,2026-09-23,2026-09-28,,5005,,main,Flávio Bolsonaro,42.2,total,2.1,,43.3264887063655,https://pt.wikipedia.org/w/index.php?title=Pesquisas_de_opini%C3%A3o_para_a_elei%C3%A7%C3%A3o_presidencial_no_Brasil_em_2026&oldid=73082572,wikipedia_revision,73082572.0,2026-09-29T15:02:36Z,unverified,,9ca942a568882bbd6b774a0d5553b585fd3c21e22108b84064e56abca54efbeb,"blank_null_includes_undecided;below_threshold:Samara Martins<0.5,Leonardo Avalanche<0.5,Wilson Grassi<0.5,Clariana Barão<0.5,Hertz Dias<0.5,Edmilson Costa<0.5,Rui Costa Pimenta<0.5"
2026-1-973219301b,2026,1,,AtlasIntel,,2026-09-23,2026-09-28,,5005,,main,Augusto Cury,2.0,total,2.1,,2.0533880903490758,https://pt.wikipedia.org/w/index.php?title=Pesquisas_de_opini%C3%A3o_para_a_elei%C3%A7%C3%A3o_presidencial_no_Brasil_em_2026&oldid=73082572,wikipedia_revision,73082572.0,2026-09-29T15:02:36Z,unverified,,9ca942a568882bbd6b774a0d5553b585fd3c21e22108b84064e56abca54efbeb,"blank_null_includes_undecided;below_threshold:Samara Martins<0.5,Leonardo Avalanche<0.5,Wilson Grassi<0.5,Clariana Barão<0.5,Hertz Dias<0.5,Edmilson Costa<0.5,Rui Costa Pimenta<0.5"
2026-1-973219301b,2026,1,,AtlasIntel,,2026-09-23,2026-09-28,,5005,,main,Renan Santos,5.2,total,2.1,,5.338809034907597,https://pt.wikipedia.org/w/index.php?title=Pesquisas_de_opini%C3%A3o_para_a_elei%C3%A7%C3%A3o_presidencial_no_Brasil_em_2026&oldid=73082572,wikipedia_revision,73082572.0,2026-09-29T15:02:36Z,unverified,,9ca942a568882bbd6b774a0d5553b585fd3c21e22108b84064e56abca54efbeb,"blank_null_includes_undecided;below_threshold:Samara Martins<0.5,Leonardo Avalanche<0.5,Wilson Grassi<0.5,Clariana Barão<0.5,Hertz Dias<0.5,Edmilson Costa<0.5,Rui Costa Pimenta<0.5"
2026-1-973219301b,2026,1,,AtlasIntel,,2026-09-23,2026-09-28,,5005,,main,Ronaldo Caiado,1.8,total,2.1,,1.8480492813141682,https://pt.wikipedia.org/w/index.php?title=Pesquisas_de_opini%C3%A3o_para_a_elei%C3%A7%C3%A3o_presidencial_no_Brasil_em_2026&oldid=73082572,wikipedia_revision,73082572.0,2026-09-29T15:02:36Z,unverified,,9ca942a568882bbd6b774a0d5553b585fd3c21e22108b84064e56abca54efbeb,"blank_null_includes_undecided;below_threshold:Samara Martins<0.5,Leonardo Avalanche<0.5,Wilson Grassi<0.5,Clariana Barão<0.5,Hertz Dias<0.5,Edmilson Costa<0.5,Rui Costa Pimenta<0.5"
2026-1-973219301b,2026,1,,AtlasIntel,,2026-09-23,2026-09-28,,5005,,main,Romeu Zema,0.9,total,2.1,,0.9240246406570841,https://pt.wikipedia.org/w/index.php?title=Pesquisas_de_opini%C3%A3o_para_a_elei%C3%A7%C3%A3o_presidencial_no_Brasil_em_2026&oldid=73082572,wikipedia_revision,73082572.0,2026-09-29T15:02:36Z,unverified,,9ca942a568882bbd6b774a0d5553b585fd3c21e22108b84064e56abca54efbeb,"blank_null_includes_undecided;below_threshold:Samara Martins<0.5,Leonardo Avalanche<0.5,Wilson Grassi<0.5,Clariana Barão<0.5,Hertz Dias<0.5,Edmilson Costa<0.5,Rui Costa Pimenta<0.5"
2026-1-b362d92cb7,2026,1,,Gerp,,2026-09-24,2026-09-28,,2400,,main,Lula,40.0,total,5.0,,42.10526315789474,https://pt.wikipedia.org/w/index.php?title=Pesquisas_de_opini%C3%A3o_para_a_elei%C3%A7%C3%A3o_presidencial_no_Brasil_em_2026&oldid=73082572,wikipedia_revision,73082572.0,2026-09-29T15:02:36Z,unverified,,9ca942a568882bbd6b774a0d5553b585fd3c21e22108b84064e56abca54efbeb,blank_null_includes_undecided
2026-1-b362d92cb7,2026,1,,Gerp,,2026-09-24,2026-09-28,,2400,,main,Flávio Bolsonaro,42.0,total,5.0,,44.21052631578947,https://pt.wikipedia.org/w/index.php?title=Pesquisas_de_opini%C3%A3o_para_a_elei%C3%A7%C3%A3o_presidencial_no_Brasil_em_2026&oldid=73082572,wikipedia_revision,73082572.0,2026-09-29T15:02:36Z,unverified,,9ca942a568882bbd6b774a0d5553b585fd3c21e22108b84064e56abca54efbeb,blank_null_includes_undecided
2026-1-b362d92cb7,2026,1,,Gerp,,2026-09-24,2026-09-28,,2400,,main,Augusto Cury,5.0,total,5.0,,5.2631578947368425,https://pt.wikipedia.org/w/index.php?title=Pesquisas_de_opini%C3%A3o_para_a_elei%C3%A7%C3%A3o_presidencial_no_Brasil_em_2026&oldid=73082572,wikipedia_revision,73082572.0,2026-09-29T15:02:36Z,unverified,,9ca942a568882bbd6b774a0d5553b585fd3c21e22108b84064e56abca54efbeb,blank_null_includes_undecided
2026-1-b362d92cb7,2026,1,,Gerp,,2026-09-24,2026-09-28,,2400,,main,Renan Santos,3.0,total,5.0,,3.1578947368421053,https://pt.wikipedia.org/w/index.php?title=Pesquisas_de_opini%C3%A3o_para_a_elei%C3%A7%C3%A3o_presidencial_no_Brasil_em_2026&oldid=73082572,wikipedia_revision,73082572.0,2026-09-29T15:02:36Z,unverified,,9ca942a568882bbd6b774a0d5553b585fd3c21e22108b84064e56abca54efbeb,blank_null_includes_undecided
2026-1-b362d92cb7,2026,1,,Gerp,,2026-09-24,2026-09-28,,2400,,main,Ronaldo Caiado,3.0,total,5.0,,3.1578947368421053,https://pt.wikipedia.org/w/index.php?title=Pesquisas_de_opini%C3%A3o_para_a_elei%C3%A7%C3%A3o_presidencial_no_Brasil_em_2026&oldid=73082572,wikipedia_revision,73082572.0,2026-09-29T15:02:36Z,unverified,,9ca942a568882bbd6b774a0d5553b585fd3c21e22108b84064e56abca54efbeb,blank_null_includes_undecided
2026-1-b362d92cb7,2026,1,,Gerp,,2026-09-24,2026-09-28,,2400,,main,Romeu Zema,1.0,total,5.0,,1.0526315789473684,https://pt.wikipedia.org/w/index.php?title=Pesquisas_de_opini%C3%A3o_para_a_elei%C3%A7%C3%A3o_presidencial_no_Brasil_em_2026&oldid=73082572,wikipedia_revision,73082572.0,2026-09-29T15:02:36Z,unverified,,9ca942a568882bbd6b774a0d5553b585fd3c21e22108b84064e56abca54efbeb,blank_null_includes_undecided
2026-1-b362d92cb7,2026,1,,Gerp,,2026-09-24,2026-09-28,,2400,,main,Samara Martins,1.0,total,5.0,,1.0526315789473684,https://pt.wikipedia.org/w/index.php?title=Pesquisas_de_opini%C3%A3o_para_a_elei%C3%A7%C3%A3o_presidencial_no_Brasil_em_2026&oldid=73082572,wikipedia_revision,73082572.0,2026-09-29T15:02:36Z,unverified,,9ca942a568882bbd6b774a0d5553b585fd3c21e22108b84064e56abca54efbeb,blank_null_includes_undecided
2026-1-b362d92cb7,2026,1,,Gerp,,2026-09-24,2026-09-28,,2400,,main,Leonardo Avalanche,0.0,total,5.0,,0.0,https://pt.wikipedia.org/w/index.php?title=Pesquisas_de_opini%C3%A3o_para_a_elei%C3%A7%C3%A3o_presidencial_no_Brasil_em_2026&oldid=73082572,wikipedia_revision,73082572.0,2026-09-29T15:02:36Z,unverified,,9ca942a568882bbd6b774a0d5553b585fd3c21e22108b84064e56abca54efbeb,blank_null_includes_undecided
2026-1-b362d92cb7,2026,1,,Gerp,,2026-09-24,2026-09-28,,2400,,main,Wilson Grassi,0.0,total,5.0,,0.0,https://pt.wikipedia.org/w/index.php?title=Pesquisas_de_opini%C3%A3o_para_a_elei%C3%A7%C3%A3o_presidencial_no_Brasil_em_2026&oldid=73082572,wikipedia_revision,73082572.0,2026-09-29T15:02:36Z,unverified,,9ca942a568882bbd6b774a0d5553b585fd3c21e22108b84064e56abca54efbeb,blank_null_includes_undecided
2026-1-b362d92cb7,2026,1,,Gerp,,2026-09-24,2026-09-28,,2400,,main,Clariana Barão,0.0,total,5.0,,0.0,https://pt.wikipedia.org/w/index.php?title=Pesquisas_de_opini%C3%A3o_para_a_elei%C3%A7%C3%A3o_presidencial_no_Brasil_em_2026&oldid=73082572,wikipedia_revision,73082572.0,2026-09-29T15:02:36Z,unverified,,9ca942a568882bbd6b774a0d5553b585fd3c21e22108b84064e56abca54efbeb,blank_null_includes_undecided
2026-1-b362d92cb7,2026,1,,Gerp,,2026-09-24,2026-09-28,,2400,,main,Hertz Dias,0.0,total,5.0,,0.0,https://pt.wikipedia.org/w/index.php?title=Pesquisas_de_opini%C3%A3o_para_a_elei%C3%A7%C3%A3o_presidencial_no_Brasil_em_2026&oldid=73082572,wikipedia_revision,73082572.0,2026-09-29T15:02:36Z,unverified,,9ca942a568882bbd6b774a0d5553b585fd3c21e22108b84064e56abca54efbeb,blank_null_includes_undecided
2026-1-b362d92cb7,2026,1,,Gerp,,2026-09-24,2026-09-28,,2400,,main,Edmilson Costa,0.0,total,5.0,,0.0,https://pt.wikipedia.org/w/index.php?title=Pesquisas_de_opini%C3%A3o_para_a_elei%C3%A7%C3%A3o_presidencial_no_Brasil_em_2026&oldid=73082572,wikipedia_revision,73082572.0,2026-09-29T15:02:36Z,unverified,,9ca942a568882bbd6b774a0d5553b585fd3c21e22108b84064e56abca54efbeb,blank_null_includes_undecided
2026-1-b362d92cb7,2026,1,,Gerp,,2026-09-24,2026-09-28,,2400,,main,Rui Costa Pimenta,0.0,total,5.0,,0.0,https://pt.wikipedia.org/w/index.php?title=Pesquisas_de_opini%C3%A3o_para_a_elei%C3%A7%C3%A3o_presidencial_no_Brasil_em_2026&oldid=73082572,wikipedia_revision,73082572.0,2026-09-29T15:02:36Z,unverified,,9ca942a568882bbd6b774a0d5553b585fd3c21e22108b84064e56abca54efbeb,blank_null_includes_undecided
2026-1-1d588f2c15,2026,1,,Palver,,2026-09-24,2026-09-28,,5000,,main,Lula,44.0,total,2.0,,44.44444444444444,https://pt.wikipedia.org/w/index.php?title=Pesquisas_de_opini%C3%A3o_para_a_elei%C3%A7%C3%A3o_presidencial_no_Brasil_em_2026&oldid=73082572,wikipedia_revision,73082572.0,2026-09-29T15:02:36Z,unverified,,9ca942a568882bbd6b774a0d5553b585fd3c21e22108b84064e56abca54efbeb,blank_null_includes_undecided
2026-1-1d588f2c15,2026,1,,Palver,,2026-09-24,2026-09-28,,5000,,main,Flávio Bolsonaro,44.0,total,2.0,,44.44444444444444,https://pt.wikipedia.org/w/index.php?title=Pesquisas_de_opini%C3%A3o_para_a_elei%C3%A7%C3%A3o_presidencial_no_Brasil_em_2026&oldid=73082572,wikipedia_revision,73082572.0,2026-09-29T15:02:36Z,unverified,,9ca942a568882bbd6b774a0d5553b585fd3c21e22108b84064e56abca54efbeb,blank_null_includes_undecided
2026-1-1d588f2c15,2026,1,,Palver,,2026-09-24,2026-09-28,,5000,,main,Augusto Cury,1.0,total,2.0,,1.0101010101010102,https://pt.wikipedia.org/w/index.php?title=Pesquisas_de_opini%C3%A3o_para_a_elei%C3%A7%C3%A3o_presidencial_no_Brasil_em_2026&oldid=73082572,wikipedia_revision,73082572.0,2026-09-29T15:02:36Z,unverified,,9ca942a568882bbd6b774a0d5553b585fd3c21e22108b84064e56abca54efbeb,blank_null_includes_undecided
2026-1-1d588f2c15,2026,1,,Palver,,2026-09-24,2026-09-28,,5000,,main,Renan Santos,8.0,total,2.0,,8.080808080808081,https://pt.wikipedia.org/w/index.php?title=Pesquisas_de_opini%C3%A3o_para_a_elei%C3%A7%C3%A3o_presidencial_no_Brasil_em_2026&oldid=73082572,wikipedia_revision,73082572.0,2026-09-29T15:02:36Z,unverified,,9ca942a568882bbd6b774a0d5553b585fd3c21e22108b84064e56abca54efbeb,blank_null_includes_undecided
2026-1-1d588f2c15,2026,1,,Palver,,2026-09-24,2026-09-28,,5000,,main,Ronaldo Caiado,1.0,total,2.0,,1.0101010101010102,https://pt.wikipedia.org/w/index.php?title=Pesquisas_de_opini%C3%A3o_para_a_elei%C3%A7%C3%A3o_presidencial_no_Brasil_em_2026&oldid=73082572,wikipedia_revision,73082572.0,2026-09-29T15:02:36Z,unverified,,9ca942a568882bbd6b774a0d5553b585fd3c21e22108b84064e56abca54efbeb,blank_null_includes_undecided
2026-1-1d588f2c15,2026,1,,Palver,,2026-09-24,2026-09-28,,5000,,main,Romeu Zema,1.0,total,2.0,,1.0101010101010102,https://pt.wikipedia.org/w/index.php?title=Pesquisas_de_opini%C3%A3o_para_a_elei%C3%A7%C3%A3o_presidencial_no_Brasil_em_2026&oldid=73082572,wikipedia_revision,73082572.0,2026-09-29T15:02:36Z,unverified,,9ca942a568882bbd6b774a0d5553b585fd3c21e22108b84064e56abca54efbeb,blank_null_includes_undecided
2026-1-1d588f2c15,2026,1,,Palver,,2026-09-24,2026-09-28,,5000,,main,Samara Martins,0.0,total,2.0,,0.0,https://pt.wikipedia.org/w/index.php?title=Pesquisas_de_opini%C3%A3o_para_a_elei%C3%A7%C3%A3o_presidencial_no_Brasil_em_2026&oldid=73082572,wikipedia_revision,73082572.0,2026-09-29T15:02:36Z,unverified,,9ca942a568882bbd6b774a0d5553b585fd3c21e22108b84064e56abca54efbeb,blank_null_includes_undecided
2026-1-1d588f2c15,2026,1,,Palver,,2026-09-24,2026-09-28,,5000,,main,Leonardo Avalanche,0.0,total,2.0,,0.0,https://pt.wikipedia.org/w/index.php?title=Pesquisas_de_opini%C3%A3o_para_a_elei%C3%A7%C3%A3o_presidencial_no_Brasil_em_2026&oldid=73082572,wikipedia_revision,73082572.0,2026-09-29T15:02:36Z,unverified,,9ca942a568882bbd6b774a0d5553b585fd3c21e22108b84064e56abca54efbeb,blank_null_includes_undecided
2026-1-1d588f2c15,2026,1,,Palver,,2026-09-24,2026-09-28,,5000,,main,Wilson Grassi,0.0,total,2.0,,0.0,https://pt.wikipedia.org/w/index.php?title=Pesquisas_de_opini%C3%A3o_para_a_elei%C3%A7%C3%A3o_presidencial_no_Brasil_em_2026&oldid=73082572,wikipedia_revision,73082572.0,2026-09-29T15:02:36Z,unverified,,9ca942a568882bbd6b774a0d5553b585fd3c21e22108b84064e56abca54efbeb,blank_null_includes_undecided
2026-1-1d588f2c15,2026,1,,Palver,,2026-09-24,2026-09-28,,5000,,main,Clariana Barão,0.0,total,2.0,,0.0,https://pt.wikipedia.org/w/index.php?title=Pesquisas_de_opini%C3%A3o_para_a_elei%C3%A7%C3%A3o_presidencial_no_Brasil_em_2026&oldid=73082572,wikipedia_revision,73082572.0,2026-09-29T15:02:36Z,unverified,,9ca942a568882bbd6b774a0d5553b585fd3c21e22108b84064e56abca54efbeb,blank_null_includes_undecided
2026-1-1d588f2c15,2026,1,,Palver,,2026-09-24,2026-09-28,,5000,,main,Hertz Dias,0.0,total,2.0,,0.0,https://pt.wikipedia.org/w/index.php?title=Pesquisas_de_opini%C3%A3o_para_a_elei%C3%A7%C3%A3o_presidencial_no_Brasil_em_2026&oldid=73082572,wikipedia_revision,73082572.0,2026-09-29T15:02:36Z,unverified,,9ca942a568882bbd6b774a0d5553b585fd3c21e22108b84064e56abca54efbeb,blank_null_includes_undecided
2026-1-1d588f2c15,2026,1,,Palver,,2026-09-24,2026-09-28,,5000,,main,Edmilson Costa,0.0,total,2.0,,0.0,https://pt.wikipedia.org/w/index.php?title=Pesquisas_de_opini%C3%A3o_para_a_elei%C3%A7%C3%A3o_presidencial_no_Brasil_em_2026&oldid=73082572,wikipedia_revision,73082572.0,2026-09-29T15:02:36Z,unverified,,9ca942a568882bbd6b774a0d5553b585fd3c21e22108b84064e56abca54efbeb,blank_null_includes_undecided
2026-1-1d588f2c15,2026,1,,Palver,,2026-09-24,2026-09-28,,5000,,main,Rui Costa Pimenta,0.0,total,2.0,,0.0,https://pt.wikipedia.org/w/index.php?title=Pesquisas_de_opini%C3%A3o_para_a_elei%C3%A7%C3%A3o_presidencial_no_Brasil_em_2026&oldid=73082572,wikipedia_revision,73082572.0,2026-09-29T15:02:36Z,unverified,,9ca942a568882bbd6b774a0d5553b585fd3c21e22108b84064e56abca54efbeb,blank_null_includes_undecided
2026-1-778909e290,2026,1,,Vox Brasil,,2026-09-26,2026-09-28,,2100,,main,Lula,41.0,total,9.3,,45.75892857142858,https://pt.wikipedia.org/w/index.php?title=Pesquisas_de_opini%C3%A3o_para_a_elei%C3%A7%C3%A3o_presidencial_no_Brasil_em_2026&oldid=73082572,wikipedia_revision,73082572.0,2026-09-29T15:02:36Z,unverified,,9ca942a568882bbd6b774a0d5553b585fd3c21e22108b84064e56abca54efbeb,blank_null_includes_undecided
2026-1-778909e290,2026,1,,Vox Brasil,,2026-09-26,2026-09-28,,2100,,main,Flávio Bolsonaro,37.8,total,9.3,,42.1875,https://pt.wikipedia.org/w/index.php?title=Pesquisas_de_opini%C3%A3o_para_a_elei%C3%A7%C3%A3o_presidencial_no_Brasil_em_2026&oldid=73082572,wikipedia_revision,73082572.0,2026-09-29T15:02:36Z,unverified,,9ca942a568882bbd6b774a0d5553b585fd3c21e22108b84064e56abca54efbeb,blank_null_includes_undecided
2026-1-778909e290,2026,1,,Vox Brasil,,2026-09-26,2026-09-28,,2100,,main,Augusto Cury,2.2,total,9.3,,2.4553571428571432,https://pt.wikipedia.org/w/index.php?title=Pesquisas_de_opini%C3%A3o_para_a_elei%C3%A7%C3%A3o_presidencial_no_Brasil_em_2026&oldid=73082572,wikipedia_revision,73082572.0,2026-09-29T15:02:36Z,unverified,,9ca942a568882bbd6b774a0d5553b585fd3c21e22108b84064e56abca54efbeb,blank_null_includes_undecided
2026-1-778909e290,2026,1,,Vox Brasil,,2026-09-26,2026-09-28,,2100,,main,Renan Santos,2.7,total,9.3,,3.013392857142857,https://pt.wikipedia.org/w/index.php?title=Pesquisas_de_opini%C3%A3o_para_a_elei%C3%A7%C3%A3o_presidencial_no_Brasil_em_2026&oldid=73082572,wikipedia_revision,73082572.0,2026-09-29T15:02:36Z,unverified,,9ca942a568882bbd6b774a0d5553b585fd3c21e22108b84064e56abca54efbeb,blank_null_includes_undecided
2026-1-778909e290,2026,1,,Vox Brasil,,2026-09-26,2026-09-28,,2100,,main,Ronaldo Caiado,3.8,total,9.3,,4.241071428571429,https://pt.wikipedia.org/w/index.php?title=Pesquisas_de_opini%C3%A3o_para_a_elei%C3%A7%C3%A3o_presidencial_no_Brasil_em_2026&oldid=73082572,wikipedia_revision,73082572.0,2026-09-29T15:02:36Z,unverified,,9ca942a568882bbd6b774a0d5553b585fd3c21e22108b84064e56abca54efbeb,blank_null_includes_undecided
2026-1-778909e290,2026,1,,Vox Brasil,,2026-09-26,2026-09-28,,2100,,main,Romeu Zema,1.8,total,9.3,,2.0089285714285716,https://pt.wikipedia.org/w/index.php?title=Pesquisas_de_opini%C3%A3o_para_a_elei%C3%A7%C3%A3o_presidencial_no_Brasil_em_2026&oldid=73082572,wikipedia_revision,73082572.0,2026-09-29T15:02:36Z,unverified,,9ca942a568882bbd6b774a0d5553b585fd3c21e22108b84064e56abca54efbeb,blank_null_includes_undecided
2026-1-778909e290,2026,1,,Vox Brasil,,2026-09-26,2026-09-28,,2100,,main,Samara Martins,0.0,total,9.3,,0.0,https://pt.wikipedia.org/w/index.php?title=Pesquisas_de_opini%C3%A3o_para_a_elei%C3%A7%C3%A3o_presidencial_no_Brasil_em_2026&oldid=73082572,wikipedia_revision,73082572.0,2026-09-29T15:02:36Z,unverified,,9ca942a568882bbd6b774a0d5553b585fd3c21e22108b84064e56abca54efbeb,blank_null_includes_undecided
2026-1-778909e290,2026,1,,Vox Brasil,,2026-09-26,2026-09-28,,2100,,main,Leonardo Avalanche,0.0,total,9.3,,0.0,https://pt.wikipedia.org/w/index.php?title=Pesquisas_de_opini%C3%A3o_para_a_elei%C3%A7%C3%A3o_presidencial_no_Brasil_em_2026&oldid=73082572,wikipedia_revision,73082572.0,2026-09-29T15:02:36Z,unverified,,9ca942a568882bbd6b774a0d5553b585fd3c21e22108b84064e56abca54efbeb,blank_null_includes_undecided
2026-1-778909e290,2026,1,,Vox Brasil,,2026-09-26,2026-09-28,,2100,,main,Wilson Grassi,0.1,total,9.3,,0.11160714285714286,https://pt.wikipedia.org/w/index.php?title=Pesquisas_de_opini%C3%A3o_para_a_elei%C3%A7%C3%A3o_presidencial_no_Brasil_em_2026&oldid=73082572,wikipedia_revision,73082572.0,2026-09-29T15:02:36Z,unverified,,9ca942a568882bbd6b774a0d5553b585fd3c21e22108b84064e56abca54efbeb,blank_null_includes_undecided
2026-1-778909e290,2026,1,,Vox Brasil,,2026-09-26,2026-09-28,,2100,,main,Clariana Barão,0.0,total,9.3,,0.0,https://pt.wikipedia.org/w/index.php?title=Pesquisas_de_opini%C3%A3o_para_a_elei%C3%A7%C3%A3o_presidencial_no_Brasil_em_2026&oldid=73082572,wikipedia_revision,73082572.0,2026-09-29T15:02:36Z,unverified,,9ca942a568882bbd6b774a0d5553b585fd3c21e22108b84064e56abca54efbeb,blank_null_includes_undecided
2026-1-778909e290,2026,1,,Vox Brasil,,2026-09-26,2026-09-28,,2100,,main,Hertz Dias,0.0,total,9.3,,0.0,https://pt.wikipedia.org/w/index.php?title=Pesquisas_de_opini%C3%A3o_para_a_elei%C3%A7%C3%A3o_presidencial_no_Brasil_em_2026&oldid=73082572,wikipedia_revision,73082572.0,2026-09-29T15:02:36Z,unverified,,9ca942a568882bbd6b774a0d5553b585fd3c21e22108b84064e56abca54efbeb,blank_null_includes_undecided
2026-1-778909e290,2026,1,,Vox Brasil,,2026-09-26,2026-09-28,,2100,,main,Edmilson Costa,0.2,total,9.3,,0.22321428571428573,https://pt.wikipedia.org/w/index.php?title=Pesquisas_de_opini%C3%A3o_para_a_elei%C3%A7%C3%A3o_presidencial_no_Brasil_em_2026&oldid=73082572,wikipedia_revision,73082572.0,2026-09-29T15:02:36Z,unverified,,9ca942a568882bbd6b774a0d5553b585fd3c21e22108b84064e56abca54efbeb,blank_null_includes_undecided
2026-1-778909e290,2026,1,,Vox Brasil,,2026-09-26,2026-09-28,,2100,,main,Rui Costa Pimenta,0.0,total,9.3,,0.0,https://pt.wikipedia.org/w/index.php?title=Pesquisas_de_opini%C3%A3o_para_a_elei%C3%A7%C3%A3o_presidencial_no_Brasil_em_2026&oldid=73082572,wikipedia_revision,73082572.0,2026-09-29T15:02:36Z,unverified,,9ca942a568882bbd6b774a0d5553b585fd3c21e22108b84064e56abca54efbeb,blank_null_includes_undecided
2026-1-40855b367a,2026,1,,Nexus,BTG,2026-09-25,2026-09-27,,2000,,main,Lula,42.0,total,5.0,,44.21052631578947,https://pt.wikipedia.org/w/index.php?title=Pesquisas_de_opini%C3%A3o_para_a_elei%C3%A7%C3%A3o_presidencial_no_Brasil_em_2026&oldid=73082572,wikipedia_revision,73082572.0,2026-09-29T15:02:36Z,unverified,,9ca942a568882bbd6b774a0d5553b585fd3c21e22108b84064e56abca54efbeb,blank_null_includes_undecided
2026-1-40855b367a,2026,1,,Nexus,BTG,2026-09-25,2026-09-27,,2000,,main,Flávio Bolsonaro,37.0,total,5.0,,38.94736842105263,https://pt.wikipedia.org/w/index.php?title=Pesquisas_de_opini%C3%A3o_para_a_elei%C3%A7%C3%A3o_presidencial_no_Brasil_em_2026&oldid=73082572,wikipedia_revision,73082572.0,2026-09-29T15:02:36Z,unverified,,9ca942a568882bbd6b774a0d5553b585fd3c21e22108b84064e56abca54efbeb,blank_null_includes_undecided
2026-1-40855b367a,2026,1,,Nexus,BTG,2026-09-25,2026-09-27,,2000,,main,Augusto Cury,5.0,total,5.0,,5.2631578947368425,https://pt.wikipedia.org/w/index.php?title=Pesquisas_de_opini%C3%A3o_para_a_elei%C3%A7%C3%A3o_presidencial_no_Brasil_em_2026&oldid=73082572,wikipedia_revision,73082572.0,2026-09-29T15:02:36Z,unverified,,9ca942a568882bbd6b774a0d5553b585fd3c21e22108b84064e56abca54efbeb,blank_null_includes_undecided
2026-1-40855b367a,2026,1,,Nexus,BTG,2026-09-25,2026-09-27,,2000,,main,Renan Santos,4.0,total,5.0,,4.2105263157894735,https://pt.wikipedia.org/w/index.php?title=Pesquisas_de_opini%C3%A3o_para_a_elei%C3%A7%C3%A3o_presidencial_no_Brasil_em_2026&oldid=73082572,wikipedia_revision,73082572.0,2026-09-29T15:02:36Z,unverified,,9ca942a568882bbd6b774a0d5553b585fd3c21e22108b84064e56abca54efbeb,blank_null_includes_undecided
2026-1-40855b367a,2026,1,,Nexus,BTG,2026-09-25,2026-09-27,,2000,,main,Ronaldo Caiado,5.0,total,5.0,,5.2631578947368425,https://pt.wikipedia.org/w/index.php?title=Pesquisas_de_opini%C3%A3o_para_a_elei%C3%A7%C3%A3o_presidencial_no_Brasil_em_2026&oldid=73082572,wikipedia_revision,73082572.0,2026-09-29T15:02:36Z,unverified,,9ca942a568882bbd6b774a0d5553b585fd3c21e22108b84064e56abca54efbeb,blank_null_includes_undecided
2026-1-40855b367a,2026,1,,Nexus,BTG,2026-09-25,2026-09-27,,2000,,main,Romeu Zema,1.0,total,5.0,,1.0526315789473684,https://pt.wikipedia.org/w/index.php?title=Pesquisas_de_opini%C3%A3o_para_a_elei%C3%A7%C3%A3o_presidencial_no_Brasil_em_2026&oldid=73082572,wikipedia_revision,73082572.0,2026-09-29T15:02:36Z,unverified,,9ca942a568882bbd6b774a0d5553b585fd3c21e22108b84064e56abca54efbeb,blank_null_includes_undecided
2026-1-40855b367a,2026,1,,Nexus,BTG,2026-09-25,2026-09-27,,2000,,main,Samara Martins,1.0,total,5.0,,1.0526315789473684,https://pt.wikipedia.org/w/index.php?title=Pesquisas_de_opini%C3%A3o_para_a_elei%C3%A7%C3%A3o_presidencial_no_Brasil_em_2026&oldid=73082572,wikipedia_revision,73082572.0,2026-09-29T15:02:36Z,unverified,,9ca942a568882bbd6b774a0d5553b585fd3c21e22108b84064e56abca54efbeb,blank_null_includes_undecided
2026-1-40855b367a,2026,1,,Nexus,BTG,2026-09-25,2026-09-27,,2000,,main,Leonardo Avalanche,0.0,total,5.0,,0.0,https://pt.wikipedia.org/w/index.php?title=Pesquisas_de_opini%C3%A3o_para_a_elei%C3%A7%C3%A3o_presidencial_no_Brasil_em_2026&oldid=73082572,wikipedia_revision,73082572.0,2026-09-29T15:02:36Z,unverified,,9ca942a568882bbd6b774a0d5553b585fd3c21e22108b84064e56abca54efbeb,blank_null_includes_undecided
2026-1-40855b367a,2026,1,,Nexus,BTG,2026-09-25,2026-09-27,,2000,,main,Wilson Grassi,0.0,total,5.0,,0.0,https://pt.wikipedia.org/w/index.php?title=Pesquisas_de_opini%C3%A3o_para_a_elei%C3%A7%C3%A3o_presidencial_no_Brasil_em_2026&oldid=73082572,wikipedia_revision,73082572.0,2026-09-29T15:02:36Z,unverified,,9ca942a568882bbd6b774a0d5553b585fd3c21e22108b84064e56abca54efbeb,blank_null_includes_undecided
2026-1-40855b367a,2026,1,,Nexus,BTG,2026-09-25,2026-09-27,,2000,,main,Clariana Barão,0.0,total,5.0,,0.0,https://pt.wikipedia.org/w/index.php?title=Pesquisas_de_opini%C3%A3o_para_a_elei%C3%A7%C3%A3o_presidencial_no_Brasil_em_2026&oldid=73082572,wikipedia_revision,73082572.0,2026-09-29T15:02:36Z,unverified,,9ca942a568882bbd6b774a0d5553b585fd3c21e22108b84064e56abca54efbeb,blank_null_includes_undecided
2026-1-40855b367a,2026,1,,Nexus,BTG,2026-09-25,2026-09-27,,2000,,main,Hertz Dias,0.0,total,5.0,,0.0,https://pt.wikipedia.org/w/index.php?title=Pesquisas_de_opini%C3%A3o_para_a_elei%C3%A7%C3%A3o_presidencial_no_Brasil_em_2026&oldid=73082572,wikipedia_revision,73082572.0,2026-09-29T15:02:36Z,unverified,,9ca942a568882bbd6b774a0d5553b585fd3c21e22108b84064e56abca54efbeb,blank_null_includes_undecided
2026-1-40855b367a,2026,1,,Nexus,BTG,2026-09-25,2026-09-27,,2000,,main,Edmilson Costa,0.0,total,5.0,,0.0,https://pt.wikipedia.org/w/index.php?title=Pesquisas_de_opini%C3%A3o_para_a_elei%C3%A7%C3%A3o_presidencial_no_Brasil_em_2026&oldid=73082572,wikipedia_revision,73082572.0,2026-09-29T15:02:36Z,unverified,,9ca942a568882bbd6b774a0d5553b585fd3c21e22108b84064e56abca54efbeb,blank_null_includes_undecided
2026-1-40855b367a,2026,1,,Nexus,BTG,2026-09-25,2026-09-27,,2000,,main,Rui Costa Pimenta,0.0,total,5.0,,0.0,https://pt.wikipedia.org/w/index.php?title=Pesquisas_de_opini%C3%A3o_para_a_elei%C3%A7%C3%A3o_presidencial_no_Brasil_em_2026&oldid=73082572,wikipedia_revision,73082572.0,2026-09-29T15:02:36Z,unverified,,9ca942a568882bbd6b774a0d5553b585fd3c21e22108b84064e56abca54efbeb,blank_null_includes_undecided
2026-1-0d608140a9,2026,1,,Quaest,,2026-09-24,2026-09-27,,2004,,main,Lula,39.0,total,15.0,,45.88235294117647,https://pt.wikipedia.org/w/index.php?title=Pesquisas_de_opini%C3%A3o_para_a_elei%C3%A7%C3%A3o_presidencial_no_Brasil_em_2026&oldid=73082572,wikipedia_revision,73082572.0,2026-09-29T15:02:36Z,unverified,,9ca942a568882bbd6b774a0d5553b585fd3c21e22108b84064e56abca54efbeb,blank_null_includes_undecided
2026-1-0d608140a9,2026,1,,Quaest,,2026-09-24,2026-09-27,,2004,,main,Flávio Bolsonaro,34.0,total,15.0,,40.0,https://pt.wikipedia.org/w/index.php?title=Pesquisas_de_opini%C3%A3o_para_a_elei%C3%A7%C3%A3o_presidencial_no_Brasil_em_2026&oldid=73082572,wikipedia_revision,73082572.0,2026-09-29T15:02:36Z,unverified,,9ca942a568882bbd6b774a0d5553b585fd3c21e22108b84064e56abca54efbeb,blank_null_includes_undecided
2026-1-0d608140a9,2026,1,,Quaest,,2026-09-24,2026-09-27,,2004,,main,Augusto Cury,4.0,total,15.0,,4.705882352941177,https://pt.wikipedia.org/w/index.php?title=Pesquisas_de_opini%C3%A3o_para_a_elei%C3%A7%C3%A3o_presidencial_no_Brasil_em_2026&oldid=73082572,wikipedia_revision,73082572.0,2026-09-29T15:02:36Z,unverified,,9ca942a568882bbd6b774a0d5553b585fd3c21e22108b84064e56abca54efbeb,blank_null_includes_undecided
2026-1-0d608140a9,2026,1,,Quaest,,2026-09-24,2026-09-27,,2004,,main,Renan Santos,3.0,total,15.0,,3.5294117647058822,https://pt.wikipedia.org/w/index.php?title=Pesquisas_de_opini%C3%A3o_para_a_elei%C3%A7%C3%A3o_presidencial_no_Brasil_em_2026&oldid=73082572,wikipedia_revision,73082572.0,2026-09-29T15:02:36Z,unverified,,9ca942a568882bbd6b774a0d5553b585fd3c21e22108b84064e56abca54efbeb,blank_null_includes_undecided
2026-1-0d608140a9,2026,1,,Quaest,,2026-09-24,2026-09-27,,2004,,main,Ronaldo Caiado,4.0,total,15.0,,4.705882352941177,https://pt.wikipedia.org/w/index.php?title=Pesquisas_de_opini%C3%A3o_para_a_elei%C3%A7%C3%A3o_presidencial_no_Brasil_em_2026&oldid=73082572,wikipedia_revision,73082572.0,2026-09-29T15:02:36Z,unverified,,9ca942a568882bbd6b774a0d5553b585fd3c21e22108b84064e56abca54efbeb,blank_null_includes_undecided
2026-1-0d608140a9,2026,1,,Quaest,,2026-09-24,2026-09-27,,2004,,main,Romeu Zema,1.0,total,15.0,,1.1764705882352942,https://pt.wikipedia.org/w/index.php?title=Pesquisas_de_opini%C3%A3o_para_a_elei%C3%A7%C3%A3o_presidencial_no_Brasil_em_2026&oldid=73082572,wikipedia_revision,73082572.0,2026-09-29T15:02:36Z,unverified,,9ca942a568882bbd6b774a0d5553b585fd3c21e22108b84064e56abca54efbeb,blank_null_includes_undecided
2026-1-0d608140a9,2026,1,,Quaest,,2026-09-24,2026-09-27,,2004,,main,Samara Martins,0.0,total,15.0,,0.0,https://pt.wikipedia.org/w/index.php?title=Pesquisas_de_opini%C3%A3o_para_a_elei%C3%A7%C3%A3o_presidencial_no_Brasil_em_2026&oldid=73082572,wikipedia_revision,73082572.0,2026-09-29T15:02:36Z,unverified,,9ca942a568882bbd6b774a0d5553b585fd3c21e22108b84064e56abca54efbeb,blank_null_includes_undecided
2026-1-0d608140a9,2026,1,,Quaest,,2026-09-24,2026-09-27,,2004,,main,Leonardo Avalanche,0.0,total,15.0,,0.0,https://pt.wikipedia.org/w/index.php?title=Pesquisas_de_opini%C3%A3o_para_a_elei%C3%A7%C3%A3o_presidencial_no_Brasil_em_2026&oldid=73082572,wikipedia_revision,73082572.0,2026-09-29T15:02:36Z,unverified,,9ca942a568882bbd6b774a0d5553b585fd3c21e22108b84064e56abca54efbeb,blank_null_includes_undecided
2026-1-0d608140a9,2026,1,,Quaest,,2026-09-24,2026-09-27,,2004,,main,Wilson Grassi,0.0,total,15.0,,0.0,https://pt.wikipedia.org/w/index.php?title=Pesquisas_de_opini%C3%A3o_para_a_elei%C3%A7%C3%A3o_presidencial_no_Brasil_em_2026&oldid=73082572,wikipedia_revision,73082572.0,2026-09-29T15:02:36Z,unverified,,9ca942a568882bbd6b774a0d5553b585fd3c21e22108b84064e56abca54efbeb,blank_null_includes_undecided
2026-1-0d608140a9,2026,1,,Quaest,,2026-09-24,2026-09-27,,2004,,main,Clariana Barão,0.0,total,15.0,,0.0,https://pt.wikipedia.org/w/index.php?title=Pesquisas_de_opini%C3%A3o_para_a_elei%C3%A7%C3%A3o_presidencial_no_Brasil_em_2026&oldid=73082572,wikipedia_revision,73082572.0,2026-09-29T15:02:36Z,unverified,,9ca942a568882bbd6b774a0d5553b585fd3c21e22108b84064e56abca54efbeb,blank_null_includes_undecided
2026-1-0d608140a9,2026,1,,Quaest,,2026-09-24,2026-09-27,,2004,,main,Hertz Dias,0.0,total,15.0,,0.0,https://pt.wikipedia.org/w/index.php?title=Pesquisas_de_opini%C3%A3o_para_a_elei%C3%A7%C3%A3o_presidencial_no_Brasil_em_2026&oldid=73082572,wikipedia_revision,73082572.0,2026-09-29T15:02:36Z,unverified,,9ca942a568882bbd6b774a0d5553b585fd3c21e22108b84064e56abca54efbeb,blank_null_includes_undecided
2026-1-0d608140a9,2026,1,,Quaest,,2026-09-24,2026-09-27,,2004,,main,Edmilson Costa,0.0,total,15.0,,0.0,https://pt.wikipedia.org/w/index.php?title=Pesquisas_de_opini%C3%A3o_para_a_elei%C3%A7%C3%A3o_presidencial_no_Brasil_em_2026&oldid=73082572,wikipedia_revision,73082572.0,2026-09-29T15:02:36Z,unverified,,9ca942a568882bbd6b774a0d5553b585fd3c21e22108b84064e56abca54efbeb,blank_null_includes_undecided
2026-1-0d608140a9,2026,1,,Quaest,,2026-09-24,2026-09-27,,2004,,main,Rui Costa Pimenta,0.0,total,15.0,,0.0,https://pt.wikipedia.org/w/index.php?title=Pesquisas_de_opini%C3%A3o_para_a_elei%C3%A7%C3%A3o_presidencial_no_Brasil_em_2026&oldid=73082572,wikipedia_revision,73082572.0,2026-09-29T15:02:36Z,unverified,,9ca942a568882bbd6b774a0d5553b585fd3c21e22108b84064e56abca54efbeb,blank_null_includes_undecided
2026-1-a53278278f,2026,1,,Datafolha,,2026-09-22,2026-09-24,,2002,,main,Lula,40.0,total,7.0,,44.44444444444444,https://pt.wikipedia.org/w/index.php?title=Pesquisas_de_opini%C3%A3o_para_a_elei%C3%A7%C3%A3o_presidencial_no_Brasil_em_2026&oldid=73082572,wikipedia_revision,73082572.0,2026-09-29T15:02:36Z,unverified,,9ca942a568882bbd6b774a0d5553b585fd3c21e22108b84064e56abca54efbeb,blank_null_includes_undecided
2026-1-a53278278f,2026,1,,Datafolha,,2026-09-22,2026-09-24,,2002,,main,Flávio Bolsonaro,36.0,total,7.0,,40.0,https://pt.wikipedia.org/w/index.php?title=Pesquisas_de_opini%C3%A3o_para_a_elei%C3%A7%C3%A3o_presidencial_no_Brasil_em_2026&oldid=73082572,wikipedia_revision,73082572.0,2026-09-29T15:02:36Z,unverified,,9ca942a568882bbd6b774a0d5553b585fd3c21e22108b84064e56abca54efbeb,blank_null_includes_undecided
2026-1-a53278278f,2026,1,,Datafolha,,2026-09-22,2026-09-24,,2002,,main,Augusto Cury,5.0,total,7.0,,5.555555555555555,https://pt.wikipedia.org/w/index.php?title=Pesquisas_de_opini%C3%A3o_para_a_elei%C3%A7%C3%A3o_presidencial_no_Brasil_em_2026&oldid=73082572,wikipedia_revision,73082572.0,2026-09-29T15:02:36Z,unverified,,9ca942a568882bbd6b774a0d5553b585fd3c21e22108b84064e56abca54efbeb,blank_null_includes_undecided
2026-1-a53278278f,2026,1,,Datafolha,,2026-09-22,2026-09-24,,2002,,main,Renan Santos,3.0,total,7.0,,3.3333333333333335,https://pt.wikipedia.org/w/index.php?title=Pesquisas_de_opini%C3%A3o_para_a_elei%C3%A7%C3%A3o_presidencial_no_Brasil_em_2026&oldid=73082572,wikipedia_revision,73082572.0,2026-09-29T15:02:36Z,unverified,,9ca942a568882bbd6b774a0d5553b585fd3c21e22108b84064e56abca54efbeb,blank_null_includes_undecided
2026-1-a53278278f,2026,1,,Datafolha,,2026-09-22,2026-09-24,,2002,,main,Ronaldo Caiado,4.0,total,7.0,,4.444444444444445,https://pt.wikipedia.org/w/index.php?title=Pesquisas_de_opini%C3%A3o_para_a_elei%C3%A7%C3%A3o_presidencial_no_Brasil_em_2026&oldid=73082572,wikipedia_revision,73082572.0,2026-09-29T15:02:36Z,unverified,,9ca942a568882bbd6b774a0d5553b585fd3c21e22108b84064e56abca54efbeb,blank_null_includes_undecided
2026-1-a53278278f,2026,1,,Datafolha,,2026-09-22,2026-09-24,,2002,,main,Romeu Zema,1.0,total,7.0,,1.1111111111111112,https://pt.wikipedia.org/w/index.php?title=Pesquisas_de_opini%C3%A3o_para_a_elei%C3%A7%C3%A3o_presidencial_no_Brasil_em_2026&oldid=73082572,wikipedia_revision,73082572.0,2026-09-29T15:02:36Z,unverified,,9ca942a568882bbd6b774a0d5553b585fd3c21e22108b84064e56abca54efbeb,blank_null_includes_undecided
2026-1-a53278278f,2026,1,,Datafolha,,2026-09-22,2026-09-24,,2002,,main,Samara Martins,1.0,total,7.0,,1.1111111111111112,https://pt.wikipedia.org/w/index.php?title=Pesquisas_de_opini%C3%A3o_para_a_elei%C3%A7%C3%A3o_presidencial_no_Brasil_em_2026&oldid=73082572,wikipedia_revision,73082572.0,2026-09-29T15:02:36Z,unverified,,9ca942a568882bbd6b774a0d5553b585fd3c21e22108b84064e56abca54efbeb,blank_null_includes_undecided
2026-1-a53278278f,2026,1,,Datafolha,,2026-09-22,2026-09-24,,2002,,main,Leonardo Avalanche,0.0,total,7.0,,0.0,https://pt.wikipedia.org/w/index.php?title=Pesquisas_de_opini%C3%A3o_para_a_elei%C3%A7%C3%A3o_presidencial_no_Brasil_em_2026&oldid=73082572,wikipedia_revision,73082572.0,2026-09-29T15:02:36Z,unverified,,9ca942a568882bbd6b774a0d5553b585fd3c21e22108b84064e56abca54efbeb,blank_null_includes_undecided
2026-1-a53278278f,2026,1,,Datafolha,,2026-09-22,2026-09-24,,2002,,main,Wilson Grassi,0.0,total,7.0,,0.0,https://pt.wikipedia.org/w/index.php?title=Pesquisas_de_opini%C3%A3o_para_a_elei%C3%A7%C3%A3o_presidencial_no_Brasil_em_2026&oldid=73082572,wikipedia_revision,73082572.0,2026-09-29T15:02:36Z,unverified,,9ca942a568882bbd6b774a0d5553b585fd3c21e22108b84064e56abca54efbeb,blank_null_includes_undecided
2026-1-a53278278f,2026,1,,Datafolha,,2026-09-22,2026-09-24,,2002,,main,Clariana Barão,0.0,total,7.0,,0.0,https://pt.wikipedia.org/w/index.php?title=Pesquisas_de_opini%C3%A3o_para_a_elei%C3%A7%C3%A3o_presidencial_no_Brasil_em_2026&oldid=73082572,wikipedia_revision,73082572.0,2026-09-29T15:02:36Z,unverified,,9ca942a568882bbd6b774a0d5553b585fd3c21e22108b84064e56abca54efbeb,blank_null_includes_undecided
2026-1-a53278278f,2026,1,,Datafolha,,2026-09-22,2026-09-24,,2002,,main,Hertz Dias,0.0,total,7.0,,0.0,https://pt.wikipedia.org/w/index.php?title=Pesquisas_de_opini%C3%A3o_para_a_elei%C3%A7%C3%A3o_presidencial_no_Brasil_em_2026&oldid=73082572,wikipedia_revision,73082572.0,2026-09-29T15:02:36Z,unverified,,9ca942a568882bbd6b774a0d5553b585fd3c21e22108b84064e56abca54efbeb,blank_null_includes_undecided
2026-1-a53278278f,2026,1,,Datafolha,,2026-09-22,2026-09-24,,2002,,main,Edmilson Costa,0.0,total,7.0,,0.0,https://pt.wikipedia.org/w/index.php?title=Pesquisas_de_opini%C3%A3o_para_a_elei%C3%A7%C3%A3o_presidencial_no_Brasil_em_2026&oldid=73082572,wikipedia_revision,73082572.0,2026-09-29T15:02:36Z,unverified,,9ca942a568882bbd6b774a0d5553b585fd3c21e22108b84064e56abca54efbeb,blank_null_includes_undecided
2026-1-a53278278f,2026,1,,Datafolha,,2026-09-22,2026-09-24,,2002,,main,Rui Costa Pimenta,0.0,total,7.0,,0.0,https://pt.wikipedia.org/w/index.php?title=Pesquisas_de_opini%C3%A3o_para_a_elei%C3%A7%C3%A3o_presidencial_no_Brasil_em_2026&oldid=73082572,wikipedia_revision,73082572.0,2026-09-29T15:02:36Z,unverified,,9ca942a568882bbd6b774a0d5553b585fd3c21e22108b84064e56abca54efbeb,blank_null_includes_undecided
2026-1-f96cd2aea4,2026,1,,Alfa Inteligência,,2026-09-18,2026-09-23,,2700,,main,Lula,40.0,total,11.0,,45.45454545454545,https://pt.wikipedia.org/w/index.php?title=Pesquisas_de_opini%C3%A3o_para_a_elei%C3%A7%C3%A3o_presidencial_no_Brasil_em_2026&oldid=73082572,wikipedia_revision,73082572.0,2026-09-29T15:02:36Z,unverified,,9ca942a568882bbd6b774a0d5553b585fd3c21e22108b84064e56abca54efbeb,"blank_null_includes_undecided;below_threshold:Samara Martins<1,Leonardo Avalanche<1,Wilson Grassi<1,Clariana Barão<1,Hertz Dias<1,Edmilson Costa<1,Rui Costa Pimenta<1"
2026-1-f96cd2aea4,2026,1,,Alfa Inteligência,,2026-09-18,2026-09-23,,2700,,main,Flávio Bolsonaro,33.0,total,11.0,,37.5,https://pt.wikipedia.org/w/index.php?title=Pesquisas_de_opini%C3%A3o_para_a_elei%C3%A7%C3%A3o_presidencial_no_Brasil_em_2026&oldid=73082572,wikipedia_revision,73082572.0,2026-09-29T15:02:36Z,unverified,,9ca942a568882bbd6b774a0d5553b585fd3c21e22108b84064e56abca54efbeb,"blank_null_includes_undecided;below_threshold:Samara Martins<1,Leonardo Avalanche<1,Wilson Grassi<1,Clariana Barão<1,Hertz Dias<1,Edmilson Costa<1,Rui Costa Pimenta<1"
2026-1-f96cd2aea4,2026,1,,Alfa Inteligência,,2026-09-18,2026-09-23,,2700,,main,Augusto Cury,6.0,total,11.0,,6.818181818181818,https://pt.wikipedia.org/w/index.php?title=Pesquisas_de_opini%C3%A3o_para_a_elei%C3%A7%C3%A3o_presidencial_no_Brasil_em_2026&oldid=73082572,wikipedia_revision,73082572.0,2026-09-29T15:02:36Z,unverified,,9ca942a568882bbd6b774a0d5553b585fd3c21e22108b84064e56abca54efbeb,"blank_null_includes_undecided;below_threshold:Samara Martins<1,Leonardo Avalanche<1,Wilson Grassi<1,Clariana Barão<1,Hertz Dias<1,Edmilson Costa<1,Rui Costa Pimenta<1"
2026-1-f96cd2aea4,2026,1,,Alfa Inteligência,,2026-09-18,2026-09-23,,2700,,main,Renan Santos,3.0,total,11.0,,3.409090909090909,https://pt.wikipedia.org/w/index.php?title=Pesquisas_de_opini%C3%A3o_para_a_elei%C3%A7%C3%A3o_presidencial_no_Brasil_em_2026&oldid=73082572,wikipedia_revision,73082572.0,2026-09-29T15:02:36Z,unverified,,9ca942a568882bbd6b774a0d5553b585fd3c21e22108b84064e56abca54efbeb,"blank_null_includes_undecided;below_threshold:Samara Martins<1,Leonardo Avalanche<1,Wilson Grassi<1,Clariana Barão<1,Hertz Dias<1,Edmilson Costa<1,Rui Costa Pimenta<1"
2026-1-f96cd2aea4,2026,1,,Alfa Inteligência,,2026-09-18,2026-09-23,,2700,,main,Ronaldo Caiado,5.0,total,11.0,,5.681818181818182,https://pt.wikipedia.org/w/index.php?title=Pesquisas_de_opini%C3%A3o_para_a_elei%C3%A7%C3%A3o_presidencial_no_Brasil_em_2026&oldid=73082572,wikipedia_revision,73082572.0,2026-09-29T15:02:36Z,unverified,,9ca942a568882bbd6b774a0d5553b585fd3c21e22108b84064e56abca54efbeb,"blank_null_includes_undecided;below_threshold:Samara Martins<1,Leonardo Avalanche<1,Wilson Grassi<1,Clariana Barão<1,Hertz Dias<1,Edmilson Costa<1,Rui Costa Pimenta<1"
2026-1-f96cd2aea4,2026,1,,Alfa Inteligência,,2026-09-18,2026-09-23,,2700,,main,Romeu Zema,1.0,total,11.0,,1.1363636363636365,https://pt.wikipedia.org/w/index.php?title=Pesquisas_de_opini%C3%A3o_para_a_elei%C3%A7%C3%A3o_presidencial_no_Brasil_em_2026&oldid=73082572,wikipedia_revision,73082572.0,2026-09-29T15:02:36Z,unverified,,9ca942a568882bbd6b774a0d5553b585fd3c21e22108b84064e56abca54efbeb,"blank_null_includes_undecided;below_threshold:Samara Martins<1,Leonardo Avalanche<1,Wilson Grassi<1,Clariana Barão<1,Hertz Dias<1,Edmilson Costa<1,Rui Costa Pimenta<1"
2026-1-cad08769b7,2026,1,,Futura,,2026-09-19,2026-09-23,,2000,,main,Lula,38.4,total,5.3,,40.59196617336153,https://pt.wikipedia.org/w/index.php?title=Pesquisas_de_opini%C3%A3o_para_a_elei%C3%A7%C3%A3o_presidencial_no_Brasil_em_2026&oldid=73082572,wikipedia_revision,73082572.0,2026-09-29T15:02:36Z,unverified,,9ca942a568882bbd6b774a0d5553b585fd3c21e22108b84064e56abca54efbeb,blank_null_includes_undecided
2026-1-cad08769b7,2026,1,,Futura,,2026-09-19,2026-09-23,,2000,,main,Flávio Bolsonaro,40.4,total,5.3,,42.706131078224104,https://pt.wikipedia.org/w/index.php?title=Pesquisas_de_opini%C3%A3o_para_a_elei%C3%A7%C3%A3o_presidencial_no_Brasil_em_2026&oldid=73082572,wikipedia_revision,73082572.0,2026-09-29T15:02:36Z,unverified,,9ca942a568882bbd6b774a0d5553b585fd3c21e22108b84064e56abca54efbeb,blank_null_includes_undecided
2026-1-cad08769b7,2026,1,,Futura,,2026-09-19,2026-09-23,,2000,,main,Augusto Cury,5.6,total,5.3,,5.919661733615222,https://pt.wikipedia.org/w/index.php?title=Pesquisas_de_opini%C3%A3o_para_a_elei%C3%A7%C3%A3o_presidencial_no_Brasil_em_2026&oldid=73082572,wikipedia_revision,73082572.0,2026-09-29T15:02:36Z,unverified,,9ca942a568882bbd6b774a0d5553b585fd3c21e22108b84064e56abca54efbeb,blank_null_includes_undecided
2026-1-cad08769b7,2026,1,,Futura,,2026-09-19,2026-09-23,,2000,,main,Renan Santos,2.4,total,5.3,,2.5369978858350954,https://pt.wikipedia.org/w/index.php?title=Pesquisas_de_opini%C3%A3o_para_a_elei%C3%A7%C3%A3o_presidencial_no_Brasil_em_2026&oldid=73082572,wikipedia_revision,73082572.0,2026-09-29T15:02:36Z,unverified,,9ca942a568882bbd6b774a0d5553b585fd3c21e22108b84064e56abca54efbeb,blank_null_includes_undecided
2026-1-cad08769b7,2026,1,,Futura,,2026-09-19,2026-09-23,,2000,,main,Ronaldo Caiado,5.7,total,5.3,,6.025369978858351,https://pt.wikipedia.org/w/index.php?title=Pesquisas_de_opini%C3%A3o_para_a_elei%C3%A7%C3%A3o_presidencial_no_Brasil_em_2026&oldid=73082572,wikipedia_revision,73082572.0,2026-09-29T15:02:36Z,unverified,,9ca942a568882bbd6b774a0d5553b585fd3c21e22108b84064e56abca54efbeb,blank_null_includes_undecided
2026-1-cad08769b7,2026,1,,Futura,,2026-09-19,2026-09-23,,2000,,main,Romeu Zema,0.9,total,5.3,,0.9513742071881607,https://pt.wikipedia.org/w/index.php?title=Pesquisas_de_opini%C3%A3o_para_a_elei%C3%A7%C3%A3o_presidencial_no_Brasil_em_2026&oldid=73082572,wikipedia_revision,73082572.0,2026-09-29T15:02:36Z,unverified,,9ca942a568882bbd6b774a0d5553b585fd3c21e22108b84064e56abca54efbeb,blank_null_includes_undecided
2026-1-cad08769b7,2026,1,,Futura,,2026-09-19,2026-09-23,,2000,,main,Samara Martins,0.5,total,5.3,,0.5285412262156448,https://pt.wikipedia.org/w/index.php?title=Pesquisas_de_opini%C3%A3o_para_a_elei%C3%A7%C3%A3o_presidencial_no_Brasil_em_2026&oldid=73082572,wikipedia_revision,73082572.0,2026-09-29T15:02:36Z,unverified,,9ca942a568882bbd6b774a0d5553b585fd3c21e22108b84064e56abca54efbeb,blank_null_includes_undecided
2026-1-cad08769b7,2026,1,,Futura,,2026-09-19,2026-09-23,,2000,,main,Leonardo Avalanche,0.2,total,5.3,,0.21141649048625794,https://pt.wikipedia.org/w/index.php?title=Pesquisas_de_opini%C3%A3o_para_a_elei%C3%A7%C3%A3o_presidencial_no_Brasil_em_2026&oldid=73082572,wikipedia_revision,73082572.0,2026-09-29T15:02:36Z,unverified,,9ca942a568882bbd6b774a0d5553b585fd3c21e22108b84064e56abca54efbeb,blank_null_includes_undecided
2026-1-cad08769b7,2026,1,,Futura,,2026-09-19,2026-09-23,,2000,,main,Wilson Grassi,0.0,total,5.3,,0.0,https://pt.wikipedia.org/w/index.php?title=Pesquisas_de_opini%C3%A3o_para_a_elei%C3%A7%C3%A3o_presidencial_no_Brasil_em_2026&oldid=73082572,wikipedia_revision,73082572.0,2026-09-29T15:02:36Z,unverified,,9ca942a568882bbd6b774a0d5553b585fd3c21e22108b84064e56abca54efbeb,blank_null_includes_undecided
2026-1-cad08769b7,2026,1,,Futura,,2026-09-19,2026-09-23,,2000,,main,Clariana Barão,0.0,total,5.3,,0.0,https://pt.wikipedia.org/w/index.php?title=Pesquisas_de_opini%C3%A3o_para_a_elei%C3%A7%C3%A3o_presidencial_no_Brasil_em_2026&oldid=73082572,wikipedia_revision,73082572.0,2026-09-29T15:02:36Z,unverified,,9ca942a568882bbd6b774a0d5553b585fd3c21e22108b84064e56abca54efbeb,blank_null_includes_undecided
2026-1-cad08769b7,2026,1,,Futura,,2026-09-19,2026-09-23,,2000,,main,Hertz Dias,0.1,total,5.3,,0.10570824524312897,https://pt.wikipedia.org/w/index.php?title=Pesquisas_de_opini%C3%A3o_para_a_elei%C3%A7%C3%A3o_presidencial_no_Brasil_em_2026&oldid=73082572,wikipedia_revision,73082572.0,2026-09-29T15:02:36Z,unverified,,9ca942a568882bbd6b774a0d5553b585fd3c21e22108b84064e56abca54efbeb,blank_null_includes_undecided
2026-1-cad08769b7,2026,1,,Futura,,2026-09-19,2026-09-23,,2000,,main,Edmilson Costa,0.1,total,5.3,,0.10570824524312897,https://pt.wikipedia.org/w/index.php?title=Pesquisas_de_opini%C3%A3o_para_a_elei%C3%A7%C3%A3o_presidencial_no_Brasil_em_2026&oldid=73082572,wikipedia_revision,73082572.0,2026-09-29T15:02:36Z,unverified,,9ca942a568882bbd6b774a0d5553b585fd3c21e22108b84064e56abca54efbeb,blank_null_includes_undecided
2026-1-cad08769b7,2026,1,,Futura,,2026-09-19,2026-09-23,,2000,,main,Rui Costa Pimenta,0.3,total,5.3,,0.31712473572938693,https://pt.wikipedia.org/w/index.php?title=Pesquisas_de_opini%C3%A3o_para_a_elei%C3%A7%C3%A3o_presidencial_no_Brasil_em_2026&oldid=73082572,wikipedia_revision,73082572.0,2026-09-29T15:02:36Z,unverified,,9ca942a568882bbd6b774a0d5553b585fd3c21e22108b84064e56abca54efbeb,blank_null_includes_undecided
2026-1-544937bbb3,2026,1,,Palver,,2026-09-20,2026-09-23,,3000,,main,Lula,43.0,total,2.0,,43.87755102040816,https://pt.wikipedia.org/w/index.php?title=Pesquisas_de_opini%C3%A3o_para_a_elei%C3%A7%C3%A3o_presidencial_no_Brasil_em_2026&oldid=73082572,wikipedia_revision,73082572.0,2026-09-29T15:02:36Z,unverified,,9ca942a568882bbd6b774a0d5553b585fd3c21e22108b84064e56abca54efbeb,"blank_null_includes_undecided;below_threshold:Samara Martins<1,Leonardo Avalanche<1,Wilson Grassi<1,Clariana Barão<1,Hertz Dias<1,Edmilson Costa<1,Rui Costa Pimenta<1"
2026-1-544937bbb3,2026,1,,Palver,,2026-09-20,2026-09-23,,3000,,main,Flávio Bolsonaro,43.0,total,2.0,,43.87755102040816,https://pt.wikipedia.org/w/index.php?title=Pesquisas_de_opini%C3%A3o_para_a_elei%C3%A7%C3%A3o_presidencial_no_Brasil_em_2026&oldid=73082572,wikipedia_revision,73082572.0,2026-09-29T15:02:36Z,unverified,,9ca942a568882bbd6b774a0d5553b585fd3c21e22108b84064e56abca54efbeb,"blank_null_includes_undecided;below_threshold:Samara Martins<1,Leonardo Avalanche<1,Wilson Grassi<1,Clariana Barão<1,Hertz Dias<1,Edmilson Costa<1,Rui Costa Pimenta<1"
2026-1-544937bbb3,2026,1,,Palver,,2026-09-20,2026-09-23,,3000,,main,Augusto Cury,2.0,total,2.0,,2.0408163265306123,https://pt.wikipedia.org/w/index.php?title=Pesquisas_de_opini%C3%A3o_para_a_elei%C3%A7%C3%A3o_presidencial_no_Brasil_em_2026&oldid=73082572,wikipedia_revision,73082572.0,2026-09-29T15:02:36Z,unverified,,9ca942a568882bbd6b774a0d5553b585fd3c21e22108b84064e56abca54efbeb,"blank_null_includes_undecided;below_threshold:Samara Martins<1,Leonardo Avalanche<1,Wilson Grassi<1,Clariana Barão<1,Hertz Dias<1,Edmilson Costa<1,Rui Costa Pimenta<1"
2026-1-544937bbb3,2026,1,,Palver,,2026-09-20,2026-09-23,,3000,,main,Renan Santos,8.0,total,2.0,,8.16326530612245,https://pt.wikipedia.org/w/index.php?title=Pesquisas_de_opini%C3%A3o_para_a_elei%C3%A7%C3%A3o_presidencial_no_Brasil_em_2026&oldid=73082572,wikipedia_revision,73082572.0,2026-09-29T15:02:36Z,unverified,,9ca942a568882bbd6b774a0d5553b585fd3c21e22108b84064e56abca54efbeb,"blank_null_includes_undecided;below_threshold:Samara Martins<1,Leonardo Avalanche<1,Wilson Grassi<1,Clariana Barão<1,Hertz Dias<1,Edmilson Costa<1,Rui Costa Pimenta<1"
2026-1-544937bbb3,2026,1,,Palver,,2026-09-20,2026-09-23,,3000,,main,Ronaldo Caiado,1.0,total,2.0,,1.0204081632653061,https://pt.wikipedia.org/w/index.php?title=Pesquisas_de_opini%C3%A3o_para_a_elei%C3%A7%C3%A3o_presidencial_no_Brasil_em_2026&oldid=73082572,wikipedia_revision,73082572.0,2026-09-29T15:02:36Z,unverified,,9ca942a568882bbd6b774a0d5553b585fd3c21e22108b84064e56abca54efbeb,"blank_null_includes_undecided;below_threshold:Samara Martins<1,Leonardo Avalanche<1,Wilson Grassi<1,Clariana Barão<1,Hertz Dias<1,Edmilson Costa<1,Rui Costa Pimenta<1"
2026-1-544937bbb3,2026,1,,Palver,,2026-09-20,2026-09-23,,3000,,main,Romeu Zema,1.0,total,2.0,,1.0204081632653061,https://pt.wikipedia.org/w/index.php?title=Pesquisas_de_opini%C3%A3o_para_a_elei%C3%A7%C3%A3o_presidencial_no_Brasil_em_2026&oldid=73082572,wikipedia_revision,73082572.0,2026-09-29T15:02:36Z,unverified,,9ca942a568882bbd6b774a0d5553b585fd3c21e22108b84064e56abca54efbeb,"blank_null_includes_undecided;below_threshold:Samara Martins<1,Leonardo Avalanche<1,Wilson Grassi<1,Clariana Barão<1,Hertz Dias<1,Edmilson Costa<1,Rui Costa Pimenta<1"
2026-1-f19cbf2933,2026,1,,PoderData,Aya,2026-09-20,2026-09-23,,3000,,main,Lula,41.0,total,6.0,,43.1578947368421,https://pt.wikipedia.org/w/index.php?title=Pesquisas_de_opini%C3%A3o_para_a_elei%C3%A7%C3%A3o_presidencial_no_Brasil_em_2026&oldid=73082572,wikipedia_revision,73082572.0,2026-09-29T15:02:36Z,unverified,,9ca942a568882bbd6b774a0d5553b585fd3c21e22108b84064e56abca54efbeb,blank_null_includes_undecided
2026-1-f19cbf2933,2026,1,,PoderData,Aya,2026-09-20,2026-09-23,,3000,,main,Flávio Bolsonaro,39.0,total,6.0,,41.05263157894737,https://pt.wikipedia.org/w/index.php?title=Pesquisas_de_opini%C3%A3o_para_a_elei%C3%A7%C3%A3o_presidencial_no_Brasil_em_2026&oldid=73082572,wikipedia_revision,73082572.0,2026-09-29T15:02:36Z,unverified,,9ca942a568882bbd6b774a0d5553b585fd3c21e22108b84064e56abca54efbeb,blank_null_includes_undecided
2026-1-f19cbf2933,2026,1,,PoderData,Aya,2026-09-20,2026-09-23,,3000,,main,Augusto Cury,6.0,total,6.0,,6.315789473684211,https://pt.wikipedia.org/w/index.php?title=Pesquisas_de_opini%C3%A3o_para_a_elei%C3%A7%C3%A3o_presidencial_no_Brasil_em_2026&oldid=73082572,wikipedia_revision,73082572.0,2026-09-29T15:02:36Z,unverified,,9ca942a568882bbd6b774a0d5553b585fd3c21e22108b84064e56abca54efbeb,blank_null_includes_undecided
2026-1-f19cbf2933,2026,1,,PoderData,Aya,2026-09-20,2026-09-23,,3000,,main,Renan Santos,3.0,total,6.0,,3.1578947368421053,https://pt.wikipedia.org/w/index.php?title=Pesquisas_de_opini%C3%A3o_para_a_elei%C3%A7%C3%A3o_presidencial_no_Brasil_em_2026&oldid=73082572,wikipedia_revision,73082572.0,2026-09-29T15:02:36Z,unverified,,9ca942a568882bbd6b774a0d5553b585fd3c21e22108b84064e56abca54efbeb,blank_null_includes_undecided
2026-1-f19cbf2933,2026,1,,PoderData,Aya,2026-09-20,2026-09-23,,3000,,main,Ronaldo Caiado,2.0,total,6.0,,2.1052631578947367,https://pt.wikipedia.org/w/index.php?title=Pesquisas_de_opini%C3%A3o_para_a_elei%C3%A7%C3%A3o_presidencial_no_Brasil_em_2026&oldid=73082572,wikipedia_revision,73082572.0,2026-09-29T15:02:36Z,unverified,,9ca942a568882bbd6b774a0d5553b585fd3c21e22108b84064e56abca54efbeb,blank_null_includes_undecided
2026-1-f19cbf2933,2026,1,,PoderData,Aya,2026-09-20,2026-09-23,,3000,,main,Romeu Zema,1.0,total,6.0,,1.0526315789473684,https://pt.wikipedia.org/w/index.php?title=Pesquisas_de_opini%C3%A3o_para_a_elei%C3%A7%C3%A3o_presidencial_no_Brasil_em_2026&oldid=73082572,wikipedia_revision,73082572.0,2026-09-29T15:02:36Z,unverified,,9ca942a568882bbd6b774a0d5553b585fd3c21e22108b84064e56abca54efbeb,blank_null_includes_undecided
2026-1-f19cbf2933,2026,1,,PoderData,Aya,2026-09-20,2026-09-23,,3000,,main,Samara Martins,1.0,total,6.0,,1.0526315789473684,https://pt.wikipedia.org/w/index.php?title=Pesquisas_de_opini%C3%A3o_para_a_elei%C3%A7%C3%A3o_presidencial_no_Brasil_em_2026&oldid=73082572,wikipedia_revision,73082572.0,2026-09-29T15:02:36Z,unverified,,9ca942a568882bbd6b774a0d5553b585fd3c21e22108b84064e56abca54efbeb,blank_null_includes_undecided
2026-1-f19cbf2933,2026,1,,PoderData,Aya,2026-09-20,2026-09-23,,3000,,main,Leonardo Avalanche,0.0,total,6.0,,0.0,https://pt.wikipedia.org/w/index.php?title=Pesquisas_de_opini%C3%A3o_para_a_elei%C3%A7%C3%A3o_presidencial_no_Brasil_em_2026&oldid=73082572,wikipedia_revision,73082572.0,2026-09-29T15:02:36Z,unverified,,9ca942a568882bbd6b774a0d5553b585fd3c21e22108b84064e56abca54efbeb,blank_null_includes_undecided
2026-1-f19cbf2933,2026,1,,PoderData,Aya,2026-09-20,2026-09-23,,3000,,main,Wilson Grassi,0.0,total,6.0,,0.0,https://pt.wikipedia.org/w/index.php?title=Pesquisas_de_opini%C3%A3o_para_a_elei%C3%A7%C3%A3o_presidencial_no_Brasil_em_2026&oldid=73082572,wikipedia_revision,73082572.0,2026-09-29T15:02:36Z,unverified,,9ca942a568882bbd6b774a0d5553b585fd3c21e22108b84064e56abca54efbeb,blank_null_includes_undecided
2026-1-f19cbf2933,2026,1,,PoderData,Aya,2026-09-20,2026-09-23,,3000,,main,Clariana Barão,1.0,total,6.0,,1.0526315789473684,https://pt.wikipedia.org/w/index.php?title=Pesquisas_de_opini%C3%A3o_para_a_elei%C3%A7%C3%A3o_presidencial_no_Brasil_em_2026&oldid=73082572,wikipedia_revision,73082572.0,2026-09-29T15:02:36Z,unverified,,9ca942a568882bbd6b774a0d5553b585fd3c21e22108b84064e56abca54efbeb,blank_null_includes_undecided
2026-1-f19cbf2933,2026,1,,PoderData,Aya,2026-09-20,2026-09-23,,3000,,main,Hertz Dias,0.0,total,6.0,,0.0,https://pt.wikipedia.org/w/index.php?title=Pesquisas_de_opini%C3%A3o_para_a_elei%C3%A7%C3%A3o_presidencial_no_Brasil_em_2026&oldid=73082572,wikipedia_revision,73082572.0,2026-09-29T15:02:36Z,unverified,,9ca942a568882bbd6b774a0d5553b585fd3c21e22108b84064e56abca54efbeb,blank_null_includes_undecided
2026-1-f19cbf2933,2026,1,,PoderData,Aya,2026-09-20,2026-09-23,,3000,,main,Edmilson Costa,0.0,total,6.0,,0.0,https://pt.wikipedia.org/w/index.php?title=Pesquisas_de_opini%C3%A3o_para_a_elei%C3%A7%C3%A3o_presidencial_no_Brasil_em_2026&oldid=73082572,wikipedia_revision,73082572.0,2026-09-29T15:02:36Z,unverified,,9ca942a568882bbd6b774a0d5553b585fd3c21e22108b84064e56abca54efbeb,blank_null_includes_undecided
2026-1-f19cbf2933,2026,1,,PoderData,Aya,2026-09-20,2026-09-23,,3000,,main,Rui Costa Pimenta,1.0,total,6.0,,1.0526315789473684,https://pt.wikipedia.org/w/index.php?title=Pesquisas_de_opini%C3%A3o_para_a_elei%C3%A7%C3%A3o_presidencial_no_Brasil_em_2026&oldid=73082572,wikipedia_revision,73082572.0,2026-09-29T15:02:36Z,unverified,,9ca942a568882bbd6b774a0d5553b585fd3c21e22108b84064e56abca54efbeb,blank_null_includes_undecided
2026-1-8e90bb4a74,2026,1,,Real Time Big Data,,2026-09-19,2026-09-23,,2000,,main,Lula,41.0,total,6.0,,44.086021505376344,https://pt.wikipedia.org/w/index.php?title=Pesquisas_de_opini%C3%A3o_para_a_elei%C3%A7%C3%A3o_presidencial_no_Brasil_em_2026&oldid=73082572,wikipedia_revision,73082572.0,2026-09-29T15:02:36Z,unverified,,9ca942a568882bbd6b774a0d5553b585fd3c21e22108b84064e56abca54efbeb,"blank_null_includes_undecided;below_threshold:Samara Martins<1,Leonardo Avalanche<1,Wilson Grassi<1,Clariana Barão<1,Hertz Dias<1,Edmilson Costa<1,Rui Costa Pimenta<1"
2026-1-8e90bb4a74,2026,1,,Real Time Big Data,,2026-09-19,2026-09-23,,2000,,main,Flávio Bolsonaro,37.0,total,6.0,,39.784946236559136,https://pt.wikipedia.org/w/index.php?title=Pesquisas_de_opini%C3%A3o_para_a_elei%C3%A7%C3%A3o_presidencial_no_Brasil_em_2026&oldid=73082572,wikipedia_revision,73082572.0,2026-09-29T15:02:36Z,unverified,,9ca942a568882bbd6b774a0d5553b585fd3c21e22108b84064e56abca54efbeb,"blank_null_includes_undecided;below_threshold:Samara Martins<1,Leonardo Avalanche<1,Wilson Grassi<1,Clariana Barão<1,Hertz Dias<1,Edmilson Costa<1,Rui Costa Pimenta<1"
2026-1-8e90bb4a74,2026,1,,Real Time Big Data,,2026-09-19,2026-09-23,,2000,,main,Augusto Cury,6.0,total,6.0,,6.451612903225806,https://pt.wikipedia.org/w/index.php?title=Pesquisas_de_opini%C3%A3o_para_a_elei%C3%A7%C3%A3o_presidencial_no_Brasil_em_2026&oldid=73082572,wikipedia_revision,73082572.0,2026-09-29T15:02:36Z,unverified,,9ca942a568882bbd6b774a0d5553b585fd3c21e22108b84064e56abca54efbeb,"blank_null_includes_undecided;below_threshold:Samara Martins<1,Leonardo Avalanche<1,Wilson Grassi<1,Clariana Barão<1,Hertz Dias<1,Edmilson Costa<1,Rui Costa Pimenta<1"
2026-1-8e90bb4a74,2026,1,,Real Time Big Data,,2026-09-19,2026-09-23,,2000,,main,Renan Santos,6.0,total,6.0,,6.451612903225806,https://pt.wikipedia.org/w/index.php?title=Pesquisas_de_opini%C3%A3o_para_a_elei%C3%A7%C3%A3o_presidencial_no_Brasil_em_2026&oldid=73082572,wikipedia_revision,73082572.0,2026-09-29T15:02:36Z,unverified,,9ca942a568882bbd6b774a0d5553b585fd3c21e22108b84064e56abca54efbeb,"blank_null_includes_undecided;below_threshold:Samara Martins<1,Leonardo Avalanche<1,Wilson Grassi<1,Clariana Barão<1,Hertz Dias<1,Edmilson Costa<1,Rui Costa Pimenta<1"
2026-1-8e90bb4a74,2026,1,,Real Time Big Data,,2026-09-19,2026-09-23,,2000,,main,Ronaldo Caiado,2.0,total,6.0,,2.150537634408602,https://pt.wikipedia.org/w/index.php?title=Pesquisas_de_opini%C3%A3o_para_a_elei%C3%A7%C3%A3o_presidencial_no_Brasil_em_2026&oldid=73082572,wikipedia_revision,73082572.0,2026-09-29T15:02:36Z,unverified,,9ca942a568882bbd6b774a0d5553b585fd3c21e22108b84064e56abca54efbeb,"blank_null_includes_undecided;below_threshold:Samara Martins<1,Leonardo Avalanche<1,Wilson Grassi<1,Clariana Barão<1,Hertz Dias<1,Edmilson Costa<1,Rui Costa Pimenta<1"
2026-1-8e90bb4a74,2026,1,,Real Time Big Data,,2026-09-19,2026-09-23,,2000,,main,Romeu Zema,1.0,total,6.0,,1.075268817204301,https://pt.wikipedia.org/w/index.php?title=Pesquisas_de_opini%C3%A3o_para_a_elei%C3%A7%C3%A3o_presidencial_no_Brasil_em_2026&oldid=73082572,wikipedia_revision,73082572.0,2026-09-29T15:02:36Z,unverified,,9ca942a568882bbd6b774a0d5553b585fd3c21e22108b84064e56abca54efbeb,"blank_null_includes_undecided;below_threshold:Samara Martins<1,Leonardo Avalanche<1,Wilson Grassi<1,Clariana Barão<1,Hertz Dias<1,Edmilson Costa<1,Rui Costa Pimenta<1"
2026-1-f3a2bdfc87,2026,1,,AtlasIntel,,2026-09-17,2026-09-22,,5015,,main,Lula,45.8,total,1.2,,46.35627530364373,https://pt.wikipedia.org/w/index.php?title=Pesquisas_de_opini%C3%A3o_para_a_elei%C3%A7%C3%A3o_presidencial_no_Brasil_em_2026&oldid=73082572,wikipedia_revision,73082572.0,2026-09-29T15:02:36Z,unverified,,9ca942a568882bbd6b774a0d5553b585fd3c21e22108b84064e56abca54efbeb,blank_null_includes_undecided
2026-1-f3a2bdfc87,2026,1,,AtlasIntel,,2026-09-17,2026-09-22,,5015,,main,Flávio Bolsonaro,43.4,total,1.2,,43.927125506072876,https://pt.wikipedia.org/w/index.php?title=Pesquisas_de_opini%C3%A3o_para_a_elei%C3%A7%C3%A3o_presidencial_no_Brasil_em_2026&oldid=73082572,wikipedia_revision,73082572.0,2026-09-29T15:02:36Z,unverified,,9ca942a568882bbd6b774a0d5553b585fd3c21e22108b84064e56abca54efbeb,blank_null_includes_undecided
2026-1-f3a2bdfc87,2026,1,,AtlasIntel,,2026-09-17,2026-09-22,,5015,,main,Augusto Cury,2.1,total,1.2,,2.125506072874494,https://pt.wikipedia.org/w/index.php?title=Pesquisas_de_opini%C3%A3o_para_a_elei%C3%A7%C3%A3o_presidencial_no_Brasil_em_2026&oldid=73082572,wikipedia_revision,73082572.0,2026-09-29T15:02:36Z,unverified,,9ca942a568882bbd6b774a0d5553b585fd3c21e22108b84064e56abca54efbeb,blank_null_includes_undecided
2026-1-f3a2bdfc87,2026,1,,AtlasIntel,,2026-09-17,2026-09-22,,5015,,main,Renan Santos,4.5,total,1.2,,4.554655870445345,https://pt.wikipedia.org/w/index.php?title=Pesquisas_de_opini%C3%A3o_para_a_elei%C3%A7%C3%A3o_presidencial_no_Brasil_em_2026&oldid=73082572,wikipedia_revision,73082572.0,2026-09-29T15:02:36Z,unverified,,9ca942a568882bbd6b774a0d5553b585fd3c21e22108b84064e56abca54efbeb,blank_null_includes_undecided
2026-1-f3a2bdfc87,2026,1,,AtlasIntel,,2026-09-17,2026-09-22,,5015,,main,Ronaldo Caiado,1.3,total,1.2,,1.3157894736842106,https://pt.wikipedia.org/w/index.php?title=Pesquisas_de_opini%C3%A3o_para_a_elei%C3%A7%C3%A3o_presidencial_no_Brasil_em_2026&oldid=73082572,wikipedia_revision,73082572.0,2026-09-29T15:02:36Z,unverified,,9ca942a568882bbd6b774a0d5553b585fd3c21e22108b84064e56abca54efbeb,blank_null_includes_undecided
2026-1-f3a2bdfc87,2026,1,,AtlasIntel,,2026-09-17,2026-09-22,,5015,,main,Romeu Zema,0.9,total,1.2,,0.9109311740890689,https://pt.wikipedia.org/w/index.php?title=Pesquisas_de_opini%C3%A3o_para_a_elei%C3%A7%C3%A3o_presidencial_no_Brasil_em_2026&oldid=73082572,wikipedia_revision,73082572.0,2026-09-29T15:02:36Z,unverified,,9ca942a568882bbd6b774a0d5553b585fd3c21e22108b84064e56abca54efbeb,blank_null_includes_undecided
2026-1-f3a2bdfc87,2026,1,,AtlasIntel,,2026-09-17,2026-09-22,,5015,,main,Samara Martins,0.4,total,1.2,,0.4048582995951417,https://pt.wikipedia.org/w/index.php?title=Pesquisas_de_opini%C3%A3o_para_a_elei%C3%A7%C3%A3o_presidencial_no_Brasil_em_2026&oldid=73082572,wikipedia_revision,73082572.0,2026-09-29T15:02:36Z,unverified,,9ca942a568882bbd6b774a0d5553b585fd3c21e22108b84064e56abca54efbeb,blank_null_includes_undecided
2026-1-f3a2bdfc87,2026,1,,AtlasIntel,,2026-09-17,2026-09-22,,5015,,main,Wilson Grassi,0.0,total,1.2,,0.0,https://pt.wikipedia.org/w/index.php?title=Pesquisas_de_opini%C3%A3o_para_a_elei%C3%A7%C3%A3o_presidencial_no_Brasil_em_2026&oldid=73082572,wikipedia_revision,73082572.0,2026-09-29T15:02:36Z,unverified,,9ca942a568882bbd6b774a0d5553b585fd3c21e22108b84064e56abca54efbeb,blank_null_includes_undecided
2026-1-f3a2bdfc87,2026,1,,AtlasIntel,,2026-09-17,2026-09-22,,5015,,main,Clariana Barão,0.4,total,1.2,,0.4048582995951417,https://pt.wikipedia.org/w/index.php?title=Pesquisas_de_opini%C3%A3o_para_a_elei%C3%A7%C3%A3o_presidencial_no_Brasil_em_2026&oldid=73082572,wikipedia_revision,73082572.0,2026-09-29T15:02:36Z,unverified,,9ca942a568882bbd6b774a0d5553b585fd3c21e22108b84064e56abca54efbeb,blank_null_includes_undecided
2026-1-f3a2bdfc87,2026,1,,AtlasIntel,,2026-09-17,2026-09-22,,5015,,main,Hertz Dias,0.0,total,1.2,,0.0,https://pt.wikipedia.org/w/index.php?title=Pesquisas_de_opini%C3%A3o_para_a_elei%C3%A7%C3%A3o_presidencial_no_Brasil_em_2026&oldid=73082572,wikipedia_revision,73082572.0,2026-09-29T15:02:36Z,unverified,,9ca942a568882bbd6b774a0d5553b585fd3c21e22108b84064e56abca54efbeb,blank_null_includes_undecided
2026-1-f3a2bdfc87,2026,1,,AtlasIntel,,2026-09-17,2026-09-22,,5015,,main,Edmilson Costa,0.0,total,1.2,,0.0,https://pt.wikipedia.org/w/index.php?title=Pesquisas_de_opini%C3%A3o_para_a_elei%C3%A7%C3%A3o_presidencial_no_Brasil_em_2026&oldid=73082572,wikipedia_revision,73082572.0,2026-09-29T15:02:36Z,unverified,,9ca942a568882bbd6b774a0d5553b585fd3c21e22108b84064e56abca54efbeb,blank_null_includes_undecided
2026-1-f3a2bdfc87,2026,1,,AtlasIntel,,2026-09-17,2026-09-22,,5015,,main,Rui Costa Pimenta,0.0,total,1.2,,0.0,https://pt.wikipedia.org/w/index.php?title=Pesquisas_de_opini%C3%A3o_para_a_elei%C3%A7%C3%A3o_presidencial_no_Brasil_em_2026&oldid=73082572,wikipedia_revision,73082572.0,2026-09-29T15:02:36Z,unverified,,9ca942a568882bbd6b774a0d5553b585fd3c21e22108b84064e56abca54efbeb,blank_null_includes_undecided
2026-1-810fe9549d,2026,1,,American Analytics,,2026-09-15,2026-09-20,,2000,,main,Lula,38.0,total,14.0,,44.18604651162791,https://pt.wikipedia.org/w/index.php?title=Pesquisas_de_opini%C3%A3o_para_a_elei%C3%A7%C3%A3o_presidencial_no_Brasil_em_2026&oldid=73082572,wikipedia_revision,73082572.0,2026-09-29T15:02:36Z,unverified,,9ca942a568882bbd6b774a0d5553b585fd3c21e22108b84064e56abca54efbeb,blank_null_includes_undecided
2026-1-810fe9549d,2026,1,,American Analytics,,2026-09-15,2026-09-20,,2000,,main,Flávio Bolsonaro,34.0,total,14.0,,39.53488372093023,https://pt.wikipedia.org/w/index.php?title=Pesquisas_de_opini%C3%A3o_para_a_elei%C3%A7%C3%A3o_presidencial_no_Brasil_em_2026&oldid=73082572,wikipedia_revision,73082572.0,2026-09-29T15:02:36Z,unverified,,9ca942a568882bbd6b774a0d5553b585fd3c21e22108b84064e56abca54efbeb,blank_null_includes_undecided
2026-1-810fe9549d,2026,1,,American Analytics,,2026-09-15,2026-09-20,,2000,,main,Augusto Cury,5.0,total,14.0,,5.813953488372093,https://pt.wikipedia.org/w/index.php?title=Pesquisas_de_opini%C3%A3o_para_a_elei%C3%A7%C3%A3o_presidencial_no_Brasil_em_2026&oldid=73082572,wikipedia_revision,73082572.0,2026-09-29T15:02:36Z,unverified,,9ca942a568882bbd6b774a0d5553b585fd3c21e22108b84064e56abca54efbeb,blank_null_includes_undecided
2026-1-810fe9549d,2026,1,,American Analytics,,2026-09-15,2026-09-20,,2000,,main,Renan Santos,4.0,total,14.0,,4.651162790697675,https://pt.wikipedia.org/w/index.php?title=Pesquisas_de_opini%C3%A3o_para_a_elei%C3%A7%C3%A3o_presidencial_no_Brasil_em_2026&oldid=73082572,wikipedia_revision,73082572.0,2026-09-29T15:02:36Z,unverified,,9ca942a568882bbd6b774a0d5553b585fd3c21e22108b84064e56abca54efbeb,blank_null_includes_undecided
2026-1-810fe9549d,2026,1,,American Analytics,,2026-09-15,2026-09-20,,2000,,main,Ronaldo Caiado,4.0,total,14.0,,4.651162790697675,https://pt.wikipedia.org/w/index.php?title=Pesquisas_de_opini%C3%A3o_para_a_elei%C3%A7%C3%A3o_presidencial_no_Brasil_em_2026&oldid=73082572,wikipedia_revision,73082572.0,2026-09-29T15:02:36Z,unverified,,9ca942a568882bbd6b774a0d5553b585fd3c21e22108b84064e56abca54efbeb,blank_null_includes_undecided
2026-1-810fe9549d,2026,1,,American Analytics,,2026-09-15,2026-09-20,,2000,,main,Romeu Zema,1.0,total,14.0,,1.1627906976744187,https://pt.wikipedia.org/w/index.php?title=Pesquisas_de_opini%C3%A3o_para_a_elei%C3%A7%C3%A3o_presidencial_no_Brasil_em_2026&oldid=73082572,wikipedia_revision,73082572.0,2026-09-29T15:02:36Z,unverified,,9ca942a568882bbd6b774a0d5553b585fd3c21e22108b84064e56abca54efbeb,blank_null_includes_undecided
2026-1-64e331dd02,2026,1,,Nexus,BTG,2026-09-18,2026-09-20,,2000,,main,Lula,40.0,total,7.0,,43.47826086956522,https://pt.wikipedia.org/w/index.php?title=Pesquisas_de_opini%C3%A3o_para_a_elei%C3%A7%C3%A3o_presidencial_no_Brasil_em_2026&oldid=73082572,wikipedia_revision,73082572.0,2026-09-29T15:02:36Z,unverified,,9ca942a568882bbd6b774a0d5553b585fd3c21e22108b84064e56abca54efbeb,"blank_null_includes_undecided;below_threshold:Samara Martins<1,Wilson Grassi<1,Clariana Barão<1,Hertz Dias<1,Edmilson Costa<1,Rui Costa Pimenta<1"
2026-1-64e331dd02,2026,1,,Nexus,BTG,2026-09-18,2026-09-20,,2000,,main,Flávio Bolsonaro,37.0,total,7.0,,40.21739130434783,https://pt.wikipedia.org/w/index.php?title=Pesquisas_de_opini%C3%A3o_para_a_elei%C3%A7%C3%A3o_presidencial_no_Brasil_em_2026&oldid=73082572,wikipedia_revision,73082572.0,2026-09-29T15:02:36Z,unverified,,9ca942a568882bbd6b774a0d5553b585fd3c21e22108b84064e56abca54efbeb,"blank_null_includes_undecided;below_threshold:Samara Martins<1,Wilson Grassi<1,Clariana Barão<1,Hertz Dias<1,Edmilson Costa<1,Rui Costa Pimenta<1"
2026-1-64e331dd02,2026,1,,Nexus,BTG,2026-09-18,2026-09-20,,2000,,main,Augusto Cury,6.0,total,7.0,,6.521739130434782,https://pt.wikipedia.org/w/index.php?title=Pesquisas_de_opini%C3%A3o_para_a_elei%C3%A7%C3%A3o_presidencial_no_Brasil_em_2026&oldid=73082572,wikipedia_revision,73082572.0,2026-09-29T15:02:36Z,unverified,,9ca942a568882bbd6b774a0d5553b585fd3c21e22108b84064e56abca54efbeb,"blank_null_includes_undecided;below_threshold:Samara Martins<1,Wilson Grassi<1,Clariana Barão<1,Hertz Dias<1,Edmilson Costa<1,Rui Costa Pimenta<1"
2026-1-64e331dd02,2026,1,,Nexus,BTG,2026-09-18,2026-09-20,,2000,,main,Renan Santos,3.0,total,7.0,,3.260869565217391,https://pt.wikipedia.org/w/index.php?title=Pesquisas_de_opini%C3%A3o_para_a_elei%C3%A7%C3%A3o_presidencial_no_Brasil_em_2026&oldid=73082572,wikipedia_revision,73082572.0,2026-09-29T15:02:36Z,unverified,,9ca942a568882bbd6b774a0d5553b585fd3c21e22108b84064e56abca54efbeb,"blank_null_includes_undecided;below_threshold:Samara Martins<1,Wilson Grassi<1,Clariana Barão<1,Hertz Dias<1,Edmilson Costa<1,Rui Costa Pimenta<1"
2026-1-64e331dd02,2026,1,,Nexus,BTG,2026-09-18,2026-09-20,,2000,,main,Ronaldo Caiado,5.0,total,7.0,,5.434782608695652,https://pt.wikipedia.org/w/index.php?title=Pesquisas_de_opini%C3%A3o_para_a_elei%C3%A7%C3%A3o_presidencial_no_Brasil_em_2026&oldid=73082572,wikipedia_revision,73082572.0,2026-09-29T15:02:36Z,unverified,,9ca942a568882bbd6b774a0d5553b585fd3c21e22108b84064e56abca54efbeb,"blank_null_includes_undecided;below_threshold:Samara Martins<1,Wilson Grassi<1,Clariana Barão<1,Hertz Dias<1,Edmilson Costa<1,Rui Costa Pimenta<1"
2026-1-64e331dd02,2026,1,,Nexus,BTG,2026-09-18,2026-09-20,,2000,,main,Romeu Zema,1.0,total,7.0,,1.0869565217391304,https://pt.wikipedia.org/w/index.php?title=Pesquisas_de_opini%C3%A3o_para_a_elei%C3%A7%C3%A3o_presidencial_no_Brasil_em_2026&oldid=73082572,wikipedia_revision,73082572.0,2026-09-29T15:02:36Z,unverified,,9ca942a568882bbd6b774a0d5553b585fd3c21e22108b84064e56abca54efbeb,"blank_null_includes_undecided;below_threshold:Samara Martins<1,Wilson Grassi<1,Clariana Barão<1,Hertz Dias<1,Edmilson Costa<1,Rui Costa Pimenta<1"
2026-1-e9d0e26f18,2026,1,,Quaest,,2026-09-17,2026-09-20,,2004,,main,Lula,37.0,total,15.0,,43.529411764705884,https://pt.wikipedia.org/w/index.php?title=Pesquisas_de_opini%C3%A3o_para_a_elei%C3%A7%C3%A3o_presidencial_no_Brasil_em_2026&oldid=73082572,wikipedia_revision,73082572.0,2026-09-29T15:02:36Z,unverified,,9ca942a568882bbd6b774a0d5553b585fd3c21e22108b84064e56abca54efbeb,blank_null_includes_undecided
2026-1-e9d0e26f18,2026,1,,Quaest,,2026-09-17,2026-09-20,,2004,,main,Flávio Bolsonaro,33.0,total,15.0,,38.8235294117647,https://pt.wikipedia.org/w/index.php?title=Pesquisas_de_opini%C3%A3o_para_a_elei%C3%A7%C3%A3o_presidencial_no_Brasil_em_2026&oldid=73082572,wikipedia_revision,73082572.0,2026-09-29T15:02:36Z,unverified,,9ca942a568882bbd6b774a0d5553b585fd3c21e22108b84064e56abca54efbeb,blank_null_includes_undecided
2026-1-e9d0e26f18,2026,1,,Quaest,,2026-09-17,2026-09-20,,2004,,main,Augusto Cury,6.0,total,15.0,,7.0588235294117645,https://pt.wikipedia.org/w/index.php?title=Pesquisas_de_opini%C3%A3o_para_a_elei%C3%A7%C3%A3o_presidencial_no_Brasil_em_2026&oldid=73082572,wikipedia_revision,73082572.0,2026-09-29T15:02:36Z,unverified,,9ca942a568882bbd6b774a0d5553b585fd3c21e22108b84064e56abca54efbeb,blank_null_includes_undecided
2026-1-e9d0e26f18,2026,1,,Quaest,,2026-09-17,2026-09-20,,2004,,main,Renan Santos,3.0,total,15.0,,3.5294117647058822,https://pt.wikipedia.org/w/index.php?title=Pesquisas_de_opini%C3%A3o_para_a_elei%C3%A7%C3%A3o_presidencial_no_Brasil_em_2026&oldid=73082572,wikipedia_revision,73082572.0,2026-09-29T15:02:36Z,unverified,,9ca942a568882bbd6b774a0d5553b585fd3c21e22108b84064e56abca54efbeb,blank_null_includes_undecided
2026-1-e9d0e26f18,2026,1,,Quaest,,2026-09-17,2026-09-20,,2004,,main,Ronaldo Caiado,4.0,total,15.0,,4.705882352941177,https://pt.wikipedia.org/w/index.php?title=Pesquisas_de_opini%C3%A3o_para_a_elei%C3%A7%C3%A3o_presidencial_no_Brasil_em_2026&oldid=73082572,wikipedia_revision,73082572.0,2026-09-29T15:02:36Z,unverified,,9ca942a568882bbd6b774a0d5553b585fd3c21e22108b84064e56abca54efbeb,blank_null_includes_undecided
2026-1-e9d0e26f18,2026,1,,Quaest,,2026-09-17,2026-09-20,,2004,,main,Romeu Zema,1.0,total,15.0,,1.1764705882352942,https://pt.wikipedia.org/w/index.php?title=Pesquisas_de_opini%C3%A3o_para_a_elei%C3%A7%C3%A3o_presidencial_no_Brasil_em_2026&oldid=73082572,wikipedia_revision,73082572.0,2026-09-29T15:02:36Z,unverified,,9ca942a568882bbd6b774a0d5553b585fd3c21e22108b84064e56abca54efbeb,blank_null_includes_undecided
2026-1-e9d0e26f18,2026,1,,Quaest,,2026-09-17,2026-09-20,,2004,,main,Samara Martins,1.0,total,15.0,,1.1764705882352942,https://pt.wikipedia.org/w/index.php?title=Pesquisas_de_opini%C3%A3o_para_a_elei%C3%A7%C3%A3o_presidencial_no_Brasil_em_2026&oldid=73082572,wikipedia_revision,73082572.0,2026-09-29T15:02:36Z,unverified,,9ca942a568882bbd6b774a0d5553b585fd3c21e22108b84064e56abca54efbeb,blank_null_includes_undecided
2026-1-e9d0e26f18,2026,1,,Quaest,,2026-09-17,2026-09-20,,2004,,main,Leonardo Avalanche,0.0,total,15.0,,0.0,https://pt.wikipedia.org/w/index.php?title=Pesquisas_de_opini%C3%A3o_para_a_elei%C3%A7%C3%A3o_presidencial_no_Brasil_em_2026&oldid=73082572,wikipedia_revision,73082572.0,2026-09-29T15:02:36Z,unverified,,9ca942a568882bbd6b774a0d5553b585fd3c21e22108b84064e56abca54efbeb,blank_null_includes_undecided
2026-1-e9d0e26f18,2026,1,,Quaest,,2026-09-17,2026-09-20,,2004,,main,Wilson Grassi,0.0,total,15.0,,0.0,https://pt.wikipedia.org/w/index.php?title=Pesquisas_de_opini%C3%A3o_para_a_elei%C3%A7%C3%A3o_presidencial_no_Brasil_em_2026&oldid=73082572,wikipedia_revision,73082572.0,2026-09-29T15:02:36Z,unverified,,9ca942a568882bbd6b774a0d5553b585fd3c21e22108b84064e56abca54efbeb,blank_null_includes_undecided
2026-1-e9d0e26f18,2026,1,,Quaest,,2026-09-17,2026-09-20,,2004,,main,Clariana Barão,0.0,total,15.0,,0.0,https://pt.wikipedia.org/w/index.php?title=Pesquisas_de_opini%C3%A3o_para_a_elei%C3%A7%C3%A3o_presidencial_no_Brasil_em_2026&oldid=73082572,wikipedia_revision,73082572.0,2026-09-29T15:02:36Z,unverified,,9ca942a568882bbd6b774a0d5553b585fd3c21e22108b84064e56abca54efbeb,blank_null_includes_undecided
2026-1-e9d0e26f18,2026,1,,Quaest,,2026-09-17,2026-09-20,,2004,,main,Hertz Dias,0.0,total,15.0,,0.0,https://pt.wikipedia.org/w/index.php?title=Pesquisas_de_opini%C3%A3o_para_a_elei%C3%A7%C3%A3o_presidencial_no_Brasil_em_2026&oldid=73082572,wikipedia_revision,73082572.0,2026-09-29T15:02:36Z,unverified,,9ca942a568882bbd6b774a0d5553b585fd3c21e22108b84064e56abca54efbeb,blank_null_includes_undecided
2026-1-e9d0e26f18,2026,1,,Quaest,,2026-09-17,2026-09-20,,2004,,main,Edmilson Costa,0.0,total,15.0,,0.0,https://pt.wikipedia.org/w/index.php?title=Pesquisas_de_opini%C3%A3o_para_a_elei%C3%A7%C3%A3o_presidencial_no_Brasil_em_2026&oldid=73082572,wikipedia_revision,73082572.0,2026-09-29T15:02:36Z,unverified,,9ca942a568882bbd6b774a0d5553b585fd3c21e22108b84064e56abca54efbeb,blank_null_includes_undecided
2026-1-e9d0e26f18,2026,1,,Quaest,,2026-09-17,2026-09-20,,2004,,main,Rui Costa Pimenta,0.0,total,15.0,,0.0,https://pt.wikipedia.org/w/index.php?title=Pesquisas_de_opini%C3%A3o_para_a_elei%C3%A7%C3%A3o_presidencial_no_Brasil_em_2026&oldid=73082572,wikipedia_revision,73082572.0,2026-09-29T15:02:36Z,unverified,,9ca942a568882bbd6b774a0d5553b585fd3c21e22108b84064e56abca54efbeb,blank_null_includes_undecided
2026-1-df101b4c49,2026,1,,Veritá,,2026-09-10,2026-09-19,,40500,,main,Lula,40.0,total,4.3,,41.79728317659352,https://pt.wikipedia.org/w/index.php?title=Pesquisas_de_opini%C3%A3o_para_a_elei%C3%A7%C3%A3o_presidencial_no_Brasil_em_2026&oldid=73082572,wikipedia_revision,73082572.0,2026-09-29T15:02:36Z,unverified,,9ca942a568882bbd6b774a0d5553b585fd3c21e22108b84064e56abca54efbeb,others_column_named_candidate;blank_null_includes_undecided
2026-1-df101b4c49,2026,1,,Veritá,,2026-09-10,2026-09-19,,40500,,main,Flávio Bolsonaro,43.6,total,4.3,,45.559038662486934,https://pt.wikipedia.org/w/index.php?title=Pesquisas_de_opini%C3%A3o_para_a_elei%C3%A7%C3%A3o_presidencial_no_Brasil_em_2026&oldid=73082572,wikipedia_revision,73082572.0,2026-09-29T15:02:36Z,unverified,,9ca942a568882bbd6b774a0d5553b585fd3c21e22108b84064e56abca54efbeb,others_column_named_candidate;blank_null_includes_undecided
2026-1-df101b4c49,2026,1,,Veritá,,2026-09-10,2026-09-19,,40500,,main,Augusto Cury,5.4,total,4.3,,5.6426332288401255,https://pt.wikipedia.org/w/index.php?title=Pesquisas_de_opini%C3%A3o_para_a_elei%C3%A7%C3%A3o_presidencial_no_Brasil_em_2026&oldid=73082572,wikipedia_revision,73082572.0,2026-09-29T15:02:36Z,unverified,,9ca942a568882bbd6b774a0d5553b585fd3c21e22108b84064e56abca54efbeb,others_column_named_candidate;blank_null_includes_undecided
2026-1-df101b4c49,2026,1,,Veritá,,2026-09-10,2026-09-19,,40500,,main,Renan Santos,2.9,total,4.3,,3.0303030303030303,https://pt.wikipedia.org/w/index.php?title=Pesquisas_de_opini%C3%A3o_para_a_elei%C3%A7%C3%A3o_presidencial_no_Brasil_em_2026&oldid=73082572,wikipedia_revision,73082572.0,2026-09-29T15:02:36Z,unverified,,9ca942a568882bbd6b774a0d5553b585fd3c21e22108b84064e56abca54efbeb,others_column_named_candidate;blank_null_includes_undecided
2026-1-df101b4c49,2026,1,,Veritá,,2026-09-10,2026-09-19,,40500,,main,Ronaldo Caiado,1.8,total,4.3,,1.8808777429467085,https://pt.wikipedia.org/w/index.php?title=Pesquisas_de_opini%C3%A3o_para_a_elei%C3%A7%C3%A3o_presidencial_no_Brasil_em_2026&oldid=73082572,wikipedia_revision,73082572.0,2026-09-29T15:02:36Z,unverified,,9ca942a568882bbd6b774a0d5553b585fd3c21e22108b84064e56abca54efbeb,others_column_named_candidate;blank_null_includes_undecided
2026-1-df101b4c49,2026,1,,Veritá,,2026-09-10,2026-09-19,,40500,,main,Romeu Zema,0.6,total,4.3,,0.6269592476489028,https://pt.wikipedia.org/w/index.php?title=Pesquisas_de_opini%C3%A3o_para_a_elei%C3%A7%C3%A3o_presidencial_no_Brasil_em_2026&oldid=73082572,wikipedia_revision,73082572.0,2026-09-29T15:02:36Z,unverified,,9ca942a568882bbd6b774a0d5553b585fd3c21e22108b84064e56abca54efbeb,others_column_named_candidate;blank_null_includes_undecided
2026-1-df101b4c49,2026,1,,Veritá,,2026-09-10,2026-09-19,,40500,,main,Samara Martins,0.2,total,4.3,,0.2089864158829676,https://pt.wikipedia.org/w/index.php?title=Pesquisas_de_opini%C3%A3o_para_a_elei%C3%A7%C3%A3o_presidencial_no_Brasil_em_2026&oldid=73082572,wikipedia_revision,73082572.0,2026-09-29T15:02:36Z,unverified,,9ca942a568882bbd6b774a0d5553b585fd3c21e22108b84064e56abca54efbeb,others_column_named_candidate;blank_null_includes_undecided
2026-1-df101b4c49,2026,1,,Veritá,,2026-09-10,2026-09-19,,40500,,main,Wilson Grassi,0.1,total,4.3,,0.1044932079414838,https://pt.wikipedia.org/w/index.php?title=Pesquisas_de_opini%C3%A3o_para_a_elei%C3%A7%C3%A3o_presidencial_no_Brasil_em_2026&oldid=73082572,wikipedia_revision,73082572.0,2026-09-29T15:02:36Z,unverified,,9ca942a568882bbd6b774a0d5553b585fd3c21e22108b84064e56abca54efbeb,others_column_named_candidate;blank_null_includes_undecided
2026-1-df101b4c49,2026,1,,Veritá,,2026-09-10,2026-09-19,,40500,,main,Clariana Barão,0.3,total,4.3,,0.3134796238244514,https://pt.wikipedia.org/w/index.php?title=Pesquisas_de_opini%C3%A3o_para_a_elei%C3%A7%C3%A3o_presidencial_no_Brasil_em_2026&oldid=73082572,wikipedia_revision,73082572.0,2026-09-29T15:02:36Z,unverified,,9ca942a568882bbd6b774a0d5553b585fd3c21e22108b84064e56abca54efbeb,others_column_named_candidate;blank_null_includes_undecided
2026-1-df101b4c49,2026,1,,Veritá,,2026-09-10,2026-09-19,,40500,,main,Hertz Dias,0.1,total,4.3,,0.1044932079414838,https://pt.wikipedia.org/w/index.php?title=Pesquisas_de_opini%C3%A3o_para_a_elei%C3%A7%C3%A3o_presidencial_no_Brasil_em_2026&oldid=73082572,wikipedia_revision,73082572.0,2026-09-29T15:02:36Z,unverified,,9ca942a568882bbd6b774a0d5553b585fd3c21e22108b84064e56abca54efbeb,others_column_named_candidate;blank_null_includes_undecided
2026-1-df101b4c49,2026,1,,Veritá,,2026-09-10,2026-09-19,,40500,,main,Edmilson Costa,0.1,total,4.3,,0.1044932079414838,https://pt.wikipedia.org/w/index.php?title=Pesquisas_de_opini%C3%A3o_para_a_elei%C3%A7%C3%A3o_presidencial_no_Brasil_em_2026&oldid=73082572,wikipedia_revision,73082572.0,2026-09-29T15:02:36Z,unverified,,9ca942a568882bbd6b774a0d5553b585fd3c21e22108b84064e56abca54efbeb,others_column_named_candidate;blank_null_includes_undecided
2026-1-df101b4c49,2026,1,,Veritá,,2026-09-10,2026-09-19,,40500,,main,Rui Costa Pimenta,0.1,total,4.3,,0.1044932079414838,https://pt.wikipedia.org/w/index.php?title=Pesquisas_de_opini%C3%A3o_para_a_elei%C3%A7%C3%A3o_presidencial_no_Brasil_em_2026&oldid=73082572,wikipedia_revision,73082572.0,2026-09-29T15:02:36Z,unverified,,9ca942a568882bbd6b774a0d5553b585fd3c21e22108b84064e56abca54efbeb,others_column_named_candidate;blank_null_includes_undecided
2026-1-df101b4c49,2026,1,,Veritá,,2026-09-10,2026-09-19,,40500,,main,Pablo Marçal,0.5,total,4.3,,0.522466039707419,https://pt.wikipedia.org/w/index.php?title=Pesquisas_de_opini%C3%A3o_para_a_elei%C3%A7%C3%A3o_presidencial_no_Brasil_em_2026&oldid=73082572,wikipedia_revision,73082572.0,2026-09-29T15:02:36Z,unverified,,9ca942a568882bbd6b774a0d5553b585fd3c21e22108b84064e56abca54efbeb,others_column_named_candidate;blank_null_includes_undecided
2026-1-0db3edeb1d,2026,1,,Palver,,2026-09-15,2026-09-18,,5000,,main,Lula,41.0,total,1.0,,41.83673469387755,https://pt.wikipedia.org/w/index.php?title=Pesquisas_de_opini%C3%A3o_para_a_elei%C3%A7%C3%A3o_presidencial_no_Brasil_em_2026&oldid=73082572,wikipedia_revision,73082572.0,2026-09-29T15:02:36Z,unverified,,9ca942a568882bbd6b774a0d5553b585fd3c21e22108b84064e56abca54efbeb,"blank_null_includes_undecided;below_threshold:Samara Martins<1,Wilson Grassi<1,Clariana Barão<1,Hertz Dias<1,Edmilson Costa<1,Rui Costa Pimenta<1"
2026-1-0db3edeb1d,2026,1,,Palver,,2026-09-15,2026-09-18,,5000,,main,Flávio Bolsonaro,42.0,total,1.0,,42.857142857142854,https://pt.wikipedia.org/w/index.php?title=Pesquisas_de_opini%C3%A3o_para_a_elei%C3%A7%C3%A3o_presidencial_no_Brasil_em_2026&oldid=73082572,wikipedia_revision,73082572.0,2026-09-29T15:02:36Z,unverified,,9ca942a568882bbd6b774a0d5553b585fd3c21e22108b84064e56abca54efbeb,"blank_null_includes_undecided;below_threshold:Samara Martins<1,Wilson Grassi<1,Clariana Barão<1,Hertz Dias<1,Edmilson Costa<1,Rui Costa Pimenta<1"
2026-1-0db3edeb1d,2026,1,,Palver,,2026-09-15,2026-09-18,,5000,,main,Augusto Cury,2.0,total,1.0,,2.0408163265306123,https://pt.wikipedia.org/w/index.php?title=Pesquisas_de_opini%C3%A3o_para_a_elei%C3%A7%C3%A3o_presidencial_no_Brasil_em_2026&oldid=73082572,wikipedia_revision,73082572.0,2026-09-29T15:02:36Z,unverified,,9ca942a568882bbd6b774a0d5553b585fd3c21e22108b84064e56abca54efbeb,"blank_null_includes_undecided;below_threshold:Samara Martins<1,Wilson Grassi<1,Clariana Barão<1,Hertz Dias<1,Edmilson Costa<1,Rui Costa Pimenta<1"
2026-1-0db3edeb1d,2026,1,,Palver,,2026-09-15,2026-09-18,,5000,,main,Renan Santos,11.0,total,1.0,,11.224489795918368,https://pt.wikipedia.org/w/index.php?title=Pesquisas_de_opini%C3%A3o_para_a_elei%C3%A7%C3%A3o_presidencial_no_Brasil_em_2026&oldid=73082572,wikipedia_revision,73082572.0,2026-09-29T15:02:36Z,unverified,,9ca942a568882bbd6b774a0d5553b585fd3c21e22108b84064e56abca54efbeb,"blank_null_includes_undecided;below_threshold:Samara Martins<1,Wilson Grassi<1,Clariana Barão<1,Hertz Dias<1,Edmilson Costa<1,Rui Costa Pimenta<1"
2026-1-0db3edeb1d,2026,1,,Palver,,2026-09-15,2026-09-18,,5000,,main,Ronaldo Caiado,1.0,total,1.0,,1.0204081632653061,https://pt.wikipedia.org/w/index.php?title=Pesquisas_de_opini%C3%A3o_para_a_elei%C3%A7%C3%A3o_presidencial_no_Brasil_em_2026&oldid=73082572,wikipedia_revision,73082572.0,2026-09-29T15:02:36Z,unverified,,9ca942a568882bbd6b774a0d5553b585fd3c21e22108b84064e56abca54efbeb,"blank_null_includes_undecided;below_threshold:Samara Martins<1,Wilson Grassi<1,Clariana Barão<1,Hertz Dias<1,Edmilson Costa<1,Rui Costa Pimenta<1"
2026-1-0db3edeb1d,2026,1,,Palver,,2026-09-15,2026-09-18,,5000,,main,Romeu Zema,1.0,total,1.0,,1.0204081632653061,https://pt.wikipedia.org/w/index.php?title=Pesquisas_de_opini%C3%A3o_para_a_elei%C3%A7%C3%A3o_presidencial_no_Brasil_em_2026&oldid=73082572,wikipedia_revision,73082572.0,2026-09-29T15:02:36Z,unverified,,9ca942a568882bbd6b774a0d5553b585fd3c21e22108b84064e56abca54efbeb,"blank_null_includes_undecided;below_threshold:Samara Martins<1,Wilson Grassi<1,Clariana Barão<1,Hertz Dias<1,Edmilson Costa<1,Rui Costa Pimenta<1"
2026-1-e01475ca8f,2026,1,,AtlasIntel,,2026-09-11,2026-09-16,,5018,,main,Lula,44.1,total,2.1,,45.04596527068437,https://pt.wikipedia.org/w/index.php?title=Pesquisas_de_opini%C3%A3o_para_a_elei%C3%A7%C3%A3o_presidencial_no_Brasil_em_2026&oldid=73082572,wikipedia_revision,73082572.0,2026-09-29T15:02:36Z,unverified,,9ca942a568882bbd6b774a0d5553b585fd3c21e22108b84064e56abca54efbeb,blank_null_includes_undecided
2026-1-e01475ca8f,2026,1,,AtlasIntel,,2026-09-11,2026-09-16,,5018,,main,Flávio Bolsonaro,41.7,total,2.1,,42.59448416751787,https://pt.wikipedia.org/w/index.php?title=Pesquisas_de_opini%C3%A3o_para_a_elei%C3%A7%C3%A3o_presidencial_no_Brasil_em_2026&oldid=73082572,wikipedia_revision,73082572.0,2026-09-29T15:02:36Z,unverified,,9ca942a568882bbd6b774a0d5553b585fd3c21e22108b84064e56abca54efbeb,blank_null_includes_undecided
2026-1-e01475ca8f,2026,1,,AtlasIntel,,2026-09-11,2026-09-16,,5018,,main,Augusto Cury,3.5,total,2.1,,3.5750766087844736,https://pt.wikipedia.org/w/index.php?title=Pesquisas_de_opini%C3%A3o_para_a_elei%C3%A7%C3%A3o_presidencial_no_Brasil_em_2026&oldid=73082572,wikipedia_revision,73082572.0,2026-09-29T15:02:36Z,unverified,,9ca942a568882bbd6b774a0d5553b585fd3c21e22108b84064e56abca54efbeb,blank_null_includes_undecided
2026-1-e01475ca8f,2026,1,,AtlasIntel,,2026-09-11,2026-09-16,,5018,,main,Renan Santos,5.1,total,2.1,,5.209397344228804,https://pt.wikipedia.org/w/index.php?title=Pesquisas_de_opini%C3%A3o_para_a_elei%C3%A7%C3%A3o_presidencial_no_Brasil_em_2026&oldid=73082572,wikipedia_revision,73082572.0,2026-09-29T15:02:36Z,unverified,,9ca942a568882bbd6b774a0d5553b585fd3c21e22108b84064e56abca54efbeb,blank_null_includes_undecided
2026-1-e01475ca8f,2026,1,,AtlasIntel,,2026-09-11,2026-09-16,,5018,,main,Ronaldo Caiado,1.7,total,2.1,,1.7364657814096016,https://pt.wikipedia.org/w/index.php?title=Pesquisas_de_opini%C3%A3o_para_a_elei%C3%A7%C3%A3o_presidencial_no_Brasil_em_2026&oldid=73082572,wikipedia_revision,73082572.0,2026-09-29T15:02:36Z,unverified,,9ca942a568882bbd6b774a0d5553b585fd3c21e22108b84064e56abca54efbeb,blank_null_includes_undecided
2026-1-e01475ca8f,2026,1,,AtlasIntel,,2026-09-11,2026-09-16,,5018,,main,Romeu Zema,1.1,total,2.1,,1.1235955056179776,https://pt.wikipedia.org/w/index.php?title=Pesquisas_de_opini%C3%A3o_para_a_elei%C3%A7%C3%A3o_presidencial_no_Brasil_em_2026&oldid=73082572,wikipedia_revision,73082572.0,2026-09-29T15:02:36Z,unverified,,9ca942a568882bbd6b774a0d5553b585fd3c21e22108b84064e56abca54efbeb,blank_null_includes_undecided
2026-1-e01475ca8f,2026,1,,AtlasIntel,,2026-09-11,2026-09-16,,5018,,main,Samara Martins,0.7,total,2.1,,0.7150153217568948,https://pt.wikipedia.org/w/index.php?title=Pesquisas_de_opini%C3%A3o_para_a_elei%C3%A7%C3%A3o_presidencial_no_Brasil_em_2026&oldid=73082572,wikipedia_revision,73082572.0,2026-09-29T15:02:36Z,unverified,,9ca942a568882bbd6b774a0d5553b585fd3c21e22108b84064e56abca54efbeb,blank_null_includes_undecided
2026-1-4dfdd759f8,2026,1,,Datafolha,,2026-09-15,2026-09-16,,2002,,main,Lula,39.0,total,9.0,,42.391304347826086,https://pt.wikipedia.org/w/index.php?title=Pesquisas_de_opini%C3%A3o_para_a_elei%C3%A7%C3%A3o_presidencial_no_Brasil_em_2026&oldid=73082572,wikipedia_revision,73082572.0,2026-09-29T15:02:36Z,unverified,,9ca942a568882bbd6b774a0d5553b585fd3c21e22108b84064e56abca54efbeb,blank_null_includes_undecided
2026-1-4dfdd759f8,2026,1,,Datafolha,,2026-09-15,2026-09-16,,2002,,main,Flávio Bolsonaro,36.0,total,9.0,,39.130434782608695,https://pt.wikipedia.org/w/index.php?title=Pesquisas_de_opini%C3%A3o_para_a_elei%C3%A7%C3%A3o_presidencial_no_Brasil_em_2026&oldid=73082572,wikipedia_revision,73082572.0,2026-09-29T15:02:36Z,unverified,,9ca942a568882bbd6b774a0d5553b585fd3c21e22108b84064e56abca54efbeb,blank_null_includes_undecided
2026-1-4dfdd759f8,2026,1,,Datafolha,,2026-09-15,2026-09-16,,2002,,main,Augusto Cury,6.0,total,9.0,,6.521739130434782,https://pt.wikipedia.org/w/index.php?title=Pesquisas_de_opini%C3%A3o_para_a_elei%C3%A7%C3%A3o_presidencial_no_Brasil_em_2026&oldid=73082572,wikipedia_revision,73082572.0,2026-09-29T15:02:36Z,unverified,,9ca942a568882bbd6b774a0d5553b585fd3c21e22108b84064e56abca54efbeb,blank_null_includes_undecided
2026-1-4dfdd759f8,2026,1,,Datafolha,,2026-09-15,2026-09-16,,2002,,main,Renan Santos,3.0,total,9.0,,3.260869565217391,https://pt.wikipedia.org/w/index.php?title=Pesquisas_de_opini%C3%A3o_para_a_elei%C3%A7%C3%A3o_presidencial_no_Brasil_em_2026&oldid=73082572,wikipedia_revision,73082572.0,2026-09-29T15:02:36Z,unverified,,9ca942a568882bbd6b774a0d5553b585fd3c21e22108b84064e56abca54efbeb,blank_null_includes_undecided
2026-1-4dfdd759f8,2026,1,,Datafolha,,2026-09-15,2026-09-16,,2002,,main,Ronaldo Caiado,4.0,total,9.0,,4.3478260869565215,https://pt.wikipedia.org/w/index.php?title=Pesquisas_de_opini%C3%A3o_para_a_elei%C3%A7%C3%A3o_presidencial_no_Brasil_em_2026&oldid=73082572,wikipedia_revision,73082572.0,2026-09-29T15:02:36Z,unverified,,9ca942a568882bbd6b774a0d5553b585fd3c21e22108b84064e56abca54efbeb,blank_null_includes_undecided
2026-1-4dfdd759f8,2026,1,,Datafolha,,2026-09-15,2026-09-16,,2002,,main,Romeu Zema,2.0,total,9.0,,2.1739130434782608,https://pt.wikipedia.org/w/index.php?title=Pesquisas_de_opini%C3%A3o_para_a_elei%C3%A7%C3%A3o_presidencial_no_Brasil_em_2026&oldid=73082572,wikipedia_revision,73082572.0,2026-09-29T15:02:36Z,unverified,,9ca942a568882bbd6b774a0d5553b585fd3c21e22108b84064e56abca54efbeb,blank_null_includes_undecided
2026-1-4dfdd759f8,2026,1,,Datafolha,,2026-09-15,2026-09-16,,2002,,main,Samara Martins,1.0,total,9.0,,1.0869565217391304,https://pt.wikipedia.org/w/index.php?title=Pesquisas_de_opini%C3%A3o_para_a_elei%C3%A7%C3%A3o_presidencial_no_Brasil_em_2026&oldid=73082572,wikipedia_revision,73082572.0,2026-09-29T15:02:36Z,unverified,,9ca942a568882bbd6b774a0d5553b585fd3c21e22108b84064e56abca54efbeb,blank_null_includes_undecided
2026-1-4dfdd759f8,2026,1,,Datafolha,,2026-09-15,2026-09-16,,2002,,main,Wilson Grassi,0.0,total,9.0,,0.0,https://pt.wikipedia.org/w/index.php?title=Pesquisas_de_opini%C3%A3o_para_a_elei%C3%A7%C3%A3o_presidencial_no_Brasil_em_2026&oldid=73082572,wikipedia_revision,73082572.0,2026-09-29T15:02:36Z,unverified,,9ca942a568882bbd6b774a0d5553b585fd3c21e22108b84064e56abca54efbeb,blank_null_includes_undecided
2026-1-4dfdd759f8,2026,1,,Datafolha,,2026-09-15,2026-09-16,,2002,,main,Clariana Barão,0.0,total,9.0,,0.0,https://pt.wikipedia.org/w/index.php?title=Pesquisas_de_opini%C3%A3o_para_a_elei%C3%A7%C3%A3o_presidencial_no_Brasil_em_2026&oldid=73082572,wikipedia_revision,73082572.0,2026-09-29T15:02:36Z,unverified,,9ca942a568882bbd6b774a0d5553b585fd3c21e22108b84064e56abca54efbeb,blank_null_includes_undecided
2026-1-4dfdd759f8,2026,1,,Datafolha,,2026-09-15,2026-09-16,,2002,,main,Hertz Dias,0.0,total,9.0,,0.0,https://pt.wikipedia.org/w/index.php?title=Pesquisas_de_opini%C3%A3o_para_a_elei%C3%A7%C3%A3o_presidencial_no_Brasil_em_2026&oldid=73082572,wikipedia_revision,73082572.0,2026-09-29T15:02:36Z,unverified,,9ca942a568882bbd6b774a0d5553b585fd3c21e22108b84064e56abca54efbeb,blank_null_includes_undecided
2026-1-4dfdd759f8,2026,1,,Datafolha,,2026-09-15,2026-09-16,,2002,,main,Edmilson Costa,0.0,total,9.0,,0.0,https://pt.wikipedia.org/w/index.php?title=Pesquisas_de_opini%C3%A3o_para_a_elei%C3%A7%C3%A3o_presidencial_no_Brasil_em_2026&oldid=73082572,wikipedia_revision,73082572.0,2026-09-29T15:02:36Z,unverified,,9ca942a568882bbd6b774a0d5553b585fd3c21e22108b84064e56abca54efbeb,blank_null_includes_undecided
2026-1-4dfdd759f8,2026,1,,Datafolha,,2026-09-15,2026-09-16,,2002,,main,Rui Costa Pimenta,1.0,total,9.0,,1.0869565217391304,https://pt.wikipedia.org/w/index.php?title=Pesquisas_de_opini%C3%A3o_para_a_elei%C3%A7%C3%A3o_presidencial_no_Brasil_em_2026&oldid=73082572,wikipedia_revision,73082572.0,2026-09-29T15:02:36Z,unverified,,9ca942a568882bbd6b774a0d5553b585fd3c21e22108b84064e56abca54efbeb,blank_null_includes_undecided
2026-1-eb2558355e,2026,1,,Gerp,,2026-09-14,2026-09-16,,2400,,main,Lula,37.0,total,8.0,,40.65934065934066,https://pt.wikipedia.org/w/index.php?title=Pesquisas_de_opini%C3%A3o_para_a_elei%C3%A7%C3%A3o_presidencial_no_Brasil_em_2026&oldid=73082572,wikipedia_revision,73082572.0,2026-09-29T15:02:36Z,unverified,,9ca942a568882bbd6b774a0d5553b585fd3c21e22108b84064e56abca54efbeb,others_column_named_candidate;blank_null_includes_undecided
2026-1-eb2558355e,2026,1,,Gerp,,2026-09-14,2026-09-16,,2400,,main,Flávio Bolsonaro,40.0,total,8.0,,43.956043956043956,https://pt.wikipedia.org/w/index.php?title=Pesquisas_de_opini%C3%A3o_para_a_elei%C3%A7%C3%A3o_presidencial_no_Brasil_em_2026&oldid=73082572,wikipedia_revision,73082572.0,2026-09-29T15:02:36Z,unverified,,9ca942a568882bbd6b774a0d5553b585fd3c21e22108b84064e56abca54efbeb,others_column_named_candidate;blank_null_includes_undecided
2026-1-eb2558355e,2026,1,,Gerp,,2026-09-14,2026-09-16,,2400,,main,Augusto Cury,7.0,total,8.0,,7.6923076923076925,https://pt.wikipedia.org/w/index.php?title=Pesquisas_de_opini%C3%A3o_para_a_elei%C3%A7%C3%A3o_presidencial_no_Brasil_em_2026&oldid=73082572,wikipedia_revision,73082572.0,2026-09-29T15:02:36Z,unverified,,9ca942a568882bbd6b774a0d5553b585fd3c21e22108b84064e56abca54efbeb,others_column_named_candidate;blank_null_includes_undecided
2026-1-eb2558355e,2026,1,,Gerp,,2026-09-14,2026-09-16,,2400,,main,Renan Santos,2.0,total,8.0,,2.197802197802198,https://pt.wikipedia.org/w/index.php?title=Pesquisas_de_opini%C3%A3o_para_a_elei%C3%A7%C3%A3o_presidencial_no_Brasil_em_2026&oldid=73082572,wikipedia_revision,73082572.0,2026-09-29T15:02:36Z,unverified,,9ca942a568882bbd6b774a0d5553b585fd3c21e22108b84064e56abca54efbeb,others_column_named_candidate;blank_null_includes_undecided
2026-1-eb2558355e,2026,1,,Gerp,,2026-09-14,2026-09-16,,2400,,main,Ronaldo Caiado,3.0,total,8.0,,3.2967032967032965,https://pt.wikipedia.org/w/index.php?title=Pesquisas_de_opini%C3%A3o_para_a_elei%C3%A7%C3%A3o_presidencial_no_Brasil_em_2026&oldid=73082572,wikipedia_revision,73082572.0,2026-09-29T15:02:36Z,unverified,,9ca942a568882bbd6b774a0d5553b585fd3c21e22108b84064e56abca54efbeb,others_column_named_candidate;blank_null_includes_undecided
2026-1-eb2558355e,2026,1,,Gerp,,2026-09-14,2026-09-16,,2400,,main,Romeu Zema,1.0,total,8.0,,1.098901098901099,https://pt.wikipedia.org/w/index.php?title=Pesquisas_de_opini%C3%A3o_para_a_elei%C3%A7%C3%A3o_presidencial_no_Brasil_em_2026&oldid=73082572,wikipedia_revision,73082572.0,2026-09-29T15:02:36Z,unverified,,9ca942a568882bbd6b774a0d5553b585fd3c21e22108b84064e56abca54efbeb,others_column_named_candidate;blank_null_includes_undecided
2026-1-eb2558355e,2026,1,,Gerp,,2026-09-14,2026-09-16,,2400,,main,Samara Martins,0.0,total,8.0,,0.0,https://pt.wikipedia.org/w/index.php?title=Pesquisas_de_opini%C3%A3o_para_a_elei%C3%A7%C3%A3o_presidencial_no_Brasil_em_2026&oldid=73082572,wikipedia_revision,73082572.0,2026-09-29T15:02:36Z,unverified,,9ca942a568882bbd6b774a0d5553b585fd3c21e22108b84064e56abca54efbeb,others_column_named_candidate;blank_null_includes_undecided
2026-1-eb2558355e,2026,1,,Gerp,,2026-09-14,2026-09-16,,2400,,main,Wilson Grassi,0.0,total,8.0,,0.0,https://pt.wikipedia.org/w/index.php?title=Pesquisas_de_opini%C3%A3o_para_a_elei%C3%A7%C3%A3o_presidencial_no_Brasil_em_2026&oldid=73082572,wikipedia_revision,73082572.0,2026-09-29T15:02:36Z,unverified,,9ca942a568882bbd6b774a0d5553b585fd3c21e22108b84064e56abca54efbeb,others_column_named_candidate;blank_null_includes_undecided
2026-1-eb2558355e,2026,1,,Gerp,,2026-09-14,2026-09-16,,2400,,main,Hertz Dias,0.0,total,8.0,,0.0,https://pt.wikipedia.org/w/index.php?title=Pesquisas_de_opini%C3%A3o_para_a_elei%C3%A7%C3%A3o_presidencial_no_Brasil_em_2026&oldid=73082572,wikipedia_revision,73082572.0,2026-09-29T15:02:36Z,unverified,,9ca942a568882bbd6b774a0d5553b585fd3c21e22108b84064e56abca54efbeb,others_column_named_candidate;blank_null_includes_undecided
2026-1-eb2558355e,2026,1,,Gerp,,2026-09-14,2026-09-16,,2400,,main,Rui Costa Pimenta,0.0,total,8.0,,0.0,https://pt.wikipedia.org/w/index.php?title=Pesquisas_de_opini%C3%A3o_para_a_elei%C3%A7%C3%A3o_presidencial_no_Brasil_em_2026&oldid=73082572,wikipedia_revision,73082572.0,2026-09-29T15:02:36Z,unverified,,9ca942a568882bbd6b774a0d5553b585fd3c21e22108b84064e56abca54efbeb,others_column_named_candidate;blank_null_includes_undecided
2026-1-eb2558355e,2026,1,,Gerp,,2026-09-14,2026-09-16,,2400,,main,Pablo Marçal,1.0,total,8.0,,1.098901098901099,https://pt.wikipedia.org/w/index.php?title=Pesquisas_de_opini%C3%A3o_para_a_elei%C3%A7%C3%A3o_presidencial_no_Brasil_em_2026&oldid=73082572,wikipedia_revision,73082572.0,2026-09-29T15:02:36Z,unverified,,9ca942a568882bbd6b774a0d5553b585fd3c21e22108b84064e56abca54efbeb,others_column_named_candidate;blank_null_includes_undecided
2026-1-14b5cd6abb,2026,1,,PoderData,Aya,2026-09-13,2026-09-16,,3000,,main,Lula,37.0,total,6.0,,39.361702127659576,https://pt.wikipedia.org/w/index.php?title=Pesquisas_de_opini%C3%A3o_para_a_elei%C3%A7%C3%A3o_presidencial_no_Brasil_em_2026&oldid=73082572,wikipedia_revision,73082572.0,2026-09-29T15:02:36Z,unverified,,9ca942a568882bbd6b774a0d5553b585fd3c21e22108b84064e56abca54efbeb,others_column_named_candidate;blank_null_includes_undecided
2026-1-14b5cd6abb,2026,1,,PoderData,Aya,2026-09-13,2026-09-16,,3000,,main,Flávio Bolsonaro,36.0,total,6.0,,38.297872340425535,https://pt.wikipedia.org/w/index.php?title=Pesquisas_de_opini%C3%A3o_para_a_elei%C3%A7%C3%A3o_presidencial_no_Brasil_em_2026&oldid=73082572,wikipedia_revision,73082572.0,2026-09-29T15:02:36Z,unverified,,9ca942a568882bbd6b774a0d5553b585fd3c21e22108b84064e56abca54efbeb,others_column_named_candidate;blank_null_includes_undecided
2026-1-14b5cd6abb,2026,1,,PoderData,Aya,2026-09-13,2026-09-16,,3000,,main,Augusto Cury,8.0,total,6.0,,8.51063829787234,https://pt.wikipedia.org/w/index.php?title=Pesquisas_de_opini%C3%A3o_para_a_elei%C3%A7%C3%A3o_presidencial_no_Brasil_em_2026&oldid=73082572,wikipedia_revision,73082572.0,2026-09-29T15:02:36Z,unverified,,9ca942a568882bbd6b774a0d5553b585fd3c21e22108b84064e56abca54efbeb,others_column_named_candidate;blank_null_includes_undecided
2026-1-14b5cd6abb,2026,1,,PoderData,Aya,2026-09-13,2026-09-16,,3000,,main,Renan Santos,3.0,total,6.0,,3.1914893617021276,https://pt.wikipedia.org/w/index.php?title=Pesquisas_de_opini%C3%A3o_para_a_elei%C3%A7%C3%A3o_presidencial_no_Brasil_em_2026&oldid=73082572,wikipedia_revision,73082572.0,2026-09-29T15:02:36Z,unverified,,9ca942a568882bbd6b774a0d5553b585fd3c21e22108b84064e56abca54efbeb,others_column_named_candidate;blank_null_includes_undecided
2026-1-14b5cd6abb,2026,1,,PoderData,Aya,2026-09-13,2026-09-16,,3000,,main,Ronaldo Caiado,3.0,total,6.0,,3.1914893617021276,https://pt.wikipedia.org/w/index.php?title=Pesquisas_de_opini%C3%A3o_para_a_elei%C3%A7%C3%A3o_presidencial_no_Brasil_em_2026&oldid=73082572,wikipedia_revision,73082572.0,2026-09-29T15:02:36Z,unverified,,9ca942a568882bbd6b774a0d5553b585fd3c21e22108b84064e56abca54efbeb,others_column_named_candidate;blank_null_includes_undecided
2026-1-14b5cd6abb,2026,1,,PoderData,Aya,2026-09-13,2026-09-16,,3000,,main,Romeu Zema,1.0,total,6.0,,1.0638297872340425,https://pt.wikipedia.org/w/index.php?title=Pesquisas_de_opini%C3%A3o_para_a_elei%C3%A7%C3%A3o_presidencial_no_Brasil_em_2026&oldid=73082572,wikipedia_revision,73082572.0,2026-09-29T15:02:36Z,unverified,,9ca942a568882bbd6b774a0d5553b585fd3c21e22108b84064e56abca54efbeb,others_column_named_candidate;blank_null_includes_undecided
2026-1-14b5cd6abb,2026,1,,PoderData,Aya,2026-09-13,2026-09-16,,3000,,main,Samara Martins,1.0,total,6.0,,1.0638297872340425,https://pt.wikipedia.org/w/index.php?title=Pesquisas_de_opini%C3%A3o_para_a_elei%C3%A7%C3%A3o_presidencial_no_Brasil_em_2026&oldid=73082572,wikipedia_revision,73082572.0,2026-09-29T15:02:36Z,unverified,,9ca942a568882bbd6b774a0d5553b585fd3c21e22108b84064e56abca54efbeb,others_column_named_candidate;blank_null_includes_undecided
2026-1-14b5cd6abb,2026,1,,PoderData,Aya,2026-09-13,2026-09-16,,3000,,main,Wilson Grassi,0.0,total,6.0,,0.0,https://pt.wikipedia.org/w/index.php?title=Pesquisas_de_opini%C3%A3o_para_a_elei%C3%A7%C3%A3o_presidencial_no_Brasil_em_2026&oldid=73082572,wikipedia_revision,73082572.0,2026-09-29T15:02:36Z,unverified,,9ca942a568882bbd6b774a0d5553b585fd3c21e22108b84064e56abca54efbeb,others_column_named_candidate;blank_null_includes_undecided
2026-1-14b5cd6abb,2026,1,,PoderData,Aya,2026-09-13,2026-09-16,,3000,,main,Clariana Barão,1.0,total,6.0,,1.0638297872340425,https://pt.wikipedia.org/w/index.php?title=Pesquisas_de_opini%C3%A3o_para_a_elei%C3%A7%C3%A3o_presidencial_no_Brasil_em_2026&oldid=73082572,wikipedia_revision,73082572.0,2026-09-29T15:02:36Z,unverified,,9ca942a568882bbd6b774a0d5553b585fd3c21e22108b84064e56abca54efbeb,others_column_named_candidate;blank_null_includes_undecided
2026-1-14b5cd6abb,2026,1,,PoderData,Aya,2026-09-13,2026-09-16,,3000,,main,Hertz Dias,2.0,total,6.0,,2.127659574468085,https://pt.wikipedia.org/w/index.php?title=Pesquisas_de_opini%C3%A3o_para_a_elei%C3%A7%C3%A3o_presidencial_no_Brasil_em_2026&oldid=73082572,wikipedia_revision,73082572.0,2026-09-29T15:02:36Z,unverified,,9ca942a568882bbd6b774a0d5553b585fd3c21e22108b84064e56abca54efbeb,others_column_named_candidate;blank_null_includes_undecided
2026-1-14b5cd6abb,2026,1,,PoderData,Aya,2026-09-13,2026-09-16,,3000,,main,Edmilson Costa,0.0,total,6.0,,0.0,https://pt.wikipedia.org/w/index.php?title=Pesquisas_de_opini%C3%A3o_para_a_elei%C3%A7%C3%A3o_presidencial_no_Brasil_em_2026&oldid=73082572,wikipedia_revision,73082572.0,2026-09-29T15:02:36Z,unverified,,9ca942a568882bbd6b774a0d5553b585fd3c21e22108b84064e56abca54efbeb,others_column_named_candidate;blank_null_includes_undecided
2026-1-14b5cd6abb,2026,1,,PoderData,Aya,2026-09-13,2026-09-16,,3000,,main,Rui Costa Pimenta,1.0,total,6.0,,1.0638297872340425,https://pt.wikipedia.org/w/index.php?title=Pesquisas_de_opini%C3%A3o_para_a_elei%C3%A7%C3%A3o_presidencial_no_Brasil_em_2026&oldid=73082572,wikipedia_revision,73082572.0,2026-09-29T15:02:36Z,unverified,,9ca942a568882bbd6b774a0d5553b585fd3c21e22108b84064e56abca54efbeb,others_column_named_candidate;blank_null_includes_undecided
2026-1-14b5cd6abb,2026,1,,PoderData,Aya,2026-09-13,2026-09-16,,3000,,main,Pablo Marçal,1.0,total,6.0,,1.0638297872340425,https://pt.wikipedia.org/w/index.php?title=Pesquisas_de_opini%C3%A3o_para_a_elei%C3%A7%C3%A3o_presidencial_no_Brasil_em_2026&oldid=73082572,wikipedia_revision,73082572.0,2026-09-29T15:02:36Z,unverified,,9ca942a568882bbd6b774a0d5553b585fd3c21e22108b84064e56abca54efbeb,others_column_named_candidate;blank_null_includes_undecided
2026-1-a97aa285b1,2026,1,,Futura,Apex,2026-09-11,2026-09-15,,2000,,main,Lula,38.3,total,6.1,,40.83155650319829,https://pt.wikipedia.org/w/index.php?title=Pesquisas_de_opini%C3%A3o_para_a_elei%C3%A7%C3%A3o_presidencial_no_Brasil_em_2026&oldid=73082572,wikipedia_revision,73082572.0,2026-09-29T15:02:36Z,unverified,,9ca942a568882bbd6b774a0d5553b585fd3c21e22108b84064e56abca54efbeb,others_column_named_candidate;blank_null_includes_undecided
2026-1-a97aa285b1,2026,1,,Futura,Apex,2026-09-11,2026-09-15,,2000,,main,Flávio Bolsonaro,37.7,total,6.1,,40.19189765458423,https://pt.wikipedia.org/w/index.php?title=Pesquisas_de_opini%C3%A3o_para_a_elei%C3%A7%C3%A3o_presidencial_no_Brasil_em_2026&oldid=73082572,wikipedia_revision,73082572.0,2026-09-29T15:02:36Z,unverified,,9ca942a568882bbd6b774a0d5553b585fd3c21e22108b84064e56abca54efbeb,others_column_named_candidate;blank_null_includes_undecided
2026-1-a97aa285b1,2026,1,,Futura,Apex,2026-09-11,2026-09-15,,2000,,main,Augusto Cury,6.5,total,6.1,,6.929637526652452,https://pt.wikipedia.org/w/index.php?title=Pesquisas_de_opini%C3%A3o_para_a_elei%C3%A7%C3%A3o_presidencial_no_Brasil_em_2026&oldid=73082572,wikipedia_revision,73082572.0,2026-09-29T15:02:36Z,unverified,,9ca942a568882bbd6b774a0d5553b585fd3c21e22108b84064e56abca54efbeb,others_column_named_candidate;blank_null_includes_undecided
2026-1-a97aa285b1,2026,1,,Futura,Apex,2026-09-11,2026-09-15,,2000,,main,Renan Santos,3.4,total,6.1,,3.6247334754797444,https://pt.wikipedia.org/w/index.php?title=Pesquisas_de_opini%C3%A3o_para_a_elei%C3%A7%C3%A3o_presidencial_no_Brasil_em_2026&oldid=73082572,wikipedia_revision,73082572.0,2026-09-29T15:02:36Z,unverified,,9ca942a568882bbd6b774a0d5553b585fd3c21e22108b84064e56abca54efbeb,others_column_named_candidate;blank_null_includes_undecided
2026-1-a97aa285b1,2026,1,,Futura,Apex,2026-09-11,2026-09-15,,2000,,main,Ronaldo Caiado,4.5,total,6.1,,4.797441364605544,https://pt.wikipedia.org/w/index.php?title=Pesquisas_de_opini%C3%A3o_para_a_elei%C3%A7%C3%A3o_presidencial_no_Brasil_em_2026&oldid=73082572,wikipedia_revision,73082572.0,2026-09-29T15:02:36Z,unverified,,9ca942a568882bbd6b774a0d5553b585fd3c21e22108b84064e56abca54efbeb,others_column_named_candidate;blank_null_includes_undecided
2026-1-a97aa285b1,2026,1,,Futura,Apex,2026-09-11,2026-09-15,,2000,,main,Romeu Zema,1.0,total,6.1,,1.0660980810234542,https://pt.wikipedia.org/w/index.php?title=Pesquisas_de_opini%C3%A3o_para_a_elei%C3%A7%C3%A3o_presidencial_no_Brasil_em_2026&oldid=73082572,wikipedia_revision,73082572.0,2026-09-29T15:02:36Z,unverified,,9ca942a568882bbd6b774a0d5553b585fd3c21e22108b84064e56abca54efbeb,others_column_named_candidate;blank_null_includes_undecided
2026-1-a97aa285b1,2026,1,,Futura,Apex,2026-09-11,2026-09-15,,2000,,main,Samara Martins,0.2,total,6.1,,0.21321961620469085,https://pt.wikipedia.org/w/index.php?title=Pesquisas_de_opini%C3%A3o_para_a_elei%C3%A7%C3%A3o_presidencial_no_Brasil_em_2026&oldid=73082572,wikipedia_revision,73082572.0,2026-09-29T15:02:36Z,unverified,,9ca942a568882bbd6b774a0d5553b585fd3c21e22108b84064e56abca54efbeb,others_column_named_candidate;blank_null_includes_undecided
2026-1-a97aa285b1,2026,1,,Futura,Apex,2026-09-11,2026-09-15,,2000,,main,Wilson Grassi,0.1,total,6.1,,0.10660980810234542,https://pt.wikipedia.org/w/index.php?title=Pesquisas_de_opini%C3%A3o_para_a_elei%C3%A7%C3%A3o_presidencial_no_Brasil_em_2026&oldid=73082572,wikipedia_revision,73082572.0,2026-09-29T15:02:36Z,unverified,,9ca942a568882bbd6b774a0d5553b585fd3c21e22108b84064e56abca54efbeb,others_column_named_candidate;blank_null_includes_undecided
2026-1-a97aa285b1,2026,1,,Futura,Apex,2026-09-11,2026-09-15,,2000,,main,Clariana Barão,0.1,total,6.1,,0.10660980810234542,https://pt.wikipedia.org/w/index.php?title=Pesquisas_de_opini%C3%A3o_para_a_elei%C3%A7%C3%A3o_presidencial_no_Brasil_em_2026&oldid=73082572,wikipedia_revision,73082572.0,2026-09-29T15:02:36Z,unverified,,9ca942a568882bbd6b774a0d5553b585fd3c21e22108b84064e56abca54efbeb,others_column_named_candidate;blank_null_includes_undecided
2026-1-a97aa285b1,2026,1,,Futura,Apex,2026-09-11,2026-09-15,,2000,,main,Hertz Dias,0.1,total,6.1,,0.10660980810234542,https://pt.wikipedia.org/w/index.php?title=Pesquisas_de_opini%C3%A3o_para_a_elei%C3%A7%C3%A3o_presidencial_no_Brasil_em_2026&oldid=73082572,wikipedia_revision,73082572.0,2026-09-29T15:02:36Z,unverified,,9ca942a568882bbd6b774a0d5553b585fd3c21e22108b84064e56abca54efbeb,others_column_named_candidate;blank_null_includes_undecided
2026-1-a97aa285b1,2026,1,,Futura,Apex,2026-09-11,2026-09-15,,2000,,main,Edmilson Costa,0.0,total,6.1,,0.0,https://pt.wikipedia.org/w/index.php?title=Pesquisas_de_opini%C3%A3o_para_a_elei%C3%A7%C3%A3o_presidencial_no_Brasil_em_2026&oldid=73082572,wikipedia_revision,73082572.0,2026-09-29T15:02:36Z,unverified,,9ca942a568882bbd6b774a0d5553b585fd3c21e22108b84064e56abca54efbeb,others_column_named_candidate;blank_null_includes_undecided
2026-1-a97aa285b1,2026,1,,Futura,Apex,2026-09-11,2026-09-15,,2000,,main,Rui Costa Pimenta,0.0,total,6.1,,0.0,https://pt.wikipedia.org/w/index.php?title=Pesquisas_de_opini%C3%A3o_para_a_elei%C3%A7%C3%A3o_presidencial_no_Brasil_em_2026&oldid=73082572,wikipedia_revision,73082572.0,2026-09-29T15:02:36Z,unverified,,9ca942a568882bbd6b774a0d5553b585fd3c21e22108b84064e56abca54efbeb,others_column_named_candidate;blank_null_includes_undecided
2026-1-a97aa285b1,2026,1,,Futura,Apex,2026-09-11,2026-09-15,,2000,,main,Pablo Marçal,1.9,total,6.1,,2.025586353944563,https://pt.wikipedia.org/w/index.php?title=Pesquisas_de_opini%C3%A3o_para_a_elei%C3%A7%C3%A3o_presidencial_no_Brasil_em_2026&oldid=73082572,wikipedia_revision,73082572.0,2026-09-29T15:02:36Z,unverified,,9ca942a568882bbd6b774a0d5553b585fd3c21e22108b84064e56abca54efbeb,others_column_named_candidate;blank_null_includes_undecided
2026-1-ce22c3c5ed,2026,1,,DataTrends,,2026-09-12,2026-09-14,,2000,,main,Lula,39.0,total,12.0,,44.31818181818182,https://pt.wikipedia.org/w/index.php?title=Pesquisas_de_opini%C3%A3o_para_a_elei%C3%A7%C3%A3o_presidencial_no_Brasil_em_2026&oldid=73082572,wikipedia_revision,73082572.0,2026-09-29T15:02:36Z,unverified,,9ca942a568882bbd6b774a0d5553b585fd3c21e22108b84064e56abca54efbeb,others_column_named_candidate;blank_null_includes_undecided
2026-1-ce22c3c5ed,2026,1,,DataTrends,,2026-09-12,2026-09-14,,2000,,main,Flávio Bolsonaro,35.0,total,12.0,,39.77272727272727,https://pt.wikipedia.org/w/index.php?title=Pesquisas_de_opini%C3%A3o_para_a_elei%C3%A7%C3%A3o_presidencial_no_Brasil_em_2026&oldid=73082572,wikipedia_revision,73082572.0,2026-09-29T15:02:36Z,unverified,,9ca942a568882bbd6b774a0d5553b585fd3c21e22108b84064e56abca54efbeb,others_column_named_candidate;blank_null_includes_undecided
2026-1-ce22c3c5ed,2026,1,,DataTrends,,2026-09-12,2026-09-14,,2000,,main,Augusto Cury,6.0,total,12.0,,6.818181818181818,https://pt.wikipedia.org/w/index.php?title=Pesquisas_de_opini%C3%A3o_para_a_elei%C3%A7%C3%A3o_presidencial_no_Brasil_em_2026&oldid=73082572,wikipedia_revision,73082572.0,2026-09-29T15:02:36Z,unverified,,9ca942a568882bbd6b774a0d5553b585fd3c21e22108b84064e56abca54efbeb,others_column_named_candidate;blank_null_includes_undecided
2026-1-ce22c3c5ed,2026,1,,DataTrends,,2026-09-12,2026-09-14,,2000,,main,Renan Santos,4.0,total,12.0,,4.545454545454546,https://pt.wikipedia.org/w/index.php?title=Pesquisas_de_opini%C3%A3o_para_a_elei%C3%A7%C3%A3o_presidencial_no_Brasil_em_2026&oldid=73082572,wikipedia_revision,73082572.0,2026-09-29T15:02:36Z,unverified,,9ca942a568882bbd6b774a0d5553b585fd3c21e22108b84064e56abca54efbeb,others_column_named_candidate;blank_null_includes_undecided
2026-1-ce22c3c5ed,2026,1,,DataTrends,,2026-09-12,2026-09-14,,2000,,main,Ronaldo Caiado,3.0,total,12.0,,3.409090909090909,https://pt.wikipedia.org/w/index.php?title=Pesquisas_de_opini%C3%A3o_para_a_elei%C3%A7%C3%A3o_presidencial_no_Brasil_em_2026&oldid=73082572,wikipedia_revision,73082572.0,2026-09-29T15:02:36Z,unverified,,9ca942a568882bbd6b774a0d5553b585fd3c21e22108b84064e56abca54efbeb,others_column_named_candidate;blank_null_includes_undecided
2026-1-ce22c3c5ed,2026,1,,DataTrends,,2026-09-12,2026-09-14,,2000,,main,Romeu Zema,1.0,total,12.0,,1.1363636363636365,https://pt.wikipedia.org/w/index.php?title=Pesquisas_de_opini%C3%A3o_para_a_elei%C3%A7%C3%A3o_presidencial_no_Brasil_em_2026&oldid=73082572,wikipedia_revision,73082572.0,2026-09-29T15:02:36Z,unverified,,9ca942a568882bbd6b774a0d5553b585fd3c21e22108b84064e56abca54efbeb,others_column_named_candidate;blank_null_includes_undecided
2026-1-ce22c3c5ed,2026,1,,DataTrends,,2026-09-12,2026-09-14,,2000,,main,Samara Martins,0.0,total,12.0,,0.0,https://pt.wikipedia.org/w/index.php?title=Pesquisas_de_opini%C3%A3o_para_a_elei%C3%A7%C3%A3o_presidencial_no_Brasil_em_2026&oldid=73082572,wikipedia_revision,73082572.0,2026-09-29T15:02:36Z,unverified,,9ca942a568882bbd6b774a0d5553b585fd3c21e22108b84064e56abca54efbeb,others_column_named_candidate;blank_null_includes_undecided
2026-1-ce22c3c5ed,2026,1,,DataTrends,,2026-09-12,2026-09-14,,2000,,main,Wilson Grassi,0.0,total,12.0,,0.0,https://pt.wikipedia.org/w/index.php?title=Pesquisas_de_opini%C3%A3o_para_a_elei%C3%A7%C3%A3o_presidencial_no_Brasil_em_2026&oldid=73082572,wikipedia_revision,73082572.0,2026-09-29T15:02:36Z,unverified,,9ca942a568882bbd6b774a0d5553b585fd3c21e22108b84064e56abca54efbeb,others_column_named_candidate;blank_null_includes_undecided
2026-1-ce22c3c5ed,2026,1,,DataTrends,,2026-09-12,2026-09-14,,2000,,main,Clariana Barão,0.0,total,12.0,,0.0,https://pt.wikipedia.org/w/index.php?title=Pesquisas_de_opini%C3%A3o_para_a_elei%C3%A7%C3%A3o_presidencial_no_Brasil_em_2026&oldid=73082572,wikipedia_revision,73082572.0,2026-09-29T15:02:36Z,unverified,,9ca942a568882bbd6b774a0d5553b585fd3c21e22108b84064e56abca54efbeb,others_column_named_candidate;blank_null_includes_undecided
2026-1-ce22c3c5ed,2026,1,,DataTrends,,2026-09-12,2026-09-14,,2000,,main,Hertz Dias,0.0,total,12.0,,0.0,https://pt.wikipedia.org/w/index.php?title=Pesquisas_de_opini%C3%A3o_para_a_elei%C3%A7%C3%A3o_presidencial_no_Brasil_em_2026&oldid=73082572,wikipedia_revision,73082572.0,2026-09-29T15:02:36Z,unverified,,9ca942a568882bbd6b774a0d5553b585fd3c21e22108b84064e56abca54efbeb,others_column_named_candidate;blank_null_includes_undecided
2026-1-ce22c3c5ed,2026,1,,DataTrends,,2026-09-12,2026-09-14,,2000,,main,Edmilson Costa,0.0,total,12.0,,0.0,https://pt.wikipedia.org/w/index.php?title=Pesquisas_de_opini%C3%A3o_para_a_elei%C3%A7%C3%A3o_presidencial_no_Brasil_em_2026&oldid=73082572,wikipedia_revision,73082572.0,2026-09-29T15:02:36Z,unverified,,9ca942a568882bbd6b774a0d5553b585fd3c21e22108b84064e56abca54efbeb,others_column_named_candidate;blank_null_includes_undecided
2026-1-ce22c3c5ed,2026,1,,DataTrends,,2026-09-12,2026-09-14,,2000,,main,Rui Costa Pimenta,0.0,total,12.0,,0.0,https://pt.wikipedia.org/w/index.php?title=Pesquisas_de_opini%C3%A3o_para_a_elei%C3%A7%C3%A3o_presidencial_no_Brasil_em_2026&oldid=73082572,wikipedia_revision,73082572.0,2026-09-29T15:02:36Z,unverified,,9ca942a568882bbd6b774a0d5553b585fd3c21e22108b84064e56abca54efbeb,others_column_named_candidate;blank_null_includes_undecided
2026-1-ce22c3c5ed,2026,1,,DataTrends,,2026-09-12,2026-09-14,,2000,,main,Pablo Marçal,0.0,total,12.0,,0.0,https://pt.wikipedia.org/w/index.php?title=Pesquisas_de_opini%C3%A3o_para_a_elei%C3%A7%C3%A3o_presidencial_no_Brasil_em_2026&oldid=73082572,wikipedia_revision,73082572.0,2026-09-29T15:02:36Z,unverified,,9ca942a568882bbd6b774a0d5553b585fd3c21e22108b84064e56abca54efbeb,others_column_named_candidate;blank_null_includes_undecided
2026-1-37a6b8c433,2026,1,,Indexa,,2026-09-10,2026-09-13,,2000,,main,Lula,38.0,total,14.0,,43.67816091954023,https://pt.wikipedia.org/w/index.php?title=Pesquisas_de_opini%C3%A3o_para_a_elei%C3%A7%C3%A3o_presidencial_no_Brasil_em_2026&oldid=73082572,wikipedia_revision,73082572.0,2026-09-29T15:02:36Z,unverified,,9ca942a568882bbd6b774a0d5553b585fd3c21e22108b84064e56abca54efbeb,blank_null_includes_undecided
2026-1-37a6b8c433,2026,1,,Indexa,,2026-09-10,2026-09-13,,2000,,main,Flávio Bolsonaro,36.0,total,14.0,,41.37931034482759,https://pt.wikipedia.org/w/index.php?title=Pesquisas_de_opini%C3%A3o_para_a_elei%C3%A7%C3%A3o_presidencial_no_Brasil_em_2026&oldid=73082572,wikipedia_revision,73082572.0,2026-09-29T15:02:36Z,unverified,,9ca942a568882bbd6b774a0d5553b585fd3c21e22108b84064e56abca54efbeb,blank_null_includes_undecided
2026-1-37a6b8c433,2026,1,,Indexa,,2026-09-10,2026-09-13,,2000,,main,Augusto Cury,6.0,total,14.0,,6.896551724137931,https://pt.wikipedia.org/w/index.php?title=Pesquisas_de_opini%C3%A3o_para_a_elei%C3%A7%C3%A3o_presidencial_no_Brasil_em_2026&oldid=73082572,wikipedia_revision,73082572.0,2026-09-29T15:02:36Z,unverified,,9ca942a568882bbd6b774a0d5553b585fd3c21e22108b84064e56abca54efbeb,blank_null_includes_undecided
2026-1-37a6b8c433,2026,1,,Indexa,,2026-09-10,2026-09-13,,2000,,main,Renan Santos,3.0,total,14.0,,3.4482758620689653,https://pt.wikipedia.org/w/index.php?title=Pesquisas_de_opini%C3%A3o_para_a_elei%C3%A7%C3%A3o_presidencial_no_Brasil_em_2026&oldid=73082572,wikipedia_revision,73082572.0,2026-09-29T15:02:36Z,unverified,,9ca942a568882bbd6b774a0d5553b585fd3c21e22108b84064e56abca54efbeb,blank_null_includes_undecided
2026-1-37a6b8c433,2026,1,,Indexa,,2026-09-10,2026-09-13,,2000,,main,Ronaldo Caiado,4.0,total,14.0,,4.597701149425287,https://pt.wikipedia.org/w/index.php?title=Pesquisas_de_opini%C3%A3o_para_a_elei%C3%A7%C3%A3o_presidencial_no_Brasil_em_2026&oldid=73082572,wikipedia_revision,73082572.0,2026-09-29T15:02:36Z,unverified,,9ca942a568882bbd6b774a0d5553b585fd3c21e22108b84064e56abca54efbeb,blank_null_includes_undecided
2026-1-37a6b8c433,2026,1,,Indexa,,2026-09-10,2026-09-13,,2000,,main,Romeu Zema,0.0,total,14.0,,0.0,https://pt.wikipedia.org/w/index.php?title=Pesquisas_de_opini%C3%A3o_para_a_elei%C3%A7%C3%A3o_presidencial_no_Brasil_em_2026&oldid=73082572,wikipedia_revision,73082572.0,2026-09-29T15:02:36Z,unverified,,9ca942a568882bbd6b774a0d5553b585fd3c21e22108b84064e56abca54efbeb,blank_null_includes_undecided
2026-1-37a6b8c433,2026,1,,Indexa,,2026-09-10,2026-09-13,,2000,,main,Samara Martins,0.0,total,14.0,,0.0,https://pt.wikipedia.org/w/index.php?title=Pesquisas_de_opini%C3%A3o_para_a_elei%C3%A7%C3%A3o_presidencial_no_Brasil_em_2026&oldid=73082572,wikipedia_revision,73082572.0,2026-09-29T15:02:36Z,unverified,,9ca942a568882bbd6b774a0d5553b585fd3c21e22108b84064e56abca54efbeb,blank_null_includes_undecided
2026-1-37a6b8c433,2026,1,,Indexa,,2026-09-10,2026-09-13,,2000,,main,Wilson Grassi,0.0,total,14.0,,0.0,https://pt.wikipedia.org/w/index.php?title=Pesquisas_de_opini%C3%A3o_para_a_elei%C3%A7%C3%A3o_presidencial_no_Brasil_em_2026&oldid=73082572,wikipedia_revision,73082572.0,2026-09-29T15:02:36Z,unverified,,9ca942a568882bbd6b774a0d5553b585fd3c21e22108b84064e56abca54efbeb,blank_null_includes_undecided
2026-1-37a6b8c433,2026,1,,Indexa,,2026-09-10,2026-09-13,,2000,,main,Clariana Barão,0.0,total,14.0,,0.0,https://pt.wikipedia.org/w/index.php?title=Pesquisas_de_opini%C3%A3o_para_a_elei%C3%A7%C3%A3o_presidencial_no_Brasil_em_2026&oldid=73082572,wikipedia_revision,73082572.0,2026-09-29T15:02:36Z,unverified,,9ca942a568882bbd6b774a0d5553b585fd3c21e22108b84064e56abca54efbeb,blank_null_includes_undecided
2026-1-37a6b8c433,2026,1,,Indexa,,2026-09-10,2026-09-13,,2000,,main,Hertz Dias,0.0,total,14.0,,0.0,https://pt.wikipedia.org/w/index.php?title=Pesquisas_de_opini%C3%A3o_para_a_elei%C3%A7%C3%A3o_presidencial_no_Brasil_em_2026&oldid=73082572,wikipedia_revision,73082572.0,2026-09-29T15:02:36Z,unverified,,9ca942a568882bbd6b774a0d5553b585fd3c21e22108b84064e56abca54efbeb,blank_null_includes_undecided
2026-1-37a6b8c433,2026,1,,Indexa,,2026-09-10,2026-09-13,,2000,,main,Edmilson Costa,0.0,total,14.0,,0.0,https://pt.wikipedia.org/w/index.php?title=Pesquisas_de_opini%C3%A3o_para_a_elei%C3%A7%C3%A3o_presidencial_no_Brasil_em_2026&oldid=73082572,wikipedia_revision,73082572.0,2026-09-29T15:02:36Z,unverified,,9ca942a568882bbd6b774a0d5553b585fd3c21e22108b84064e56abca54efbeb,blank_null_includes_undecided
2026-1-37a6b8c433,2026,1,,Indexa,,2026-09-10,2026-09-13,,2000,,main,Rui Costa Pimenta,0.0,total,14.0,,0.0,https://pt.wikipedia.org/w/index.php?title=Pesquisas_de_opini%C3%A3o_para_a_elei%C3%A7%C3%A3o_presidencial_no_Brasil_em_2026&oldid=73082572,wikipedia_revision,73082572.0,2026-09-29T15:02:36Z,unverified,,9ca942a568882bbd6b774a0d5553b585fd3c21e22108b84064e56abca54efbeb,blank_null_includes_undecided
2026-1-727246bb63,2026,1,,MDA,CNT,2026-09-09,2026-09-13,,2002,,main,Lula,40.5,total,13.5,,47.42388758782201,https://pt.wikipedia.org/w/index.php?title=Pesquisas_de_opini%C3%A3o_para_a_elei%C3%A7%C3%A3o_presidencial_no_Brasil_em_2026&oldid=73082572,wikipedia_revision,73082572.0,2026-09-29T15:02:36Z,unverified,,9ca942a568882bbd6b774a0d5553b585fd3c21e22108b84064e56abca54efbeb,"others_column_named_candidate;blank_null_includes_undecided;below_threshold:Samara Martins<1.1,Wilson Grassi<1.1,Clariana Barão<1.1,Hertz Dias<1.1,Edmilson Costa<1.1,Rui Costa Pimenta<1.1"
2026-1-727246bb63,2026,1,,MDA,CNT,2026-09-09,2026-09-13,,2002,,main,Flávio Bolsonaro,30.4,total,13.5,,35.59718969555035,https://pt.wikipedia.org/w/index.php?title=Pesquisas_de_opini%C3%A3o_para_a_elei%C3%A7%C3%A3o_presidencial_no_Brasil_em_2026&oldid=73082572,wikipedia_revision,73082572.0,2026-09-29T15:02:36Z,unverified,,9ca942a568882bbd6b774a0d5553b585fd3c21e22108b84064e56abca54efbeb,"others_column_named_candidate;blank_null_includes_undecided;below_threshold:Samara Martins<1.1,Wilson Grassi<1.1,Clariana Barão<1.1,Hertz Dias<1.1,Edmilson Costa<1.1,Rui Costa Pimenta<1.1"
2026-1-727246bb63,2026,1,,MDA,CNT,2026-09-09,2026-09-13,,2002,,main,Augusto Cury,6.0,total,13.5,,7.02576112412178,https://pt.wikipedia.org/w/index.php?title=Pesquisas_de_opini%C3%A3o_para_a_elei%C3%A7%C3%A3o_presidencial_no_Brasil_em_2026&oldid=73082572,wikipedia_revision,73082572.0,2026-09-29T15:02:36Z,unverified,,9ca942a568882bbd6b774a0d5553b585fd3c21e22108b84064e56abca54efbeb,"others_column_named_candidate;blank_null_includes_undecided;below_threshold:Samara Martins<1.1,Wilson Grassi<1.1,Clariana Barão<1.1,Hertz Dias<1.1,Edmilson Costa<1.1,Rui Costa Pimenta<1.1"
2026-1-727246bb63,2026,1,,MDA,CNT,2026-09-09,2026-09-13,,2002,,main,Renan Santos,2.7,total,13.5,,3.161592505854801,https://pt.wikipedia.org/w/index.php?title=Pesquisas_de_opini%C3%A3o_para_a_elei%C3%A7%C3%A3o_presidencial_no_Brasil_em_2026&oldid=73082572,wikipedia_revision,73082572.0,2026-09-29T15:02:36Z,unverified,,9ca942a568882bbd6b774a0d5553b585fd3c21e22108b84064e56abca54efbeb,"others_column_named_candidate;blank_null_includes_undecided;below_threshold:Samara Martins<1.1,Wilson Grassi<1.1,Clariana Barão<1.1,Hertz Dias<1.1,Edmilson Costa<1.1,Rui Costa Pimenta<1.1"
2026-1-727246bb63,2026,1,,MDA,CNT,2026-09-09,2026-09-13,,2002,,main,Ronaldo Caiado,3.0,total,13.5,,3.51288056206089,https://pt.wikipedia.org/w/index.php?title=Pesquisas_de_opini%C3%A3o_para_a_elei%C3%A7%C3%A3o_presidencial_no_Brasil_em_2026&oldid=73082572,wikipedia_revision,73082572.0,2026-09-29T15:02:36Z,unverified,,9ca942a568882bbd6b774a0d5553b585fd3c21e22108b84064e56abca54efbeb,"others_column_named_candidate;blank_null_includes_undecided;below_threshold:Samara Martins<1.1,Wilson Grassi<1.1,Clariana Barão<1.1,Hertz Dias<1.1,Edmilson Costa<1.1,Rui Costa Pimenta<1.1"
2026-1-727246bb63,2026,1,,MDA,CNT,2026-09-09,2026-09-13,,2002,,main,Romeu Zema,1.0,total,13.5,,1.17096018735363,https://pt.wikipedia.org/w/index.php?title=Pesquisas_de_opini%C3%A3o_para_a_elei%C3%A7%C3%A3o_presidencial_no_Brasil_em_2026&oldid=73082572,wikipedia_revision,73082572.0,2026-09-29T15:02:36Z,unverified,,9ca942a568882bbd6b774a0d5553b585fd3c21e22108b84064e56abca54efbeb,"others_column_named_candidate;blank_null_includes_undecided;below_threshold:Samara Martins<1.1,Wilson Grassi<1.1,Clariana Barão<1.1,Hertz Dias<1.1,Edmilson Costa<1.1,Rui Costa Pimenta<1.1"
2026-1-727246bb63,2026,1,,MDA,CNT,2026-09-09,2026-09-13,,2002,,main,Pablo Marçal,1.8,total,13.5,,2.1077283372365336,https://pt.wikipedia.org/w/index.php?title=Pesquisas_de_opini%C3%A3o_para_a_elei%C3%A7%C3%A3o_presidencial_no_Brasil_em_2026&oldid=73082572,wikipedia_revision,73082572.0,2026-09-29T15:02:36Z,unverified,,9ca942a568882bbd6b774a0d5553b585fd3c21e22108b84064e56abca54efbeb,"others_column_named_candidate;blank_null_includes_undecided;below_threshold:Samara Martins<1.1,Wilson Grassi<1.1,Clariana Barão<1.1,Hertz Dias<1.1,Edmilson Costa<1.1,Rui Costa Pimenta<1.1"
2026-1-3993093408,2026,1,,Nexus,BTG,2026-09-11,2026-09-13,,2003,,main,Lula,42.0,total,6.0,,44.680851063829785,https://pt.wikipedia.org/w/index.php?title=Pesquisas_de_opini%C3%A3o_para_a_elei%C3%A7%C3%A3o_presidencial_no_Brasil_em_2026&oldid=73082572,wikipedia_revision,73082572.0,2026-09-29T15:02:36Z,unverified,,9ca942a568882bbd6b774a0d5553b585fd3c21e22108b84064e56abca54efbeb,blank_null_includes_undecided
2026-1-3993093408,2026,1,,Nexus,BTG,2026-09-11,2026-09-13,,2003,,main,Flávio Bolsonaro,37.0,total,6.0,,39.361702127659576,https://pt.wikipedia.org/w/index.php?title=Pesquisas_de_opini%C3%A3o_para_a_elei%C3%A7%C3%A3o_presidencial_no_Brasil_em_2026&oldid=73082572,wikipedia_revision,73082572.0,2026-09-29T15:02:36Z,unverified,,9ca942a568882bbd6b774a0d5553b585fd3c21e22108b84064e56abca54efbeb,blank_null_includes_undecided
2026-1-3993093408,2026,1,,Nexus,BTG,2026-09-11,2026-09-13,,2003,,main,Augusto Cury,6.0,total,6.0,,6.382978723404255,https://pt.wikipedia.org/w/index.php?title=Pesquisas_de_opini%C3%A3o_para_a_elei%C3%A7%C3%A3o_presidencial_no_Brasil_em_2026&oldid=73082572,wikipedia_revision,73082572.0,2026-09-29T15:02:36Z,unverified,,9ca942a568882bbd6b774a0d5553b585fd3c21e22108b84064e56abca54efbeb,blank_null_includes_undecided
2026-1-3993093408,2026,1,,Nexus,BTG,2026-09-11,2026-09-13,,2003,,main,Renan Santos,2.0,total,6.0,,2.127659574468085,https://pt.wikipedia.org/w/index.php?title=Pesquisas_de_opini%C3%A3o_para_a_elei%C3%A7%C3%A3o_presidencial_no_Brasil_em_2026&oldid=73082572,wikipedia_revision,73082572.0,2026-09-29T15:02:36Z,unverified,,9ca942a568882bbd6b774a0d5553b585fd3c21e22108b84064e56abca54efbeb,blank_null_includes_undecided
2026-1-3993093408,2026,1,,Nexus,BTG,2026-09-11,2026-09-13,,2003,,main,Ronaldo Caiado,5.0,total,6.0,,5.319148936170213,https://pt.wikipedia.org/w/index.php?title=Pesquisas_de_opini%C3%A3o_para_a_elei%C3%A7%C3%A3o_presidencial_no_Brasil_em_2026&oldid=73082572,wikipedia_revision,73082572.0,2026-09-29T15:02:36Z,unverified,,9ca942a568882bbd6b774a0d5553b585fd3c21e22108b84064e56abca54efbeb,blank_null_includes_undecided
2026-1-3993093408,2026,1,,Nexus,BTG,2026-09-11,2026-09-13,,2003,,main,Romeu Zema,1.0,total,6.0,,1.0638297872340425,https://pt.wikipedia.org/w/index.php?title=Pesquisas_de_opini%C3%A3o_para_a_elei%C3%A7%C3%A3o_presidencial_no_Brasil_em_2026&oldid=73082572,wikipedia_revision,73082572.0,2026-09-29T15:02:36Z,unverified,,9ca942a568882bbd6b774a0d5553b585fd3c21e22108b84064e56abca54efbeb,blank_null_includes_undecided
2026-1-3993093408,2026,1,,Nexus,BTG,2026-09-11,2026-09-13,,2003,,main,Samara Martins,1.0,total,6.0,,1.0638297872340425,https://pt.wikipedia.org/w/index.php?title=Pesquisas_de_opini%C3%A3o_para_a_elei%C3%A7%C3%A3o_presidencial_no_Brasil_em_2026&oldid=73082572,wikipedia_revision,73082572.0,2026-09-29T15:02:36Z,unverified,,9ca942a568882bbd6b774a0d5553b585fd3c21e22108b84064e56abca54efbeb,blank_null_includes_undecided
2026-1-3993093408,2026,1,,Nexus,BTG,2026-09-11,2026-09-13,,2003,,main,Wilson Grassi,0.0,total,6.0,,0.0,https://pt.wikipedia.org/w/index.php?title=Pesquisas_de_opini%C3%A3o_para_a_elei%C3%A7%C3%A3o_presidencial_no_Brasil_em_2026&oldid=73082572,wikipedia_revision,73082572.0,2026-09-29T15:02:36Z,unverified,,9ca942a568882bbd6b774a0d5553b585fd3c21e22108b84064e56abca54efbeb,blank_null_includes_undecided
2026-1-3993093408,2026,1,,Nexus,BTG,2026-09-11,2026-09-13,,2003,,main,Clariana Barão,0.0,total,6.0,,0.0,https://pt.wikipedia.org/w/index.php?title=Pesquisas_de_opini%C3%A3o_para_a_elei%C3%A7%C3%A3o_presidencial_no_Brasil_em_2026&oldid=73082572,wikipedia_revision,73082572.0,2026-09-29T15:02:36Z,unverified,,9ca942a568882bbd6b774a0d5553b585fd3c21e22108b84064e56abca54efbeb,blank_null_includes_undecided
2026-1-3993093408,2026,1,,Nexus,BTG,2026-09-11,2026-09-13,,2003,,main,Hertz Dias,0.0,total,6.0,,0.0,https://pt.wikipedia.org/w/index.php?title=Pesquisas_de_opini%C3%A3o_para_a_elei%C3%A7%C3%A3o_presidencial_no_Brasil_em_2026&oldid=73082572,wikipedia_revision,73082572.0,2026-09-29T15:02:36Z,unverified,,9ca942a568882bbd6b774a0d5553b585fd3c21e22108b84064e56abca54efbeb,blank_null_includes_undecided
2026-1-3993093408,2026,1,,Nexus,BTG,2026-09-11,2026-09-13,,2003,,main,Edmilson Costa,0.0,total,6.0,,0.0,https://pt.wikipedia.org/w/index.php?title=Pesquisas_de_opini%C3%A3o_para_a_elei%C3%A7%C3%A3o_presidencial_no_Brasil_em_2026&oldid=73082572,wikipedia_revision,73082572.0,2026-09-29T15:02:36Z,unverified,,9ca942a568882bbd6b774a0d5553b585fd3c21e22108b84064e56abca54efbeb,blank_null_includes_undecided
2026-1-3993093408,2026,1,,Nexus,BTG,2026-09-11,2026-09-13,,2003,,main,Rui Costa Pimenta,0.0,total,6.0,,0.0,https://pt.wikipedia.org/w/index.php?title=Pesquisas_de_opini%C3%A3o_para_a_elei%C3%A7%C3%A3o_presidencial_no_Brasil_em_2026&oldid=73082572,wikipedia_revision,73082572.0,2026-09-29T15:02:36Z,unverified,,9ca942a568882bbd6b774a0d5553b585fd3c21e22108b84064e56abca54efbeb,blank_null_includes_undecided
2026-1-235486b0b9,2026,1,,Quaest,,2026-09-10,2026-09-13,,2004,,main,Lula,36.0,total,17.0,,43.373493975903614,https://pt.wikipedia.org/w/index.php?title=Pesquisas_de_opini%C3%A3o_para_a_elei%C3%A7%C3%A3o_presidencial_no_Brasil_em_2026&oldid=73082572,wikipedia_revision,73082572.0,2026-09-29T15:02:36Z,unverified,,9ca942a568882bbd6b774a0d5553b585fd3c21e22108b84064e56abca54efbeb,blank_null_includes_undecided
2026-1-235486b0b9,2026,1,,Quaest,,2026-09-10,2026-09-13,,2004,,main,Flávio Bolsonaro,31.0,total,17.0,,37.34939759036145,https://pt.wikipedia.org/w/index.php?title=Pesquisas_de_opini%C3%A3o_para_a_elei%C3%A7%C3%A3o_presidencial_no_Brasil_em_2026&oldid=73082572,wikipedia_revision,73082572.0,2026-09-29T15:02:36Z,unverified,,9ca942a568882bbd6b774a0d5553b585fd3c21e22108b84064e56abca54efbeb,blank_null_includes_undecided
2026-1-235486b0b9,2026,1,,Quaest,,2026-09-10,2026-09-13,,2004,,main,Augusto Cury,7.0,total,17.0,,8.433734939759036,https://pt.wikipedia.org/w/index.php?title=Pesquisas_de_opini%C3%A3o_para_a_elei%C3%A7%C3%A3o_presidencial_no_Brasil_em_2026&oldid=73082572,wikipedia_revision,73082572.0,2026-09-29T15:02:36Z,unverified,,9ca942a568882bbd6b774a0d5553b585fd3c21e22108b84064e56abca54efbeb,blank_null_includes_undecided
2026-1-235486b0b9,2026,1,,Quaest,,2026-09-10,2026-09-13,,2004,,main,Renan Santos,4.0,total,17.0,,4.819277108433735,https://pt.wikipedia.org/w/index.php?title=Pesquisas_de_opini%C3%A3o_para_a_elei%C3%A7%C3%A3o_presidencial_no_Brasil_em_2026&oldid=73082572,wikipedia_revision,73082572.0,2026-09-29T15:02:36Z,unverified,,9ca942a568882bbd6b774a0d5553b585fd3c21e22108b84064e56abca54efbeb,blank_null_includes_undecided
2026-1-235486b0b9,2026,1,,Quaest,,2026-09-10,2026-09-13,,2004,,main,Ronaldo Caiado,4.0,total,17.0,,4.819277108433735,https://pt.wikipedia.org/w/index.php?title=Pesquisas_de_opini%C3%A3o_para_a_elei%C3%A7%C3%A3o_presidencial_no_Brasil_em_2026&oldid=73082572,wikipedia_revision,73082572.0,2026-09-29T15:02:36Z,unverified,,9ca942a568882bbd6b774a0d5553b585fd3c21e22108b84064e56abca54efbeb,blank_null_includes_undecided
2026-1-235486b0b9,2026,1,,Quaest,,2026-09-10,2026-09-13,,2004,,main,Romeu Zema,1.0,total,17.0,,1.2048192771084338,https://pt.wikipedia.org/w/index.php?title=Pesquisas_de_opini%C3%A3o_para_a_elei%C3%A7%C3%A3o_presidencial_no_Brasil_em_2026&oldid=73082572,wikipedia_revision,73082572.0,2026-09-29T15:02:36Z,unverified,,9ca942a568882bbd6b774a0d5553b585fd3c21e22108b84064e56abca54efbeb,blank_null_includes_undecided
2026-1-235486b0b9,2026,1,,Quaest,,2026-09-10,2026-09-13,,2004,,main,Samara Martins,0.0,total,17.0,,0.0,https://pt.wikipedia.org/w/index.php?title=Pesquisas_de_opini%C3%A3o_para_a_elei%C3%A7%C3%A3o_presidencial_no_Brasil_em_2026&oldid=73082572,wikipedia_revision,73082572.0,2026-09-29T15:02:36Z,unverified,,9ca942a568882bbd6b774a0d5553b585fd3c21e22108b84064e56abca54efbeb,blank_null_includes_undecided
2026-1-235486b0b9,2026,1,,Quaest,,2026-09-10,2026-09-13,,2004,,main,Wilson Grassi,0.0,total,17.0,,0.0,https://pt.wikipedia.org/w/index.php?title=Pesquisas_de_opini%C3%A3o_para_a_elei%C3%A7%C3%A3o_presidencial_no_Brasil_em_2026&oldid=73082572,wikipedia_revision,73082572.0,2026-09-29T15:02:36Z,unverified,,9ca942a568882bbd6b774a0d5553b585fd3c21e22108b84064e56abca54efbeb,blank_null_includes_undecided
2026-1-235486b0b9,2026,1,,Quaest,,2026-09-10,2026-09-13,,2004,,main,Clariana Barão,0.0,total,17.0,,0.0,https://pt.wikipedia.org/w/index.php?title=Pesquisas_de_opini%C3%A3o_para_a_elei%C3%A7%C3%A3o_presidencial_no_Brasil_em_2026&oldid=73082572,wikipedia_revision,73082572.0,2026-09-29T15:02:36Z,unverified,,9ca942a568882bbd6b774a0d5553b585fd3c21e22108b84064e56abca54efbeb,blank_null_includes_undecided
2026-1-235486b0b9,2026,1,,Quaest,,2026-09-10,2026-09-13,,2004,,main,Hertz Dias,0.0,total,17.0,,0.0,https://pt.wikipedia.org/w/index.php?title=Pesquisas_de_opini%C3%A3o_para_a_elei%C3%A7%C3%A3o_presidencial_no_Brasil_em_2026&oldid=73082572,wikipedia_revision,73082572.0,2026-09-29T15:02:36Z,unverified,,9ca942a568882bbd6b774a0d5553b585fd3c21e22108b84064e56abca54efbeb,blank_null_includes_undecided
2026-1-235486b0b9,2026,1,,Quaest,,2026-09-10,2026-09-13,,2004,,main,Edmilson Costa,0.0,total,17.0,,0.0,https://pt.wikipedia.org/w/index.php?title=Pesquisas_de_opini%C3%A3o_para_a_elei%C3%A7%C3%A3o_presidencial_no_Brasil_em_2026&oldid=73082572,wikipedia_revision,73082572.0,2026-09-29T15:02:36Z,unverified,,9ca942a568882bbd6b774a0d5553b585fd3c21e22108b84064e56abca54efbeb,blank_null_includes_undecided
2026-1-235486b0b9,2026,1,,Quaest,,2026-09-10,2026-09-13,,2004,,main,Rui Costa Pimenta,0.0,total,17.0,,0.0,https://pt.wikipedia.org/w/index.php?title=Pesquisas_de_opini%C3%A3o_para_a_elei%C3%A7%C3%A3o_presidencial_no_Brasil_em_2026&oldid=73082572,wikipedia_revision,73082572.0,2026-09-29T15:02:36Z,unverified,,9ca942a568882bbd6b774a0d5553b585fd3c21e22108b84064e56abca54efbeb,blank_null_includes_undecided
2026-1-ab87daa748,2026,1,,Datafolha,,2026-09-08,2026-09-11,,2002,,without Pablo Marçal,Lula,39.0,total,10.0,,41.935483870967744,https://pt.wikipedia.org/w/index.php?title=Pesquisas_de_opini%C3%A3o_para_a_elei%C3%A7%C3%A3o_presidencial_no_Brasil_em_2026&oldid=73082572,wikipedia_revision,73082572.0,2026-09-29T15:02:36Z,unverified,,9ca942a568882bbd6b774a0d5553b585fd3c21e22108b84064e56abca54efbeb,blank_null_includes_undecided
2026-1-ab87daa748,2026,1,,Datafolha,,2026-09-08,2026-09-11,,2002,,without Pablo Marçal,Flávio Bolsonaro,35.0,total,10.0,,37.634408602150536,https://pt.wikipedia.org/w/index.php?title=Pesquisas_de_opini%C3%A3o_para_a_elei%C3%A7%C3%A3o_presidencial_no_Brasil_em_2026&oldid=73082572,wikipedia_revision,73082572.0,2026-09-29T15:02:36Z,unverified,,9ca942a568882bbd6b774a0d5553b585fd3c21e22108b84064e56abca54efbeb,blank_null_includes_undecided
2026-1-ab87daa748,2026,1,,Datafolha,,2026-09-08,2026-09-11,,2002,,without Pablo Marçal,Augusto Cury,6.0,total,10.0,,6.451612903225806,https://pt.wikipedia.org/w/index.php?title=Pesquisas_de_opini%C3%A3o_para_a_elei%C3%A7%C3%A3o_presidencial_no_Brasil_em_2026&oldid=73082572,wikipedia_revision,73082572.0,2026-09-29T15:02:36Z,unverified,,9ca942a568882bbd6b774a0d5553b585fd3c21e22108b84064e56abca54efbeb,blank_null_includes_undecided
2026-1-ab87daa748,2026,1,,Datafolha,,2026-09-08,2026-09-11,,2002,,without Pablo Marçal,Renan Santos,3.0,total,10.0,,3.225806451612903,https://pt.wikipedia.org/w/index.php?title=Pesquisas_de_opini%C3%A3o_para_a_elei%C3%A7%C3%A3o_presidencial_no_Brasil_em_2026&oldid=73082572,wikipedia_revision,73082572.0,2026-09-29T15:02:36Z,unverified,,9ca942a568882bbd6b774a0d5553b585fd3c21e22108b84064e56abca54efbeb,blank_null_includes_undecided
2026-1-ab87daa748,2026,1,,Datafolha,,2026-09-08,2026-09-11,,2002,,without Pablo Marçal,Ronaldo Caiado,4.0,total,10.0,,4.301075268817204,https://pt.wikipedia.org/w/index.php?title=Pesquisas_de_opini%C3%A3o_para_a_elei%C3%A7%C3%A3o_presidencial_no_Brasil_em_2026&oldid=73082572,wikipedia_revision,73082572.0,2026-09-29T15:02:36Z,unverified,,9ca942a568882bbd6b774a0d5553b585fd3c21e22108b84064e56abca54efbeb,blank_null_includes_undecided
2026-1-ab87daa748,2026,1,,Datafolha,,2026-09-08,2026-09-11,,2002,,without Pablo Marçal,Romeu Zema,2.0,total,10.0,,2.150537634408602,https://pt.wikipedia.org/w/index.php?title=Pesquisas_de_opini%C3%A3o_para_a_elei%C3%A7%C3%A3o_presidencial_no_Brasil_em_2026&oldid=73082572,wikipedia_revision,73082572.0,2026-09-29T15:02:36Z,unverified,,9ca942a568882bbd6b774a0d5553b585fd3c21e22108b84064e56abca54efbeb,blank_null_includes_undecided
2026-1-ab87daa748,2026,1,,Datafolha,,2026-09-08,2026-09-11,,2002,,without Pablo Marçal,Samara Martins,1.0,total,10.0,,1.075268817204301,https://pt.wikipedia.org/w/index.php?title=Pesquisas_de_opini%C3%A3o_para_a_elei%C3%A7%C3%A3o_presidencial_no_Brasil_em_2026&oldid=73082572,wikipedia_revision,73082572.0,2026-09-29T15:02:36Z,unverified,,9ca942a568882bbd6b774a0d5553b585fd3c21e22108b84064e56abca54efbeb,blank_null_includes_undecided
2026-1-ab87daa748,2026,1,,Datafolha,,2026-09-08,2026-09-11,,2002,,without Pablo Marçal,Wilson Grassi,0.0,total,10.0,,0.0,https://pt.wikipedia.org/w/index.php?title=Pesquisas_de_opini%C3%A3o_para_a_elei%C3%A7%C3%A3o_presidencial_no_Brasil_em_2026&oldid=73082572,wikipedia_revision,73082572.0,2026-09-29T15:02:36Z,unverified,,9ca942a568882bbd6b774a0d5553b585fd3c21e22108b84064e56abca54efbeb,blank_null_includes_undecided
2026-1-ab87daa748,2026,1,,Datafolha,,2026-09-08,2026-09-11,,2002,,without Pablo Marçal,Clariana Barão,1.0,total,10.0,,1.075268817204301,https://pt.wikipedia.org/w/index.php?title=Pesquisas_de_opini%C3%A3o_para_a_elei%C3%A7%C3%A3o_presidencial_no_Brasil_em_2026&oldid=73082572,wikipedia_revision,73082572.0,2026-09-29T15:02:36Z,unverified,,9ca942a568882bbd6b774a0d5553b585fd3c21e22108b84064e56abca54efbeb,blank_null_includes_undecided
2026-1-ab87daa748,2026,1,,Datafolha,,2026-09-08,2026-09-11,,2002,,without Pablo Marçal,Hertz Dias,0.0,total,10.0,,0.0,https://pt.wikipedia.org/w/index.php?title=Pesquisas_de_opini%C3%A3o_para_a_elei%C3%A7%C3%A3o_presidencial_no_Brasil_em_2026&oldid=73082572,wikipedia_revision,73082572.0,2026-09-29T15:02:36Z,unverified,,9ca942a568882bbd6b774a0d5553b585fd3c21e22108b84064e56abca54efbeb,blank_null_includes_undecided
2026-1-ab87daa748,2026,1,,Datafolha,,2026-09-08,2026-09-11,,2002,,without Pablo Marçal,Edmilson Costa,1.0,total,10.0,,1.075268817204301,https://pt.wikipedia.org/w/index.php?title=Pesquisas_de_opini%C3%A3o_para_a_elei%C3%A7%C3%A3o_presidencial_no_Brasil_em_2026&oldid=73082572,wikipedia_revision,73082572.0,2026-09-29T15:02:36Z,unverified,,9ca942a568882bbd6b774a0d5553b585fd3c21e22108b84064e56abca54efbeb,blank_null_includes_undecided
2026-1-ab87daa748,2026,1,,Datafolha,,2026-09-08,2026-09-11,,2002,,without Pablo Marçal,Rui Costa Pimenta,1.0,total,10.0,,1.075268817204301,https://pt.wikipedia.org/w/index.php?title=Pesquisas_de_opini%C3%A3o_para_a_elei%C3%A7%C3%A3o_presidencial_no_Brasil_em_2026&oldid=73082572,wikipedia_revision,73082572.0,2026-09-29T15:02:36Z,unverified,,9ca942a568882bbd6b774a0d5553b585fd3c21e22108b84064e56abca54efbeb,blank_null_includes_undecided
2026-1-afe6c15615,2026,1,,Futura,Apex,2026-09-04,2026-09-10,,2000,,main,Lula,39.2,total,8.3,,42.79475982532751,https://pt.wikipedia.org/w/index.php?title=Pesquisas_de_opini%C3%A3o_para_a_elei%C3%A7%C3%A3o_presidencial_no_Brasil_em_2026&oldid=73082572,wikipedia_revision,73082572.0,2026-09-29T15:02:36Z,unverified,,9ca942a568882bbd6b774a0d5553b585fd3c21e22108b84064e56abca54efbeb,others_column_named_candidate;blank_null_includes_undecided
2026-1-afe6c15615,2026,1,,Futura,Apex,2026-09-04,2026-09-10,,2000,,main,Flávio Bolsonaro,33.6,total,8.3,,36.68122270742358,https://pt.wikipedia.org/w/index.php?title=Pesquisas_de_opini%C3%A3o_para_a_elei%C3%A7%C3%A3o_presidencial_no_Brasil_em_2026&oldid=73082572,wikipedia_revision,73082572.0,2026-09-29T15:02:36Z,unverified,,9ca942a568882bbd6b774a0d5553b585fd3c21e22108b84064e56abca54efbeb,others_column_named_candidate;blank_null_includes_undecided
2026-1-afe6c15615,2026,1,,Futura,Apex,2026-09-04,2026-09-10,,2000,,main,Augusto Cury,6.4,total,8.3,,6.986899563318777,https://pt.wikipedia.org/w/index.php?title=Pesquisas_de_opini%C3%A3o_para_a_elei%C3%A7%C3%A3o_presidencial_no_Brasil_em_2026&oldid=73082572,wikipedia_revision,73082572.0,2026-09-29T15:02:36Z,unverified,,9ca942a568882bbd6b774a0d5553b585fd3c21e22108b84064e56abca54efbeb,others_column_named_candidate;blank_null_includes_undecided
2026-1-afe6c15615,2026,1,,Futura,Apex,2026-09-04,2026-09-10,,2000,,main,Renan Santos,4.3,total,8.3,,4.6943231441048034,https://pt.wikipedia.org/w/index.php?title=Pesquisas_de_opini%C3%A3o_para_a_elei%C3%A7%C3%A3o_presidencial_no_Brasil_em_2026&oldid=73082572,wikipedia_revision,73082572.0,2026-09-29T15:02:36Z,unverified,,9ca942a568882bbd6b774a0d5553b585fd3c21e22108b84064e56abca54efbeb,others_column_named_candidate;blank_null_includes_undecided
2026-1-afe6c15615,2026,1,,Futura,Apex,2026-09-04,2026-09-10,,2000,,main,Ronaldo Caiado,4.4,total,8.3,,4.8034934497816595,https://pt.wikipedia.org/w/index.php?title=Pesquisas_de_opini%C3%A3o_para_a_elei%C3%A7%C3%A3o_presidencial_no_Brasil_em_2026&oldid=73082572,wikipedia_revision,73082572.0,2026-09-29T15:02:36Z,unverified,,9ca942a568882bbd6b774a0d5553b585fd3c21e22108b84064e56abca54efbeb,others_column_named_candidate;blank_null_includes_undecided
2026-1-afe6c15615,2026,1,,Futura,Apex,2026-09-04,2026-09-10,,2000,,main,Romeu Zema,0.7,total,8.3,,0.7641921397379912,https://pt.wikipedia.org/w/index.php?title=Pesquisas_de_opini%C3%A3o_para_a_elei%C3%A7%C3%A3o_presidencial_no_Brasil_em_2026&oldid=73082572,wikipedia_revision,73082572.0,2026-09-29T15:02:36Z,unverified,,9ca942a568882bbd6b774a0d5553b585fd3c21e22108b84064e56abca54efbeb,others_column_named_candidate;blank_null_includes_undecided
2026-1-afe6c15615,2026,1,,Futura,Apex,2026-09-04,2026-09-10,,2000,,main,Samara Martins,0.0,total,8.3,,0.0,https://pt.wikipedia.org/w/index.php?title=Pesquisas_de_opini%C3%A3o_para_a_elei%C3%A7%C3%A3o_presidencial_no_Brasil_em_2026&oldid=73082572,wikipedia_revision,73082572.0,2026-09-29T15:02:36Z,unverified,,9ca942a568882bbd6b774a0d5553b585fd3c21e22108b84064e56abca54efbeb,others_column_named_candidate;blank_null_includes_undecided
2026-1-afe6c15615,2026,1,,Futura,Apex,2026-09-04,2026-09-10,,2000,,main,Wilson Grassi,0.2,total,8.3,,0.21834061135371177,https://pt.wikipedia.org/w/index.php?title=Pesquisas_de_opini%C3%A3o_para_a_elei%C3%A7%C3%A3o_presidencial_no_Brasil_em_2026&oldid=73082572,wikipedia_revision,73082572.0,2026-09-29T15:02:36Z,unverified,,9ca942a568882bbd6b774a0d5553b585fd3c21e22108b84064e56abca54efbeb,others_column_named_candidate;blank_null_includes_undecided
2026-1-afe6c15615,2026,1,,Futura,Apex,2026-09-04,2026-09-10,,2000,,main,Hertz Dias,0.1,total,8.3,,0.10917030567685589,https://pt.wikipedia.org/w/index.php?title=Pesquisas_de_opini%C3%A3o_para_a_elei%C3%A7%C3%A3o_presidencial_no_Brasil_em_2026&oldid=73082572,wikipedia_revision,73082572.0,2026-09-29T15:02:36Z,unverified,,9ca942a568882bbd6b774a0d5553b585fd3c21e22108b84064e56abca54efbeb,others_column_named_candidate;blank_null_includes_undecided
2026-1-afe6c15615,2026,1,,Futura,Apex,2026-09-04,2026-09-10,,2000,,main,Edmilson Costa,0.1,total,8.3,,0.10917030567685589,https://pt.wikipedia.org/w/index.php?title=Pesquisas_de_opini%C3%A3o_para_a_elei%C3%A7%C3%A3o_presidencial_no_Brasil_em_2026&oldid=73082572,wikipedia_revision,73082572.0,2026-09-29T15:02:36Z,unverified,,9ca942a568882bbd6b774a0d5553b585fd3c21e22108b84064e56abca54efbeb,others_column_named_candidate;blank_null_includes_undecided
2026-1-afe6c15615,2026,1,,Futura,Apex,2026-09-04,2026-09-10,,2000,,main,Rui Costa Pimenta,0.3,total,8.3,,0.32751091703056767,https://pt.wikipedia.org/w/index.php?title=Pesquisas_de_opini%C3%A3o_para_a_elei%C3%A7%C3%A3o_presidencial_no_Brasil_em_2026&oldid=73082572,wikipedia_revision,73082572.0,2026-09-29T15:02:36Z,unverified,,9ca942a568882bbd6b774a0d5553b585fd3c21e22108b84064e56abca54efbeb,others_column_named_candidate;blank_null_includes_undecided
2026-1-afe6c15615,2026,1,,Futura,Apex,2026-09-04,2026-09-10,,2000,,main,Pablo Marçal,2.3,total,8.3,,2.510917030567685,https://pt.wikipedia.org/w/index.php?title=Pesquisas_de_opini%C3%A3o_para_a_elei%C3%A7%C3%A3o_presidencial_no_Brasil_em_2026&oldid=73082572,wikipedia_revision,73082572.0,2026-09-29T15:02:36Z,unverified,,9ca942a568882bbd6b774a0d5553b585fd3c21e22108b84064e56abca54efbeb,others_column_named_candidate;blank_null_includes_undecided
2026-1-b1138eb971,2026,1,,AtlasIntel,,2026-09-04,2026-09-09,,5000,,main,Lula,43.0,total,1.0,,43.43434343434343,https://pt.wikipedia.org/w/index.php?title=Pesquisas_de_opini%C3%A3o_para_a_elei%C3%A7%C3%A3o_presidencial_no_Brasil_em_2026&oldid=73082572,wikipedia_revision,73082572.0,2026-09-29T15:02:36Z,unverified,,9ca942a568882bbd6b774a0d5553b585fd3c21e22108b84064e56abca54efbeb,others_column_named_candidate;blank_null_includes_undecided
2026-1-b1138eb971,2026,1,,AtlasIntel,,2026-09-04,2026-09-09,,5000,,main,Flávio Bolsonaro,37.4,total,1.0,,37.77777777777778,https://pt.wikipedia.org/w/index.php?title=Pesquisas_de_opini%C3%A3o_para_a_elei%C3%A7%C3%A3o_presidencial_no_Brasil_em_2026&oldid=73082572,wikipedia_revision,73082572.0,2026-09-29T15:02:36Z,unverified,,9ca942a568882bbd6b774a0d5553b585fd3c21e22108b84064e56abca54efbeb,others_column_named_candidate;blank_null_includes_undecided
2026-1-b1138eb971,2026,1,,AtlasIntel,,2026-09-04,2026-09-09,,5000,,main,Augusto Cury,6.6,total,1.0,,6.666666666666667,https://pt.wikipedia.org/w/index.php?title=Pesquisas_de_opini%C3%A3o_para_a_elei%C3%A7%C3%A3o_presidencial_no_Brasil_em_2026&oldid=73082572,wikipedia_revision,73082572.0,2026-09-29T15:02:36Z,unverified,,9ca942a568882bbd6b774a0d5553b585fd3c21e22108b84064e56abca54efbeb,others_column_named_candidate;blank_null_includes_undecided
2026-1-b1138eb971,2026,1,,AtlasIntel,,2026-09-04,2026-09-09,,5000,,main,Renan Santos,6.5,total,1.0,,6.565656565656566,https://pt.wikipedia.org/w/index.php?title=Pesquisas_de_opini%C3%A3o_para_a_elei%C3%A7%C3%A3o_presidencial_no_Brasil_em_2026&oldid=73082572,wikipedia_revision,73082572.0,2026-09-29T15:02:36Z,unverified,,9ca942a568882bbd6b774a0d5553b585fd3c21e22108b84064e56abca54efbeb,others_column_named_candidate;blank_null_includes_undecided
2026-1-b1138eb971,2026,1,,AtlasIntel,,2026-09-04,2026-09-09,,5000,,main,Ronaldo Caiado,1.1,total,1.0,,1.1111111111111112,https://pt.wikipedia.org/w/index.php?title=Pesquisas_de_opini%C3%A3o_para_a_elei%C3%A7%C3%A3o_presidencial_no_Brasil_em_2026&oldid=73082572,wikipedia_revision,73082572.0,2026-09-29T15:02:36Z,unverified,,9ca942a568882bbd6b774a0d5553b585fd3c21e22108b84064e56abca54efbeb,others_column_named_candidate;blank_null_includes_undecided
2026-1-b1138eb971,2026,1,,AtlasIntel,,2026-09-04,2026-09-09,,5000,,main,Romeu Zema,2.1,total,1.0,,2.121212121212121,https://pt.wikipedia.org/w/index.php?title=Pesquisas_de_opini%C3%A3o_para_a_elei%C3%A7%C3%A3o_presidencial_no_Brasil_em_2026&oldid=73082572,wikipedia_revision,73082572.0,2026-09-29T15:02:36Z,unverified,,9ca942a568882bbd6b774a0d5553b585fd3c21e22108b84064e56abca54efbeb,others_column_named_candidate;blank_null_includes_undecided
2026-1-b1138eb971,2026,1,,AtlasIntel,,2026-09-04,2026-09-09,,5000,,main,Samara Martins,1.0,total,1.0,,1.0101010101010102,https://pt.wikipedia.org/w/index.php?title=Pesquisas_de_opini%C3%A3o_para_a_elei%C3%A7%C3%A3o_presidencial_no_Brasil_em_2026&oldid=73082572,wikipedia_revision,73082572.0,2026-09-29T15:02:36Z,unverified,,9ca942a568882bbd6b774a0d5553b585fd3c21e22108b84064e56abca54efbeb,others_column_named_candidate;blank_null_includes_undecided
2026-1-b1138eb971,2026,1,,AtlasIntel,,2026-09-04,2026-09-09,,5000,,main,Wilson Grassi,0.0,total,1.0,,0.0,https://pt.wikipedia.org/w/index.php?title=Pesquisas_de_opini%C3%A3o_para_a_elei%C3%A7%C3%A3o_presidencial_no_Brasil_em_2026&oldid=73082572,wikipedia_revision,73082572.0,2026-09-29T15:02:36Z,unverified,,9ca942a568882bbd6b774a0d5553b585fd3c21e22108b84064e56abca54efbeb,others_column_named_candidate;blank_null_includes_undecided
2026-1-b1138eb971,2026,1,,AtlasIntel,,2026-09-04,2026-09-09,,5000,,main,Clariana Barão,0.3,total,1.0,,0.30303030303030304,https://pt.wikipedia.org/w/index.php?title=Pesquisas_de_opini%C3%A3o_para_a_elei%C3%A7%C3%A3o_presidencial_no_Brasil_em_2026&oldid=73082572,wikipedia_revision,73082572.0,2026-09-29T15:02:36Z,unverified,,9ca942a568882bbd6b774a0d5553b585fd3c21e22108b84064e56abca54efbeb,others_column_named_candidate;blank_null_includes_undecided
2026-1-b1138eb971,2026,1,,AtlasIntel,,2026-09-04,2026-09-09,,5000,,main,Rui Costa Pimenta,0.0,total,1.0,,0.0,https://pt.wikipedia.org/w/index.php?title=Pesquisas_de_opini%C3%A3o_para_a_elei%C3%A7%C3%A3o_presidencial_no_Brasil_em_2026&oldid=73082572,wikipedia_revision,73082572.0,2026-09-29T15:02:36Z,unverified,,9ca942a568882bbd6b774a0d5553b585fd3c21e22108b84064e56abca54efbeb,others_column_named_candidate;blank_null_includes_undecided
2026-1-b1138eb971,2026,1,,AtlasIntel,,2026-09-04,2026-09-09,,5000,,main,Pablo Marçal,1.0,total,1.0,,1.0101010101010102,https://pt.wikipedia.org/w/index.php?title=Pesquisas_de_opini%C3%A3o_para_a_elei%C3%A7%C3%A3o_presidencial_no_Brasil_em_2026&oldid=73082572,wikipedia_revision,73082572.0,2026-09-29T15:02:36Z,unverified,,9ca942a568882bbd6b774a0d5553b585fd3c21e22108b84064e56abca54efbeb,others_column_named_candidate;blank_null_includes_undecided
2026-1-d10f3a0f3c,2026,1,,PoderData,Aya,2026-09-06,2026-09-09,,3000,,main,Lula,38.0,total,4.0,,40.0,https://pt.wikipedia.org/w/index.php?title=Pesquisas_de_opini%C3%A3o_para_a_elei%C3%A7%C3%A3o_presidencial_no_Brasil_em_2026&oldid=73082572,wikipedia_revision,73082572.0,2026-09-29T15:02:36Z,unverified,,9ca942a568882bbd6b774a0d5553b585fd3c21e22108b84064e56abca54efbeb,others_column_named_candidate;blank_null_includes_undecided
2026-1-d10f3a0f3c,2026,1,,PoderData,Aya,2026-09-06,2026-09-09,,3000,,main,Flávio Bolsonaro,36.0,total,4.0,,37.89473684210526,https://pt.wikipedia.org/w/index.php?title=Pesquisas_de_opini%C3%A3o_para_a_elei%C3%A7%C3%A3o_presidencial_no_Brasil_em_2026&oldid=73082572,wikipedia_revision,73082572.0,2026-09-29T15:02:36Z,unverified,,9ca942a568882bbd6b774a0d5553b585fd3c21e22108b84064e56abca54efbeb,others_column_named_candidate;blank_null_includes_undecided
2026-1-d10f3a0f3c,2026,1,,PoderData,Aya,2026-09-06,2026-09-09,,3000,,main,Augusto Cury,10.0,total,4.0,,10.526315789473685,https://pt.wikipedia.org/w/index.php?title=Pesquisas_de_opini%C3%A3o_para_a_elei%C3%A7%C3%A3o_presidencial_no_Brasil_em_2026&oldid=73082572,wikipedia_revision,73082572.0,2026-09-29T15:02:36Z,unverified,,9ca942a568882bbd6b774a0d5553b585fd3c21e22108b84064e56abca54efbeb,others_column_named_candidate;blank_null_includes_undecided
2026-1-d10f3a0f3c,2026,1,,PoderData,Aya,2026-09-06,2026-09-09,,3000,,main,Renan Santos,3.0,total,4.0,,3.1578947368421053,https://pt.wikipedia.org/w/index.php?title=Pesquisas_de_opini%C3%A3o_para_a_elei%C3%A7%C3%A3o_presidencial_no_Brasil_em_2026&oldid=73082572,wikipedia_revision,73082572.0,2026-09-29T15:02:36Z,unverified,,9ca942a568882bbd6b774a0d5553b585fd3c21e22108b84064e56abca54efbeb,others_column_named_candidate;blank_null_includes_undecided
2026-1-d10f3a0f3c,2026,1,,PoderData,Aya,2026-09-06,2026-09-09,,3000,,main,Ronaldo Caiado,2.0,total,4.0,,2.1052631578947367,https://pt.wikipedia.org/w/index.php?title=Pesquisas_de_opini%C3%A3o_para_a_elei%C3%A7%C3%A3o_presidencial_no_Brasil_em_2026&oldid=73082572,wikipedia_revision,73082572.0,2026-09-29T15:02:36Z,unverified,,9ca942a568882bbd6b774a0d5553b585fd3c21e22108b84064e56abca54efbeb,others_column_named_candidate;blank_null_includes_undecided
2026-1-d10f3a0f3c,2026,1,,PoderData,Aya,2026-09-06,2026-09-09,,3000,,main,Romeu Zema,1.0,total,4.0,,1.0526315789473684,https://pt.wikipedia.org/w/index.php?title=Pesquisas_de_opini%C3%A3o_para_a_elei%C3%A7%C3%A3o_presidencial_no_Brasil_em_2026&oldid=73082572,wikipedia_revision,73082572.0,2026-09-29T15:02:36Z,unverified,,9ca942a568882bbd6b774a0d5553b585fd3c21e22108b84064e56abca54efbeb,others_column_named_candidate;blank_null_includes_undecided
2026-1-d10f3a0f3c,2026,1,,PoderData,Aya,2026-09-06,2026-09-09,,3000,,main,Samara Martins,0.0,total,4.0,,0.0,https://pt.wikipedia.org/w/index.php?title=Pesquisas_de_opini%C3%A3o_para_a_elei%C3%A7%C3%A3o_presidencial_no_Brasil_em_2026&oldid=73082572,wikipedia_revision,73082572.0,2026-09-29T15:02:36Z,unverified,,9ca942a568882bbd6b774a0d5553b585fd3c21e22108b84064e56abca54efbeb,others_column_named_candidate;blank_null_includes_undecided
2026-1-d10f3a0f3c,2026,1,,PoderData,Aya,2026-09-06,2026-09-09,,3000,,main,Wilson Grassi,0.0,total,4.0,,0.0,https://pt.wikipedia.org/w/index.php?title=Pesquisas_de_opini%C3%A3o_para_a_elei%C3%A7%C3%A3o_presidencial_no_Brasil_em_2026&oldid=73082572,wikipedia_revision,73082572.0,2026-09-29T15:02:36Z,unverified,,9ca942a568882bbd6b774a0d5553b585fd3c21e22108b84064e56abca54efbeb,others_column_named_candidate;blank_null_includes_undecided
2026-1-d10f3a0f3c,2026,1,,PoderData,Aya,2026-09-06,2026-09-09,,3000,,main,Clariana Barão,0.0,total,4.0,,0.0,https://pt.wikipedia.org/w/index.php?title=Pesquisas_de_opini%C3%A3o_para_a_elei%C3%A7%C3%A3o_presidencial_no_Brasil_em_2026&oldid=73082572,wikipedia_revision,73082572.0,2026-09-29T15:02:36Z,unverified,,9ca942a568882bbd6b774a0d5553b585fd3c21e22108b84064e56abca54efbeb,others_column_named_candidate;blank_null_includes_undecided
2026-1-d10f3a0f3c,2026,1,,PoderData,Aya,2026-09-06,2026-09-09,,3000,,main,Hertz Dias,1.0,total,4.0,,1.0526315789473684,https://pt.wikipedia.org/w/index.php?title=Pesquisas_de_opini%C3%A3o_para_a_elei%C3%A7%C3%A3o_presidencial_no_Brasil_em_2026&oldid=73082572,wikipedia_revision,73082572.0,2026-09-29T15:02:36Z,unverified,,9ca942a568882bbd6b774a0d5553b585fd3c21e22108b84064e56abca54efbeb,others_column_named_candidate;blank_null_includes_undecided
2026-1-d10f3a0f3c,2026,1,,PoderData,Aya,2026-09-06,2026-09-09,,3000,,main,Edmilson Costa,1.0,total,4.0,,1.0526315789473684,https://pt.wikipedia.org/w/index.php?title=Pesquisas_de_opini%C3%A3o_para_a_elei%C3%A7%C3%A3o_presidencial_no_Brasil_em_2026&oldid=73082572,wikipedia_revision,73082572.0,2026-09-29T15:02:36Z,unverified,,9ca942a568882bbd6b774a0d5553b585fd3c21e22108b84064e56abca54efbeb,others_column_named_candidate;blank_null_includes_undecided
2026-1-d10f3a0f3c,2026,1,,PoderData,Aya,2026-09-06,2026-09-09,,3000,,main,Rui Costa Pimenta,1.0,total,4.0,,1.0526315789473684,https://pt.wikipedia.org/w/index.php?title=Pesquisas_de_opini%C3%A3o_para_a_elei%C3%A7%C3%A3o_presidencial_no_Brasil_em_2026&oldid=73082572,wikipedia_revision,73082572.0,2026-09-29T15:02:36Z,unverified,,9ca942a568882bbd6b774a0d5553b585fd3c21e22108b84064e56abca54efbeb,others_column_named_candidate;blank_null_includes_undecided
2026-1-d10f3a0f3c,2026,1,,PoderData,Aya,2026-09-06,2026-09-09,,3000,,main,Pablo Marçal,2.0,total,4.0,,2.1052631578947367,https://pt.wikipedia.org/w/index.php?title=Pesquisas_de_opini%C3%A3o_para_a_elei%C3%A7%C3%A3o_presidencial_no_Brasil_em_2026&oldid=73082572,wikipedia_revision,73082572.0,2026-09-29T15:02:36Z,unverified,,9ca942a568882bbd6b774a0d5553b585fd3c21e22108b84064e56abca54efbeb,others_column_named_candidate;blank_null_includes_undecided
2026-1-9b7a748c53,2026,1,,Gerp,,2026-09-03,2026-09-08,,2400,,main,Lula,34.0,total,12.0,,38.20224719101124,https://pt.wikipedia.org/w/index.php?title=Pesquisas_de_opini%C3%A3o_para_a_elei%C3%A7%C3%A3o_presidencial_no_Brasil_em_2026&oldid=73082572,wikipedia_revision,73082572.0,2026-09-29T15:02:36Z,unverified,,9ca942a568882bbd6b774a0d5553b585fd3c21e22108b84064e56abca54efbeb,others_column_named_candidate;blank_null_includes_undecided
2026-1-9b7a748c53,2026,1,,Gerp,,2026-09-03,2026-09-08,,2400,,main,Flávio Bolsonaro,37.0,total,12.0,,41.57303370786517,https://pt.wikipedia.org/w/index.php?title=Pesquisas_de_opini%C3%A3o_para_a_elei%C3%A7%C3%A3o_presidencial_no_Brasil_em_2026&oldid=73082572,wikipedia_revision,73082572.0,2026-09-29T15:02:36Z,unverified,,9ca942a568882bbd6b774a0d5553b585fd3c21e22108b84064e56abca54efbeb,others_column_named_candidate;blank_null_includes_undecided
2026-1-9b7a748c53,2026,1,,Gerp,,2026-09-03,2026-09-08,,2400,,main,Augusto Cury,6.0,total,12.0,,6.741573033707865,https://pt.wikipedia.org/w/index.php?title=Pesquisas_de_opini%C3%A3o_para_a_elei%C3%A7%C3%A3o_presidencial_no_Brasil_em_2026&oldid=73082572,wikipedia_revision,73082572.0,2026-09-29T15:02:36Z,unverified,,9ca942a568882bbd6b774a0d5553b585fd3c21e22108b84064e56abca54efbeb,others_column_named_candidate;blank_null_includes_undecided
2026-1-9b7a748c53,2026,1,,Gerp,,2026-09-03,2026-09-08,,2400,,main,Renan Santos,4.0,total,12.0,,4.49438202247191,https://pt.wikipedia.org/w/index.php?title=Pesquisas_de_opini%C3%A3o_para_a_elei%C3%A7%C3%A3o_presidencial_no_Brasil_em_2026&oldid=73082572,wikipedia_revision,73082572.0,2026-09-29T15:02:36Z,unverified,,9ca942a568882bbd6b774a0d5553b585fd3c21e22108b84064e56abca54efbeb,others_column_named_candidate;blank_null_includes_undecided
2026-1-9b7a748c53,2026,1,,Gerp,,2026-09-03,2026-09-08,,2400,,main,Ronaldo Caiado,5.0,total,12.0,,5.617977528089888,https://pt.wikipedia.org/w/index.php?title=Pesquisas_de_opini%C3%A3o_para_a_elei%C3%A7%C3%A3o_presidencial_no_Brasil_em_2026&oldid=73082572,wikipedia_revision,73082572.0,2026-09-29T15:02:36Z,unverified,,9ca942a568882bbd6b774a0d5553b585fd3c21e22108b84064e56abca54efbeb,others_column_named_candidate;blank_null_includes_undecided
2026-1-9b7a748c53,2026,1,,Gerp,,2026-09-03,2026-09-08,,2400,,main,Romeu Zema,1.0,total,12.0,,1.1235955056179776,https://pt.wikipedia.org/w/index.php?title=Pesquisas_de_opini%C3%A3o_para_a_elei%C3%A7%C3%A3o_presidencial_no_Brasil_em_2026&oldid=73082572,wikipedia_revision,73082572.0,2026-09-29T15:02:36Z,unverified,,9ca942a568882bbd6b774a0d5553b585fd3c21e22108b84064e56abca54efbeb,others_column_named_candidate;blank_null_includes_undecided
2026-1-9b7a748c53,2026,1,,Gerp,,2026-09-03,2026-09-08,,2400,,main,Samara Martins,0.0,total,12.0,,0.0,https://pt.wikipedia.org/w/index.php?title=Pesquisas_de_opini%C3%A3o_para_a_elei%C3%A7%C3%A3o_presidencial_no_Brasil_em_2026&oldid=73082572,wikipedia_revision,73082572.0,2026-09-29T15:02:36Z,unverified,,9ca942a568882bbd6b774a0d5553b585fd3c21e22108b84064e56abca54efbeb,others_column_named_candidate;blank_null_includes_undecided
2026-1-9b7a748c53,2026,1,,Gerp,,2026-09-03,2026-09-08,,2400,,main,Wilson Grassi,0.0,total,12.0,,0.0,https://pt.wikipedia.org/w/index.php?title=Pesquisas_de_opini%C3%A3o_para_a_elei%C3%A7%C3%A3o_presidencial_no_Brasil_em_2026&oldid=73082572,wikipedia_revision,73082572.0,2026-09-29T15:02:36Z,unverified,,9ca942a568882bbd6b774a0d5553b585fd3c21e22108b84064e56abca54efbeb,others_column_named_candidate;blank_null_includes_undecided
2026-1-9b7a748c53,2026,1,,Gerp,,2026-09-03,2026-09-08,,2400,,main,Clariana Barão,0.0,total,12.0,,0.0,https://pt.wikipedia.org/w/index.php?title=Pesquisas_de_opini%C3%A3o_para_a_elei%C3%A7%C3%A3o_presidencial_no_Brasil_em_2026&oldid=73082572,wikipedia_revision,73082572.0,2026-09-29T15:02:36Z,unverified,,9ca942a568882bbd6b774a0d5553b585fd3c21e22108b84064e56abca54efbeb,others_column_named_candidate;blank_null_includes_undecided
2026-1-9b7a748c53,2026,1,,Gerp,,2026-09-03,2026-09-08,,2400,,main,Hertz Dias,0.0,total,12.0,,0.0,https://pt.wikipedia.org/w/index.php?title=Pesquisas_de_opini%C3%A3o_para_a_elei%C3%A7%C3%A3o_presidencial_no_Brasil_em_2026&oldid=73082572,wikipedia_revision,73082572.0,2026-09-29T15:02:36Z,unverified,,9ca942a568882bbd6b774a0d5553b585fd3c21e22108b84064e56abca54efbeb,others_column_named_candidate;blank_null_includes_undecided
2026-1-9b7a748c53,2026,1,,Gerp,,2026-09-03,2026-09-08,,2400,,main,Edmilson Costa,0.0,total,12.0,,0.0,https://pt.wikipedia.org/w/index.php?title=Pesquisas_de_opini%C3%A3o_para_a_elei%C3%A7%C3%A3o_presidencial_no_Brasil_em_2026&oldid=73082572,wikipedia_revision,73082572.0,2026-09-29T15:02:36Z,unverified,,9ca942a568882bbd6b774a0d5553b585fd3c21e22108b84064e56abca54efbeb,others_column_named_candidate;blank_null_includes_undecided
2026-1-9b7a748c53,2026,1,,Gerp,,2026-09-03,2026-09-08,,2400,,main,Rui Costa Pimenta,0.0,total,12.0,,0.0,https://pt.wikipedia.org/w/index.php?title=Pesquisas_de_opini%C3%A3o_para_a_elei%C3%A7%C3%A3o_presidencial_no_Brasil_em_2026&oldid=73082572,wikipedia_revision,73082572.0,2026-09-29T15:02:36Z,unverified,,9ca942a568882bbd6b774a0d5553b585fd3c21e22108b84064e56abca54efbeb,others_column_named_candidate;blank_null_includes_undecided
2026-1-9b7a748c53,2026,1,,Gerp,,2026-09-03,2026-09-08,,2400,,main,Pablo Marçal,2.0,total,12.0,,2.247191011235955,https://pt.wikipedia.org/w/index.php?title=Pesquisas_de_opini%C3%A3o_para_a_elei%C3%A7%C3%A3o_presidencial_no_Brasil_em_2026&oldid=73082572,wikipedia_revision,73082572.0,2026-09-29T15:02:36Z,unverified,,9ca942a568882bbd6b774a0d5553b585fd3c21e22108b84064e56abca54efbeb,others_column_named_candidate;blank_null_includes_undecided
2026-1-ec40409bad,2026,1,,Ideia,Meio,2026-09-04,2026-09-07,,1500,,main,Lula,38.4,total,5.3,,40.463645943098,https://pt.wikipedia.org/w/index.php?title=Pesquisas_de_opini%C3%A3o_para_a_elei%C3%A7%C3%A3o_presidencial_no_Brasil_em_2026&oldid=73082572,wikipedia_revision,73082572.0,2026-09-29T15:02:36Z,unverified,,9ca942a568882bbd6b774a0d5553b585fd3c21e22108b84064e56abca54efbeb,others_column_named_candidate;blank_null_includes_undecided
2026-1-ec40409bad,2026,1,,Ideia,Meio,2026-09-04,2026-09-07,,1500,,main,Flávio Bolsonaro,37.3,total,5.3,,39.304531085353005,https://pt.wikipedia.org/w/index.php?title=Pesquisas_de_opini%C3%A3o_para_a_elei%C3%A7%C3%A3o_presidencial_no_Brasil_em_2026&oldid=73082572,wikipedia_revision,73082572.0,2026-09-29T15:02:36Z,unverified,,9ca942a568882bbd6b774a0d5553b585fd3c21e22108b84064e56abca54efbeb,others_column_named_candidate;blank_null_includes_undecided
2026-1-ec40409bad,2026,1,,Ideia,Meio,2026-09-04,2026-09-07,,1500,,main,Augusto Cury,6.6,total,5.3,,6.954689146469969,https://pt.wikipedia.org/w/index.php?title=Pesquisas_de_opini%C3%A3o_para_a_elei%C3%A7%C3%A3o_presidencial_no_Brasil_em_2026&oldid=73082572,wikipedia_revision,73082572.0,2026-09-29T15:02:36Z,unverified,,9ca942a568882bbd6b774a0d5553b585fd3c21e22108b84064e56abca54efbeb,others_column_named_candidate;blank_null_includes_undecided
2026-1-ec40409bad,2026,1,,Ideia,Meio,2026-09-04,2026-09-07,,1500,,main,Renan Santos,4.0,total,5.3,,4.214963119072708,https://pt.wikipedia.org/w/index.php?title=Pesquisas_de_opini%C3%A3o_para_a_elei%C3%A7%C3%A3o_presidencial_no_Brasil_em_2026&oldid=73082572,wikipedia_revision,73082572.0,2026-09-29T15:02:36Z,unverified,,9ca942a568882bbd6b774a0d5553b585fd3c21e22108b84064e56abca54efbeb,others_column_named_candidate;blank_null_includes_undecided
2026-1-ec40409bad,2026,1,,Ideia,Meio,2026-09-04,2026-09-07,,1500,,main,Ronaldo Caiado,4.0,total,5.3,,4.214963119072708,https://pt.wikipedia.org/w/index.php?title=Pesquisas_de_opini%C3%A3o_para_a_elei%C3%A7%C3%A3o_presidencial_no_Brasil_em_2026&oldid=73082572,wikipedia_revision,73082572.0,2026-09-29T15:02:36Z,unverified,,9ca942a568882bbd6b774a0d5553b585fd3c21e22108b84064e56abca54efbeb,others_column_named_candidate;blank_null_includes_undecided
2026-1-ec40409bad,2026,1,,Ideia,Meio,2026-09-04,2026-09-07,,1500,,main,Romeu Zema,1.5,total,5.3,,1.5806111696522658,https://pt.wikipedia.org/w/index.php?title=Pesquisas_de_opini%C3%A3o_para_a_elei%C3%A7%C3%A3o_presidencial_no_Brasil_em_2026&oldid=73082572,wikipedia_revision,73082572.0,2026-09-29T15:02:36Z,unverified,,9ca942a568882bbd6b774a0d5553b585fd3c21e22108b84064e56abca54efbeb,others_column_named_candidate;blank_null_includes_undecided
2026-1-ec40409bad,2026,1,,Ideia,Meio,2026-09-04,2026-09-07,,1500,,main,Samara Martins,0.7,total,5.3,,0.737618545837724,https://pt.wikipedia.org/w/index.php?title=Pesquisas_de_opini%C3%A3o_para_a_elei%C3%A7%C3%A3o_presidencial_no_Brasil_em_2026&oldid=73082572,wikipedia_revision,73082572.0,2026-09-29T15:02:36Z,unverified,,9ca942a568882bbd6b774a0d5553b585fd3c21e22108b84064e56abca54efbeb,others_column_named_candidate;blank_null_includes_undecided
2026-1-ec40409bad,2026,1,,Ideia,Meio,2026-09-04,2026-09-07,,1500,,main,Wilson Grassi,0.2,total,5.3,,0.2107481559536354,https://pt.wikipedia.org/w/index.php?title=Pesquisas_de_opini%C3%A3o_para_a_elei%C3%A7%C3%A3o_presidencial_no_Brasil_em_2026&oldid=73082572,wikipedia_revision,73082572.0,2026-09-29T15:02:36Z,unverified,,9ca942a568882bbd6b774a0d5553b585fd3c21e22108b84064e56abca54efbeb,others_column_named_candidate;blank_null_includes_undecided
2026-1-ec40409bad,2026,1,,Ideia,Meio,2026-09-04,2026-09-07,,1500,,main,Clariana Barão,0.1,total,5.3,,0.1053740779768177,https://pt.wikipedia.org/w/index.php?title=Pesquisas_de_opini%C3%A3o_para_a_elei%C3%A7%C3%A3o_presidencial_no_Brasil_em_2026&oldid=73082572,wikipedia_revision,73082572.0,2026-09-29T15:02:36Z,unverified,,9ca942a568882bbd6b774a0d5553b585fd3c21e22108b84064e56abca54efbeb,others_column_named_candidate;blank_null_includes_undecided
2026-1-ec40409bad,2026,1,,Ideia,Meio,2026-09-04,2026-09-07,,1500,,main,Hertz Dias,0.1,total,5.3,,0.1053740779768177,https://pt.wikipedia.org/w/index.php?title=Pesquisas_de_opini%C3%A3o_para_a_elei%C3%A7%C3%A3o_presidencial_no_Brasil_em_2026&oldid=73082572,wikipedia_revision,73082572.0,2026-09-29T15:02:36Z,unverified,,9ca942a568882bbd6b774a0d5553b585fd3c21e22108b84064e56abca54efbeb,others_column_named_candidate;blank_null_includes_undecided
2026-1-ec40409bad,2026,1,,Ideia,Meio,2026-09-04,2026-09-07,,1500,,main,Edmilson Costa,0.1,total,5.3,,0.1053740779768177,https://pt.wikipedia.org/w/index.php?title=Pesquisas_de_opini%C3%A3o_para_a_elei%C3%A7%C3%A3o_presidencial_no_Brasil_em_2026&oldid=73082572,wikipedia_revision,73082572.0,2026-09-29T15:02:36Z,unverified,,9ca942a568882bbd6b774a0d5553b585fd3c21e22108b84064e56abca54efbeb,others_column_named_candidate;blank_null_includes_undecided
2026-1-ec40409bad,2026,1,,Ideia,Meio,2026-09-04,2026-09-07,,1500,,main,Rui Costa Pimenta,0.4,total,5.3,,0.4214963119072708,https://pt.wikipedia.org/w/index.php?title=Pesquisas_de_opini%C3%A3o_para_a_elei%C3%A7%C3%A3o_presidencial_no_Brasil_em_2026&oldid=73082572,wikipedia_revision,73082572.0,2026-09-29T15:02:36Z,unverified,,9ca942a568882bbd6b774a0d5553b585fd3c21e22108b84064e56abca54efbeb,others_column_named_candidate;blank_null_includes_undecided
2026-1-ec40409bad,2026,1,,Ideia,Meio,2026-09-04,2026-09-07,,1500,,main,Pablo Marçal,1.5,total,5.3,,1.5806111696522658,https://pt.wikipedia.org/w/index.php?title=Pesquisas_de_opini%C3%A3o_para_a_elei%C3%A7%C3%A3o_presidencial_no_Brasil_em_2026&oldid=73082572,wikipedia_revision,73082572.0,2026-09-29T15:02:36Z,unverified,,9ca942a568882bbd6b774a0d5553b585fd3c21e22108b84064e56abca54efbeb,others_column_named_candidate;blank_null_includes_undecided
2026-1-210eb6a662,2026,1,,Nexus,BTG Pactual,2026-09-04,2026-09-07,,2002,,without Pablo Marçal,Lula,39.0,total,5.0,,41.48936170212766,https://pt.wikipedia.org/w/index.php?title=Pesquisas_de_opini%C3%A3o_para_a_elei%C3%A7%C3%A3o_presidencial_no_Brasil_em_2026&oldid=73082572,wikipedia_revision,73082572.0,2026-09-29T15:02:36Z,unverified,,9ca942a568882bbd6b774a0d5553b585fd3c21e22108b84064e56abca54efbeb,blank_null_includes_undecided
2026-1-210eb6a662,2026,1,,Nexus,BTG Pactual,2026-09-04,2026-09-07,,2002,,without Pablo Marçal,Flávio Bolsonaro,35.0,total,5.0,,37.234042553191486,https://pt.wikipedia.org/w/index.php?title=Pesquisas_de_opini%C3%A3o_para_a_elei%C3%A7%C3%A3o_presidencial_no_Brasil_em_2026&oldid=73082572,wikipedia_revision,73082572.0,2026-09-29T15:02:36Z,unverified,,9ca942a568882bbd6b774a0d5553b585fd3c21e22108b84064e56abca54efbeb,blank_null_includes_undecided
2026-1-210eb6a662,2026,1,,Nexus,BTG Pactual,2026-09-04,2026-09-07,,2002,,without Pablo Marçal,Augusto Cury,9.0,total,5.0,,9.574468085106384,https://pt.wikipedia.org/w/index.php?title=Pesquisas_de_opini%C3%A3o_para_a_elei%C3%A7%C3%A3o_presidencial_no_Brasil_em_2026&oldid=73082572,wikipedia_revision,73082572.0,2026-09-29T15:02:36Z,unverified,,9ca942a568882bbd6b774a0d5553b585fd3c21e22108b84064e56abca54efbeb,blank_null_includes_undecided
2026-1-210eb6a662,2026,1,,Nexus,BTG Pactual,2026-09-04,2026-09-07,,2002,,without Pablo Marçal,Renan Santos,4.0,total,5.0,,4.25531914893617,https://pt.wikipedia.org/w/index.php?title=Pesquisas_de_opini%C3%A3o_para_a_elei%C3%A7%C3%A3o_presidencial_no_Brasil_em_2026&oldid=73082572,wikipedia_revision,73082572.0,2026-09-29T15:02:36Z,unverified,,9ca942a568882bbd6b774a0d5553b585fd3c21e22108b84064e56abca54efbeb,blank_null_includes_undecided
2026-1-210eb6a662,2026,1,,Nexus,BTG Pactual,2026-09-04,2026-09-07,,2002,,without Pablo Marçal,Ronaldo Caiado,4.0,total,5.0,,4.25531914893617,https://pt.wikipedia.org/w/index.php?title=Pesquisas_de_opini%C3%A3o_para_a_elei%C3%A7%C3%A3o_presidencial_no_Brasil_em_2026&oldid=73082572,wikipedia_revision,73082572.0,2026-09-29T15:02:36Z,unverified,,9ca942a568882bbd6b774a0d5553b585fd3c21e22108b84064e56abca54efbeb,blank_null_includes_undecided
2026-1-210eb6a662,2026,1,,Nexus,BTG Pactual,2026-09-04,2026-09-07,,2002,,without Pablo Marçal,Romeu Zema,1.0,total,5.0,,1.0638297872340425,https://pt.wikipedia.org/w/index.php?title=Pesquisas_de_opini%C3%A3o_para_a_elei%C3%A7%C3%A3o_presidencial_no_Brasil_em_2026&oldid=73082572,wikipedia_revision,73082572.0,2026-09-29T15:02:36Z,unverified,,9ca942a568882bbd6b774a0d5553b585fd3c21e22108b84064e56abca54efbeb,blank_null_includes_undecided
2026-1-210eb6a662,2026,1,,Nexus,BTG Pactual,2026-09-04,2026-09-07,,2002,,without Pablo Marçal,Samara Martins,1.0,total,5.0,,1.0638297872340425,https://pt.wikipedia.org/w/index.php?title=Pesquisas_de_opini%C3%A3o_para_a_elei%C3%A7%C3%A3o_presidencial_no_Brasil_em_2026&oldid=73082572,wikipedia_revision,73082572.0,2026-09-29T15:02:36Z,unverified,,9ca942a568882bbd6b774a0d5553b585fd3c21e22108b84064e56abca54efbeb,blank_null_includes_undecided
2026-1-210eb6a662,2026,1,,Nexus,BTG Pactual,2026-09-04,2026-09-07,,2002,,without Pablo Marçal,Wilson Grassi,0.0,total,5.0,,0.0,https://pt.wikipedia.org/w/index.php?title=Pesquisas_de_opini%C3%A3o_para_a_elei%C3%A7%C3%A3o_presidencial_no_Brasil_em_2026&oldid=73082572,wikipedia_revision,73082572.0,2026-09-29T15:02:36Z,unverified,,9ca942a568882bbd6b774a0d5553b585fd3c21e22108b84064e56abca54efbeb,blank_null_includes_undecided
2026-1-210eb6a662,2026,1,,Nexus,BTG Pactual,2026-09-04,2026-09-07,,2002,,without Pablo Marçal,Clariana Barão,0.0,total,5.0,,0.0,https://pt.wikipedia.org/w/index.php?title=Pesquisas_de_opini%C3%A3o_para_a_elei%C3%A7%C3%A3o_presidencial_no_Brasil_em_2026&oldid=73082572,wikipedia_revision,73082572.0,2026-09-29T15:02:36Z,unverified,,9ca942a568882bbd6b774a0d5553b585fd3c21e22108b84064e56abca54efbeb,blank_null_includes_undecided
2026-1-210eb6a662,2026,1,,Nexus,BTG Pactual,2026-09-04,2026-09-07,,2002,,without Pablo Marçal,Hertz Dias,0.0,total,5.0,,0.0,https://pt.wikipedia.org/w/index.php?title=Pesquisas_de_opini%C3%A3o_para_a_elei%C3%A7%C3%A3o_presidencial_no_Brasil_em_2026&oldid=73082572,wikipedia_revision,73082572.0,2026-09-29T15:02:36Z,unverified,,9ca942a568882bbd6b774a0d5553b585fd3c21e22108b84064e56abca54efbeb,blank_null_includes_undecided
2026-1-210eb6a662,2026,1,,Nexus,BTG Pactual,2026-09-04,2026-09-07,,2002,,without Pablo Marçal,Edmilson Costa,0.0,total,5.0,,0.0,https://pt.wikipedia.org/w/index.php?title=Pesquisas_de_opini%C3%A3o_para_a_elei%C3%A7%C3%A3o_presidencial_no_Brasil_em_2026&oldid=73082572,wikipedia_revision,73082572.0,2026-09-29T15:02:36Z,unverified,,9ca942a568882bbd6b774a0d5553b585fd3c21e22108b84064e56abca54efbeb,blank_null_includes_undecided
2026-1-210eb6a662,2026,1,,Nexus,BTG Pactual,2026-09-04,2026-09-07,,2002,,without Pablo Marçal,Rui Costa Pimenta,1.0,total,5.0,,1.0638297872340425,https://pt.wikipedia.org/w/index.php?title=Pesquisas_de_opini%C3%A3o_para_a_elei%C3%A7%C3%A3o_presidencial_no_Brasil_em_2026&oldid=73082572,wikipedia_revision,73082572.0,2026-09-29T15:02:36Z,unverified,,9ca942a568882bbd6b774a0d5553b585fd3c21e22108b84064e56abca54efbeb,blank_null_includes_undecided
2026-1-5d52253839,2026,1,,Palver,,2026-09-04,2026-09-07,,5000,,without Pablo Marçal,Lula,40.0,total,2.0,,41.666666666666664,https://pt.wikipedia.org/w/index.php?title=Pesquisas_de_opini%C3%A3o_para_a_elei%C3%A7%C3%A3o_presidencial_no_Brasil_em_2026&oldid=73082572,wikipedia_revision,73082572.0,2026-09-29T15:02:36Z,unverified,,9ca942a568882bbd6b774a0d5553b585fd3c21e22108b84064e56abca54efbeb,blank_null_includes_undecided
2026-1-5d52253839,2026,1,,Palver,,2026-09-04,2026-09-07,,5000,,without Pablo Marçal,Flávio Bolsonaro,39.0,total,2.0,,40.625,https://pt.wikipedia.org/w/index.php?title=Pesquisas_de_opini%C3%A3o_para_a_elei%C3%A7%C3%A3o_presidencial_no_Brasil_em_2026&oldid=73082572,wikipedia_revision,73082572.0,2026-09-29T15:02:36Z,unverified,,9ca942a568882bbd6b774a0d5553b585fd3c21e22108b84064e56abca54efbeb,blank_null_includes_undecided
2026-1-5d52253839,2026,1,,Palver,,2026-09-04,2026-09-07,,5000,,without Pablo Marçal,Augusto Cury,4.0,total,2.0,,4.166666666666667,https://pt.wikipedia.org/w/index.php?title=Pesquisas_de_opini%C3%A3o_para_a_elei%C3%A7%C3%A3o_presidencial_no_Brasil_em_2026&oldid=73082572,wikipedia_revision,73082572.0,2026-09-29T15:02:36Z,unverified,,9ca942a568882bbd6b774a0d5553b585fd3c21e22108b84064e56abca54efbeb,blank_null_includes_undecided
2026-1-5d52253839,2026,1,,Palver,,2026-09-04,2026-09-07,,5000,,without Pablo Marçal,Renan Santos,11.0,total,2.0,,11.458333333333334,https://pt.wikipedia.org/w/index.php?title=Pesquisas_de_opini%C3%A3o_para_a_elei%C3%A7%C3%A3o_presidencial_no_Brasil_em_2026&oldid=73082572,wikipedia_revision,73082572.0,2026-09-29T15:02:36Z,unverified,,9ca942a568882bbd6b774a0d5553b585fd3c21e22108b84064e56abca54efbeb,blank_null_includes_undecided
2026-1-5d52253839,2026,1,,Palver,,2026-09-04,2026-09-07,,5000,,without Pablo Marçal,Ronaldo Caiado,1.0,total,2.0,,1.0416666666666667,https://pt.wikipedia.org/w/index.php?title=Pesquisas_de_opini%C3%A3o_para_a_elei%C3%A7%C3%A3o_presidencial_no_Brasil_em_2026&oldid=73082572,wikipedia_revision,73082572.0,2026-09-29T15:02:36Z,unverified,,9ca942a568882bbd6b774a0d5553b585fd3c21e22108b84064e56abca54efbeb,blank_null_includes_undecided
2026-1-5d52253839,2026,1,,Palver,,2026-09-04,2026-09-07,,5000,,without Pablo Marçal,Romeu Zema,0.0,total,2.0,,0.0,https://pt.wikipedia.org/w/index.php?title=Pesquisas_de_opini%C3%A3o_para_a_elei%C3%A7%C3%A3o_presidencial_no_Brasil_em_2026&oldid=73082572,wikipedia_revision,73082572.0,2026-09-29T15:02:36Z,unverified,,9ca942a568882bbd6b774a0d5553b585fd3c21e22108b84064e56abca54efbeb,blank_null_includes_undecided
2026-1-5d52253839,2026,1,,Palver,,2026-09-04,2026-09-07,,5000,,without Pablo Marçal,Samara Martins,0.0,total,2.0,,0.0,https://pt.wikipedia.org/w/index.php?title=Pesquisas_de_opini%C3%A3o_para_a_elei%C3%A7%C3%A3o_presidencial_no_Brasil_em_2026&oldid=73082572,wikipedia_revision,73082572.0,2026-09-29T15:02:36Z,unverified,,9ca942a568882bbd6b774a0d5553b585fd3c21e22108b84064e56abca54efbeb,blank_null_includes_undecided
2026-1-5d52253839,2026,1,,Palver,,2026-09-04,2026-09-07,,5000,,without Pablo Marçal,Wilson Grassi,0.0,total,2.0,,0.0,https://pt.wikipedia.org/w/index.php?title=Pesquisas_de_opini%C3%A3o_para_a_elei%C3%A7%C3%A3o_presidencial_no_Brasil_em_2026&oldid=73082572,wikipedia_revision,73082572.0,2026-09-29T15:02:36Z,unverified,,9ca942a568882bbd6b774a0d5553b585fd3c21e22108b84064e56abca54efbeb,blank_null_includes_undecided
2026-1-5d52253839,2026,1,,Palver,,2026-09-04,2026-09-07,,5000,,without Pablo Marçal,Clariana Barão,0.0,total,2.0,,0.0,https://pt.wikipedia.org/w/index.php?title=Pesquisas_de_opini%C3%A3o_para_a_elei%C3%A7%C3%A3o_presidencial_no_Brasil_em_2026&oldid=73082572,wikipedia_revision,73082572.0,2026-09-29T15:02:36Z,unverified,,9ca942a568882bbd6b774a0d5553b585fd3c21e22108b84064e56abca54efbeb,blank_null_includes_undecided
2026-1-5d52253839,2026,1,,Palver,,2026-09-04,2026-09-07,,5000,,without Pablo Marçal,Hertz Dias,0.0,total,2.0,,0.0,https://pt.wikipedia.org/w/index.php?title=Pesquisas_de_opini%C3%A3o_para_a_elei%C3%A7%C3%A3o_presidencial_no_Brasil_em_2026&oldid=73082572,wikipedia_revision,73082572.0,2026-09-29T15:02:36Z,unverified,,9ca942a568882bbd6b774a0d5553b585fd3c21e22108b84064e56abca54efbeb,blank_null_includes_undecided
2026-1-5d52253839,2026,1,,Palver,,2026-09-04,2026-09-07,,5000,,without Pablo Marçal,Edmilson Costa,0.0,total,2.0,,0.0,https://pt.wikipedia.org/w/index.php?title=Pesquisas_de_opini%C3%A3o_para_a_elei%C3%A7%C3%A3o_presidencial_no_Brasil_em_2026&oldid=73082572,wikipedia_revision,73082572.0,2026-09-29T15:02:36Z,unverified,,9ca942a568882bbd6b774a0d5553b585fd3c21e22108b84064e56abca54efbeb,blank_null_includes_undecided
2026-1-5d52253839,2026,1,,Palver,,2026-09-04,2026-09-07,,5000,,without Pablo Marçal,Rui Costa Pimenta,0.0,total,2.0,,0.0,https://pt.wikipedia.org/w/index.php?title=Pesquisas_de_opini%C3%A3o_para_a_elei%C3%A7%C3%A3o_presidencial_no_Brasil_em_2026&oldid=73082572,wikipedia_revision,73082572.0,2026-09-29T15:02:36Z,unverified,,9ca942a568882bbd6b774a0d5553b585fd3c21e22108b84064e56abca54efbeb,blank_null_includes_undecided
2026-1-5d52253839,2026,1,,Palver,,2026-09-04,2026-09-07,,5000,,without Pablo Marçal,__others__,1.0,total,2.0,,1.0416666666666667,https://pt.wikipedia.org/w/index.php?title=Pesquisas_de_opini%C3%A3o_para_a_elei%C3%A7%C3%A3o_presidencial_no_Brasil_em_2026&oldid=73082572,wikipedia_revision,73082572.0,2026-09-29T15:02:36Z,unverified,,9ca942a568882bbd6b774a0d5553b585fd3c21e22108b84064e56abca54efbeb,blank_null_includes_undecided
2026-1-20f02eb3fc,2026,1,,Quaest,,2026-09-03,2026-09-06,,2004,,without Pablo Marçal,Lula,36.0,total,18.0,,43.90243902439025,https://pt.wikipedia.org/w/index.php?title=Pesquisas_de_opini%C3%A3o_para_a_elei%C3%A7%C3%A3o_presidencial_no_Brasil_em_2026&oldid=73082572,wikipedia_revision,73082572.0,2026-09-29T15:02:36Z,unverified,,9ca942a568882bbd6b774a0d5553b585fd3c21e22108b84064e56abca54efbeb,blank_null_includes_undecided
2026-1-20f02eb3fc,2026,1,,Quaest,,2026-09-03,2026-09-06,,2004,,without Pablo Marçal,Flávio Bolsonaro,29.0,total,18.0,,35.36585365853659,https://pt.wikipedia.org/w/index.php?title=Pesquisas_de_opini%C3%A3o_para_a_elei%C3%A7%C3%A3o_presidencial_no_Brasil_em_2026&oldid=73082572,wikipedia_revision,73082572.0,2026-09-29T15:02:36Z,unverified,,9ca942a568882bbd6b774a0d5553b585fd3c21e22108b84064e56abca54efbeb,blank_null_includes_undecided
2026-1-20f02eb3fc,2026,1,,Quaest,,2026-09-03,2026-09-06,,2004,,without Pablo Marçal,Augusto Cury,8.0,total,18.0,,9.75609756097561,https://pt.wikipedia.org/w/index.php?title=Pesquisas_de_opini%C3%A3o_para_a_elei%C3%A7%C3%A3o_presidencial_no_Brasil_em_2026&oldid=73082572,wikipedia_revision,73082572.0,2026-09-29T15:02:36Z,unverified,,9ca942a568882bbd6b774a0d5553b585fd3c21e22108b84064e56abca54efbeb,blank_null_includes_undecided
2026-1-20f02eb3fc,2026,1,,Quaest,,2026-09-03,2026-09-06,,2004,,without Pablo Marçal,Renan Santos,3.0,total,18.0,,3.658536585365854,https://pt.wikipedia.org/w/index.php?title=Pesquisas_de_opini%C3%A3o_para_a_elei%C3%A7%C3%A3o_presidencial_no_Brasil_em_2026&oldid=73082572,wikipedia_revision,73082572.0,2026-09-29T15:02:36Z,unverified,,9ca942a568882bbd6b774a0d5553b585fd3c21e22108b84064e56abca54efbeb,blank_null_includes_undecided
2026-1-20f02eb3fc,2026,1,,Quaest,,2026-09-03,2026-09-06,,2004,,without Pablo Marçal,Ronaldo Caiado,3.0,total,18.0,,3.658536585365854,https://pt.wikipedia.org/w/index.php?title=Pesquisas_de_opini%C3%A3o_para_a_elei%C3%A7%C3%A3o_presidencial_no_Brasil_em_2026&oldid=73082572,wikipedia_revision,73082572.0,2026-09-29T15:02:36Z,unverified,,9ca942a568882bbd6b774a0d5553b585fd3c21e22108b84064e56abca54efbeb,blank_null_includes_undecided
2026-1-20f02eb3fc,2026,1,,Quaest,,2026-09-03,2026-09-06,,2004,,without Pablo Marçal,Romeu Zema,2.0,total,18.0,,2.4390243902439024,https://pt.wikipedia.org/w/index.php?title=Pesquisas_de_opini%C3%A3o_para_a_elei%C3%A7%C3%A3o_presidencial_no_Brasil_em_2026&oldid=73082572,wikipedia_revision,73082572.0,2026-09-29T15:02:36Z,unverified,,9ca942a568882bbd6b774a0d5553b585fd3c21e22108b84064e56abca54efbeb,blank_null_includes_undecided
2026-1-20f02eb3fc,2026,1,,Quaest,,2026-09-03,2026-09-06,,2004,,without Pablo Marçal,Samara Martins,1.0,total,18.0,,1.2195121951219512,https://pt.wikipedia.org/w/index.php?title=Pesquisas_de_opini%C3%A3o_para_a_elei%C3%A7%C3%A3o_presidencial_no_Brasil_em_2026&oldid=73082572,wikipedia_revision,73082572.0,2026-09-29T15:02:36Z,unverified,,9ca942a568882bbd6b774a0d5553b585fd3c21e22108b84064e56abca54efbeb,blank_null_includes_undecided
2026-1-20f02eb3fc,2026,1,,Quaest,,2026-09-03,2026-09-06,,2004,,without Pablo Marçal,Wilson Grassi,0.0,total,18.0,,0.0,https://pt.wikipedia.org/w/index.php?title=Pesquisas_de_opini%C3%A3o_para_a_elei%C3%A7%C3%A3o_presidencial_no_Brasil_em_2026&oldid=73082572,wikipedia_revision,73082572.0,2026-09-29T15:02:36Z,unverified,,9ca942a568882bbd6b774a0d5553b585fd3c21e22108b84064e56abca54efbeb,blank_null_includes_undecided
2026-1-20f02eb3fc,2026,1,,Quaest,,2026-09-03,2026-09-06,,2004,,without Pablo Marçal,Clariana Barão,0.0,total,18.0,,0.0,https://pt.wikipedia.org/w/index.php?title=Pesquisas_de_opini%C3%A3o_para_a_elei%C3%A7%C3%A3o_presidencial_no_Brasil_em_2026&oldid=73082572,wikipedia_revision,73082572.0,2026-09-29T15:02:36Z,unverified,,9ca942a568882bbd6b774a0d5553b585fd3c21e22108b84064e56abca54efbeb,blank_null_includes_undecided
2026-1-20f02eb3fc,2026,1,,Quaest,,2026-09-03,2026-09-06,,2004,,without Pablo Marçal,Hertz Dias,0.0,total,18.0,,0.0,https://pt.wikipedia.org/w/index.php?title=Pesquisas_de_opini%C3%A3o_para_a_elei%C3%A7%C3%A3o_presidencial_no_Brasil_em_2026&oldid=73082572,wikipedia_revision,73082572.0,2026-09-29T15:02:36Z,unverified,,9ca942a568882bbd6b774a0d5553b585fd3c21e22108b84064e56abca54efbeb,blank_null_includes_undecided
2026-1-20f02eb3fc,2026,1,,Quaest,,2026-09-03,2026-09-06,,2004,,without Pablo Marçal,Edmilson Costa,0.0,total,18.0,,0.0,https://pt.wikipedia.org/w/index.php?title=Pesquisas_de_opini%C3%A3o_para_a_elei%C3%A7%C3%A3o_presidencial_no_Brasil_em_2026&oldid=73082572,wikipedia_revision,73082572.0,2026-09-29T15:02:36Z,unverified,,9ca942a568882bbd6b774a0d5553b585fd3c21e22108b84064e56abca54efbeb,blank_null_includes_undecided
2026-1-20f02eb3fc,2026,1,,Quaest,,2026-09-03,2026-09-06,,2004,,without Pablo Marçal,Rui Costa Pimenta,0.0,total,18.0,,0.0,https://pt.wikipedia.org/w/index.php?title=Pesquisas_de_opini%C3%A3o_para_a_elei%C3%A7%C3%A3o_presidencial_no_Brasil_em_2026&oldid=73082572,wikipedia_revision,73082572.0,2026-09-29T15:02:36Z,unverified,,9ca942a568882bbd6b774a0d5553b585fd3c21e22108b84064e56abca54efbeb,blank_null_includes_undecided
2026-1-3e6ad4ed41,2026,1,,Veritá,,2026-09-01,2026-09-04,,3804,,main,Lula,38.4,total,2.0,,39.223697650663944,https://pt.wikipedia.org/w/index.php?title=Pesquisas_de_opini%C3%A3o_para_a_elei%C3%A7%C3%A3o_presidencial_no_Brasil_em_2026&oldid=73082572,wikipedia_revision,73082572.0,2026-09-29T15:02:36Z,unverified,,9ca942a568882bbd6b774a0d5553b585fd3c21e22108b84064e56abca54efbeb,others_column_named_candidate;blank_null_includes_undecided
2026-1-3e6ad4ed41,2026,1,,Veritá,,2026-09-01,2026-09-04,,3804,,main,Flávio Bolsonaro,38.9,total,2.0,,39.7344228804903,https://pt.wikipedia.org/w/index.php?title=Pesquisas_de_opini%C3%A3o_para_a_elei%C3%A7%C3%A3o_presidencial_no_Brasil_em_2026&oldid=73082572,wikipedia_revision,73082572.0,2026-09-29T15:02:36Z,unverified,,9ca942a568882bbd6b774a0d5553b585fd3c21e22108b84064e56abca54efbeb,others_column_named_candidate;blank_null_includes_undecided
2026-1-3e6ad4ed41,2026,1,,Veritá,,2026-09-01,2026-09-04,,3804,,main,Augusto Cury,12.2,total,2.0,,12.461695607763025,https://pt.wikipedia.org/w/index.php?title=Pesquisas_de_opini%C3%A3o_para_a_elei%C3%A7%C3%A3o_presidencial_no_Brasil_em_2026&oldid=73082572,wikipedia_revision,73082572.0,2026-09-29T15:02:36Z,unverified,,9ca942a568882bbd6b774a0d5553b585fd3c21e22108b84064e56abca54efbeb,others_column_named_candidate;blank_null_includes_undecided
2026-1-3e6ad4ed41,2026,1,,Veritá,,2026-09-01,2026-09-04,,3804,,main,Renan Santos,3.7,total,2.0,,3.779366700715016,https://pt.wikipedia.org/w/index.php?title=Pesquisas_de_opini%C3%A3o_para_a_elei%C3%A7%C3%A3o_presidencial_no_Brasil_em_2026&oldid=73082572,wikipedia_revision,73082572.0,2026-09-29T15:02:36Z,unverified,,9ca942a568882bbd6b774a0d5553b585fd3c21e22108b84064e56abca54efbeb,others_column_named_candidate;blank_null_includes_undecided
2026-1-3e6ad4ed41,2026,1,,Veritá,,2026-09-01,2026-09-04,,3804,,main,Ronaldo Caiado,1.9,total,2.0,,1.940755873340143,https://pt.wikipedia.org/w/index.php?title=Pesquisas_de_opini%C3%A3o_para_a_elei%C3%A7%C3%A3o_presidencial_no_Brasil_em_2026&oldid=73082572,wikipedia_revision,73082572.0,2026-09-29T15:02:36Z,unverified,,9ca942a568882bbd6b774a0d5553b585fd3c21e22108b84064e56abca54efbeb,others_column_named_candidate;blank_null_includes_undecided
2026-1-3e6ad4ed41,2026,1,,Veritá,,2026-09-01,2026-09-04,,3804,,main,Romeu Zema,0.3,total,2.0,,0.30643513789581206,https://pt.wikipedia.org/w/index.php?title=Pesquisas_de_opini%C3%A3o_para_a_elei%C3%A7%C3%A3o_presidencial_no_Brasil_em_2026&oldid=73082572,wikipedia_revision,73082572.0,2026-09-29T15:02:36Z,unverified,,9ca942a568882bbd6b774a0d5553b585fd3c21e22108b84064e56abca54efbeb,others_column_named_candidate;blank_null_includes_undecided
2026-1-3e6ad4ed41,2026,1,,Veritá,,2026-09-01,2026-09-04,,3804,,main,Samara Martins,0.2,total,2.0,,0.20429009193054137,https://pt.wikipedia.org/w/index.php?title=Pesquisas_de_opini%C3%A3o_para_a_elei%C3%A7%C3%A3o_presidencial_no_Brasil_em_2026&oldid=73082572,wikipedia_revision,73082572.0,2026-09-29T15:02:36Z,unverified,,9ca942a568882bbd6b774a0d5553b585fd3c21e22108b84064e56abca54efbeb,others_column_named_candidate;blank_null_includes_undecided
2026-1-3e6ad4ed41,2026,1,,Veritá,,2026-09-01,2026-09-04,,3804,,main,Clariana Barão,0.3,total,2.0,,0.30643513789581206,https://pt.wikipedia.org/w/index.php?title=Pesquisas_de_opini%C3%A3o_para_a_elei%C3%A7%C3%A3o_presidencial_no_Brasil_em_2026&oldid=73082572,wikipedia_revision,73082572.0,2026-09-29T15:02:36Z,unverified,,9ca942a568882bbd6b774a0d5553b585fd3c21e22108b84064e56abca54efbeb,others_column_named_candidate;blank_null_includes_undecided
2026-1-3e6ad4ed41,2026,1,,Veritá,,2026-09-01,2026-09-04,,3804,,main,Hertz Dias,0.4,total,2.0,,0.40858018386108275,https://pt.wikipedia.org/w/index.php?title=Pesquisas_de_opini%C3%A3o_para_a_elei%C3%A7%C3%A3o_presidencial_no_Brasil_em_2026&oldid=73082572,wikipedia_revision,73082572.0,2026-09-29T15:02:36Z,unverified,,9ca942a568882bbd6b774a0d5553b585fd3c21e22108b84064e56abca54efbeb,others_column_named_candidate;blank_null_includes_undecided
2026-1-3e6ad4ed41,2026,1,,Veritá,,2026-09-01,2026-09-04,,3804,,main,Edmilson Costa,0.3,total,2.0,,0.30643513789581206,https://pt.wikipedia.org/w/index.php?title=Pesquisas_de_opini%C3%A3o_para_a_elei%C3%A7%C3%A3o_presidencial_no_Brasil_em_2026&oldid=73082572,wikipedia_revision,73082572.0,2026-09-29T15:02:36Z,unverified,,9ca942a568882bbd6b774a0d5553b585fd3c21e22108b84064e56abca54efbeb,others_column_named_candidate;blank_null_includes_undecided
2026-1-3e6ad4ed41,2026,1,,Veritá,,2026-09-01,2026-09-04,,3804,,main,Pablo Marçal,1.3,total,2.0,,1.327885597548519,https://pt.wikipedia.org/w/index.php?title=Pesquisas_de_opini%C3%A3o_para_a_elei%C3%A7%C3%A3o_presidencial_no_Brasil_em_2026&oldid=73082572,wikipedia_revision,73082572.0,2026-09-29T15:02:36Z,unverified,,9ca942a568882bbd6b774a0d5553b585fd3c21e22108b84064e56abca54efbeb,others_column_named_candidate;blank_null_includes_undecided
2026-1-8f7c5340f4,2026,1,,Datafolha,,2026-09-01,2026-09-02,,2002,,main,Lula,38.0,total,9.0,,40.86021505376344,https://pt.wikipedia.org/w/index.php?title=Pesquisas_de_opini%C3%A3o_para_a_elei%C3%A7%C3%A3o_presidencial_no_Brasil_em_2026&oldid=73082572,wikipedia_revision,73082572.0,2026-09-29T15:02:36Z,unverified,,9ca942a568882bbd6b774a0d5553b585fd3c21e22108b84064e56abca54efbeb,blank_null_includes_undecided
2026-1-8f7c5340f4,2026,1,,Datafolha,,2026-09-01,2026-09-02,,2002,,main,Flávio Bolsonaro,33.0,total,9.0,,35.483870967741936,https://pt.wikipedia.org/w/index.php?title=Pesquisas_de_opini%C3%A3o_para_a_elei%C3%A7%C3%A3o_presidencial_no_Brasil_em_2026&oldid=73082572,wikipedia_revision,73082572.0,2026-09-29T15:02:36Z,unverified,,9ca942a568882bbd6b774a0d5553b585fd3c21e22108b84064e56abca54efbeb,blank_null_includes_undecided
2026-1-8f7c5340f4,2026,1,,Datafolha,,2026-09-01,2026-09-02,,2002,,main,Augusto Cury,8.0,total,9.0,,8.602150537634408,https://pt.wikipedia.org/w/index.php?title=Pesquisas_de_opini%C3%A3o_para_a_elei%C3%A7%C3%A3o_presidencial_no_Brasil_em_2026&oldid=73082572,wikipedia_revision,73082572.0,2026-09-29T15:02:36Z,unverified,,9ca942a568882bbd6b774a0d5553b585fd3c21e22108b84064e56abca54efbeb,blank_null_includes_undecided
2026-1-8f7c5340f4,2026,1,,Datafolha,,2026-09-01,2026-09-02,,2002,,main,Renan Santos,3.0,total,9.0,,3.225806451612903,https://pt.wikipedia.org/w/index.php?title=Pesquisas_de_opini%C3%A3o_para_a_elei%C3%A7%C3%A3o_presidencial_no_Brasil_em_2026&oldid=73082572,wikipedia_revision,73082572.0,2026-09-29T15:02:36Z,unverified,,9ca942a568882bbd6b774a0d5553b585fd3c21e22108b84064e56abca54efbeb,blank_null_includes_undecided
2026-1-8f7c5340f4,2026,1,,Datafolha,,2026-09-01,2026-09-02,,2002,,main,Ronaldo Caiado,4.0,total,9.0,,4.301075268817204,https://pt.wikipedia.org/w/index.php?title=Pesquisas_de_opini%C3%A3o_para_a_elei%C3%A7%C3%A3o_presidencial_no_Brasil_em_2026&oldid=73082572,wikipedia_revision,73082572.0,2026-09-29T15:02:36Z,unverified,,9ca942a568882bbd6b774a0d5553b585fd3c21e22108b84064e56abca54efbeb,blank_null_includes_undecided
2026-1-8f7c5340f4,2026,1,,Datafolha,,2026-09-01,2026-09-02,,2002,,main,Romeu Zema,2.0,total,9.0,,2.150537634408602,https://pt.wikipedia.org/w/index.php?title=Pesquisas_de_opini%C3%A3o_para_a_elei%C3%A7%C3%A3o_presidencial_no_Brasil_em_2026&oldid=73082572,wikipedia_revision,73082572.0,2026-09-29T15:02:36Z,unverified,,9ca942a568882bbd6b774a0d5553b585fd3c21e22108b84064e56abca54efbeb,blank_null_includes_undecided
2026-1-8f7c5340f4,2026,1,,Datafolha,,2026-09-01,2026-09-02,,2002,,main,Samara Martins,1.0,total,9.0,,1.075268817204301,https://pt.wikipedia.org/w/index.php?title=Pesquisas_de_opini%C3%A3o_para_a_elei%C3%A7%C3%A3o_presidencial_no_Brasil_em_2026&oldid=73082572,wikipedia_revision,73082572.0,2026-09-29T15:02:36Z,unverified,,9ca942a568882bbd6b774a0d5553b585fd3c21e22108b84064e56abca54efbeb,blank_null_includes_undecided
2026-1-8f7c5340f4,2026,1,,Datafolha,,2026-09-01,2026-09-02,,2002,,main,Wilson Grassi,0.0,total,9.0,,0.0,https://pt.wikipedia.org/w/index.php?title=Pesquisas_de_opini%C3%A3o_para_a_elei%C3%A7%C3%A3o_presidencial_no_Brasil_em_2026&oldid=73082572,wikipedia_revision,73082572.0,2026-09-29T15:02:36Z,unverified,,9ca942a568882bbd6b774a0d5553b585fd3c21e22108b84064e56abca54efbeb,blank_null_includes_undecided
2026-1-8f7c5340f4,2026,1,,Datafolha,,2026-09-01,2026-09-02,,2002,,main,Clariana Barão,0.0,total,9.0,,0.0,https://pt.wikipedia.org/w/index.php?title=Pesquisas_de_opini%C3%A3o_para_a_elei%C3%A7%C3%A3o_presidencial_no_Brasil_em_2026&oldid=73082572,wikipedia_revision,73082572.0,2026-09-29T15:02:36Z,unverified,,9ca942a568882bbd6b774a0d5553b585fd3c21e22108b84064e56abca54efbeb,blank_null_includes_undecided
2026-1-8f7c5340f4,2026,1,,Datafolha,,2026-09-01,2026-09-02,,2002,,main,Hertz Dias,2.0,total,9.0,,2.150537634408602,https://pt.wikipedia.org/w/index.php?title=Pesquisas_de_opini%C3%A3o_para_a_elei%C3%A7%C3%A3o_presidencial_no_Brasil_em_2026&oldid=73082572,wikipedia_revision,73082572.0,2026-09-29T15:02:36Z,unverified,,9ca942a568882bbd6b774a0d5553b585fd3c21e22108b84064e56abca54efbeb,blank_null_includes_undecided
2026-1-8f7c5340f4,2026,1,,Datafolha,,2026-09-01,2026-09-02,,2002,,main,Edmilson Costa,1.0,total,9.0,,1.075268817204301,https://pt.wikipedia.org/w/index.php?title=Pesquisas_de_opini%C3%A3o_para_a_elei%C3%A7%C3%A3o_presidencial_no_Brasil_em_2026&oldid=73082572,wikipedia_revision,73082572.0,2026-09-29T15:02:36Z,unverified,,9ca942a568882bbd6b774a0d5553b585fd3c21e22108b84064e56abca54efbeb,blank_null_includes_undecided
2026-1-8f7c5340f4,2026,1,,Datafolha,,2026-09-01,2026-09-02,,2002,,main,Rui Costa Pimenta,1.0,total,9.0,,1.075268817204301,https://pt.wikipedia.org/w/index.php?title=Pesquisas_de_opini%C3%A3o_para_a_elei%C3%A7%C3%A3o_presidencial_no_Brasil_em_2026&oldid=73082572,wikipedia_revision,73082572.0,2026-09-29T15:02:36Z,unverified,,9ca942a568882bbd6b774a0d5553b585fd3c21e22108b84064e56abca54efbeb,blank_null_includes_undecided
2026-1-fb0ad4acc8,2026,1,,PoderData,Aya,2026-08-30,2026-09-02,,3000,,main,Lula,37.0,total,7.0,,38.94736842105263,https://pt.wikipedia.org/w/index.php?title=Pesquisas_de_opini%C3%A3o_para_a_elei%C3%A7%C3%A3o_presidencial_no_Brasil_em_2026&oldid=73082572,wikipedia_revision,73082572.0,2026-09-29T15:02:36Z,unverified,,9ca942a568882bbd6b774a0d5553b585fd3c21e22108b84064e56abca54efbeb,others_column_named_candidate;blank_null_includes_undecided
2026-1-fb0ad4acc8,2026,1,,PoderData,Aya,2026-08-30,2026-09-02,,3000,,main,Flávio Bolsonaro,34.0,total,7.0,,35.78947368421053,https://pt.wikipedia.org/w/index.php?title=Pesquisas_de_opini%C3%A3o_para_a_elei%C3%A7%C3%A3o_presidencial_no_Brasil_em_2026&oldid=73082572,wikipedia_revision,73082572.0,2026-09-29T15:02:36Z,unverified,,9ca942a568882bbd6b774a0d5553b585fd3c21e22108b84064e56abca54efbeb,others_column_named_candidate;blank_null_includes_undecided
2026-1-fb0ad4acc8,2026,1,,PoderData,Aya,2026-08-30,2026-09-02,,3000,,main,Augusto Cury,10.0,total,7.0,,10.526315789473685,https://pt.wikipedia.org/w/index.php?title=Pesquisas_de_opini%C3%A3o_para_a_elei%C3%A7%C3%A3o_presidencial_no_Brasil_em_2026&oldid=73082572,wikipedia_revision,73082572.0,2026-09-29T15:02:36Z,unverified,,9ca942a568882bbd6b774a0d5553b585fd3c21e22108b84064e56abca54efbeb,others_column_named_candidate;blank_null_includes_undecided
2026-1-fb0ad4acc8,2026,1,,PoderData,Aya,2026-08-30,2026-09-02,,3000,,main,Renan Santos,3.0,total,7.0,,3.1578947368421053,https://pt.wikipedia.org/w/index.php?title=Pesquisas_de_opini%C3%A3o_para_a_elei%C3%A7%C3%A3o_presidencial_no_Brasil_em_2026&oldid=73082572,wikipedia_revision,73082572.0,2026-09-29T15:02:36Z,unverified,,9ca942a568882bbd6b774a0d5553b585fd3c21e22108b84064e56abca54efbeb,others_column_named_candidate;blank_null_includes_undecided
2026-1-fb0ad4acc8,2026,1,,PoderData,Aya,2026-08-30,2026-09-02,,3000,,main,Ronaldo Caiado,2.0,total,7.0,,2.1052631578947367,https://pt.wikipedia.org/w/index.php?title=Pesquisas_de_opini%C3%A3o_para_a_elei%C3%A7%C3%A3o_presidencial_no_Brasil_em_2026&oldid=73082572,wikipedia_revision,73082572.0,2026-09-29T15:02:36Z,unverified,,9ca942a568882bbd6b774a0d5553b585fd3c21e22108b84064e56abca54efbeb,others_column_named_candidate;blank_null_includes_undecided
2026-1-fb0ad4acc8,2026,1,,PoderData,Aya,2026-08-30,2026-09-02,,3000,,main,Romeu Zema,1.0,total,7.0,,1.0526315789473684,https://pt.wikipedia.org/w/index.php?title=Pesquisas_de_opini%C3%A3o_para_a_elei%C3%A7%C3%A3o_presidencial_no_Brasil_em_2026&oldid=73082572,wikipedia_revision,73082572.0,2026-09-29T15:02:36Z,unverified,,9ca942a568882bbd6b774a0d5553b585fd3c21e22108b84064e56abca54efbeb,others_column_named_candidate;blank_null_includes_undecided
2026-1-fb0ad4acc8,2026,1,,PoderData,Aya,2026-08-30,2026-09-02,,3000,,main,Samara Martins,1.0,total,7.0,,1.0526315789473684,https://pt.wikipedia.org/w/index.php?title=Pesquisas_de_opini%C3%A3o_para_a_elei%C3%A7%C3%A3o_presidencial_no_Brasil_em_2026&oldid=73082572,wikipedia_revision,73082572.0,2026-09-29T15:02:36Z,unverified,,9ca942a568882bbd6b774a0d5553b585fd3c21e22108b84064e56abca54efbeb,others_column_named_candidate;blank_null_includes_undecided
2026-1-fb0ad4acc8,2026,1,,PoderData,Aya,2026-08-30,2026-09-02,,3000,,main,Wilson Grassi,0.0,total,7.0,,0.0,https://pt.wikipedia.org/w/index.php?title=Pesquisas_de_opini%C3%A3o_para_a_elei%C3%A7%C3%A3o_presidencial_no_Brasil_em_2026&oldid=73082572,wikipedia_revision,73082572.0,2026-09-29T15:02:36Z,unverified,,9ca942a568882bbd6b774a0d5553b585fd3c21e22108b84064e56abca54efbeb,others_column_named_candidate;blank_null_includes_undecided
2026-1-fb0ad4acc8,2026,1,,PoderData,Aya,2026-08-30,2026-09-02,,3000,,main,Clariana Barão,1.0,total,7.0,,1.0526315789473684,https://pt.wikipedia.org/w/index.php?title=Pesquisas_de_opini%C3%A3o_para_a_elei%C3%A7%C3%A3o_presidencial_no_Brasil_em_2026&oldid=73082572,wikipedia_revision,73082572.0,2026-09-29T15:02:36Z,unverified,,9ca942a568882bbd6b774a0d5553b585fd3c21e22108b84064e56abca54efbeb,others_column_named_candidate;blank_null_includes_undecided
2026-1-fb0ad4acc8,2026,1,,PoderData,Aya,2026-08-30,2026-09-02,,3000,,main,Hertz Dias,2.0,total,7.0,,2.1052631578947367,https://pt.wikipedia.org/w/index.php?title=Pesquisas_de_opini%C3%A3o_para_a_elei%C3%A7%C3%A3o_presidencial_no_Brasil_em_2026&oldid=73082572,wikipedia_revision,73082572.0,2026-09-29T15:02:36Z,unverified,,9ca942a568882bbd6b774a0d5553b585fd3c21e22108b84064e56abca54efbeb,others_column_named_candidate;blank_null_includes_undecided
2026-1-fb0ad4acc8,2026,1,,PoderData,Aya,2026-08-30,2026-09-02,,3000,,main,Edmilson Costa,1.0,total,7.0,,1.0526315789473684,https://pt.wikipedia.org/w/index.php?title=Pesquisas_de_opini%C3%A3o_para_a_elei%C3%A7%C3%A3o_presidencial_no_Brasil_em_2026&oldid=73082572,wikipedia_revision,73082572.0,2026-09-29T15:02:36Z,unverified,,9ca942a568882bbd6b774a0d5553b585fd3c21e22108b84064e56abca54efbeb,others_column_named_candidate;blank_null_includes_undecided
2026-1-fb0ad4acc8,2026,1,,PoderData,Aya,2026-08-30,2026-09-02,,3000,,main,Rui Costa Pimenta,1.0,total,7.0,,1.0526315789473684,https://pt.wikipedia.org/w/index.php?title=Pesquisas_de_opini%C3%A3o_para_a_elei%C3%A7%C3%A3o_presidencial_no_Brasil_em_2026&oldid=73082572,wikipedia_revision,73082572.0,2026-09-29T15:02:36Z,unverified,,9ca942a568882bbd6b774a0d5553b585fd3c21e22108b84064e56abca54efbeb,others_column_named_candidate;blank_null_includes_undecided
2026-1-fb0ad4acc8,2026,1,,PoderData,Aya,2026-08-30,2026-09-02,,3000,,main,Pablo Marçal,2.0,total,7.0,,2.1052631578947367,https://pt.wikipedia.org/w/index.php?title=Pesquisas_de_opini%C3%A3o_para_a_elei%C3%A7%C3%A3o_presidencial_no_Brasil_em_2026&oldid=73082572,wikipedia_revision,73082572.0,2026-09-29T15:02:36Z,unverified,,9ca942a568882bbd6b774a0d5553b585fd3c21e22108b84064e56abca54efbeb,others_column_named_candidate;blank_null_includes_undecided
2026-1-0dde5a6ca7,2026,1,,Futura,Apex,2026-08-27,2026-09-01,,2000,,main,Lula,38.7,total,6.1,,41.21405750798722,https://pt.wikipedia.org/w/index.php?title=Pesquisas_de_opini%C3%A3o_para_a_elei%C3%A7%C3%A3o_presidencial_no_Brasil_em_2026&oldid=73082572,wikipedia_revision,73082572.0,2026-09-29T15:02:36Z,unverified,,9ca942a568882bbd6b774a0d5553b585fd3c21e22108b84064e56abca54efbeb,others_column_named_candidate;blank_null_includes_undecided
2026-1-0dde5a6ca7,2026,1,,Futura,Apex,2026-08-27,2026-09-01,,2000,,main,Flávio Bolsonaro,33.6,total,6.1,,35.78274760383386,https://pt.wikipedia.org/w/index.php?title=Pesquisas_de_opini%C3%A3o_para_a_elei%C3%A7%C3%A3o_presidencial_no_Brasil_em_2026&oldid=73082572,wikipedia_revision,73082572.0,2026-09-29T15:02:36Z,unverified,,9ca942a568882bbd6b774a0d5553b585fd3c21e22108b84064e56abca54efbeb,others_column_named_candidate;blank_null_includes_undecided
2026-1-0dde5a6ca7,2026,1,,Futura,Apex,2026-08-27,2026-09-01,,2000,,main,Augusto Cury,9.9,total,6.1,,10.543130990415335,https://pt.wikipedia.org/w/index.php?title=Pesquisas_de_opini%C3%A3o_para_a_elei%C3%A7%C3%A3o_presidencial_no_Brasil_em_2026&oldid=73082572,wikipedia_revision,73082572.0,2026-09-29T15:02:36Z,unverified,,9ca942a568882bbd6b774a0d5553b585fd3c21e22108b84064e56abca54efbeb,others_column_named_candidate;blank_null_includes_undecided
2026-1-0dde5a6ca7,2026,1,,Futura,Apex,2026-08-27,2026-09-01,,2000,,main,Renan Santos,2.8,total,6.1,,2.981895633652822,https://pt.wikipedia.org/w/index.php?title=Pesquisas_de_opini%C3%A3o_para_a_elei%C3%A7%C3%A3o_presidencial_no_Brasil_em_2026&oldid=73082572,wikipedia_revision,73082572.0,2026-09-29T15:02:36Z,unverified,,9ca942a568882bbd6b774a0d5553b585fd3c21e22108b84064e56abca54efbeb,others_column_named_candidate;blank_null_includes_undecided
2026-1-0dde5a6ca7,2026,1,,Futura,Apex,2026-08-27,2026-09-01,,2000,,main,Ronaldo Caiado,3.5,total,6.1,,3.7273695420660276,https://pt.wikipedia.org/w/index.php?title=Pesquisas_de_opini%C3%A3o_para_a_elei%C3%A7%C3%A3o_presidencial_no_Brasil_em_2026&oldid=73082572,wikipedia_revision,73082572.0,2026-09-29T15:02:36Z,unverified,,9ca942a568882bbd6b774a0d5553b585fd3c21e22108b84064e56abca54efbeb,others_column_named_candidate;blank_null_includes_undecided
2026-1-0dde5a6ca7,2026,1,,Futura,Apex,2026-08-27,2026-09-01,,2000,,main,Romeu Zema,1.6,total,6.1,,1.7039403620873268,https://pt.wikipedia.org/w/index.php?title=Pesquisas_de_opini%C3%A3o_para_a_elei%C3%A7%C3%A3o_presidencial_no_Brasil_em_2026&oldid=73082572,wikipedia_revision,73082572.0,2026-09-29T15:02:36Z,unverified,,9ca942a568882bbd6b774a0d5553b585fd3c21e22108b84064e56abca54efbeb,others_column_named_candidate;blank_null_includes_undecided
2026-1-0dde5a6ca7,2026,1,,Futura,Apex,2026-08-27,2026-09-01,,2000,,main,Samara Martins,0.4,total,6.1,,0.4259850905218317,https://pt.wikipedia.org/w/index.php?title=Pesquisas_de_opini%C3%A3o_para_a_elei%C3%A7%C3%A3o_presidencial_no_Brasil_em_2026&oldid=73082572,wikipedia_revision,73082572.0,2026-09-29T15:02:36Z,unverified,,9ca942a568882bbd6b774a0d5553b585fd3c21e22108b84064e56abca54efbeb,others_column_named_candidate;blank_null_includes_undecided
2026-1-0dde5a6ca7,2026,1,,Futura,Apex,2026-08-27,2026-09-01,,2000,,main,Wilson Grassi,0.3,total,6.1,,0.3194888178913738,https://pt.wikipedia.org/w/index.php?title=Pesquisas_de_opini%C3%A3o_para_a_elei%C3%A7%C3%A3o_presidencial_no_Brasil_em_2026&oldid=73082572,wikipedia_revision,73082572.0,2026-09-29T15:02:36Z,unverified,,9ca942a568882bbd6b774a0d5553b585fd3c21e22108b84064e56abca54efbeb,others_column_named_candidate;blank_null_includes_undecided
2026-1-0dde5a6ca7,2026,1,,Futura,Apex,2026-08-27,2026-09-01,,2000,,main,Hertz Dias,0.1,total,6.1,,0.10649627263045792,https://pt.wikipedia.org/w/index.php?title=Pesquisas_de_opini%C3%A3o_para_a_elei%C3%A7%C3%A3o_presidencial_no_Brasil_em_2026&oldid=73082572,wikipedia_revision,73082572.0,2026-09-29T15:02:36Z,unverified,,9ca942a568882bbd6b774a0d5553b585fd3c21e22108b84064e56abca54efbeb,others_column_named_candidate;blank_null_includes_undecided
2026-1-0dde5a6ca7,2026,1,,Futura,Apex,2026-08-27,2026-09-01,,2000,,main,Rui Costa Pimenta,0.3,total,6.1,,0.3194888178913738,https://pt.wikipedia.org/w/index.php?title=Pesquisas_de_opini%C3%A3o_para_a_elei%C3%A7%C3%A3o_presidencial_no_Brasil_em_2026&oldid=73082572,wikipedia_revision,73082572.0,2026-09-29T15:02:36Z,unverified,,9ca942a568882bbd6b774a0d5553b585fd3c21e22108b84064e56abca54efbeb,others_column_named_candidate;blank_null_includes_undecided
2026-1-0dde5a6ca7,2026,1,,Futura,Apex,2026-08-27,2026-09-01,,2000,,main,Pablo Marçal,2.7,total,6.1,,2.8753993610223643,https://pt.wikipedia.org/w/index.php?title=Pesquisas_de_opini%C3%A3o_para_a_elei%C3%A7%C3%A3o_presidencial_no_Brasil_em_2026&oldid=73082572,wikipedia_revision,73082572.0,2026-09-29T15:02:36Z,unverified,,9ca942a568882bbd6b774a0d5553b585fd3c21e22108b84064e56abca54efbeb,others_column_named_candidate;blank_null_includes_undecided
2026-1-b6a17a1157,2026,1,,Quaest,,2026-08-30,2026-09-01,,2004,,without Pablo Marçal,Lula,37.0,total,18.0,,45.1219512195122,https://pt.wikipedia.org/w/index.php?title=Pesquisas_de_opini%C3%A3o_para_a_elei%C3%A7%C3%A3o_presidencial_no_Brasil_em_2026&oldid=73082572,wikipedia_revision,73082572.0,2026-09-29T15:02:36Z,unverified,,9ca942a568882bbd6b774a0d5553b585fd3c21e22108b84064e56abca54efbeb,blank_null_includes_undecided
2026-1-b6a17a1157,2026,1,,Quaest,,2026-08-30,2026-09-01,,2004,,without Pablo Marçal,Flávio Bolsonaro,29.0,total,18.0,,35.36585365853659,https://pt.wikipedia.org/w/index.php?title=Pesquisas_de_opini%C3%A3o_para_a_elei%C3%A7%C3%A3o_presidencial_no_Brasil_em_2026&oldid=73082572,wikipedia_revision,73082572.0,2026-09-29T15:02:36Z,unverified,,9ca942a568882bbd6b774a0d5553b585fd3c21e22108b84064e56abca54efbeb,blank_null_includes_undecided
2026-1-b6a17a1157,2026,1,,Quaest,,2026-08-30,2026-09-01,,2004,,without Pablo Marçal,Augusto Cury,10.0,total,18.0,,12.195121951219512,https://pt.wikipedia.org/w/index.php?title=Pesquisas_de_opini%C3%A3o_para_a_elei%C3%A7%C3%A3o_presidencial_no_Brasil_em_2026&oldid=73082572,wikipedia_revision,73082572.0,2026-09-29T15:02:36Z,unverified,,9ca942a568882bbd6b774a0d5553b585fd3c21e22108b84064e56abca54efbeb,blank_null_includes_undecided
2026-1-b6a17a1157,2026,1,,Quaest,,2026-08-30,2026-09-01,,2004,,without Pablo Marçal,Renan Santos,3.0,total,18.0,,3.658536585365854,https://pt.wikipedia.org/w/index.php?title=Pesquisas_de_opini%C3%A3o_para_a_elei%C3%A7%C3%A3o_presidencial_no_Brasil_em_2026&oldid=73082572,wikipedia_revision,73082572.0,2026-09-29T15:02:36Z,unverified,,9ca942a568882bbd6b774a0d5553b585fd3c21e22108b84064e56abca54efbeb,blank_null_includes_undecided
2026-1-b6a17a1157,2026,1,,Quaest,,2026-08-30,2026-09-01,,2004,,without Pablo Marçal,Ronaldo Caiado,1.0,total,18.0,,1.2195121951219512,https://pt.wikipedia.org/w/index.php?title=Pesquisas_de_opini%C3%A3o_para_a_elei%C3%A7%C3%A3o_presidencial_no_Brasil_em_2026&oldid=73082572,wikipedia_revision,73082572.0,2026-09-29T15:02:36Z,unverified,,9ca942a568882bbd6b774a0d5553b585fd3c21e22108b84064e56abca54efbeb,blank_null_includes_undecided
2026-1-b6a17a1157,2026,1,,Quaest,,2026-08-30,2026-09-01,,2004,,without Pablo Marçal,Romeu Zema,1.0,total,18.0,,1.2195121951219512,https://pt.wikipedia.org/w/index.php?title=Pesquisas_de_opini%C3%A3o_para_a_elei%C3%A7%C3%A3o_presidencial_no_Brasil_em_2026&oldid=73082572,wikipedia_revision,73082572.0,2026-09-29T15:02:36Z,unverified,,9ca942a568882bbd6b774a0d5553b585fd3c21e22108b84064e56abca54efbeb,blank_null_includes_undecided
2026-1-b6a17a1157,2026,1,,Quaest,,2026-08-30,2026-09-01,,2004,,without Pablo Marçal,Samara Martins,1.0,total,18.0,,1.2195121951219512,https://pt.wikipedia.org/w/index.php?title=Pesquisas_de_opini%C3%A3o_para_a_elei%C3%A7%C3%A3o_presidencial_no_Brasil_em_2026&oldid=73082572,wikipedia_revision,73082572.0,2026-09-29T15:02:36Z,unverified,,9ca942a568882bbd6b774a0d5553b585fd3c21e22108b84064e56abca54efbeb,blank_null_includes_undecided
2026-1-b6a17a1157,2026,1,,Quaest,,2026-08-30,2026-09-01,,2004,,without Pablo Marçal,Wilson Grassi,0.0,total,18.0,,0.0,https://pt.wikipedia.org/w/index.php?title=Pesquisas_de_opini%C3%A3o_para_a_elei%C3%A7%C3%A3o_presidencial_no_Brasil_em_2026&oldid=73082572,wikipedia_revision,73082572.0,2026-09-29T15:02:36Z,unverified,,9ca942a568882bbd6b774a0d5553b585fd3c21e22108b84064e56abca54efbeb,blank_null_includes_undecided
2026-1-b6a17a1157,2026,1,,Quaest,,2026-08-30,2026-09-01,,2004,,without Pablo Marçal,Clariana Barão,0.0,total,18.0,,0.0,https://pt.wikipedia.org/w/index.php?title=Pesquisas_de_opini%C3%A3o_para_a_elei%C3%A7%C3%A3o_presidencial_no_Brasil_em_2026&oldid=73082572,wikipedia_revision,73082572.0,2026-09-29T15:02:36Z,unverified,,9ca942a568882bbd6b774a0d5553b585fd3c21e22108b84064e56abca54efbeb,blank_null_includes_undecided
2026-1-b6a17a1157,2026,1,,Quaest,,2026-08-30,2026-09-01,,2004,,without Pablo Marçal,Hertz Dias,0.0,total,18.0,,0.0,https://pt.wikipedia.org/w/index.php?title=Pesquisas_de_opini%C3%A3o_para_a_elei%C3%A7%C3%A3o_presidencial_no_Brasil_em_2026&oldid=73082572,wikipedia_revision,73082572.0,2026-09-29T15:02:36Z,unverified,,9ca942a568882bbd6b774a0d5553b585fd3c21e22108b84064e56abca54efbeb,blank_null_includes_undecided
2026-1-b6a17a1157,2026,1,,Quaest,,2026-08-30,2026-09-01,,2004,,without Pablo Marçal,Edmilson Costa,0.0,total,18.0,,0.0,https://pt.wikipedia.org/w/index.php?title=Pesquisas_de_opini%C3%A3o_para_a_elei%C3%A7%C3%A3o_presidencial_no_Brasil_em_2026&oldid=73082572,wikipedia_revision,73082572.0,2026-09-29T15:02:36Z,unverified,,9ca942a568882bbd6b774a0d5553b585fd3c21e22108b84064e56abca54efbeb,blank_null_includes_undecided
2026-1-b6a17a1157,2026,1,,Quaest,,2026-08-30,2026-09-01,,2004,,without Pablo Marçal,Rui Costa Pimenta,0.0,total,18.0,,0.0,https://pt.wikipedia.org/w/index.php?title=Pesquisas_de_opini%C3%A3o_para_a_elei%C3%A7%C3%A3o_presidencial_no_Brasil_em_2026&oldid=73082572,wikipedia_revision,73082572.0,2026-09-29T15:02:36Z,unverified,,9ca942a568882bbd6b774a0d5553b585fd3c21e22108b84064e56abca54efbeb,blank_null_includes_undecided
2026-1-61abbf5695,2026,1,,Real Time Big Data,,2026-08-27,2026-08-31,,2000,,without Pablo Marçal,Lula,38.0,total,6.0,,41.30434782608695,https://pt.wikipedia.org/w/index.php?title=Pesquisas_de_opini%C3%A3o_para_a_elei%C3%A7%C3%A3o_presidencial_no_Brasil_em_2026&oldid=73082572,wikipedia_revision,73082572.0,2026-09-29T15:02:36Z,unverified,,9ca942a568882bbd6b774a0d5553b585fd3c21e22108b84064e56abca54efbeb,"blank_null_includes_undecided;below_threshold:Samara Martins<1,Wilson Grassi<1,Clariana Barão<1,Hertz Dias<1,Edmilson Costa<1,Rui Costa Pimenta<1"
2026-1-61abbf5695,2026,1,,Real Time Big Data,,2026-08-27,2026-08-31,,2000,,without Pablo Marçal,Flávio Bolsonaro,30.0,total,6.0,,32.608695652173914,https://pt.wikipedia.org/w/index.php?title=Pesquisas_de_opini%C3%A3o_para_a_elei%C3%A7%C3%A3o_presidencial_no_Brasil_em_2026&oldid=73082572,wikipedia_revision,73082572.0,2026-09-29T15:02:36Z,unverified,,9ca942a568882bbd6b774a0d5553b585fd3c21e22108b84064e56abca54efbeb,"blank_null_includes_undecided;below_threshold:Samara Martins<1,Wilson Grassi<1,Clariana Barão<1,Hertz Dias<1,Edmilson Costa<1,Rui Costa Pimenta<1"
2026-1-61abbf5695,2026,1,,Real Time Big Data,,2026-08-27,2026-08-31,,2000,,without Pablo Marçal,Ronaldo Caiado,4.0,total,6.0,,4.3478260869565215,https://pt.wikipedia.org/w/index.php?title=Pesquisas_de_opini%C3%A3o_para_a_elei%C3%A7%C3%A3o_presidencial_no_Brasil_em_2026&oldid=73082572,wikipedia_revision,73082572.0,2026-09-29T15:02:36Z,unverified,,9ca942a568882bbd6b774a0d5553b585fd3c21e22108b84064e56abca54efbeb,"blank_null_includes_undecided;below_threshold:Samara Martins<1,Wilson Grassi<1,Clariana Barão<1,Hertz Dias<1,Edmilson Costa<1,Rui Costa Pimenta<1"
2026-1-61abbf5695,2026,1,,Real Time Big Data,,2026-08-27,2026-08-31,,2000,,without Pablo Marçal,Romeu Zema,2.0,total,6.0,,2.1739130434782608,https://pt.wikipedia.org/w/index.php?title=Pesquisas_de_opini%C3%A3o_para_a_elei%C3%A7%C3%A3o_presidencial_no_Brasil_em_2026&oldid=73082572,wikipedia_revision,73082572.0,2026-09-29T15:02:36Z,unverified,,9ca942a568882bbd6b774a0d5553b585fd3c21e22108b84064e56abca54efbeb,"blank_null_includes_undecided;below_threshold:Samara Martins<1,Wilson Grassi<1,Clariana Barão<1,Hertz Dias<1,Edmilson Costa<1,Rui Costa Pimenta<1"
2026-1-61abbf5695,2026,1,,Real Time Big Data,,2026-08-27,2026-08-31,,2000,,without Pablo Marçal,Renan Santos,7.0,total,6.0,,7.608695652173913,https://pt.wikipedia.org/w/index.php?title=Pesquisas_de_opini%C3%A3o_para_a_elei%C3%A7%C3%A3o_presidencial_no_Brasil_em_2026&oldid=73082572,wikipedia_revision,73082572.0,2026-09-29T15:02:36Z,unverified,,9ca942a568882bbd6b774a0d5553b585fd3c21e22108b84064e56abca54efbeb,"blank_null_includes_undecided;below_threshold:Samara Martins<1,Wilson Grassi<1,Clariana Barão<1,Hertz Dias<1,Edmilson Costa<1,Rui Costa Pimenta<1"
2026-1-61abbf5695,2026,1,,Real Time Big Data,,2026-08-27,2026-08-31,,2000,,without Pablo Marçal,Augusto Cury,11.0,total,6.0,,11.956521739130435,https://pt.wikipedia.org/w/index.php?title=Pesquisas_de_opini%C3%A3o_para_a_elei%C3%A7%C3%A3o_presidencial_no_Brasil_em_2026&oldid=73082572,wikipedia_revision,73082572.0,2026-09-29T15:02:36Z,unverified,,9ca942a568882bbd6b774a0d5553b585fd3c21e22108b84064e56abca54efbeb,"blank_null_includes_undecided;below_threshold:Samara Martins<1,Wilson Grassi<1,Clariana Barão<1,Hertz Dias<1,Edmilson Costa<1,Rui Costa Pimenta<1"
2026-1-32e7f23c0b,2026,1,,AtlasIntel,,2026-08-25,2026-08-30,,5014,,main,Lula,43.4,total,0.3,,43.48697394789579,https://pt.wikipedia.org/w/index.php?title=Pesquisas_de_opini%C3%A3o_para_a_elei%C3%A7%C3%A3o_presidencial_no_Brasil_em_2026&oldid=73082572,wikipedia_revision,73082572.0,2026-09-29T15:02:36Z,unverified,,9ca942a568882bbd6b774a0d5553b585fd3c21e22108b84064e56abca54efbeb,blank_null_includes_undecided
2026-1-32e7f23c0b,2026,1,,AtlasIntel,,2026-08-25,2026-08-30,,5014,,main,Flávio Bolsonaro,33.7,total,0.3,,33.76753507014028,https://pt.wikipedia.org/w/index.php?title=Pesquisas_de_opini%C3%A3o_para_a_elei%C3%A7%C3%A3o_presidencial_no_Brasil_em_2026&oldid=73082572,wikipedia_revision,73082572.0,2026-09-29T15:02:36Z,unverified,,9ca942a568882bbd6b774a0d5553b585fd3c21e22108b84064e56abca54efbeb,blank_null_includes_undecided
2026-1-32e7f23c0b,2026,1,,AtlasIntel,,2026-08-25,2026-08-30,,5014,,main,Ronaldo Caiado,3.3,total,0.3,,3.306613226452906,https://pt.wikipedia.org/w/index.php?title=Pesquisas_de_opini%C3%A3o_para_a_elei%C3%A7%C3%A3o_presidencial_no_Brasil_em_2026&oldid=73082572,wikipedia_revision,73082572.0,2026-09-29T15:02:36Z,unverified,,9ca942a568882bbd6b774a0d5553b585fd3c21e22108b84064e56abca54efbeb,blank_null_includes_undecided
2026-1-32e7f23c0b,2026,1,,AtlasIntel,,2026-08-25,2026-08-30,,5014,,main,Romeu Zema,1.0,total,0.3,,1.0020040080160322,https://pt.wikipedia.org/w/index.php?title=Pesquisas_de_opini%C3%A3o_para_a_elei%C3%A7%C3%A3o_presidencial_no_Brasil_em_2026&oldid=73082572,wikipedia_revision,73082572.0,2026-09-29T15:02:36Z,unverified,,9ca942a568882bbd6b774a0d5553b585fd3c21e22108b84064e56abca54efbeb,blank_null_includes_undecided
2026-1-32e7f23c0b,2026,1,,AtlasIntel,,2026-08-25,2026-08-30,,5014,,main,Renan Santos,7.6,total,0.3,,7.615230460921844,https://pt.wikipedia.org/w/index.php?title=Pesquisas_de_opini%C3%A3o_para_a_elei%C3%A7%C3%A3o_presidencial_no_Brasil_em_2026&oldid=73082572,wikipedia_revision,73082572.0,2026-09-29T15:02:36Z,unverified,,9ca942a568882bbd6b774a0d5553b585fd3c21e22108b84064e56abca54efbeb,blank_null_includes_undecided
2026-1-32e7f23c0b,2026,1,,AtlasIntel,,2026-08-25,2026-08-30,,5014,,main,Augusto Cury,7.8,total,0.3,,7.81563126252505,https://pt.wikipedia.org/w/index.php?title=Pesquisas_de_opini%C3%A3o_para_a_elei%C3%A7%C3%A3o_presidencial_no_Brasil_em_2026&oldid=73082572,wikipedia_revision,73082572.0,2026-09-29T15:02:36Z,unverified,,9ca942a568882bbd6b774a0d5553b585fd3c21e22108b84064e56abca54efbeb,blank_null_includes_undecided
2026-1-32e7f23c0b,2026,1,,AtlasIntel,,2026-08-25,2026-08-30,,5014,,main,Pablo Marçal,1.9,total,0.3,,1.903807615230461,https://pt.wikipedia.org/w/index.php?title=Pesquisas_de_opini%C3%A3o_para_a_elei%C3%A7%C3%A3o_presidencial_no_Brasil_em_2026&oldid=73082572,wikipedia_revision,73082572.0,2026-09-29T15:02:36Z,unverified,,9ca942a568882bbd6b774a0d5553b585fd3c21e22108b84064e56abca54efbeb,blank_null_includes_undecided
2026-1-32e7f23c0b,2026,1,,AtlasIntel,,2026-08-25,2026-08-30,,5014,,main,Samara Martins,0.9,total,0.3,,0.9018036072144289,https://pt.wikipedia.org/w/index.php?title=Pesquisas_de_opini%C3%A3o_para_a_elei%C3%A7%C3%A3o_presidencial_no_Brasil_em_2026&oldid=73082572,wikipedia_revision,73082572.0,2026-09-29T15:02:36Z,unverified,,9ca942a568882bbd6b774a0d5553b585fd3c21e22108b84064e56abca54efbeb,blank_null_includes_undecided
2026-1-32e7f23c0b,2026,1,,AtlasIntel,,2026-08-25,2026-08-30,,5014,,main,Wilson Grassi,0.1,total,0.3,,0.10020040080160321,https://pt.wikipedia.org/w/index.php?title=Pesquisas_de_opini%C3%A3o_para_a_elei%C3%A7%C3%A3o_presidencial_no_Brasil_em_2026&oldid=73082572,wikipedia_revision,73082572.0,2026-09-29T15:02:36Z,unverified,,9ca942a568882bbd6b774a0d5553b585fd3c21e22108b84064e56abca54efbeb,blank_null_includes_undecided
2026-1-32e7f23c0b,2026,1,,AtlasIntel,,2026-08-25,2026-08-30,,5014,,main,Rui Costa Pimenta,0.1,total,0.3,,0.10020040080160321,https://pt.wikipedia.org/w/index.php?title=Pesquisas_de_opini%C3%A3o_para_a_elei%C3%A7%C3%A3o_presidencial_no_Brasil_em_2026&oldid=73082572,wikipedia_revision,73082572.0,2026-09-29T15:02:36Z,unverified,,9ca942a568882bbd6b774a0d5553b585fd3c21e22108b84064e56abca54efbeb,blank_null_includes_undecided
2026-1-1f30b3c0bc,2026,1,,Nexus,BTG Pactual,2026-08-28,2026-08-30,,2005,,without Pablo Marçal,Lula,39.0,total,6.0,,41.935483870967744,https://pt.wikipedia.org/w/index.php?title=Pesquisas_de_opini%C3%A3o_para_a_elei%C3%A7%C3%A3o_presidencial_no_Brasil_em_2026&oldid=73082572,wikipedia_revision,73082572.0,2026-09-29T15:02:36Z,unverified,,9ca942a568882bbd6b774a0d5553b585fd3c21e22108b84064e56abca54efbeb,blank_null_includes_undecided
2026-1-1f30b3c0bc,2026,1,,Nexus,BTG Pactual,2026-08-28,2026-08-30,,2005,,without Pablo Marçal,Flávio Bolsonaro,33.0,total,6.0,,35.483870967741936,https://pt.wikipedia.org/w/index.php?title=Pesquisas_de_opini%C3%A3o_para_a_elei%C3%A7%C3%A3o_presidencial_no_Brasil_em_2026&oldid=73082572,wikipedia_revision,73082572.0,2026-09-29T15:02:36Z,unverified,,9ca942a568882bbd6b774a0d5553b585fd3c21e22108b84064e56abca54efbeb,blank_null_includes_undecided
2026-1-1f30b3c0bc,2026,1,,Nexus,BTG Pactual,2026-08-28,2026-08-30,,2005,,without Pablo Marçal,Ronaldo Caiado,5.0,total,6.0,,5.376344086021505,https://pt.wikipedia.org/w/index.php?title=Pesquisas_de_opini%C3%A3o_para_a_elei%C3%A7%C3%A3o_presidencial_no_Brasil_em_2026&oldid=73082572,wikipedia_revision,73082572.0,2026-09-29T15:02:36Z,unverified,,9ca942a568882bbd6b774a0d5553b585fd3c21e22108b84064e56abca54efbeb,blank_null_includes_undecided
2026-1-1f30b3c0bc,2026,1,,Nexus,BTG Pactual,2026-08-28,2026-08-30,,2005,,without Pablo Marçal,Romeu Zema,1.0,total,6.0,,1.075268817204301,https://pt.wikipedia.org/w/index.php?title=Pesquisas_de_opini%C3%A3o_para_a_elei%C3%A7%C3%A3o_presidencial_no_Brasil_em_2026&oldid=73082572,wikipedia_revision,73082572.0,2026-09-29T15:02:36Z,unverified,,9ca942a568882bbd6b774a0d5553b585fd3c21e22108b84064e56abca54efbeb,blank_null_includes_undecided
2026-1-1f30b3c0bc,2026,1,,Nexus,BTG Pactual,2026-08-28,2026-08-30,,2005,,without Pablo Marçal,Renan Santos,3.0,total,6.0,,3.225806451612903,https://pt.wikipedia.org/w/index.php?title=Pesquisas_de_opini%C3%A3o_para_a_elei%C3%A7%C3%A3o_presidencial_no_Brasil_em_2026&oldid=73082572,wikipedia_revision,73082572.0,2026-09-29T15:02:36Z,unverified,,9ca942a568882bbd6b774a0d5553b585fd3c21e22108b84064e56abca54efbeb,blank_null_includes_undecided
2026-1-1f30b3c0bc,2026,1,,Nexus,BTG Pactual,2026-08-28,2026-08-30,,2005,,without Pablo Marçal,Augusto Cury,11.0,total,6.0,,11.827956989247312,https://pt.wikipedia.org/w/index.php?title=Pesquisas_de_opini%C3%A3o_para_a_elei%C3%A7%C3%A3o_presidencial_no_Brasil_em_2026&oldid=73082572,wikipedia_revision,73082572.0,2026-09-29T15:02:36Z,unverified,,9ca942a568882bbd6b774a0d5553b585fd3c21e22108b84064e56abca54efbeb,blank_null_includes_undecided
2026-1-1f30b3c0bc,2026,1,,Nexus,BTG Pactual,2026-08-28,2026-08-30,,2005,,without Pablo Marçal,Samara Martins,1.0,total,6.0,,1.075268817204301,https://pt.wikipedia.org/w/index.php?title=Pesquisas_de_opini%C3%A3o_para_a_elei%C3%A7%C3%A3o_presidencial_no_Brasil_em_2026&oldid=73082572,wikipedia_revision,73082572.0,2026-09-29T15:02:36Z,unverified,,9ca942a568882bbd6b774a0d5553b585fd3c21e22108b84064e56abca54efbeb,blank_null_includes_undecided
2026-1-1f30b3c0bc,2026,1,,Nexus,BTG Pactual,2026-08-28,2026-08-30,,2005,,without Pablo Marçal,Wilson Grassi,0.0,total,6.0,,0.0,https://pt.wikipedia.org/w/index.php?title=Pesquisas_de_opini%C3%A3o_para_a_elei%C3%A7%C3%A3o_presidencial_no_Brasil_em_2026&oldid=73082572,wikipedia_revision,73082572.0,2026-09-29T15:02:36Z,unverified,,9ca942a568882bbd6b774a0d5553b585fd3c21e22108b84064e56abca54efbeb,blank_null_includes_undecided
2026-1-1f30b3c0bc,2026,1,,Nexus,BTG Pactual,2026-08-28,2026-08-30,,2005,,without Pablo Marçal,Clariana Barão,0.0,total,6.0,,0.0,https://pt.wikipedia.org/w/index.php?title=Pesquisas_de_opini%C3%A3o_para_a_elei%C3%A7%C3%A3o_presidencial_no_Brasil_em_2026&oldid=73082572,wikipedia_revision,73082572.0,2026-09-29T15:02:36Z,unverified,,9ca942a568882bbd6b774a0d5553b585fd3c21e22108b84064e56abca54efbeb,blank_null_includes_undecided
2026-1-1f30b3c0bc,2026,1,,Nexus,BTG Pactual,2026-08-28,2026-08-30,,2005,,without Pablo Marçal,Hertz Dias,0.0,total,6.0,,0.0,https://pt.wikipedia.org/w/index.php?title=Pesquisas_de_opini%C3%A3o_para_a_elei%C3%A7%C3%A3o_presidencial_no_Brasil_em_2026&oldid=73082572,wikipedia_revision,73082572.0,2026-09-29T15:02:36Z,unverified,,9ca942a568882bbd6b774a0d5553b585fd3c21e22108b84064e56abca54efbeb,blank_null_includes_undecided
2026-1-1f30b3c0bc,2026,1,,Nexus,BTG Pactual,2026-08-28,2026-08-30,,2005,,without Pablo Marçal,Edmilson Costa,0.0,total,6.0,,0.0,https://pt.wikipedia.org/w/index.php?title=Pesquisas_de_opini%C3%A3o_para_a_elei%C3%A7%C3%A3o_presidencial_no_Brasil_em_2026&oldid=73082572,wikipedia_revision,73082572.0,2026-09-29T15:02:36Z,unverified,,9ca942a568882bbd6b774a0d5553b585fd3c21e22108b84064e56abca54efbeb,blank_null_includes_undecided
2026-1-1f30b3c0bc,2026,1,,Nexus,BTG Pactual,2026-08-28,2026-08-30,,2005,,without Pablo Marçal,Rui Costa Pimenta,0.0,total,6.0,,0.0,https://pt.wikipedia.org/w/index.php?title=Pesquisas_de_opini%C3%A3o_para_a_elei%C3%A7%C3%A3o_presidencial_no_Brasil_em_2026&oldid=73082572,wikipedia_revision,73082572.0,2026-09-29T15:02:36Z,unverified,,9ca942a568882bbd6b774a0d5553b585fd3c21e22108b84064e56abca54efbeb,blank_null_includes_undecided
2026-1-f5c54c86cf,2026,1,,Vox Brasil,,2026-08-25,2026-08-27,,2100,,main,Lula,37.1,total,10.3,,41.36008918617614,https://pt.wikipedia.org/w/index.php?title=Pesquisas_de_opini%C3%A3o_para_a_elei%C3%A7%C3%A3o_presidencial_no_Brasil_em_2026&oldid=73082572,wikipedia_revision,73082572.0,2026-09-29T15:02:36Z,unverified,,9ca942a568882bbd6b774a0d5553b585fd3c21e22108b84064e56abca54efbeb,blank_null_includes_undecided
2026-1-f5c54c86cf,2026,1,,Vox Brasil,,2026-08-25,2026-08-27,,2100,,main,Flávio Bolsonaro,34.8,total,10.3,,38.79598662207357,https://pt.wikipedia.org/w/index.php?title=Pesquisas_de_opini%C3%A3o_para_a_elei%C3%A7%C3%A3o_presidencial_no_Brasil_em_2026&oldid=73082572,wikipedia_revision,73082572.0,2026-09-29T15:02:36Z,unverified,,9ca942a568882bbd6b774a0d5553b585fd3c21e22108b84064e56abca54efbeb,blank_null_includes_undecided
2026-1-f5c54c86cf,2026,1,,Vox Brasil,,2026-08-25,2026-08-27,,2100,,main,Ronaldo Caiado,5.0,total,10.3,,5.574136008918617,https://pt.wikipedia.org/w/index.php?title=Pesquisas_de_opini%C3%A3o_para_a_elei%C3%A7%C3%A3o_presidencial_no_Brasil_em_2026&oldid=73082572,wikipedia_revision,73082572.0,2026-09-29T15:02:36Z,unverified,,9ca942a568882bbd6b774a0d5553b585fd3c21e22108b84064e56abca54efbeb,blank_null_includes_undecided
2026-1-f5c54c86cf,2026,1,,Vox Brasil,,2026-08-25,2026-08-27,,2100,,main,Romeu Zema,2.8,total,10.3,,3.121516164994426,https://pt.wikipedia.org/w/index.php?title=Pesquisas_de_opini%C3%A3o_para_a_elei%C3%A7%C3%A3o_presidencial_no_Brasil_em_2026&oldid=73082572,wikipedia_revision,73082572.0,2026-09-29T15:02:36Z,unverified,,9ca942a568882bbd6b774a0d5553b585fd3c21e22108b84064e56abca54efbeb,blank_null_includes_undecided
2026-1-f5c54c86cf,2026,1,,Vox Brasil,,2026-08-25,2026-08-27,,2100,,main,Renan Santos,3.3,total,10.3,,3.6789297658862874,https://pt.wikipedia.org/w/index.php?title=Pesquisas_de_opini%C3%A3o_para_a_elei%C3%A7%C3%A3o_presidencial_no_Brasil_em_2026&oldid=73082572,wikipedia_revision,73082572.0,2026-09-29T15:02:36Z,unverified,,9ca942a568882bbd6b774a0d5553b585fd3c21e22108b84064e56abca54efbeb,blank_null_includes_undecided
2026-1-f5c54c86cf,2026,1,,Vox Brasil,,2026-08-25,2026-08-27,,2100,,main,Augusto Cury,2.6,total,10.3,,2.898550724637681,https://pt.wikipedia.org/w/index.php?title=Pesquisas_de_opini%C3%A3o_para_a_elei%C3%A7%C3%A3o_presidencial_no_Brasil_em_2026&oldid=73082572,wikipedia_revision,73082572.0,2026-09-29T15:02:36Z,unverified,,9ca942a568882bbd6b774a0d5553b585fd3c21e22108b84064e56abca54efbeb,blank_null_includes_undecided
2026-1-f5c54c86cf,2026,1,,Vox Brasil,,2026-08-25,2026-08-27,,2100,,main,Pablo Marçal,2.0,total,10.3,,2.229654403567447,https://pt.wikipedia.org/w/index.php?title=Pesquisas_de_opini%C3%A3o_para_a_elei%C3%A7%C3%A3o_presidencial_no_Brasil_em_2026&oldid=73082572,wikipedia_revision,73082572.0,2026-09-29T15:02:36Z,unverified,,9ca942a568882bbd6b774a0d5553b585fd3c21e22108b84064e56abca54efbeb,blank_null_includes_undecided
2026-1-f5c54c86cf,2026,1,,Vox Brasil,,2026-08-25,2026-08-27,,2100,,main,Samara Martins,0.1,total,10.3,,0.11148272017837235,https://pt.wikipedia.org/w/index.php?title=Pesquisas_de_opini%C3%A3o_para_a_elei%C3%A7%C3%A3o_presidencial_no_Brasil_em_2026&oldid=73082572,wikipedia_revision,73082572.0,2026-09-29T15:02:36Z,unverified,,9ca942a568882bbd6b774a0d5553b585fd3c21e22108b84064e56abca54efbeb,blank_null_includes_undecided
2026-1-f5c54c86cf,2026,1,,Vox Brasil,,2026-08-25,2026-08-27,,2100,,main,Wilson Grassi,0.4,total,10.3,,0.4459308807134894,https://pt.wikipedia.org/w/index.php?title=Pesquisas_de_opini%C3%A3o_para_a_elei%C3%A7%C3%A3o_presidencial_no_Brasil_em_2026&oldid=73082572,wikipedia_revision,73082572.0,2026-09-29T15:02:36Z,unverified,,9ca942a568882bbd6b774a0d5553b585fd3c21e22108b84064e56abca54efbeb,blank_null_includes_undecided
2026-1-f5c54c86cf,2026,1,,Vox Brasil,,2026-08-25,2026-08-27,,2100,,main,Clariana Barão,0.8,total,10.3,,0.8918617614269788,https://pt.wikipedia.org/w/index.php?title=Pesquisas_de_opini%C3%A3o_para_a_elei%C3%A7%C3%A3o_presidencial_no_Brasil_em_2026&oldid=73082572,wikipedia_revision,73082572.0,2026-09-29T15:02:36Z,unverified,,9ca942a568882bbd6b774a0d5553b585fd3c21e22108b84064e56abca54efbeb,blank_null_includes_undecided
2026-1-f5c54c86cf,2026,1,,Vox Brasil,,2026-08-25,2026-08-27,,2100,,main,Hertz Dias,0.1,total,10.3,,0.11148272017837235,https://pt.wikipedia.org/w/index.php?title=Pesquisas_de_opini%C3%A3o_para_a_elei%C3%A7%C3%A3o_presidencial_no_Brasil_em_2026&oldid=73082572,wikipedia_revision,73082572.0,2026-09-29T15:02:36Z,unverified,,9ca942a568882bbd6b774a0d5553b585fd3c21e22108b84064e56abca54efbeb,blank_null_includes_undecided
2026-1-f5c54c86cf,2026,1,,Vox Brasil,,2026-08-25,2026-08-27,,2100,,main,Edmilson Costa,0.5,total,10.3,,0.5574136008918618,https://pt.wikipedia.org/w/index.php?title=Pesquisas_de_opini%C3%A3o_para_a_elei%C3%A7%C3%A3o_presidencial_no_Brasil_em_2026&oldid=73082572,wikipedia_revision,73082572.0,2026-09-29T15:02:36Z,unverified,,9ca942a568882bbd6b774a0d5553b585fd3c21e22108b84064e56abca54efbeb,blank_null_includes_undecided
2026-1-f5c54c86cf,2026,1,,Vox Brasil,,2026-08-25,2026-08-27,,2100,,main,Rui Costa Pimenta,0.2,total,10.3,,0.2229654403567447,https://pt.wikipedia.org/w/index.php?title=Pesquisas_de_opini%C3%A3o_para_a_elei%C3%A7%C3%A3o_presidencial_no_Brasil_em_2026&oldid=73082572,wikipedia_revision,73082572.0,2026-09-29T15:02:36Z,unverified,,9ca942a568882bbd6b774a0d5553b585fd3c21e22108b84064e56abca54efbeb,blank_null_includes_undecided
2026-1-ca146cb55a,2026,1,,Indexa,Broadcast,2026-08-20,2026-08-23,,2000,,without Pablo Marçal,Lula,39.0,total,16.0,,46.42857142857143,https://pt.wikipedia.org/w/index.php?title=Pesquisas_de_opini%C3%A3o_para_a_elei%C3%A7%C3%A3o_presidencial_no_Brasil_em_2026&oldid=73082572,wikipedia_revision,73082572.0,2026-09-29T15:02:36Z,unverified,,9ca942a568882bbd6b774a0d5553b585fd3c21e22108b84064e56abca54efbeb,blank_null_includes_undecided
2026-1-ca146cb55a,2026,1,,Indexa,Broadcast,2026-08-20,2026-08-23,,2000,,without Pablo Marçal,Flávio Bolsonaro,34.0,total,16.0,,40.476190476190474,https://pt.wikipedia.org/w/index.php?title=Pesquisas_de_opini%C3%A3o_para_a_elei%C3%A7%C3%A3o_presidencial_no_Brasil_em_2026&oldid=73082572,wikipedia_revision,73082572.0,2026-09-29T15:02:36Z,unverified,,9ca942a568882bbd6b774a0d5553b585fd3c21e22108b84064e56abca54efbeb,blank_null_includes_undecided
2026-1-ca146cb55a,2026,1,,Indexa,Broadcast,2026-08-20,2026-08-23,,2000,,without Pablo Marçal,Ronaldo Caiado,5.0,total,16.0,,5.9523809523809526,https://pt.wikipedia.org/w/index.php?title=Pesquisas_de_opini%C3%A3o_para_a_elei%C3%A7%C3%A3o_presidencial_no_Brasil_em_2026&oldid=73082572,wikipedia_revision,73082572.0,2026-09-29T15:02:36Z,unverified,,9ca942a568882bbd6b774a0d5553b585fd3c21e22108b84064e56abca54efbeb,blank_null_includes_undecided
2026-1-ca146cb55a,2026,1,,Indexa,Broadcast,2026-08-20,2026-08-23,,2000,,without Pablo Marçal,Romeu Zema,1.0,total,16.0,,1.1904761904761905,https://pt.wikipedia.org/w/index.php?title=Pesquisas_de_opini%C3%A3o_para_a_elei%C3%A7%C3%A3o_presidencial_no_Brasil_em_2026&oldid=73082572,wikipedia_revision,73082572.0,2026-09-29T15:02:36Z,unverified,,9ca942a568882bbd6b774a0d5553b585fd3c21e22108b84064e56abca54efbeb,blank_null_includes_undecided
2026-1-ca146cb55a,2026,1,,Indexa,Broadcast,2026-08-20,2026-08-23,,2000,,without Pablo Marçal,Renan Santos,4.0,total,16.0,,4.761904761904762,https://pt.wikipedia.org/w/index.php?title=Pesquisas_de_opini%C3%A3o_para_a_elei%C3%A7%C3%A3o_presidencial_no_Brasil_em_2026&oldid=73082572,wikipedia_revision,73082572.0,2026-09-29T15:02:36Z,unverified,,9ca942a568882bbd6b774a0d5553b585fd3c21e22108b84064e56abca54efbeb,blank_null_includes_undecided
2026-1-ca146cb55a,2026,1,,Indexa,Broadcast,2026-08-20,2026-08-23,,2000,,without Pablo Marçal,Augusto Cury,1.0,total,16.0,,1.1904761904761905,https://pt.wikipedia.org/w/index.php?title=Pesquisas_de_opini%C3%A3o_para_a_elei%C3%A7%C3%A3o_presidencial_no_Brasil_em_2026&oldid=73082572,wikipedia_revision,73082572.0,2026-09-29T15:02:36Z,unverified,,9ca942a568882bbd6b774a0d5553b585fd3c21e22108b84064e56abca54efbeb,blank_null_includes_undecided
2026-1-ca146cb55a,2026,1,,Indexa,Broadcast,2026-08-20,2026-08-23,,2000,,without Pablo Marçal,Samara Martins,0.0,total,16.0,,0.0,https://pt.wikipedia.org/w/index.php?title=Pesquisas_de_opini%C3%A3o_para_a_elei%C3%A7%C3%A3o_presidencial_no_Brasil_em_2026&oldid=73082572,wikipedia_revision,73082572.0,2026-09-29T15:02:36Z,unverified,,9ca942a568882bbd6b774a0d5553b585fd3c21e22108b84064e56abca54efbeb,blank_null_includes_undecided
2026-1-ca146cb55a,2026,1,,Indexa,Broadcast,2026-08-20,2026-08-23,,2000,,without Pablo Marçal,Wilson Grassi,0.0,total,16.0,,0.0,https://pt.wikipedia.org/w/index.php?title=Pesquisas_de_opini%C3%A3o_para_a_elei%C3%A7%C3%A3o_presidencial_no_Brasil_em_2026&oldid=73082572,wikipedia_revision,73082572.0,2026-09-29T15:02:36Z,unverified,,9ca942a568882bbd6b774a0d5553b585fd3c21e22108b84064e56abca54efbeb,blank_null_includes_undecided
2026-1-ca146cb55a,2026,1,,Indexa,Broadcast,2026-08-20,2026-08-23,,2000,,without Pablo Marçal,Clariana Barão,0.0,total,16.0,,0.0,https://pt.wikipedia.org/w/index.php?title=Pesquisas_de_opini%C3%A3o_para_a_elei%C3%A7%C3%A3o_presidencial_no_Brasil_em_2026&oldid=73082572,wikipedia_revision,73082572.0,2026-09-29T15:02:36Z,unverified,,9ca942a568882bbd6b774a0d5553b585fd3c21e22108b84064e56abca54efbeb,blank_null_includes_undecided
2026-1-ca146cb55a,2026,1,,Indexa,Broadcast,2026-08-20,2026-08-23,,2000,,without Pablo Marçal,Hertz Dias,0.0,total,16.0,,0.0,https://pt.wikipedia.org/w/index.php?title=Pesquisas_de_opini%C3%A3o_para_a_elei%C3%A7%C3%A3o_presidencial_no_Brasil_em_2026&oldid=73082572,wikipedia_revision,73082572.0,2026-09-29T15:02:36Z,unverified,,9ca942a568882bbd6b774a0d5553b585fd3c21e22108b84064e56abca54efbeb,blank_null_includes_undecided
2026-1-ca146cb55a,2026,1,,Indexa,Broadcast,2026-08-20,2026-08-23,,2000,,without Pablo Marçal,Edmilson Costa,0.0,total,16.0,,0.0,https://pt.wikipedia.org/w/index.php?title=Pesquisas_de_opini%C3%A3o_para_a_elei%C3%A7%C3%A3o_presidencial_no_Brasil_em_2026&oldid=73082572,wikipedia_revision,73082572.0,2026-09-29T15:02:36Z,unverified,,9ca942a568882bbd6b774a0d5553b585fd3c21e22108b84064e56abca54efbeb,blank_null_includes_undecided
2026-1-ca146cb55a,2026,1,,Indexa,Broadcast,2026-08-20,2026-08-23,,2000,,without Pablo Marçal,Rui Costa Pimenta,0.0,total,16.0,,0.0,https://pt.wikipedia.org/w/index.php?title=Pesquisas_de_opini%C3%A3o_para_a_elei%C3%A7%C3%A3o_presidencial_no_Brasil_em_2026&oldid=73082572,wikipedia_revision,73082572.0,2026-09-29T15:02:36Z,unverified,,9ca942a568882bbd6b774a0d5553b585fd3c21e22108b84064e56abca54efbeb,blank_null_includes_undecided
2026-1-7a0844b9da,2026,1,,Nexus,BTG Pactual,2026-08-21,2026-08-23,,2006,,without Pablo Marçal,Lula,41.0,total,8.0,,44.56521739130435,https://pt.wikipedia.org/w/index.php?title=Pesquisas_de_opini%C3%A3o_para_a_elei%C3%A7%C3%A3o_presidencial_no_Brasil_em_2026&oldid=73082572,wikipedia_revision,73082572.0,2026-09-29T15:02:36Z,unverified,,9ca942a568882bbd6b774a0d5553b585fd3c21e22108b84064e56abca54efbeb,blank_null_includes_undecided
2026-1-7a0844b9da,2026,1,,Nexus,BTG Pactual,2026-08-21,2026-08-23,,2006,,without Pablo Marçal,Flávio Bolsonaro,37.0,total,8.0,,40.21739130434783,https://pt.wikipedia.org/w/index.php?title=Pesquisas_de_opini%C3%A3o_para_a_elei%C3%A7%C3%A3o_presidencial_no_Brasil_em_2026&oldid=73082572,wikipedia_revision,73082572.0,2026-09-29T15:02:36Z,unverified,,9ca942a568882bbd6b774a0d5553b585fd3c21e22108b84064e56abca54efbeb,blank_null_includes_undecided
2026-1-7a0844b9da,2026,1,,Nexus,BTG Pactual,2026-08-21,2026-08-23,,2006,,without Pablo Marçal,Ronaldo Caiado,5.0,total,8.0,,5.434782608695652,https://pt.wikipedia.org/w/index.php?title=Pesquisas_de_opini%C3%A3o_para_a_elei%C3%A7%C3%A3o_presidencial_no_Brasil_em_2026&oldid=73082572,wikipedia_revision,73082572.0,2026-09-29T15:02:36Z,unverified,,9ca942a568882bbd6b774a0d5553b585fd3c21e22108b84064e56abca54efbeb,blank_null_includes_undecided
2026-1-7a0844b9da,2026,1,,Nexus,BTG Pactual,2026-08-21,2026-08-23,,2006,,without Pablo Marçal,Romeu Zema,3.0,total,8.0,,3.260869565217391,https://pt.wikipedia.org/w/index.php?title=Pesquisas_de_opini%C3%A3o_para_a_elei%C3%A7%C3%A3o_presidencial_no_Brasil_em_2026&oldid=73082572,wikipedia_revision,73082572.0,2026-09-29T15:02:36Z,unverified,,9ca942a568882bbd6b774a0d5553b585fd3c21e22108b84064e56abca54efbeb,blank_null_includes_undecided
2026-1-7a0844b9da,2026,1,,Nexus,BTG Pactual,2026-08-21,2026-08-23,,2006,,without Pablo Marçal,Renan Santos,3.0,total,8.0,,3.260869565217391,https://pt.wikipedia.org/w/index.php?title=Pesquisas_de_opini%C3%A3o_para_a_elei%C3%A7%C3%A3o_presidencial_no_Brasil_em_2026&oldid=73082572,wikipedia_revision,73082572.0,2026-09-29T15:02:36Z,unverified,,9ca942a568882bbd6b774a0d5553b585fd3c21e22108b84064e56abca54efbeb,blank_null_includes_undecided
2026-1-7a0844b9da,2026,1,,Nexus,BTG Pactual,2026-08-21,2026-08-23,,2006,,without Pablo Marçal,Augusto Cury,2.0,total,8.0,,2.1739130434782608,https://pt.wikipedia.org/w/index.php?title=Pesquisas_de_opini%C3%A3o_para_a_elei%C3%A7%C3%A3o_presidencial_no_Brasil_em_2026&oldid=73082572,wikipedia_revision,73082572.0,2026-09-29T15:02:36Z,unverified,,9ca942a568882bbd6b774a0d5553b585fd3c21e22108b84064e56abca54efbeb,blank_null_includes_undecided
2026-1-7a0844b9da,2026,1,,Nexus,BTG Pactual,2026-08-21,2026-08-23,,2006,,without Pablo Marçal,Samara Martins,1.0,total,8.0,,1.0869565217391304,https://pt.wikipedia.org/w/index.php?title=Pesquisas_de_opini%C3%A3o_para_a_elei%C3%A7%C3%A3o_presidencial_no_Brasil_em_2026&oldid=73082572,wikipedia_revision,73082572.0,2026-09-29T15:02:36Z,unverified,,9ca942a568882bbd6b774a0d5553b585fd3c21e22108b84064e56abca54efbeb,blank_null_includes_undecided
2026-1-7a0844b9da,2026,1,,Nexus,BTG Pactual,2026-08-21,2026-08-23,,2006,,without Pablo Marçal,Wilson Grassi,0.0,total,8.0,,0.0,https://pt.wikipedia.org/w/index.php?title=Pesquisas_de_opini%C3%A3o_para_a_elei%C3%A7%C3%A3o_presidencial_no_Brasil_em_2026&oldid=73082572,wikipedia_revision,73082572.0,2026-09-29T15:02:36Z,unverified,,9ca942a568882bbd6b774a0d5553b585fd3c21e22108b84064e56abca54efbeb,blank_null_includes_undecided
2026-1-7a0844b9da,2026,1,,Nexus,BTG Pactual,2026-08-21,2026-08-23,,2006,,without Pablo Marçal,Clariana Barão,0.0,total,8.0,,0.0,https://pt.wikipedia.org/w/index.php?title=Pesquisas_de_opini%C3%A3o_para_a_elei%C3%A7%C3%A3o_presidencial_no_Brasil_em_2026&oldid=73082572,wikipedia_revision,73082572.0,2026-09-29T15:02:36Z,unverified,,9ca942a568882bbd6b774a0d5553b585fd3c21e22108b84064e56abca54efbeb,blank_null_includes_undecided
2026-1-7a0844b9da,2026,1,,Nexus,BTG Pactual,2026-08-21,2026-08-23,,2006,,without Pablo Marçal,Hertz Dias,0.0,total,8.0,,0.0,https://pt.wikipedia.org/w/index.php?title=Pesquisas_de_opini%C3%A3o_para_a_elei%C3%A7%C3%A3o_presidencial_no_Brasil_em_2026&oldid=73082572,wikipedia_revision,73082572.0,2026-09-29T15:02:36Z,unverified,,9ca942a568882bbd6b774a0d5553b585fd3c21e22108b84064e56abca54efbeb,blank_null_includes_undecided
2026-1-7a0844b9da,2026,1,,Nexus,BTG Pactual,2026-08-21,2026-08-23,,2006,,without Pablo Marçal,Edmilson Costa,0.0,total,8.0,,0.0,https://pt.wikipedia.org/w/index.php?title=Pesquisas_de_opini%C3%A3o_para_a_elei%C3%A7%C3%A3o_presidencial_no_Brasil_em_2026&oldid=73082572,wikipedia_revision,73082572.0,2026-09-29T15:02:36Z,unverified,,9ca942a568882bbd6b774a0d5553b585fd3c21e22108b84064e56abca54efbeb,blank_null_includes_undecided
2026-1-7a0844b9da,2026,1,,Nexus,BTG Pactual,2026-08-21,2026-08-23,,2006,,without Pablo Marçal,Rui Costa Pimenta,0.0,total,8.0,,0.0,https://pt.wikipedia.org/w/index.php?title=Pesquisas_de_opini%C3%A3o_para_a_elei%C3%A7%C3%A3o_presidencial_no_Brasil_em_2026&oldid=73082572,wikipedia_revision,73082572.0,2026-09-29T15:02:36Z,unverified,,9ca942a568882bbd6b774a0d5553b585fd3c21e22108b84064e56abca54efbeb,blank_null_includes_undecided
2026-1-f25b09cd46,2026,1,,Datafolha,,2026-08-18,2026-08-20,,2058,,without Pablo Marçal,Lula,39.0,total,10.0,,43.333333333333336,https://pt.wikipedia.org/w/index.php?title=Pesquisas_de_opini%C3%A3o_para_a_elei%C3%A7%C3%A3o_presidencial_no_Brasil_em_2026&oldid=73082572,wikipedia_revision,73082572.0,2026-09-29T15:02:36Z,unverified,,9ca942a568882bbd6b774a0d5553b585fd3c21e22108b84064e56abca54efbeb,blank_null_includes_undecided
2026-1-f25b09cd46,2026,1,,Datafolha,,2026-08-18,2026-08-20,,2058,,without Pablo Marçal,Flávio Bolsonaro,33.0,total,10.0,,36.666666666666664,https://pt.wikipedia.org/w/index.php?title=Pesquisas_de_opini%C3%A3o_para_a_elei%C3%A7%C3%A3o_presidencial_no_Brasil_em_2026&oldid=73082572,wikipedia_revision,73082572.0,2026-09-29T15:02:36Z,unverified,,9ca942a568882bbd6b774a0d5553b585fd3c21e22108b84064e56abca54efbeb,blank_null_includes_undecided
2026-1-f25b09cd46,2026,1,,Datafolha,,2026-08-18,2026-08-20,,2058,,without Pablo Marçal,Ronaldo Caiado,5.0,total,10.0,,5.555555555555555,https://pt.wikipedia.org/w/index.php?title=Pesquisas_de_opini%C3%A3o_para_a_elei%C3%A7%C3%A3o_presidencial_no_Brasil_em_2026&oldid=73082572,wikipedia_revision,73082572.0,2026-09-29T15:02:36Z,unverified,,9ca942a568882bbd6b774a0d5553b585fd3c21e22108b84064e56abca54efbeb,blank_null_includes_undecided
2026-1-f25b09cd46,2026,1,,Datafolha,,2026-08-18,2026-08-20,,2058,,without Pablo Marçal,Romeu Zema,3.0,total,10.0,,3.3333333333333335,https://pt.wikipedia.org/w/index.php?title=Pesquisas_de_opini%C3%A3o_para_a_elei%C3%A7%C3%A3o_presidencial_no_Brasil_em_2026&oldid=73082572,wikipedia_revision,73082572.0,2026-09-29T15:02:36Z,unverified,,9ca942a568882bbd6b774a0d5553b585fd3c21e22108b84064e56abca54efbeb,blank_null_includes_undecided
2026-1-f25b09cd46,2026,1,,Datafolha,,2026-08-18,2026-08-20,,2058,,without Pablo Marçal,Renan Santos,4.0,total,10.0,,4.444444444444445,https://pt.wikipedia.org/w/index.php?title=Pesquisas_de_opini%C3%A3o_para_a_elei%C3%A7%C3%A3o_presidencial_no_Brasil_em_2026&oldid=73082572,wikipedia_revision,73082572.0,2026-09-29T15:02:36Z,unverified,,9ca942a568882bbd6b774a0d5553b585fd3c21e22108b84064e56abca54efbeb,blank_null_includes_undecided
2026-1-f25b09cd46,2026,1,,Datafolha,,2026-08-18,2026-08-20,,2058,,without Pablo Marçal,Augusto Cury,2.0,total,10.0,,2.2222222222222223,https://pt.wikipedia.org/w/index.php?title=Pesquisas_de_opini%C3%A3o_para_a_elei%C3%A7%C3%A3o_presidencial_no_Brasil_em_2026&oldid=73082572,wikipedia_revision,73082572.0,2026-09-29T15:02:36Z,unverified,,9ca942a568882bbd6b774a0d5553b585fd3c21e22108b84064e56abca54efbeb,blank_null_includes_undecided
2026-1-f25b09cd46,2026,1,,Datafolha,,2026-08-18,2026-08-20,,2058,,without Pablo Marçal,Samara Martins,1.0,total,10.0,,1.1111111111111112,https://pt.wikipedia.org/w/index.php?title=Pesquisas_de_opini%C3%A3o_para_a_elei%C3%A7%C3%A3o_presidencial_no_Brasil_em_2026&oldid=73082572,wikipedia_revision,73082572.0,2026-09-29T15:02:36Z,unverified,,9ca942a568882bbd6b774a0d5553b585fd3c21e22108b84064e56abca54efbeb,blank_null_includes_undecided
2026-1-f25b09cd46,2026,1,,Datafolha,,2026-08-18,2026-08-20,,2058,,without Pablo Marçal,Wilson Grassi,1.0,total,10.0,,1.1111111111111112,https://pt.wikipedia.org/w/index.php?title=Pesquisas_de_opini%C3%A3o_para_a_elei%C3%A7%C3%A3o_presidencial_no_Brasil_em_2026&oldid=73082572,wikipedia_revision,73082572.0,2026-09-29T15:02:36Z,unverified,,9ca942a568882bbd6b774a0d5553b585fd3c21e22108b84064e56abca54efbeb,blank_null_includes_undecided
2026-1-f25b09cd46,2026,1,,Datafolha,,2026-08-18,2026-08-20,,2058,,without Pablo Marçal,Clariana Barão,0.0,total,10.0,,0.0,https://pt.wikipedia.org/w/index.php?title=Pesquisas_de_opini%C3%A3o_para_a_elei%C3%A7%C3%A3o_presidencial_no_Brasil_em_2026&oldid=73082572,wikipedia_revision,73082572.0,2026-09-29T15:02:36Z,unverified,,9ca942a568882bbd6b774a0d5553b585fd3c21e22108b84064e56abca54efbeb,blank_null_includes_undecided
2026-1-f25b09cd46,2026,1,,Datafolha,,2026-08-18,2026-08-20,,2058,,without Pablo Marçal,Hertz Dias,0.0,total,10.0,,0.0,https://pt.wikipedia.org/w/index.php?title=Pesquisas_de_opini%C3%A3o_para_a_elei%C3%A7%C3%A3o_presidencial_no_Brasil_em_2026&oldid=73082572,wikipedia_revision,73082572.0,2026-09-29T15:02:36Z,unverified,,9ca942a568882bbd6b774a0d5553b585fd3c21e22108b84064e56abca54efbeb,blank_null_includes_undecided
2026-1-f25b09cd46,2026,1,,Datafolha,,2026-08-18,2026-08-20,,2058,,without Pablo Marçal,Edmilson Costa,1.0,total,10.0,,1.1111111111111112,https://pt.wikipedia.org/w/index.php?title=Pesquisas_de_opini%C3%A3o_para_a_elei%C3%A7%C3%A3o_presidencial_no_Brasil_em_2026&oldid=73082572,wikipedia_revision,73082572.0,2026-09-29T15:02:36Z,unverified,,9ca942a568882bbd6b774a0d5553b585fd3c21e22108b84064e56abca54efbeb,blank_null_includes_undecided
2026-1-f25b09cd46,2026,1,,Datafolha,,2026-08-18,2026-08-20,,2058,,without Pablo Marçal,Rui Costa Pimenta,1.0,total,10.0,,1.1111111111111112,https://pt.wikipedia.org/w/index.php?title=Pesquisas_de_opini%C3%A3o_para_a_elei%C3%A7%C3%A3o_presidencial_no_Brasil_em_2026&oldid=73082572,wikipedia_revision,73082572.0,2026-09-29T15:02:36Z,unverified,,9ca942a568882bbd6b774a0d5553b585fd3c21e22108b84064e56abca54efbeb,blank_null_includes_undecided
2026-1-5e20491f0c,2026,1,,Nexus,BTG Pactual,2026-08-14,2026-08-16,,2003,,main,Lula,41.0,total,7.0,,44.56521739130435,https://pt.wikipedia.org/w/index.php?title=Pesquisas_de_opini%C3%A3o_para_a_elei%C3%A7%C3%A3o_presidencial_no_Brasil_em_2026&oldid=73082572,wikipedia_revision,73082572.0,2026-09-29T15:02:36Z,unverified,,9ca942a568882bbd6b774a0d5553b585fd3c21e22108b84064e56abca54efbeb,others_column_named_candidate;blank_null_includes_undecided
2026-1-5e20491f0c,2026,1,,Nexus,BTG Pactual,2026-08-14,2026-08-16,,2003,,main,Flávio Bolsonaro,36.0,total,7.0,,39.130434782608695,https://pt.wikipedia.org/w/index.php?title=Pesquisas_de_opini%C3%A3o_para_a_elei%C3%A7%C3%A3o_presidencial_no_Brasil_em_2026&oldid=73082572,wikipedia_revision,73082572.0,2026-09-29T15:02:36Z,unverified,,9ca942a568882bbd6b774a0d5553b585fd3c21e22108b84064e56abca54efbeb,others_column_named_candidate;blank_null_includes_undecided
2026-1-5e20491f0c,2026,1,,Nexus,BTG Pactual,2026-08-14,2026-08-16,,2003,,main,Ronaldo Caiado,5.0,total,7.0,,5.434782608695652,https://pt.wikipedia.org/w/index.php?title=Pesquisas_de_opini%C3%A3o_para_a_elei%C3%A7%C3%A3o_presidencial_no_Brasil_em_2026&oldid=73082572,wikipedia_revision,73082572.0,2026-09-29T15:02:36Z,unverified,,9ca942a568882bbd6b774a0d5553b585fd3c21e22108b84064e56abca54efbeb,others_column_named_candidate;blank_null_includes_undecided
2026-1-5e20491f0c,2026,1,,Nexus,BTG Pactual,2026-08-14,2026-08-16,,2003,,main,Romeu Zema,4.0,total,7.0,,4.3478260869565215,https://pt.wikipedia.org/w/index.php?title=Pesquisas_de_opini%C3%A3o_para_a_elei%C3%A7%C3%A3o_presidencial_no_Brasil_em_2026&oldid=73082572,wikipedia_revision,73082572.0,2026-09-29T15:02:36Z,unverified,,9ca942a568882bbd6b774a0d5553b585fd3c21e22108b84064e56abca54efbeb,others_column_named_candidate;blank_null_includes_undecided
2026-1-5e20491f0c,2026,1,,Nexus,BTG Pactual,2026-08-14,2026-08-16,,2003,,main,Renan Santos,4.0,total,7.0,,4.3478260869565215,https://pt.wikipedia.org/w/index.php?title=Pesquisas_de_opini%C3%A3o_para_a_elei%C3%A7%C3%A3o_presidencial_no_Brasil_em_2026&oldid=73082572,wikipedia_revision,73082572.0,2026-09-29T15:02:36Z,unverified,,9ca942a568882bbd6b774a0d5553b585fd3c21e22108b84064e56abca54efbeb,others_column_named_candidate;blank_null_includes_undecided
2026-1-5e20491f0c,2026,1,,Nexus,BTG Pactual,2026-08-14,2026-08-16,,2003,,main,Augusto Cury,1.0,total,7.0,,1.0869565217391304,https://pt.wikipedia.org/w/index.php?title=Pesquisas_de_opini%C3%A3o_para_a_elei%C3%A7%C3%A3o_presidencial_no_Brasil_em_2026&oldid=73082572,wikipedia_revision,73082572.0,2026-09-29T15:02:36Z,unverified,,9ca942a568882bbd6b774a0d5553b585fd3c21e22108b84064e56abca54efbeb,others_column_named_candidate;blank_null_includes_undecided
2026-1-5e20491f0c,2026,1,,Nexus,BTG Pactual,2026-08-14,2026-08-16,,2003,,main,Samara Martins,1.0,total,7.0,,1.0869565217391304,https://pt.wikipedia.org/w/index.php?title=Pesquisas_de_opini%C3%A3o_para_a_elei%C3%A7%C3%A3o_presidencial_no_Brasil_em_2026&oldid=73082572,wikipedia_revision,73082572.0,2026-09-29T15:02:36Z,unverified,,9ca942a568882bbd6b774a0d5553b585fd3c21e22108b84064e56abca54efbeb,others_column_named_candidate;blank_null_includes_undecided
2026-1-5e20491f0c,2026,1,,Nexus,BTG Pactual,2026-08-14,2026-08-16,,2003,,main,Wilson Grassi,0.0,total,7.0,,0.0,https://pt.wikipedia.org/w/index.php?title=Pesquisas_de_opini%C3%A3o_para_a_elei%C3%A7%C3%A3o_presidencial_no_Brasil_em_2026&oldid=73082572,wikipedia_revision,73082572.0,2026-09-29T15:02:36Z,unverified,,9ca942a568882bbd6b774a0d5553b585fd3c21e22108b84064e56abca54efbeb,others_column_named_candidate;blank_null_includes_undecided
2026-1-5e20491f0c,2026,1,,Nexus,BTG Pactual,2026-08-14,2026-08-16,,2003,,main,Clariana Barão,0.0,total,7.0,,0.0,https://pt.wikipedia.org/w/index.php?title=Pesquisas_de_opini%C3%A3o_para_a_elei%C3%A7%C3%A3o_presidencial_no_Brasil_em_2026&oldid=73082572,wikipedia_revision,73082572.0,2026-09-29T15:02:36Z,unverified,,9ca942a568882bbd6b774a0d5553b585fd3c21e22108b84064e56abca54efbeb,others_column_named_candidate;blank_null_includes_undecided
2026-1-5e20491f0c,2026,1,,Nexus,BTG Pactual,2026-08-14,2026-08-16,,2003,,main,Hertz Dias,0.0,total,7.0,,0.0,https://pt.wikipedia.org/w/index.php?title=Pesquisas_de_opini%C3%A3o_para_a_elei%C3%A7%C3%A3o_presidencial_no_Brasil_em_2026&oldid=73082572,wikipedia_revision,73082572.0,2026-09-29T15:02:36Z,unverified,,9ca942a568882bbd6b774a0d5553b585fd3c21e22108b84064e56abca54efbeb,others_column_named_candidate;blank_null_includes_undecided
2026-1-5e20491f0c,2026,1,,Nexus,BTG Pactual,2026-08-14,2026-08-16,,2003,,main,Edmilson Costa,0.0,total,7.0,,0.0,https://pt.wikipedia.org/w/index.php?title=Pesquisas_de_opini%C3%A3o_para_a_elei%C3%A7%C3%A3o_presidencial_no_Brasil_em_2026&oldid=73082572,wikipedia_revision,73082572.0,2026-09-29T15:02:36Z,unverified,,9ca942a568882bbd6b774a0d5553b585fd3c21e22108b84064e56abca54efbeb,others_column_named_candidate;blank_null_includes_undecided
2026-1-5e20491f0c,2026,1,,Nexus,BTG Pactual,2026-08-14,2026-08-16,,2003,,main,Rui Costa Pimenta,0.0,total,7.0,,0.0,https://pt.wikipedia.org/w/index.php?title=Pesquisas_de_opini%C3%A3o_para_a_elei%C3%A7%C3%A3o_presidencial_no_Brasil_em_2026&oldid=73082572,wikipedia_revision,73082572.0,2026-09-29T15:02:36Z,unverified,,9ca942a568882bbd6b774a0d5553b585fd3c21e22108b84064e56abca54efbeb,others_column_named_candidate;blank_null_includes_undecided
2026-1-5e20491f0c,2026,1,,Nexus,BTG Pactual,2026-08-14,2026-08-16,,2003,,main,Heró Bezerra,0.0,total,7.0,,0.0,https://pt.wikipedia.org/w/index.php?title=Pesquisas_de_opini%C3%A3o_para_a_elei%C3%A7%C3%A3o_presidencial_no_Brasil_em_2026&oldid=73082572,wikipedia_revision,73082572.0,2026-09-29T15:02:36Z,unverified,,9ca942a568882bbd6b774a0d5553b585fd3c21e22108b84064e56abca54efbeb,others_column_named_candidate;blank_null_includes_undecided
2026-1-d82aaa7fd1,2026,1,,Quaest,Genial,2026-08-10,2026-08-13,,2004,,main,Lula,38.0,total,18.0,,46.34146341463415,https://pt.wikipedia.org/w/index.php?title=Pesquisas_de_opini%C3%A3o_para_a_elei%C3%A7%C3%A3o_presidencial_no_Brasil_em_2026&oldid=73082572,wikipedia_revision,73082572.0,2026-09-29T15:02:36Z,unverified,,9ca942a568882bbd6b774a0d5553b585fd3c21e22108b84064e56abca54efbeb,others_split_from_footnote;blank_null_includes_undecided
2026-1-d82aaa7fd1,2026,1,,Quaest,Genial,2026-08-10,2026-08-13,,2004,,main,Flávio Bolsonaro,31.0,total,18.0,,37.80487804878049,https://pt.wikipedia.org/w/index.php?title=Pesquisas_de_opini%C3%A3o_para_a_elei%C3%A7%C3%A3o_presidencial_no_Brasil_em_2026&oldid=73082572,wikipedia_revision,73082572.0,2026-09-29T15:02:36Z,unverified,,9ca942a568882bbd6b774a0d5553b585fd3c21e22108b84064e56abca54efbeb,others_split_from_footnote;blank_null_includes_undecided
2026-1-d82aaa7fd1,2026,1,,Quaest,Genial,2026-08-10,2026-08-13,,2004,,main,Ronaldo Caiado,4.0,total,18.0,,4.878048780487805,https://pt.wikipedia.org/w/index.php?title=Pesquisas_de_opini%C3%A3o_para_a_elei%C3%A7%C3%A3o_presidencial_no_Brasil_em_2026&oldid=73082572,wikipedia_revision,73082572.0,2026-09-29T15:02:36Z,unverified,,9ca942a568882bbd6b774a0d5553b585fd3c21e22108b84064e56abca54efbeb,others_split_from_footnote;blank_null_includes_undecided
2026-1-d82aaa7fd1,2026,1,,Quaest,Genial,2026-08-10,2026-08-13,,2004,,main,Romeu Zema,2.0,total,18.0,,2.4390243902439024,https://pt.wikipedia.org/w/index.php?title=Pesquisas_de_opini%C3%A3o_para_a_elei%C3%A7%C3%A3o_presidencial_no_Brasil_em_2026&oldid=73082572,wikipedia_revision,73082572.0,2026-09-29T15:02:36Z,unverified,,9ca942a568882bbd6b774a0d5553b585fd3c21e22108b84064e56abca54efbeb,others_split_from_footnote;blank_null_includes_undecided
2026-1-d82aaa7fd1,2026,1,,Quaest,Genial,2026-08-10,2026-08-13,,2004,,main,Renan Santos,4.0,total,18.0,,4.878048780487805,https://pt.wikipedia.org/w/index.php?title=Pesquisas_de_opini%C3%A3o_para_a_elei%C3%A7%C3%A3o_presidencial_no_Brasil_em_2026&oldid=73082572,wikipedia_revision,73082572.0,2026-09-29T15:02:36Z,unverified,,9ca942a568882bbd6b774a0d5553b585fd3c21e22108b84064e56abca54efbeb,others_split_from_footnote;blank_null_includes_undecided
2026-1-d82aaa7fd1,2026,1,,Quaest,Genial,2026-08-10,2026-08-13,,2004,,main,Augusto Cury,2.0,total,18.0,,2.4390243902439024,https://pt.wikipedia.org/w/index.php?title=Pesquisas_de_opini%C3%A3o_para_a_elei%C3%A7%C3%A3o_presidencial_no_Brasil_em_2026&oldid=73082572,wikipedia_revision,73082572.0,2026-09-29T15:02:36Z,unverified,,9ca942a568882bbd6b774a0d5553b585fd3c21e22108b84064e56abca54efbeb,others_split_from_footnote;blank_null_includes_undecided
2026-1-d82aaa7fd1,2026,1,,Quaest,Genial,2026-08-10,2026-08-13,,2004,,main,Samara Martins,1.0,total,18.0,,1.2195121951219512,https://pt.wikipedia.org/w/index.php?title=Pesquisas_de_opini%C3%A3o_para_a_elei%C3%A7%C3%A3o_presidencial_no_Brasil_em_2026&oldid=73082572,wikipedia_revision,73082572.0,2026-09-29T15:02:36Z,unverified,,9ca942a568882bbd6b774a0d5553b585fd3c21e22108b84064e56abca54efbeb,others_split_from_footnote;blank_null_includes_undecided
2026-1-d82aaa7fd1,2026,1,,Quaest,Genial,2026-08-10,2026-08-13,,2004,,main,Wilson Grassi,0.0,total,18.0,,0.0,https://pt.wikipedia.org/w/index.php?title=Pesquisas_de_opini%C3%A3o_para_a_elei%C3%A7%C3%A3o_presidencial_no_Brasil_em_2026&oldid=73082572,wikipedia_revision,73082572.0,2026-09-29T15:02:36Z,unverified,,9ca942a568882bbd6b774a0d5553b585fd3c21e22108b84064e56abca54efbeb,others_split_from_footnote;blank_null_includes_undecided
2026-1-d82aaa7fd1,2026,1,,Quaest,Genial,2026-08-10,2026-08-13,,2004,,main,Clariana Barão,0.0,total,18.0,,0.0,https://pt.wikipedia.org/w/index.php?title=Pesquisas_de_opini%C3%A3o_para_a_elei%C3%A7%C3%A3o_presidencial_no_Brasil_em_2026&oldid=73082572,wikipedia_revision,73082572.0,2026-09-29T15:02:36Z,unverified,,9ca942a568882bbd6b774a0d5553b585fd3c21e22108b84064e56abca54efbeb,others_split_from_footnote;blank_null_includes_undecided
2026-1-d82aaa7fd1,2026,1,,Quaest,Genial,2026-08-10,2026-08-13,,2004,,main,Hertz Dias,0.0,total,18.0,,0.0,https://pt.wikipedia.org/w/index.php?title=Pesquisas_de_opini%C3%A3o_para_a_elei%C3%A7%C3%A3o_presidencial_no_Brasil_em_2026&oldid=73082572,wikipedia_revision,73082572.0,2026-09-29T15:02:36Z,unverified,,9ca942a568882bbd6b774a0d5553b585fd3c21e22108b84064e56abca54efbeb,others_split_from_footnote;blank_null_includes_undecided
2026-1-d82aaa7fd1,2026,1,,Quaest,Genial,2026-08-10,2026-08-13,,2004,,main,Edmilson Costa,0.0,total,18.0,,0.0,https://pt.wikipedia.org/w/index.php?title=Pesquisas_de_opini%C3%A3o_para_a_elei%C3%A7%C3%A3o_presidencial_no_Brasil_em_2026&oldid=73082572,wikipedia_revision,73082572.0,2026-09-29T15:02:36Z,unverified,,9ca942a568882bbd6b774a0d5553b585fd3c21e22108b84064e56abca54efbeb,others_split_from_footnote;blank_null_includes_undecided
2026-1-d82aaa7fd1,2026,1,,Quaest,Genial,2026-08-10,2026-08-13,,2004,,main,Rui Costa Pimenta,0.0,total,18.0,,0.0,https://pt.wikipedia.org/w/index.php?title=Pesquisas_de_opini%C3%A3o_para_a_elei%C3%A7%C3%A3o_presidencial_no_Brasil_em_2026&oldid=73082572,wikipedia_revision,73082572.0,2026-09-29T15:02:36Z,unverified,,9ca942a568882bbd6b774a0d5553b585fd3c21e22108b84064e56abca54efbeb,others_split_from_footnote;blank_null_includes_undecided
2026-1-d82aaa7fd1,2026,1,,Quaest,Genial,2026-08-10,2026-08-13,,2004,,main,Leonardo Avalanche,0.0,total,18.0,,0.0,https://pt.wikipedia.org/w/index.php?title=Pesquisas_de_opini%C3%A3o_para_a_elei%C3%A7%C3%A3o_presidencial_no_Brasil_em_2026&oldid=73082572,wikipedia_revision,73082572.0,2026-09-29T15:02:36Z,unverified,,9ca942a568882bbd6b774a0d5553b585fd3c21e22108b84064e56abca54efbeb,others_split_from_footnote;blank_null_includes_undecided
2026-1-e89349b1ce,2026,1,,PoderData,Aya,2026-08-09,2026-08-12,,2400,,main,Lula,41.0,total,6.0,,44.086021505376344,https://pt.wikipedia.org/w/index.php?title=Pesquisas_de_opini%C3%A3o_para_a_elei%C3%A7%C3%A3o_presidencial_no_Brasil_em_2026&oldid=73082572,wikipedia_revision,73082572.0,2026-09-29T15:02:36Z,unverified,,9ca942a568882bbd6b774a0d5553b585fd3c21e22108b84064e56abca54efbeb,others_split_from_footnote;blank_null_includes_undecided
2026-1-e89349b1ce,2026,1,,PoderData,Aya,2026-08-09,2026-08-12,,2400,,main,Flávio Bolsonaro,35.0,total,6.0,,37.634408602150536,https://pt.wikipedia.org/w/index.php?title=Pesquisas_de_opini%C3%A3o_para_a_elei%C3%A7%C3%A3o_presidencial_no_Brasil_em_2026&oldid=73082572,wikipedia_revision,73082572.0,2026-09-29T15:02:36Z,unverified,,9ca942a568882bbd6b774a0d5553b585fd3c21e22108b84064e56abca54efbeb,others_split_from_footnote;blank_null_includes_undecided
2026-1-e89349b1ce,2026,1,,PoderData,Aya,2026-08-09,2026-08-12,,2400,,main,Ronaldo Caiado,4.0,total,6.0,,4.301075268817204,https://pt.wikipedia.org/w/index.php?title=Pesquisas_de_opini%C3%A3o_para_a_elei%C3%A7%C3%A3o_presidencial_no_Brasil_em_2026&oldid=73082572,wikipedia_revision,73082572.0,2026-09-29T15:02:36Z,unverified,,9ca942a568882bbd6b774a0d5553b585fd3c21e22108b84064e56abca54efbeb,others_split_from_footnote;blank_null_includes_undecided
2026-1-e89349b1ce,2026,1,,PoderData,Aya,2026-08-09,2026-08-12,,2400,,main,Romeu Zema,3.0,total,6.0,,3.225806451612903,https://pt.wikipedia.org/w/index.php?title=Pesquisas_de_opini%C3%A3o_para_a_elei%C3%A7%C3%A3o_presidencial_no_Brasil_em_2026&oldid=73082572,wikipedia_revision,73082572.0,2026-09-29T15:02:36Z,unverified,,9ca942a568882bbd6b774a0d5553b585fd3c21e22108b84064e56abca54efbeb,others_split_from_footnote;blank_null_includes_undecided
2026-1-e89349b1ce,2026,1,,PoderData,Aya,2026-08-09,2026-08-12,,2400,,main,Renan Santos,4.0,total,6.0,,4.301075268817204,https://pt.wikipedia.org/w/index.php?title=Pesquisas_de_opini%C3%A3o_para_a_elei%C3%A7%C3%A3o_presidencial_no_Brasil_em_2026&oldid=73082572,wikipedia_revision,73082572.0,2026-09-29T15:02:36Z,unverified,,9ca942a568882bbd6b774a0d5553b585fd3c21e22108b84064e56abca54efbeb,others_split_from_footnote;blank_null_includes_undecided
2026-1-e89349b1ce,2026,1,,PoderData,Aya,2026-08-09,2026-08-12,,2400,,main,Augusto Cury,3.0,total,6.0,,3.225806451612903,https://pt.wikipedia.org/w/index.php?title=Pesquisas_de_opini%C3%A3o_para_a_elei%C3%A7%C3%A3o_presidencial_no_Brasil_em_2026&oldid=73082572,wikipedia_revision,73082572.0,2026-09-29T15:02:36Z,unverified,,9ca942a568882bbd6b774a0d5553b585fd3c21e22108b84064e56abca54efbeb,others_split_from_footnote;blank_null_includes_undecided
2026-1-e89349b1ce,2026,1,,PoderData,Aya,2026-08-09,2026-08-12,,2400,,main,Clariana Barão,1.0,total,6.0,,1.075268817204301,https://pt.wikipedia.org/w/index.php?title=Pesquisas_de_opini%C3%A3o_para_a_elei%C3%A7%C3%A3o_presidencial_no_Brasil_em_2026&oldid=73082572,wikipedia_revision,73082572.0,2026-09-29T15:02:36Z,unverified,,9ca942a568882bbd6b774a0d5553b585fd3c21e22108b84064e56abca54efbeb,others_split_from_footnote;blank_null_includes_undecided
2026-1-e89349b1ce,2026,1,,PoderData,Aya,2026-08-09,2026-08-12,,2400,,main,Rui Costa Pimenta,1.0,total,6.0,,1.075268817204301,https://pt.wikipedia.org/w/index.php?title=Pesquisas_de_opini%C3%A3o_para_a_elei%C3%A7%C3%A3o_presidencial_no_Brasil_em_2026&oldid=73082572,wikipedia_revision,73082572.0,2026-09-29T15:02:36Z,unverified,,9ca942a568882bbd6b774a0d5553b585fd3c21e22108b84064e56abca54efbeb,others_split_from_footnote;blank_null_includes_undecided
2026-1-e89349b1ce,2026,1,,PoderData,Aya,2026-08-09,2026-08-12,,2400,,main,Leonardo Avalanche,1.0,total,6.0,,1.075268817204301,https://pt.wikipedia.org/w/index.php?title=Pesquisas_de_opini%C3%A3o_para_a_elei%C3%A7%C3%A3o_presidencial_no_Brasil_em_2026&oldid=73082572,wikipedia_revision,73082572.0,2026-09-29T15:02:36Z,unverified,,9ca942a568882bbd6b774a0d5553b585fd3c21e22108b84064e56abca54efbeb,others_split_from_footnote;blank_null_includes_undecided
2026-1-3a33dad45d,2026,1,,Gerp,,2026-08-06,2026-08-10,,2400,,main,Lula,38.0,total,11.0,,42.69662921348315,https://pt.wikipedia.org/w/index.php?title=Pesquisas_de_opini%C3%A3o_para_a_elei%C3%A7%C3%A3o_presidencial_no_Brasil_em_2026&oldid=73082572,wikipedia_revision,73082572.0,2026-09-29T15:02:36Z,unverified,,9ca942a568882bbd6b774a0d5553b585fd3c21e22108b84064e56abca54efbeb,others_column_named_candidate;blank_null_includes_undecided
2026-1-3a33dad45d,2026,1,,Gerp,,2026-08-06,2026-08-10,,2400,,main,Flávio Bolsonaro,38.0,total,11.0,,42.69662921348315,https://pt.wikipedia.org/w/index.php?title=Pesquisas_de_opini%C3%A3o_para_a_elei%C3%A7%C3%A3o_presidencial_no_Brasil_em_2026&oldid=73082572,wikipedia_revision,73082572.0,2026-09-29T15:02:36Z,unverified,,9ca942a568882bbd6b774a0d5553b585fd3c21e22108b84064e56abca54efbeb,others_column_named_candidate;blank_null_includes_undecided
2026-1-3a33dad45d,2026,1,,Gerp,,2026-08-06,2026-08-10,,2400,,main,Ronaldo Caiado,4.0,total,11.0,,4.49438202247191,https://pt.wikipedia.org/w/index.php?title=Pesquisas_de_opini%C3%A3o_para_a_elei%C3%A7%C3%A3o_presidencial_no_Brasil_em_2026&oldid=73082572,wikipedia_revision,73082572.0,2026-09-29T15:02:36Z,unverified,,9ca942a568882bbd6b774a0d5553b585fd3c21e22108b84064e56abca54efbeb,others_column_named_candidate;blank_null_includes_undecided
2026-1-3a33dad45d,2026,1,,Gerp,,2026-08-06,2026-08-10,,2400,,main,Romeu Zema,2.0,total,11.0,,2.247191011235955,https://pt.wikipedia.org/w/index.php?title=Pesquisas_de_opini%C3%A3o_para_a_elei%C3%A7%C3%A3o_presidencial_no_Brasil_em_2026&oldid=73082572,wikipedia_revision,73082572.0,2026-09-29T15:02:36Z,unverified,,9ca942a568882bbd6b774a0d5553b585fd3c21e22108b84064e56abca54efbeb,others_column_named_candidate;blank_null_includes_undecided
2026-1-3a33dad45d,2026,1,,Gerp,,2026-08-06,2026-08-10,,2400,,main,Renan Santos,5.0,total,11.0,,5.617977528089888,https://pt.wikipedia.org/w/index.php?title=Pesquisas_de_opini%C3%A3o_para_a_elei%C3%A7%C3%A3o_presidencial_no_Brasil_em_2026&oldid=73082572,wikipedia_revision,73082572.0,2026-09-29T15:02:36Z,unverified,,9ca942a568882bbd6b774a0d5553b585fd3c21e22108b84064e56abca54efbeb,others_column_named_candidate;blank_null_includes_undecided
2026-1-3a33dad45d,2026,1,,Gerp,,2026-08-06,2026-08-10,,2400,,main,Augusto Cury,1.0,total,11.0,,1.1235955056179776,https://pt.wikipedia.org/w/index.php?title=Pesquisas_de_opini%C3%A3o_para_a_elei%C3%A7%C3%A3o_presidencial_no_Brasil_em_2026&oldid=73082572,wikipedia_revision,73082572.0,2026-09-29T15:02:36Z,unverified,,9ca942a568882bbd6b774a0d5553b585fd3c21e22108b84064e56abca54efbeb,others_column_named_candidate;blank_null_includes_undecided
2026-1-3a33dad45d,2026,1,,Gerp,,2026-08-06,2026-08-10,,2400,,main,Samara Martins,0.0,total,11.0,,0.0,https://pt.wikipedia.org/w/index.php?title=Pesquisas_de_opini%C3%A3o_para_a_elei%C3%A7%C3%A3o_presidencial_no_Brasil_em_2026&oldid=73082572,wikipedia_revision,73082572.0,2026-09-29T15:02:36Z,unverified,,9ca942a568882bbd6b774a0d5553b585fd3c21e22108b84064e56abca54efbeb,others_column_named_candidate;blank_null_includes_undecided
2026-1-3a33dad45d,2026,1,,Gerp,,2026-08-06,2026-08-10,,2400,,main,Hertz Dias,0.0,total,11.0,,0.0,https://pt.wikipedia.org/w/index.php?title=Pesquisas_de_opini%C3%A3o_para_a_elei%C3%A7%C3%A3o_presidencial_no_Brasil_em_2026&oldid=73082572,wikipedia_revision,73082572.0,2026-09-29T15:02:36Z,unverified,,9ca942a568882bbd6b774a0d5553b585fd3c21e22108b84064e56abca54efbeb,others_column_named_candidate;blank_null_includes_undecided
2026-1-3a33dad45d,2026,1,,Gerp,,2026-08-06,2026-08-10,,2400,,main,Edmilson Costa,0.0,total,11.0,,0.0,https://pt.wikipedia.org/w/index.php?title=Pesquisas_de_opini%C3%A3o_para_a_elei%C3%A7%C3%A3o_presidencial_no_Brasil_em_2026&oldid=73082572,wikipedia_revision,73082572.0,2026-09-29T15:02:36Z,unverified,,9ca942a568882bbd6b774a0d5553b585fd3c21e22108b84064e56abca54efbeb,others_column_named_candidate;blank_null_includes_undecided
2026-1-3a33dad45d,2026,1,,Gerp,,2026-08-06,2026-08-10,,2400,,main,Rui Costa Pimenta,0.0,total,11.0,,0.0,https://pt.wikipedia.org/w/index.php?title=Pesquisas_de_opini%C3%A3o_para_a_elei%C3%A7%C3%A3o_presidencial_no_Brasil_em_2026&oldid=73082572,wikipedia_revision,73082572.0,2026-09-29T15:02:36Z,unverified,,9ca942a568882bbd6b774a0d5553b585fd3c21e22108b84064e56abca54efbeb,others_column_named_candidate;blank_null_includes_undecided
2026-1-3a33dad45d,2026,1,,Gerp,,2026-08-06,2026-08-10,,2400,,main,Cabo Daciolo,1.0,total,11.0,,1.1235955056179776,https://pt.wikipedia.org/w/index.php?title=Pesquisas_de_opini%C3%A3o_para_a_elei%C3%A7%C3%A3o_presidencial_no_Brasil_em_2026&oldid=73082572,wikipedia_revision,73082572.0,2026-09-29T15:02:36Z,unverified,,9ca942a568882bbd6b774a0d5553b585fd3c21e22108b84064e56abca54efbeb,others_column_named_candidate;blank_null_includes_undecided
2026-1-d2831f4b6b,2026,1,,MDA,CNT,2026-08-05,2026-08-09,,2002,,main,Lula,42.4,total,14.0,,49.417249417249415,https://pt.wikipedia.org/w/index.php?title=Pesquisas_de_opini%C3%A3o_para_a_elei%C3%A7%C3%A3o_presidencial_no_Brasil_em_2026&oldid=73082572,wikipedia_revision,73082572.0,2026-09-29T15:02:36Z,unverified,,9ca942a568882bbd6b774a0d5553b585fd3c21e22108b84064e56abca54efbeb,blank_null_includes_undecided
2026-1-d2831f4b6b,2026,1,,MDA,CNT,2026-08-05,2026-08-09,,2002,,main,Flávio Bolsonaro,28.7,total,14.0,,33.44988344988345,https://pt.wikipedia.org/w/index.php?title=Pesquisas_de_opini%C3%A3o_para_a_elei%C3%A7%C3%A3o_presidencial_no_Brasil_em_2026&oldid=73082572,wikipedia_revision,73082572.0,2026-09-29T15:02:36Z,unverified,,9ca942a568882bbd6b774a0d5553b585fd3c21e22108b84064e56abca54efbeb,blank_null_includes_undecided
2026-1-d2831f4b6b,2026,1,,MDA,CNT,2026-08-05,2026-08-09,,2002,,main,Ronaldo Caiado,4.0,total,14.0,,4.662004662004662,https://pt.wikipedia.org/w/index.php?title=Pesquisas_de_opini%C3%A3o_para_a_elei%C3%A7%C3%A3o_presidencial_no_Brasil_em_2026&oldid=73082572,wikipedia_revision,73082572.0,2026-09-29T15:02:36Z,unverified,,9ca942a568882bbd6b774a0d5553b585fd3c21e22108b84064e56abca54efbeb,blank_null_includes_undecided
2026-1-d2831f4b6b,2026,1,,MDA,CNT,2026-08-05,2026-08-09,,2002,,main,Romeu Zema,3.3,total,14.0,,3.8461538461538463,https://pt.wikipedia.org/w/index.php?title=Pesquisas_de_opini%C3%A3o_para_a_elei%C3%A7%C3%A3o_presidencial_no_Brasil_em_2026&oldid=73082572,wikipedia_revision,73082572.0,2026-09-29T15:02:36Z,unverified,,9ca942a568882bbd6b774a0d5553b585fd3c21e22108b84064e56abca54efbeb,blank_null_includes_undecided
2026-1-d2831f4b6b,2026,1,,MDA,CNT,2026-08-05,2026-08-09,,2002,,main,Renan Santos,2.8,total,14.0,,3.2634032634032635,https://pt.wikipedia.org/w/index.php?title=Pesquisas_de_opini%C3%A3o_para_a_elei%C3%A7%C3%A3o_presidencial_no_Brasil_em_2026&oldid=73082572,wikipedia_revision,73082572.0,2026-09-29T15:02:36Z,unverified,,9ca942a568882bbd6b774a0d5553b585fd3c21e22108b84064e56abca54efbeb,blank_null_includes_undecided
2026-1-d2831f4b6b,2026,1,,MDA,CNT,2026-08-05,2026-08-09,,2002,,main,Augusto Cury,1.2,total,14.0,,1.3986013986013985,https://pt.wikipedia.org/w/index.php?title=Pesquisas_de_opini%C3%A3o_para_a_elei%C3%A7%C3%A3o_presidencial_no_Brasil_em_2026&oldid=73082572,wikipedia_revision,73082572.0,2026-09-29T15:02:36Z,unverified,,9ca942a568882bbd6b774a0d5553b585fd3c21e22108b84064e56abca54efbeb,blank_null_includes_undecided
2026-1-d2831f4b6b,2026,1,,MDA,CNT,2026-08-05,2026-08-09,,2002,,main,Samara Martins,1.6,total,14.0,,1.864801864801865,https://pt.wikipedia.org/w/index.php?title=Pesquisas_de_opini%C3%A3o_para_a_elei%C3%A7%C3%A3o_presidencial_no_Brasil_em_2026&oldid=73082572,wikipedia_revision,73082572.0,2026-09-29T15:02:36Z,unverified,,9ca942a568882bbd6b774a0d5553b585fd3c21e22108b84064e56abca54efbeb,blank_null_includes_undecided
2026-1-d2831f4b6b,2026,1,,MDA,CNT,2026-08-05,2026-08-09,,2002,,main,Rui Costa Pimenta,0.9,total,14.0,,1.048951048951049,https://pt.wikipedia.org/w/index.php?title=Pesquisas_de_opini%C3%A3o_para_a_elei%C3%A7%C3%A3o_presidencial_no_Brasil_em_2026&oldid=73082572,wikipedia_revision,73082572.0,2026-09-29T15:02:36Z,unverified,,9ca942a568882bbd6b774a0d5553b585fd3c21e22108b84064e56abca54efbeb,blank_null_includes_undecided
2026-1-d2831f4b6b,2026,1,,MDA,CNT,2026-08-05,2026-08-09,,2002,,main,__others__,0.9,total,14.0,,1.048951048951049,https://pt.wikipedia.org/w/index.php?title=Pesquisas_de_opini%C3%A3o_para_a_elei%C3%A7%C3%A3o_presidencial_no_Brasil_em_2026&oldid=73082572,wikipedia_revision,73082572.0,2026-09-29T15:02:36Z,unverified,,9ca942a568882bbd6b774a0d5553b585fd3c21e22108b84064e56abca54efbeb,blank_null_includes_undecided
2026-1-d10de68708,2026,1,,Nexus,BTG Pactual,2026-08-07,2026-08-09,,2001,,main,Lula,40.0,total,8.0,,43.956043956043956,https://pt.wikipedia.org/w/index.php?title=Pesquisas_de_opini%C3%A3o_para_a_elei%C3%A7%C3%A3o_presidencial_no_Brasil_em_2026&oldid=73082572,wikipedia_revision,73082572.0,2026-09-29T15:02:36Z,unverified,,9ca942a568882bbd6b774a0d5553b585fd3c21e22108b84064e56abca54efbeb,others_split_from_footnote;blank_null_includes_undecided
2026-1-d10de68708,2026,1,,Nexus,BTG Pactual,2026-08-07,2026-08-09,,2001,,main,Flávio Bolsonaro,35.0,total,8.0,,38.46153846153846,https://pt.wikipedia.org/w/index.php?title=Pesquisas_de_opini%C3%A3o_para_a_elei%C3%A7%C3%A3o_presidencial_no_Brasil_em_2026&oldid=73082572,wikipedia_revision,73082572.0,2026-09-29T15:02:36Z,unverified,,9ca942a568882bbd6b774a0d5553b585fd3c21e22108b84064e56abca54efbeb,others_split_from_footnote;blank_null_includes_undecided
2026-1-d10de68708,2026,1,,Nexus,BTG Pactual,2026-08-07,2026-08-09,,2001,,main,Ronaldo Caiado,5.0,total,8.0,,5.4945054945054945,https://pt.wikipedia.org/w/index.php?title=Pesquisas_de_opini%C3%A3o_para_a_elei%C3%A7%C3%A3o_presidencial_no_Brasil_em_2026&oldid=73082572,wikipedia_revision,73082572.0,2026-09-29T15:02:36Z,unverified,,9ca942a568882bbd6b774a0d5553b585fd3c21e22108b84064e56abca54efbeb,others_split_from_footnote;blank_null_includes_undecided
2026-1-d10de68708,2026,1,,Nexus,BTG Pactual,2026-08-07,2026-08-09,,2001,,main,Romeu Zema,3.0,total,8.0,,3.2967032967032965,https://pt.wikipedia.org/w/index.php?title=Pesquisas_de_opini%C3%A3o_para_a_elei%C3%A7%C3%A3o_presidencial_no_Brasil_em_2026&oldid=73082572,wikipedia_revision,73082572.0,2026-09-29T15:02:36Z,unverified,,9ca942a568882bbd6b774a0d5553b585fd3c21e22108b84064e56abca54efbeb,others_split_from_footnote;blank_null_includes_undecided
2026-1-d10de68708,2026,1,,Nexus,BTG Pactual,2026-08-07,2026-08-09,,2001,,main,Renan Santos,4.0,total,8.0,,4.395604395604396,https://pt.wikipedia.org/w/index.php?title=Pesquisas_de_opini%C3%A3o_para_a_elei%C3%A7%C3%A3o_presidencial_no_Brasil_em_2026&oldid=73082572,wikipedia_revision,73082572.0,2026-09-29T15:02:36Z,unverified,,9ca942a568882bbd6b774a0d5553b585fd3c21e22108b84064e56abca54efbeb,others_split_from_footnote;blank_null_includes_undecided
2026-1-d10de68708,2026,1,,Nexus,BTG Pactual,2026-08-07,2026-08-09,,2001,,main,Augusto Cury,1.0,total,8.0,,1.098901098901099,https://pt.wikipedia.org/w/index.php?title=Pesquisas_de_opini%C3%A3o_para_a_elei%C3%A7%C3%A3o_presidencial_no_Brasil_em_2026&oldid=73082572,wikipedia_revision,73082572.0,2026-09-29T15:02:36Z,unverified,,9ca942a568882bbd6b774a0d5553b585fd3c21e22108b84064e56abca54efbeb,others_split_from_footnote;blank_null_includes_undecided
2026-1-d10de68708,2026,1,,Nexus,BTG Pactual,2026-08-07,2026-08-09,,2001,,main,Samara Martins,2.0,total,8.0,,2.197802197802198,https://pt.wikipedia.org/w/index.php?title=Pesquisas_de_opini%C3%A3o_para_a_elei%C3%A7%C3%A3o_presidencial_no_Brasil_em_2026&oldid=73082572,wikipedia_revision,73082572.0,2026-09-29T15:02:36Z,unverified,,9ca942a568882bbd6b774a0d5553b585fd3c21e22108b84064e56abca54efbeb,others_split_from_footnote;blank_null_includes_undecided
2026-1-d10de68708,2026,1,,Nexus,BTG Pactual,2026-08-07,2026-08-09,,2001,,main,Wilson Grassi,0.0,total,8.0,,0.0,https://pt.wikipedia.org/w/index.php?title=Pesquisas_de_opini%C3%A3o_para_a_elei%C3%A7%C3%A3o_presidencial_no_Brasil_em_2026&oldid=73082572,wikipedia_revision,73082572.0,2026-09-29T15:02:36Z,unverified,,9ca942a568882bbd6b774a0d5553b585fd3c21e22108b84064e56abca54efbeb,others_split_from_footnote;blank_null_includes_undecided
2026-1-d10de68708,2026,1,,Nexus,BTG Pactual,2026-08-07,2026-08-09,,2001,,main,Hertz Dias,0.0,total,8.0,,0.0,https://pt.wikipedia.org/w/index.php?title=Pesquisas_de_opini%C3%A3o_para_a_elei%C3%A7%C3%A3o_presidencial_no_Brasil_em_2026&oldid=73082572,wikipedia_revision,73082572.0,2026-09-29T15:02:36Z,unverified,,9ca942a568882bbd6b774a0d5553b585fd3c21e22108b84064e56abca54efbeb,others_split_from_footnote;blank_null_includes_undecided
2026-1-d10de68708,2026,1,,Nexus,BTG Pactual,2026-08-07,2026-08-09,,2001,,main,Edmilson Costa,0.0,total,8.0,,0.0,https://pt.wikipedia.org/w/index.php?title=Pesquisas_de_opini%C3%A3o_para_a_elei%C3%A7%C3%A3o_presidencial_no_Brasil_em_2026&oldid=73082572,wikipedia_revision,73082572.0,2026-09-29T15:02:36Z,unverified,,9ca942a568882bbd6b774a0d5553b585fd3c21e22108b84064e56abca54efbeb,others_split_from_footnote;blank_null_includes_undecided
2026-1-d10de68708,2026,1,,Nexus,BTG Pactual,2026-08-07,2026-08-09,,2001,,main,Rui Costa Pimenta,0.0,total,8.0,,0.0,https://pt.wikipedia.org/w/index.php?title=Pesquisas_de_opini%C3%A3o_para_a_elei%C3%A7%C3%A3o_presidencial_no_Brasil_em_2026&oldid=73082572,wikipedia_revision,73082572.0,2026-09-29T15:02:36Z,unverified,,9ca942a568882bbd6b774a0d5553b585fd3c21e22108b84064e56abca54efbeb,others_split_from_footnote;blank_null_includes_undecided
2026-1-d10de68708,2026,1,,Nexus,BTG Pactual,2026-08-07,2026-08-09,,2001,,main,Cabo Daciolo,1.0,total,8.0,,1.098901098901099,https://pt.wikipedia.org/w/index.php?title=Pesquisas_de_opini%C3%A3o_para_a_elei%C3%A7%C3%A3o_presidencial_no_Brasil_em_2026&oldid=73082572,wikipedia_revision,73082572.0,2026-09-29T15:02:36Z,unverified,,9ca942a568882bbd6b774a0d5553b585fd3c21e22108b84064e56abca54efbeb,others_split_from_footnote;blank_null_includes_undecided
2026-1-d10de68708,2026,1,,Nexus,BTG Pactual,2026-08-07,2026-08-09,,2001,,main,Heró Bezerra,0.0,total,8.0,,0.0,https://pt.wikipedia.org/w/index.php?title=Pesquisas_de_opini%C3%A3o_para_a_elei%C3%A7%C3%A3o_presidencial_no_Brasil_em_2026&oldid=73082572,wikipedia_revision,73082572.0,2026-09-29T15:02:36Z,unverified,,9ca942a568882bbd6b774a0d5553b585fd3c21e22108b84064e56abca54efbeb,others_split_from_footnote;blank_null_includes_undecided
2026-1-00ceb2aeb9,2026,1,,Futura,Apex,2026-08-03,2026-08-07,,2000,,full,Lula,38.8,total,11.0,,43.49775784753363,https://pt.wikipedia.org/w/index.php?title=Pesquisas_de_opini%C3%A3o_para_a_elei%C3%A7%C3%A3o_presidencial_no_Brasil_em_2026&oldid=73082572,wikipedia_revision,73082572.0,2026-09-29T15:02:36Z,unverified,,9ca942a568882bbd6b774a0d5553b585fd3c21e22108b84064e56abca54efbeb,others_column_named_candidate;blank_null_includes_undecided
2026-1-00ceb2aeb9,2026,1,,Futura,Apex,2026-08-03,2026-08-07,,2000,,full,Flávio Bolsonaro,34.1,total,11.0,,38.228699551569505,https://pt.wikipedia.org/w/index.php?title=Pesquisas_de_opini%C3%A3o_para_a_elei%C3%A7%C3%A3o_presidencial_no_Brasil_em_2026&oldid=73082572,wikipedia_revision,73082572.0,2026-09-29T15:02:36Z,unverified,,9ca942a568882bbd6b774a0d5553b585fd3c21e22108b84064e56abca54efbeb,others_column_named_candidate;blank_null_includes_undecided
2026-1-00ceb2aeb9,2026,1,,Futura,Apex,2026-08-03,2026-08-07,,2000,,full,Ronaldo Caiado,5.9,total,11.0,,6.614349775784754,https://pt.wikipedia.org/w/index.php?title=Pesquisas_de_opini%C3%A3o_para_a_elei%C3%A7%C3%A3o_presidencial_no_Brasil_em_2026&oldid=73082572,wikipedia_revision,73082572.0,2026-09-29T15:02:36Z,unverified,,9ca942a568882bbd6b774a0d5553b585fd3c21e22108b84064e56abca54efbeb,others_column_named_candidate;blank_null_includes_undecided
2026-1-00ceb2aeb9,2026,1,,Futura,Apex,2026-08-03,2026-08-07,,2000,,full,Romeu Zema,3.6,total,11.0,,4.0358744394618835,https://pt.wikipedia.org/w/index.php?title=Pesquisas_de_opini%C3%A3o_para_a_elei%C3%A7%C3%A3o_presidencial_no_Brasil_em_2026&oldid=73082572,wikipedia_revision,73082572.0,2026-09-29T15:02:36Z,unverified,,9ca942a568882bbd6b774a0d5553b585fd3c21e22108b84064e56abca54efbeb,others_column_named_candidate;blank_null_includes_undecided
2026-1-00ceb2aeb9,2026,1,,Futura,Apex,2026-08-03,2026-08-07,,2000,,full,Renan Santos,3.6,total,11.0,,4.0358744394618835,https://pt.wikipedia.org/w/index.php?title=Pesquisas_de_opini%C3%A3o_para_a_elei%C3%A7%C3%A3o_presidencial_no_Brasil_em_2026&oldid=73082572,wikipedia_revision,73082572.0,2026-09-29T15:02:36Z,unverified,,9ca942a568882bbd6b774a0d5553b585fd3c21e22108b84064e56abca54efbeb,others_column_named_candidate;blank_null_includes_undecided
2026-1-00ceb2aeb9,2026,1,,Futura,Apex,2026-08-03,2026-08-07,,2000,,full,Augusto Cury,1.2,total,11.0,,1.3452914798206277,https://pt.wikipedia.org/w/index.php?title=Pesquisas_de_opini%C3%A3o_para_a_elei%C3%A7%C3%A3o_presidencial_no_Brasil_em_2026&oldid=73082572,wikipedia_revision,73082572.0,2026-09-29T15:02:36Z,unverified,,9ca942a568882bbd6b774a0d5553b585fd3c21e22108b84064e56abca54efbeb,others_column_named_candidate;blank_null_includes_undecided
2026-1-00ceb2aeb9,2026,1,,Futura,Apex,2026-08-03,2026-08-07,,2000,,full,Samara Martins,0.7,total,11.0,,0.7847533632286995,https://pt.wikipedia.org/w/index.php?title=Pesquisas_de_opini%C3%A3o_para_a_elei%C3%A7%C3%A3o_presidencial_no_Brasil_em_2026&oldid=73082572,wikipedia_revision,73082572.0,2026-09-29T15:02:36Z,unverified,,9ca942a568882bbd6b774a0d5553b585fd3c21e22108b84064e56abca54efbeb,others_column_named_candidate;blank_null_includes_undecided
2026-1-00ceb2aeb9,2026,1,,Futura,Apex,2026-08-03,2026-08-07,,2000,,full,Hertz Dias,0.0,total,11.0,,0.0,https://pt.wikipedia.org/w/index.php?title=Pesquisas_de_opini%C3%A3o_para_a_elei%C3%A7%C3%A3o_presidencial_no_Brasil_em_2026&oldid=73082572,wikipedia_revision,73082572.0,2026-09-29T15:02:36Z,unverified,,9ca942a568882bbd6b774a0d5553b585fd3c21e22108b84064e56abca54efbeb,others_column_named_candidate;blank_null_includes_undecided
2026-1-00ceb2aeb9,2026,1,,Futura,Apex,2026-08-03,2026-08-07,,2000,,full,Edmilson Costa,0.1,total,11.0,,0.11210762331838564,https://pt.wikipedia.org/w/index.php?title=Pesquisas_de_opini%C3%A3o_para_a_elei%C3%A7%C3%A3o_presidencial_no_Brasil_em_2026&oldid=73082572,wikipedia_revision,73082572.0,2026-09-29T15:02:36Z,unverified,,9ca942a568882bbd6b774a0d5553b585fd3c21e22108b84064e56abca54efbeb,others_column_named_candidate;blank_null_includes_undecided
2026-1-00ceb2aeb9,2026,1,,Futura,Apex,2026-08-03,2026-08-07,,2000,,full,Rui Costa Pimenta,0.8,total,11.0,,0.8968609865470851,https://pt.wikipedia.org/w/index.php?title=Pesquisas_de_opini%C3%A3o_para_a_elei%C3%A7%C3%A3o_presidencial_no_Brasil_em_2026&oldid=73082572,wikipedia_revision,73082572.0,2026-09-29T15:02:36Z,unverified,,9ca942a568882bbd6b774a0d5553b585fd3c21e22108b84064e56abca54efbeb,others_column_named_candidate;blank_null_includes_undecided
2026-1-00ceb2aeb9,2026,1,,Futura,Apex,2026-08-03,2026-08-07,,2000,,full,Cabo Daciolo,0.4,total,11.0,,0.44843049327354256,https://pt.wikipedia.org/w/index.php?title=Pesquisas_de_opini%C3%A3o_para_a_elei%C3%A7%C3%A3o_presidencial_no_Brasil_em_2026&oldid=73082572,wikipedia_revision,73082572.0,2026-09-29T15:02:36Z,unverified,,9ca942a568882bbd6b774a0d5553b585fd3c21e22108b84064e56abca54efbeb,others_column_named_candidate;blank_null_includes_undecided
2026-1-4e309ad38b,2026,1,,Palver,,2026-08-03,2026-08-07,,5000,,"without Augusto Cury, Cabo Daciolo, Hertz Dias, Rui Costa Pimenta, Samara Martins",Lula,45.0,total,1.0,,45.91836734693877,https://pt.wikipedia.org/w/index.php?title=Pesquisas_de_opini%C3%A3o_para_a_elei%C3%A7%C3%A3o_presidencial_no_Brasil_em_2026&oldid=73082572,wikipedia_revision,73082572.0,2026-09-29T15:02:36Z,unverified,,9ca942a568882bbd6b774a0d5553b585fd3c21e22108b84064e56abca54efbeb,blank_null_includes_undecided
2026-1-4e309ad38b,2026,1,,Palver,,2026-08-03,2026-08-07,,5000,,"without Augusto Cury, Cabo Daciolo, Hertz Dias, Rui Costa Pimenta, Samara Martins",Flávio Bolsonaro,40.0,total,1.0,,40.816326530612244,https://pt.wikipedia.org/w/index.php?title=Pesquisas_de_opini%C3%A3o_para_a_elei%C3%A7%C3%A3o_presidencial_no_Brasil_em_2026&oldid=73082572,wikipedia_revision,73082572.0,2026-09-29T15:02:36Z,unverified,,9ca942a568882bbd6b774a0d5553b585fd3c21e22108b84064e56abca54efbeb,blank_null_includes_undecided
2026-1-4e309ad38b,2026,1,,Palver,,2026-08-03,2026-08-07,,5000,,"without Augusto Cury, Cabo Daciolo, Hertz Dias, Rui Costa Pimenta, Samara Martins",Ronaldo Caiado,2.0,total,1.0,,2.0408163265306123,https://pt.wikipedia.org/w/index.php?title=Pesquisas_de_opini%C3%A3o_para_a_elei%C3%A7%C3%A3o_presidencial_no_Brasil_em_2026&oldid=73082572,wikipedia_revision,73082572.0,2026-09-29T15:02:36Z,unverified,,9ca942a568882bbd6b774a0d5553b585fd3c21e22108b84064e56abca54efbeb,blank_null_includes_undecided
2026-1-4e309ad38b,2026,1,,Palver,,2026-08-03,2026-08-07,,5000,,"without Augusto Cury, Cabo Daciolo, Hertz Dias, Rui Costa Pimenta, Samara Martins",Romeu Zema,1.0,total,1.0,,1.0204081632653061,https://pt.wikipedia.org/w/index.php?title=Pesquisas_de_opini%C3%A3o_para_a_elei%C3%A7%C3%A3o_presidencial_no_Brasil_em_2026&oldid=73082572,wikipedia_revision,73082572.0,2026-09-29T15:02:36Z,unverified,,9ca942a568882bbd6b774a0d5553b585fd3c21e22108b84064e56abca54efbeb,blank_null_includes_undecided
2026-1-4e309ad38b,2026,1,,Palver,,2026-08-03,2026-08-07,,5000,,"without Augusto Cury, Cabo Daciolo, Hertz Dias, Rui Costa Pimenta, Samara Martins",Renan Santos,10.0,total,1.0,,10.204081632653061,https://pt.wikipedia.org/w/index.php?title=Pesquisas_de_opini%C3%A3o_para_a_elei%C3%A7%C3%A3o_presidencial_no_Brasil_em_2026&oldid=73082572,wikipedia_revision,73082572.0,2026-09-29T15:02:36Z,unverified,,9ca942a568882bbd6b774a0d5553b585fd3c21e22108b84064e56abca54efbeb,blank_null_includes_undecided
